recommendation_id,member_id,product_id,recommendation_date,recommendation_score,recommendation_reason,member_health_score,credit_utilization_at_time,payment_reliability_at_time,recommendation_status,expires_at
1,1,37,2025-06-25,100,"Recommended based on stable income, low credit utilization",100,0.2029,75.0,expired,2025-07-23
2,1,21,2025-06-19,100,"Recommended based on stable income, low credit utilization",100,0.2029,75.0,pending,2025-09-05
3,2,37,2025-05-21,100,"Recommended based on good credit score, high income",100,0.2409,80.0,pending,2025-08-14
4,3,21,2025-06-18,83,Recommended based on low credit utilization,100,0.1,66.67,accepted,2025-08-30
5,3,3,2025-06-05,100,Recommended based on low credit utilization,100,0.1,66.67,declined,2025-09-21
6,3,13,2025-07-05,94,Recommended based on low credit utilization,100,0.1,66.67,accepted,2025-09-29
7,4,20,2025-06-01,100,"Recommended based on excellent credit score, high income",100,0.0957,85.71,accepted,2025-07-24
8,4,41,2025-06-18,90,"Recommended based on excellent credit score, high income",100,0.0957,85.71,accepted,2025-08-05
9,4,37,2025-07-02,100,"Recommended based on excellent credit score, high income",100,0.0957,85.71,pending,2025-09-13
10,4,46,2025-06-11,100,"Recommended based on excellent credit score, high income",100,0.0957,85.71,declined,2025-07-17
11,5,5,2025-07-04,100,Standard recommendation,100,0.3,81.82,declined,2025-09-30
12,5,3,2025-05-29,100,Standard recommendation,100,0.3,81.82,accepted,2025-08-31
13,5,12,2025-06-03,98,Standard recommendation,100,0.3,81.82,pending,2025-10-11
14,6,21,2025-06-30,100,"Recommended based on good credit score, stable income",100,0.275,88.89,pending,2025-08-15
15,6,13,2025-07-11,100,"Recommended based on good credit score, stable income",100,0.275,88.89,accepted,2025-10-12
16,6,19,2025-06-29,100,"Recommended based on good credit score, stable income",100,0.275,88.89,accepted,2025-09-24
17,7,19,2025-06-07,99,"Recommended based on high income, low credit utilization",100,0.2317,71.43,accepted,2025-10-09
18,7,21,2025-05-29,100,"Recommended based on high income, low credit utilization",100,0.2317,71.43,pending,2025-07-25
19,8,26,2025-05-31,92,Recommended based on high income,100,0.5,62.5,expired,2025-08-18
20,8,30,2025-07-10,98,Recommended based on high income,100,0.5,62.5,declined,2025-07-31
21,8,5,2025-07-14,89,Recommended based on high income,100,0.5,62.5,pending,2025-08-18
22,9,28,2025-05-31,75,Recommended based on stable income,100,0.3235,57.14,expired,2025-10-11
23,9,3,2025-05-18,100,Recommended based on stable income,100,0.3235,57.14,accepted,2025-07-17
24,10,33,2025-05-19,100,"Recommended based on excellent credit score, high income",100,0.157,94.12,accepted,2025-10-01
25,10,12,2025-07-07,100,"Recommended based on excellent credit score, high income",100,0.157,94.12,declined,2025-07-19
26,11,3,2025-06-24,100,Standard recommendation,100,0.8,66.67,accepted,2025-08-31
27,12,8,2025-06-05,100,"Recommended based on good credit score, high income",100,0.2387,93.33,expired,2025-08-19
28,12,7,2025-05-25,100,"Recommended based on good credit score, high income",100,0.2387,93.33,pending,2025-09-05
29,13,3,2025-06-30,100,Recommended based on low credit utilization,100,0.1,66.67,pending,2025-10-04
30,14,13,2025-07-01,100,Standard recommendation,100,0.4103,71.43,declined,2025-07-20
31,14,5,2025-05-28,100,Standard recommendation,100,0.4103,71.43,pending,2025-08-30
32,15,20,2025-05-22,100,"Recommended based on good credit score, stable income",100,0.3,80.0,accepted,2025-08-12
33,16,15,2025-07-10,100,"Recommended based on good credit score, stable income",100,0.1,100.0,expired,2025-08-24
34,16,46,2025-06-21,100,"Recommended based on good credit score, stable income",100,0.1,100.0,declined,2025-08-17
35,17,3,2025-06-28,100,Standard recommendation,100,0.5,69.23,declined,2025-08-26
36,17,21,2025-06-05,89,Standard recommendation,100,0.5,69.23,accepted,2025-09-18
37,18,13,2025-06-02,100,Recommended based on low credit utilization,100,0.1,75.0,accepted,2025-09-09
38,18,3,2025-06-21,100,Recommended based on low credit utilization,100,0.1,75.0,accepted,2025-07-28
39,19,44,2025-05-29,100,"Recommended based on stable income, low credit utilization",100,0.2106,69.23,expired,2025-08-18
40,19,5,2025-06-27,100,"Recommended based on stable income, low credit utilization",100,0.2106,69.23,accepted,2025-08-20
41,20,13,2025-06-20,100,Standard recommendation,100,0.3,80.0,pending,2025-08-27
42,20,3,2025-05-19,100,Standard recommendation,100,0.3,80.0,pending,2025-08-15
43,20,5,2025-06-03,98,Standard recommendation,100,0.3,80.0,declined,2025-08-19
44,21,12,2025-07-09,83,Recommended based on low credit utilization,100,0.1825,66.67,pending,2025-09-24
45,21,37,2025-06-12,76,Recommended based on low credit utilization,100,0.1825,66.67,pending,2025-07-28
46,22,19,2025-07-01,100,"Recommended based on good credit score, high income",100,0.5795,87.5,pending,2025-08-03
47,22,27,2025-06-12,100,"Recommended based on good credit score, high income",100,0.5795,87.5,pending,2025-09-29
48,22,34,2025-06-28,100,"Recommended based on good credit score, high income",100,0.5795,87.5,accepted,2025-10-08
49,23,13,2025-05-25,100,Recommended based on high income,100,0.3,60.0,pending,2025-08-15
50,23,10,2025-06-01,96,Recommended based on high income,100,0.3,60.0,declined,2025-09-09
51,24,5,2025-07-04,100,"Recommended based on excellent credit score, high income",100,0.2504,91.67,accepted,2025-08-21
52,24,42,2025-06-30,100,"Recommended based on excellent credit score, high income",100,0.2504,91.67,pending,2025-08-07
53,25,5,2025-06-17,91,Recommended based on stable income,100,0.95,83.33,pending,2025-09-19
54,25,34,2025-07-15,75,Recommended based on stable income,100,0.95,83.33,declined,2025-08-11
55,26,34,2025-07-10,80,Recommended based on stable income,100,0.5595,57.14,expired,2025-07-20
56,26,49,2025-06-20,95,Recommended based on stable income,100,0.5595,57.14,expired,2025-08-26
57,26,3,2025-05-21,100,Recommended based on stable income,100,0.5595,57.14,accepted,2025-10-03
58,26,18,2025-07-06,100,Recommended based on stable income,100,0.5595,57.14,accepted,2025-09-27
59,27,21,2025-06-23,100,"Recommended based on stable income, low credit utilization",100,0.1,66.67,accepted,2025-08-23
60,28,18,2025-06-06,78,Standard recommendation,100,0.8,75.0,pending,2025-09-01
61,29,13,2025-06-04,100,"Recommended based on good credit score, high income",100,0.1,90.0,declined,2025-08-11
62,30,46,2025-07-11,100,"Recommended based on excellent credit score, high income",100,0.2333,93.33,pending,2025-09-28
63,31,13,2025-06-28,100,Recommended based on stable income,100,0.5,60.0,accepted,2025-08-02
64,32,3,2025-06-28,100,Recommended based on low credit utilization,100,0.1,75.0,accepted,2025-10-02
65,33,46,2025-05-18,100,"Recommended based on excellent credit score, high income",100,0.3,100.0,pending,2025-09-28
66,33,31,2025-06-30,100,"Recommended based on excellent credit score, high income",100,0.3,100.0,pending,2025-09-20
67,33,14,2025-05-21,100,"Recommended based on excellent credit score, high income",100,0.3,100.0,pending,2025-08-17
68,34,27,2025-06-28,89,Recommended based on stable income,100,0.8,72.73,accepted,2025-10-01
69,35,38,2025-06-13,91,"Recommended based on good credit score, stable income",100,0.1,72.73,accepted,2025-08-07
70,35,50,2025-05-27,100,"Recommended based on good credit score, stable income",100,0.1,72.73,pending,2025-10-07
71,36,37,2025-05-17,97,"Recommended based on stable income, low credit utilization",100,0.1,66.67,accepted,2025-09-25
72,36,5,2025-07-13,87,"Recommended based on stable income, low credit utilization",100,0.1,66.67,accepted,2025-08-08
73,37,14,2025-06-02,94,"Recommended based on excellent credit score, high income",100,0.1,100.0,accepted,2025-09-29
74,37,42,2025-06-04,100,"Recommended based on excellent credit score, high income",100,0.1,100.0,pending,2025-09-18
75,37,13,2025-06-26,100,"Recommended based on excellent credit score, high income",100,0.1,100.0,pending,2025-07-23
76,38,3,2025-06-08,100,Recommended based on low credit utilization,100,0.05,66.67,declined,2025-07-24
77,39,46,2025-06-05,100,"Recommended based on good credit score, excellent payment history",100,0.5,100.0,pending,2025-09-26
78,39,25,2025-05-19,81,"Recommended based on good credit score, excellent payment history",100,0.5,100.0,pending,2025-08-06
79,39,5,2025-06-01,100,"Recommended based on good credit score, excellent payment history",100,0.5,100.0,accepted,2025-09-27
80,39,35,2025-06-11,95,"Recommended based on good credit score, excellent payment history",100,0.5,100.0,pending,2025-07-28
81,40,30,2025-06-06,88,Recommended based on low credit utilization,100,0.0,66.67,accepted,2025-09-21
82,40,13,2025-06-02,100,Recommended based on low credit utilization,100,0.0,66.67,pending,2025-08-12
83,41,3,2025-05-21,100,Recommended based on stable income,100,0.5044,64.29,declined,2025-07-31
84,42,3,2025-07-02,100,Standard recommendation,100,0.4576,62.5,accepted,2025-08-22
85,43,11,2025-07-13,93,"Recommended based on excellent credit score, high income",100,0.1577,90.91,pending,2025-09-09
86,43,30,2025-06-26,100,"Recommended based on excellent credit score, high income",100,0.1577,90.91,pending,2025-09-13
87,43,37,2025-07-02,100,"Recommended based on excellent credit score, high income",100,0.1577,90.91,pending,2025-07-30
88,44,2,2025-05-25,93,"Recommended based on good credit score, excellent payment history",100,0.3,100.0,pending,2025-09-07
89,44,49,2025-06-13,75,"Recommended based on good credit score, excellent payment history",100,0.3,100.0,pending,2025-09-22
90,45,8,2025-06-27,100,"Recommended based on good credit score, low credit utilization",100,0.1,100.0,pending,2025-08-10
91,46,13,2025-07-04,100,"Recommended based on good credit score, excellent payment history",100,0.3,100.0,pending,2025-10-06
92,46,46,2025-06-01,97,"Recommended based on good credit score, excellent payment history",100,0.3,100.0,accepted,2025-09-26
93,47,40,2025-06-23,100,"Recommended based on excellent credit score, high income",100,0.064,100.0,accepted,2025-08-17
94,47,10,2025-06-23,100,"Recommended based on excellent credit score, high income",100,0.064,100.0,accepted,2025-09-27
95,47,8,2025-06-05,100,"Recommended based on excellent credit score, high income",100,0.064,100.0,pending,2025-08-03
96,48,3,2025-05-22,100,Standard recommendation,100,0.3111,72.73,pending,2025-09-22
97,48,5,2025-06-05,86,Standard recommendation,100,0.3111,72.73,declined,2025-09-09
98,48,21,2025-05-31,93,Standard recommendation,100,0.3111,72.73,declined,2025-07-18
99,49,15,2025-05-30,100,"Recommended based on excellent credit score, stable income",100,0.3,100.0,pending,2025-09-30
100,49,41,2025-07-08,82,"Recommended based on excellent credit score, stable income",100,0.3,100.0,accepted,2025-07-18
101,50,12,2025-06-08,100,"Recommended based on excellent credit score, high income",100,0.1,100.0,declined,2025-09-19
102,50,6,2025-07-14,98,"Recommended based on excellent credit score, high income",100,0.1,100.0,pending,2025-10-03
103,50,19,2025-06-21,98,"Recommended based on excellent credit score, high income",100,0.1,100.0,declined,2025-08-05
104,51,3,2025-06-13,100,Standard recommendation,100,0.3,66.67,declined,2025-08-27
105,52,37,2025-07-09,100,"Recommended based on excellent credit score, stable income",100,0.1,87.5,pending,2025-09-03
106,52,9,2025-05-17,100,"Recommended based on excellent credit score, stable income",100,0.1,87.5,accepted,2025-09-30
107,53,49,2025-06-13,81,"Recommended based on good credit score, stable income",100,0.1,91.67,expired,2025-08-01
108,54,28,2025-07-03,98,"Recommended based on excellent credit score, stable income",100,0.0259,87.5,expired,2025-07-22
109,55,13,2025-07-08,97,Standard recommendation,100,0.3,75.0,accepted,2025-09-27
110,55,12,2025-07-07,85,Standard recommendation,100,0.3,75.0,accepted,2025-07-21
111,55,3,2025-05-27,100,Standard recommendation,100,0.3,75.0,pending,2025-07-25
112,55,5,2025-05-19,100,Standard recommendation,100,0.3,75.0,pending,2025-10-09
113,56,3,2025-06-23,100,Recommended based on stable income,100,0.3411,69.23,pending,2025-09-19
114,57,21,2025-07-09,100,Recommended based on stable income,100,0.5,75.0,pending,2025-07-18
115,57,33,2025-07-04,90,Recommended based on stable income,100,0.5,75.0,pending,2025-09-21
116,58,19,2025-06-19,100,"Recommended based on excellent credit score, high income",100,0.1,92.31,accepted,2025-10-04
117,58,36,2025-05-20,100,"Recommended based on excellent credit score, high income",100,0.1,92.31,pending,2025-10-08
118,58,8,2025-05-22,100,"Recommended based on excellent credit score, high income",100,0.1,92.31,pending,2025-10-09
119,59,5,2025-06-17,100,"Recommended based on good credit score, stable income",100,0.3,100.0,pending,2025-08-30
120,59,37,2025-06-10,100,"Recommended based on good credit score, stable income",100,0.3,100.0,pending,2025-08-27
121,60,39,2025-06-30,92,"Recommended based on good credit score, excellent payment history",100,0.5,100.0,expired,2025-09-14
122,61,21,2025-06-29,100,"Recommended based on good credit score, stable income",100,0.2496,80.0,declined,2025-08-15
123,62,3,2025-06-02,99,Standard recommendation,100,0.8,57.14,accepted,2025-10-03
124,62,27,2025-05-19,89,Standard recommendation,100,0.8,57.14,pending,2025-09-23
125,63,46,2025-06-21,100,"Recommended based on excellent credit score, high income",100,0.0,100.0,declined,2025-07-31
126,63,36,2025-05-24,100,"Recommended based on excellent credit score, high income",100,0.0,100.0,declined,2025-08-04
127,63,21,2025-06-30,100,"Recommended based on excellent credit score, high income",100,0.0,100.0,pending,2025-10-07
128,64,5,2025-07-10,92,Recommended based on low credit utilization,100,0.1889,45.45,accepted,2025-09-12
129,64,13,2025-07-15,100,Recommended based on low credit utilization,100,0.1889,45.45,pending,2025-09-08
130,64,3,2025-06-13,100,Recommended based on low credit utilization,100,0.1889,45.45,accepted,2025-07-23
131,65,9,2025-06-17,100,"Recommended based on good credit score, high income",100,0.4693,75.0,pending,2025-08-22
132,65,50,2025-05-18,100,"Recommended based on good credit score, high income",100,0.4693,75.0,accepted,2025-09-30
133,65,19,2025-06-03,100,"Recommended based on good credit score, high income",100,0.4693,75.0,pending,2025-07-19
134,66,16,2025-07-10,100,"Recommended based on excellent credit score, high income",100,0.2027,90.0,pending,2025-08-27
135,66,18,2025-07-15,100,"Recommended based on excellent credit score, high income",100,0.2027,90.0,declined,2025-08-05
136,66,31,2025-05-24,100,"Recommended based on excellent credit score, high income",100,0.2027,90.0,pending,2025-08-11
137,66,43,2025-06-27,100,"Recommended based on excellent credit score, high income",100,0.2027,90.0,pending,2025-08-28
138,67,39,2025-05-21,100,"Recommended based on stable income, low credit utilization",100,0.1,50.0,declined,2025-07-21
139,67,37,2025-05-25,100,"Recommended based on stable income, low credit utilization",100,0.1,50.0,declined,2025-09-26
140,67,33,2025-06-22,100,"Recommended based on stable income, low credit utilization",100,0.1,50.0,accepted,2025-09-09
141,67,50,2025-06-07,83,"Recommended based on stable income, low credit utilization",100,0.1,50.0,declined,2025-09-08
142,68,46,2025-05-24,100,"Recommended based on good credit score, stable income",100,0.3,100.0,pending,2025-10-12
143,69,38,2025-05-23,100,"Recommended based on excellent credit score, high income",100,0.1,100.0,pending,2025-09-21
144,70,5,2025-06-07,93,Recommended based on high income,100,0.4688,66.67,pending,2025-07-31
145,71,2,2025-07-13,100,"Recommended based on excellent credit score, high income",100,0.1253,100.0,pending,2025-09-17
146,71,41,2025-06-01,98,"Recommended based on excellent credit score, high income",100,0.1253,100.0,pending,2025-07-25
147,71,11,2025-06-25,87,"Recommended based on excellent credit score, high income",100,0.1253,100.0,pending,2025-08-15
148,72,13,2025-05-17,95,Recommended based on low credit utilization,100,0.1,83.33,expired,2025-09-27
149,73,34,2025-06-09,100,"Recommended based on good credit score, high income",100,0.315,78.95,pending,2025-10-10
150,73,22,2025-06-12,99,"Recommended based on good credit score, high income",100,0.315,78.95,pending,2025-07-26
151,73,19,2025-06-09,100,"Recommended based on good credit score, high income",100,0.315,78.95,pending,2025-08-02
152,74,24,2025-07-13,100,"Recommended based on excellent credit score, high income",100,0.0284,90.91,accepted,2025-10-02
153,75,30,2025-06-13,100,Recommended based on stable income,100,0.5,87.5,accepted,2025-07-25
154,75,5,2025-06-06,100,Recommended based on stable income,100,0.5,87.5,pending,2025-10-10
155,75,15,2025-06-23,86,Recommended based on stable income,100,0.5,87.5,declined,2025-09-29
156,76,3,2025-06-11,92,Recommended based on low credit utilization,100,0.1,66.67,pending,2025-07-28
157,77,7,2025-06-12,100,"Recommended based on good credit score, stable income",100,0.2432,90.0,declined,2025-09-05
158,78,39,2025-06-14,95,"Recommended based on high income, low credit utilization",100,0.1,66.67,accepted,2025-09-02
159,79,13,2025-05-26,100,Standard recommendation,100,0.8,85.71,accepted,2025-09-19
160,80,28,2025-06-10,100,"Recommended based on excellent credit score, high income",100,0.0,100.0,pending,2025-10-10
161,81,33,2025-06-15,92,"Recommended based on high income, low credit utilization",100,0.2593,77.78,pending,2025-09-02
162,81,27,2025-05-17,100,"Recommended based on high income, low credit utilization",100,0.2593,77.78,declined,2025-09-30
163,81,43,2025-05-31,94,"Recommended based on high income, low credit utilization",100,0.2593,77.78,pending,2025-09-25
164,82,23,2025-06-06,100,"Recommended based on excellent credit score, high income",100,0.1,83.33,declined,2025-10-13
165,82,6,2025-06-05,100,"Recommended based on excellent credit score, high income",100,0.1,83.33,declined,2025-10-06
166,82,27,2025-07-01,100,"Recommended based on excellent credit score, high income",100,0.1,83.33,pending,2025-10-01
167,82,50,2025-07-09,100,"Recommended based on excellent credit score, high income",100,0.1,83.33,pending,2025-08-13
168,83,10,2025-06-28,96,"Recommended based on good credit score, excellent payment history",100,0.5,100.0,expired,2025-09-07
169,84,6,2025-06-29,100,"Recommended based on excellent credit score, high income",100,0.2254,100.0,declined,2025-10-11
170,84,47,2025-06-18,100,"Recommended based on excellent credit score, high income",100,0.2254,100.0,declined,2025-09-22
171,84,35,2025-06-17,100,"Recommended based on excellent credit score, high income",100,0.2254,100.0,accepted,2025-09-20
172,85,3,2025-06-07,100,"Recommended based on good credit score, stable income",100,0.3,100.0,declined,2025-07-19
173,86,39,2025-07-06,100,Recommended based on low credit utilization,100,0.1,71.43,accepted,2025-07-26
174,87,27,2025-05-31,95,"Recommended based on excellent credit score, high income",100,0.5322,100.0,declined,2025-10-03
175,88,31,2025-07-10,100,"Recommended based on excellent credit score, high income",100,0.1,86.67,expired,2025-07-20
176,88,37,2025-05-20,100,"Recommended based on excellent credit score, high income",100,0.1,86.67,declined,2025-07-31
177,88,28,2025-05-17,100,"Recommended based on excellent credit score, high income",100,0.1,86.67,declined,2025-08-30
178,89,37,2025-05-24,100,"Recommended based on good credit score, stable income",100,0.0,100.0,pending,2025-09-11
179,89,42,2025-06-10,100,"Recommended based on good credit score, stable income",100,0.0,100.0,pending,2025-08-05
180,90,8,2025-06-30,97,"Recommended based on stable income, low credit utilization",100,0.1845,53.85,accepted,2025-08-24
181,90,37,2025-05-31,100,"Recommended based on stable income, low credit utilization",100,0.1845,53.85,declined,2025-10-09
182,90,30,2025-07-02,100,"Recommended based on stable income, low credit utilization",100,0.1845,53.85,pending,2025-10-03
183,91,5,2025-07-07,100,Recommended based on low credit utilization,100,0.1,87.5,pending,2025-08-22
184,91,30,2025-06-11,100,Recommended based on low credit utilization,100,0.1,87.5,declined,2025-09-29
185,91,8,2025-06-14,96,Recommended based on low credit utilization,100,0.1,87.5,pending,2025-09-01
186,92,41,2025-06-29,100,"Recommended based on excellent credit score, high income",100,0.2426,92.31,expired,2025-07-18
187,92,25,2025-07-01,100,"Recommended based on excellent credit score, high income",100,0.2426,92.31,pending,2025-10-06
188,93,13,2025-06-24,98,Recommended based on stable income,100,0.5,66.67,pending,2025-09-29
189,94,12,2025-05-27,100,"Recommended based on good credit score, stable income",100,0.1,80.0,pending,2025-07-23
190,95,21,2025-07-14,100,"Recommended based on stable income, low credit utilization",100,0.1615,81.82,declined,2025-08-21
191,95,13,2025-06-26,100,"Recommended based on stable income, low credit utilization",100,0.1615,81.82,declined,2025-09-14
192,96,37,2025-06-27,81,Recommended based on low credit utilization,100,0.1,50.0,accepted,2025-10-08
193,96,13,2025-05-19,92,Recommended based on low credit utilization,100,0.1,50.0,accepted,2025-08-21
194,97,21,2025-07-08,100,Standard recommendation,100,0.3,50.0,pending,2025-08-08
195,97,3,2025-06-04,100,Standard recommendation,100,0.3,50.0,pending,2025-09-01
196,98,21,2025-06-28,87,Recommended based on stable income,100,0.3,66.67,accepted,2025-10-06
197,98,13,2025-05-28,98,Recommended based on stable income,100,0.3,66.67,expired,2025-07-28
198,99,13,2025-06-03,90,Recommended based on low credit utilization,100,0.1988,41.67,expired,2025-09-02
199,99,21,2025-07-09,82,Recommended based on low credit utilization,100,0.1988,41.67,pending,2025-08-31
200,99,3,2025-06-28,100,Recommended based on low credit utilization,100,0.1988,41.67,expired,2025-08-08
201,100,3,2025-05-26,100,"Recommended based on low credit utilization, excellent payment history",100,0.1,100.0,expired,2025-07-29
202,101,32,2025-06-13,100,"Recommended based on excellent credit score, high income",100,0.2641,85.71,accepted,2025-08-20
203,101,31,2025-07-02,100,"Recommended based on excellent credit score, high income",100,0.2641,85.71,pending,2025-08-28
204,101,43,2025-07-04,100,"Recommended based on excellent credit score, high income",100,0.2641,85.71,expired,2025-08-23
205,102,6,2025-05-27,99,"Recommended based on excellent credit score, high income",100,0.1,90.91,declined,2025-08-11
206,103,3,2025-06-11,100,Recommended based on stable income,100,0.3,54.55,declined,2025-07-26
207,104,6,2025-07-13,100,"Recommended based on excellent credit score, high income",100,0.3,100.0,accepted,2025-09-13
208,105,12,2025-05-18,95,Recommended based on excellent payment history,100,0.3735,90.91,pending,2025-08-22
209,105,10,2025-06-19,95,Recommended based on excellent payment history,100,0.3735,90.91,accepted,2025-10-03
210,106,21,2025-06-28,100,Recommended based on low credit utilization,100,0.1,33.33,accepted,2025-08-12
211,106,37,2025-05-24,88,Recommended based on low credit utilization,100,0.1,33.33,pending,2025-09-03
212,107,38,2025-05-19,100,"Recommended based on good credit score, stable income",100,0.1,83.33,pending,2025-08-24
213,107,9,2025-07-14,100,"Recommended based on good credit score, stable income",100,0.1,83.33,accepted,2025-08-06
214,107,2,2025-07-03,100,"Recommended based on good credit score, stable income",100,0.1,83.33,declined,2025-08-13
215,108,13,2025-07-12,100,Recommended based on stable income,100,0.4276,80.0,accepted,2025-08-05
216,108,3,2025-07-02,100,Recommended based on stable income,100,0.4276,80.0,pending,2025-09-15
217,109,9,2025-07-14,100,"Recommended based on good credit score, high income",100,0.8,100.0,pending,2025-07-22
218,110,13,2025-06-29,100,Standard recommendation,100,0.3,80.0,pending,2025-09-18
219,111,3,2025-07-14,85,Standard recommendation,100,0.3,20.0,pending,2025-09-08
220,112,13,2025-06-26,100,"Recommended based on stable income, low credit utilization",100,0.0618,66.67,accepted,2025-08-03
221,112,12,2025-05-27,100,"Recommended based on stable income, low credit utilization",100,0.0618,66.67,declined,2025-09-29
222,112,5,2025-06-23,100,"Recommended based on stable income, low credit utilization",100,0.0618,66.67,declined,2025-07-19
223,113,13,2025-06-09,85,"Recommended based on stable income, low credit utilization",100,0.1,57.14,declined,2025-08-19
224,113,21,2025-06-12,97,"Recommended based on stable income, low credit utilization",100,0.1,57.14,declined,2025-08-12
225,113,3,2025-07-01,100,"Recommended based on stable income, low credit utilization",100,0.1,57.14,declined,2025-09-02
226,114,3,2025-06-25,100,"Recommended based on excellent credit score, high income",100,0.2439,95.45,declined,2025-10-05
227,114,13,2025-06-09,100,"Recommended based on excellent credit score, high income",100,0.2439,95.45,accepted,2025-07-16
228,115,3,2025-07-11,100,"Recommended based on excellent credit score, high income",100,0.0,100.0,declined,2025-09-13
229,116,12,2025-07-04,100,"Recommended based on good credit score, high income",100,0.581,87.5,pending,2025-09-04
230,117,42,2025-06-02,100,"Recommended based on excellent credit score, high income",100,0.5,90.0,pending,2025-07-22
231,117,3,2025-05-29,100,"Recommended based on excellent credit score, high income",100,0.5,90.0,expired,2025-09-28
232,117,18,2025-06-02,97,"Recommended based on excellent credit score, high income",100,0.5,90.0,accepted,2025-08-07
233,118,18,2025-06-30,100,"Recommended based on good credit score, high income",100,0.0,83.33,accepted,2025-09-02
234,119,37,2025-06-17,97,Standard recommendation,100,0.3,75.0,pending,2025-08-27
235,119,21,2025-07-04,100,Standard recommendation,100,0.3,75.0,expired,2025-09-19
236,119,3,2025-07-05,100,Standard recommendation,100,0.3,75.0,declined,2025-09-30
237,120,20,2025-05-21,100,"Recommended based on excellent credit score, high income",100,0.1,92.31,accepted,2025-09-10
238,120,21,2025-07-15,100,"Recommended based on excellent credit score, high income",100,0.1,92.31,pending,2025-10-12
239,121,3,2025-06-26,100,Recommended based on low credit utilization,100,0,85.0,accepted,2025-09-15
240,121,13,2025-07-15,86,Recommended based on low credit utilization,100,0,85.0,accepted,2025-08-07
241,122,26,2025-06-09,100,"Recommended based on excellent credit score, high income",100,0.3699,89.47,accepted,2025-09-24
242,122,29,2025-06-18,100,"Recommended based on excellent credit score, high income",100,0.3699,89.47,pending,2025-08-23
243,123,3,2025-06-21,96,Standard recommendation,100,0.3,62.5,accepted,2025-08-08
244,124,33,2025-07-12,100,"Recommended based on excellent credit score, stable income",100,0.2362,90.0,declined,2025-09-08
245,124,7,2025-05-20,100,"Recommended based on excellent credit score, stable income",100,0.2362,90.0,declined,2025-08-20
246,125,3,2025-05-28,100,"Recommended based on good credit score, excellent payment history",100,0.5,100.0,expired,2025-08-01
247,125,10,2025-05-23,100,"Recommended based on good credit score, excellent payment history",100,0.5,100.0,pending,2025-08-30
248,125,8,2025-05-24,100,"Recommended based on good credit score, excellent payment history",100,0.5,100.0,pending,2025-09-12
249,126,12,2025-06-20,100,Recommended based on stable income,100,0.5705,81.82,pending,2025-10-05
250,126,37,2025-06-29,100,Recommended based on stable income,100,0.5705,81.82,accepted,2025-07-31
251,126,5,2025-07-10,100,Recommended based on stable income,100,0.5705,81.82,pending,2025-07-22
252,127,37,2025-06-30,100,"Recommended based on excellent credit score, high income",100,0.3,86.36,pending,2025-07-16
253,127,42,2025-07-11,100,"Recommended based on excellent credit score, high income",100,0.3,86.36,pending,2025-07-28
254,128,5,2025-07-02,100,Recommended based on low credit utilization,100,0,85.0,pending,2025-08-07
255,129,44,2025-06-18,94,Recommended based on stable income,100,0.3,85.71,expired,2025-08-20
256,130,37,2025-07-12,100,Recommended based on low credit utilization,100,0.1,71.43,expired,2025-07-26
257,130,10,2025-07-12,93,Recommended based on low credit utilization,100,0.1,71.43,expired,2025-07-24
258,131,36,2025-06-21,74,"Recommended based on good credit score, stable income",100,0.3585,92.31,accepted,2025-07-18
259,131,31,2025-06-06,85,"Recommended based on good credit score, stable income",100,0.3585,92.31,pending,2025-08-04
260,131,45,2025-06-05,100,"Recommended based on good credit score, stable income",100,0.3585,92.31,pending,2025-10-04
261,132,13,2025-06-18,100,Recommended based on low credit utilization,100,0.0,71.43,pending,2025-08-10
262,133,13,2025-07-06,87,Recommended based on low credit utilization,100,0.1,66.67,pending,2025-08-26
263,134,8,2025-06-19,100,"Recommended based on excellent credit score, high income",100,0.2729,83.33,declined,2025-08-02
264,134,10,2025-05-21,100,"Recommended based on excellent credit score, high income",100,0.2729,83.33,accepted,2025-07-23
265,135,14,2025-06-23,100,"Recommended based on excellent credit score, high income",100,0.3,92.86,declined,2025-09-15
266,135,27,2025-06-22,100,"Recommended based on excellent credit score, high income",100,0.3,92.86,expired,2025-08-22
267,136,21,2025-06-08,88,Standard recommendation,100,0.5,33.33,accepted,2025-08-31
268,136,13,2025-07-13,95,Standard recommendation,100,0.5,33.33,pending,2025-09-18
269,136,3,2025-06-15,100,Standard recommendation,100,0.5,33.33,declined,2025-09-18
270,137,39,2025-05-26,99,Standard recommendation,100,0.3,87.5,declined,2025-09-03
271,137,13,2025-07-02,100,Standard recommendation,100,0.3,87.5,accepted,2025-07-30
272,137,3,2025-06-05,100,Standard recommendation,100,0.3,87.5,accepted,2025-08-26
273,137,7,2025-06-03,100,Standard recommendation,100,0.3,87.5,declined,2025-07-16
274,138,37,2025-07-08,100,"Recommended based on good credit score, low credit utilization",100,0.1,85.71,accepted,2025-08-25
275,138,2,2025-07-09,74,"Recommended based on good credit score, low credit utilization",100,0.1,85.71,declined,2025-10-05
276,139,12,2025-05-26,100,"Recommended based on good credit score, stable income",100,0.0947,92.31,declined,2025-09-09
277,140,48,2025-05-20,100,"Recommended based on excellent credit score, high income",100,0.2785,86.67,pending,2025-09-17
278,140,35,2025-05-22,100,"Recommended based on excellent credit score, high income",100,0.2785,86.67,declined,2025-08-11
279,140,43,2025-05-25,100,"Recommended based on excellent credit score, high income",100,0.2785,86.67,pending,2025-09-10
280,140,30,2025-06-05,100,"Recommended based on excellent credit score, high income",100,0.2785,86.67,expired,2025-09-01
281,141,30,2025-07-08,100,"Recommended based on good credit score, stable income",100,0.1877,85.71,accepted,2025-08-11
282,141,13,2025-07-04,100,"Recommended based on good credit score, stable income",100,0.1877,85.71,pending,2025-08-21
283,141,6,2025-05-23,98,"Recommended based on good credit score, stable income",100,0.1877,85.71,pending,2025-07-24
284,141,15,2025-06-22,100,"Recommended based on good credit score, stable income",100,0.1877,85.71,pending,2025-08-08
285,142,3,2025-06-08,100,Recommended based on low credit utilization,100,0.1,60.0,pending,2025-10-05
286,143,25,2025-07-02,100,"Recommended based on good credit score, high income",100,0.3,87.5,declined,2025-09-08
287,144,3,2025-06-25,100,Standard recommendation,100,0.4176,83.33,pending,2025-09-16
288,145,33,2025-06-28,100,"Recommended based on stable income, low credit utilization",100,0.1766,72.22,accepted,2025-09-09
289,145,28,2025-07-06,100,"Recommended based on stable income, low credit utilization",100,0.1766,72.22,accepted,2025-08-02
290,145,10,2025-05-22,99,"Recommended based on stable income, low credit utilization",100,0.1766,72.22,pending,2025-08-06
291,145,37,2025-06-22,100,"Recommended based on stable income, low credit utilization",100,0.1766,72.22,pending,2025-08-11
292,146,44,2025-07-03,76,"Recommended based on stable income, low credit utilization",100,0.0,66.67,pending,2025-09-17
293,146,13,2025-07-06,100,"Recommended based on stable income, low credit utilization",100,0.0,66.67,declined,2025-08-27
294,147,29,2025-05-20,77,Standard recommendation,100,0.95,83.33,declined,2025-09-01
295,148,39,2025-06-11,91,Recommended based on stable income,100,0.3,71.43,accepted,2025-07-28
296,148,13,2025-07-10,86,Recommended based on stable income,100,0.3,71.43,accepted,2025-09-30
297,148,12,2025-06-07,91,Recommended based on stable income,100,0.3,71.43,accepted,2025-09-01
298,149,13,2025-06-08,100,Standard recommendation,100,0.8,87.5,expired,2025-08-27
299,149,21,2025-06-13,100,Standard recommendation,100,0.8,87.5,accepted,2025-07-25
300,150,12,2025-07-06,100,Standard recommendation,100,0.3,85.71,accepted,2025-08-06
301,150,39,2025-06-16,86,Standard recommendation,100,0.3,85.71,accepted,2025-08-25
302,150,10,2025-06-17,87,Standard recommendation,100,0.3,85.71,pending,2025-10-11
303,151,13,2025-06-07,100,Recommended based on stable income,100,0.3,75.0,expired,2025-08-27
304,151,5,2025-07-07,89,Recommended based on stable income,100,0.3,75.0,accepted,2025-09-17
305,152,42,2025-07-07,100,"Recommended based on good credit score, high income",100,0.6332,100.0,pending,2025-08-26
306,152,29,2025-07-11,100,"Recommended based on good credit score, high income",100,0.6332,100.0,pending,2025-07-30
307,153,3,2025-05-21,100,"Recommended based on good credit score, high income",100,0.5,85.71,pending,2025-08-25
308,153,7,2025-07-01,100,"Recommended based on good credit score, high income",100,0.5,85.71,accepted,2025-09-27
309,153,25,2025-06-16,100,"Recommended based on good credit score, high income",100,0.5,85.71,declined,2025-09-27
310,154,3,2025-07-15,98,Standard recommendation,100,0.3,75.0,pending,2025-07-28
311,155,10,2025-07-13,100,"Recommended based on good credit score, high income",100,0.3,87.5,pending,2025-08-20
312,155,12,2025-07-05,100,"Recommended based on good credit score, high income",100,0.3,87.5,pending,2025-07-31
313,156,44,2025-06-11,96,"Recommended based on excellent credit score, stable income",100,0.1,85.71,pending,2025-08-29
314,156,8,2025-06-10,100,"Recommended based on excellent credit score, stable income",100,0.1,85.71,pending,2025-10-01
315,157,8,2025-05-31,94,Standard recommendation,100,0.3,83.33,pending,2025-10-05
316,157,10,2025-06-19,95,Standard recommendation,100,0.3,83.33,declined,2025-07-26
317,158,10,2025-06-13,93,"Recommended based on stable income, low credit utilization",100,0.1,71.43,pending,2025-07-23
318,158,5,2025-07-03,100,"Recommended based on stable income, low credit utilization",100,0.1,71.43,pending,2025-09-11
319,159,10,2025-07-15,100,"Recommended based on excellent credit score, high income",100,0.352,100.0,accepted,2025-07-27
320,159,35,2025-06-01,100,"Recommended based on excellent credit score, high income",100,0.352,100.0,accepted,2025-08-27
321,160,31,2025-06-12,98,"Recommended based on good credit score, high income",100,0.5,90.0,pending,2025-07-18
322,161,49,2025-05-20,100,"Recommended based on excellent credit score, high income",100,0.045,91.67,pending,2025-07-19
323,162,13,2025-06-24,100,"Recommended based on good credit score, stable income",100,0.3,80.0,pending,2025-09-07
324,163,3,2025-06-16,99,Standard recommendation,100,0.3,66.67,pending,2025-07-21
325,164,9,2025-07-04,100,"Recommended based on excellent credit score, high income",100,0.1,100.0,declined,2025-08-25
326,165,37,2025-06-01,96,Recommended based on low credit utilization,100,0.1,66.67,accepted,2025-10-01
327,165,21,2025-06-06,100,Recommended based on low credit utilization,100,0.1,66.67,expired,2025-09-28
328,165,3,2025-05-23,100,Recommended based on low credit utilization,100,0.1,66.67,declined,2025-10-08
329,166,3,2025-06-07,100,Recommended based on low credit utilization,100,0.0,62.5,pending,2025-08-15
330,167,49,2025-05-29,99,"Recommended based on good credit score, stable income",100,0.0,100.0,pending,2025-08-14
331,168,5,2025-07-14,100,"Recommended based on excellent credit score, high income",100,0.2382,93.75,accepted,2025-09-09
332,168,14,2025-06-08,100,"Recommended based on excellent credit score, high income",100,0.2382,93.75,pending,2025-10-01
333,168,3,2025-05-23,100,"Recommended based on excellent credit score, high income",100,0.2382,93.75,expired,2025-08-11
334,169,31,2025-06-28,100,"Recommended based on excellent credit score, high income",100,0.0403,94.74,accepted,2025-08-28
335,169,3,2025-06-06,100,"Recommended based on excellent credit score, high income",100,0.0403,94.74,expired,2025-07-26
336,169,41,2025-05-30,90,"Recommended based on excellent credit score, high income",100,0.0403,94.74,declined,2025-09-29
337,170,37,2025-06-01,100,Recommended based on stable income,100,0.3561,68.42,pending,2025-08-26
338,170,21,2025-07-03,100,Recommended based on stable income,100,0.3561,68.42,pending,2025-09-07
339,170,13,2025-07-12,100,Recommended based on stable income,100,0.3561,68.42,declined,2025-07-24
340,171,26,2025-06-27,94,"Recommended based on excellent credit score, high income",100,0.2967,92.31,declined,2025-09-05
341,172,3,2025-06-10,100,Recommended based on low credit utilization,100,0.1,50.0,pending,2025-07-29
342,173,27,2025-05-17,100,"Recommended based on good credit score, high income",100,0.3699,70.59,expired,2025-10-08
343,174,43,2025-05-23,100,"Recommended based on good credit score, stable income",100,0.3,80.0,declined,2025-09-20
344,174,33,2025-05-20,100,"Recommended based on good credit score, stable income",100,0.3,80.0,pending,2025-08-09
345,175,25,2025-05-17,100,"Recommended based on excellent credit score, stable income",100,0.2523,100.0,accepted,2025-07-30
346,176,37,2025-05-21,86,Recommended based on high income,100,0.3,60.0,declined,2025-10-05
347,176,27,2025-06-09,79,Recommended based on high income,100,0.3,60.0,expired,2025-08-26
348,177,50,2025-06-23,99,"Recommended based on excellent credit score, high income",100,0.1,100.0,pending,2025-08-02
349,177,20,2025-06-07,100,"Recommended based on excellent credit score, high income",100,0.1,100.0,accepted,2025-08-17
350,178,37,2025-06-27,100,"Recommended based on good credit score, stable income",100,0.3,87.5,accepted,2025-08-02
351,178,7,2025-07-14,100,"Recommended based on good credit score, stable income",100,0.3,87.5,declined,2025-09-11
352,179,10,2025-07-15,70,Standard recommendation,100,0.3,71.43,accepted,2025-08-22
353,179,21,2025-07-08,100,Standard recommendation,100,0.3,71.43,declined,2025-08-30
354,180,13,2025-06-18,95,Recommended based on low credit utilization,100,0.1,62.5,pending,2025-07-30
355,181,12,2025-07-01,100,"Recommended based on good credit score, stable income",100,0.5,100.0,pending,2025-07-26
356,182,13,2025-06-15,85,Recommended based on low credit utilization,100,0.1,54.55,pending,2025-08-30
357,182,3,2025-07-14,100,Recommended based on low credit utilization,100,0.1,54.55,pending,2025-09-24
358,183,13,2025-05-30,100,Recommended based on low credit utilization,100,0,85.0,expired,2025-08-24
359,183,3,2025-07-02,100,Recommended based on low credit utilization,100,0,85.0,declined,2025-08-13
360,184,42,2025-05-23,100,"Recommended based on excellent credit score, stable income",100,0.3595,100.0,pending,2025-10-07
361,184,3,2025-06-23,100,"Recommended based on excellent credit score, stable income",100,0.3595,100.0,pending,2025-09-13
362,184,45,2025-06-03,100,"Recommended based on excellent credit score, stable income",100,0.3595,100.0,declined,2025-08-31
363,185,29,2025-07-05,100,"Recommended based on excellent credit score, high income",100,0.3267,90.48,declined,2025-07-31
364,185,19,2025-05-24,100,"Recommended based on excellent credit score, high income",100,0.3267,90.48,pending,2025-09-11
365,186,5,2025-05-23,100,Recommended based on low credit utilization,100,0.0364,55.56,pending,2025-09-20
366,186,12,2025-05-30,94,Recommended based on low credit utilization,100,0.0364,55.56,accepted,2025-09-24
367,187,3,2025-05-30,100,Standard recommendation,100,0.3,66.67,pending,2025-10-05
368,188,46,2025-06-01,91,"Recommended based on good credit score, low credit utilization",100,0.1,100.0,expired,2025-10-08
369,188,12,2025-05-22,95,"Recommended based on good credit score, low credit utilization",100,0.1,100.0,expired,2025-07-19
370,188,42,2025-06-27,100,"Recommended based on good credit score, low credit utilization",100,0.1,100.0,declined,2025-09-19
371,189,3,2025-06-23,100,Recommended based on stable income,100,0.3,33.33,pending,2025-07-28
372,190,25,2025-06-29,88,"Recommended based on good credit score, stable income",100,0.1,87.5,accepted,2025-09-29
373,191,42,2025-05-17,100,"Recommended based on good credit score, high income",100,0.8,100.0,pending,2025-08-09
374,191,35,2025-05-29,88,"Recommended based on good credit score, high income",100,0.8,100.0,declined,2025-08-17
375,192,10,2025-06-18,100,"Recommended based on excellent credit score, high income",100,0.3,92.86,expired,2025-09-04
376,192,28,2025-05-18,100,"Recommended based on excellent credit score, high income",100,0.3,92.86,pending,2025-08-11
377,193,37,2025-07-10,100,"Recommended based on stable income, low credit utilization",100,0.1,75.0,pending,2025-08-06
378,194,18,2025-06-17,91,"Recommended based on good credit score, high income",100,0.3927,83.33,pending,2025-10-02
379,195,3,2025-06-02,95,Recommended based on stable income,100,0.8,57.14,declined,2025-07-26
380,196,18,2025-06-28,85,"Recommended based on good credit score, stable income",100,0.447,90.91,pending,2025-07-23
381,197,21,2025-06-08,88,Standard recommendation,100,0.3,66.67,pending,2025-07-30
382,197,13,2025-06-11,97,Standard recommendation,100,0.3,66.67,pending,2025-08-27
383,198,22,2025-05-27,100,"Recommended based on good credit score, high income",100,0.3,77.78,pending,2025-09-05
384,198,30,2025-07-15,100,"Recommended based on good credit score, high income",100,0.3,77.78,pending,2025-09-19
385,198,3,2025-06-28,100,"Recommended based on good credit score, high income",100,0.3,77.78,pending,2025-09-16
386,199,5,2025-07-11,95,Standard recommendation,100,0.31,75.0,accepted,2025-10-06
387,200,3,2025-06-04,100,Recommended based on low credit utilization,100,0.1,50.0,pending,2025-08-04
388,201,2,2025-06-28,100,"Recommended based on good credit score, stable income",100,0.4403,90.91,accepted,2025-08-11
389,201,42,2025-06-05,95,"Recommended based on good credit score, stable income",100,0.4403,90.91,expired,2025-07-29
390,201,13,2025-06-06,100,"Recommended based on good credit score, stable income",100,0.4403,90.91,pending,2025-08-21
391,202,10,2025-06-11,100,"Recommended based on stable income, low credit utilization",100,0.0,66.67,pending,2025-10-13
392,202,7,2025-05-24,96,"Recommended based on stable income, low credit utilization",100,0.0,66.67,declined,2025-10-05
393,203,3,2025-06-22,97,Standard recommendation,100,0.3,33.33,pending,2025-07-27
394,204,21,2025-07-11,88,Standard recommendation,100,0.95,85.71,accepted,2025-07-24
395,204,13,2025-06-27,93,Standard recommendation,100,0.95,85.71,pending,2025-08-08
396,205,3,2025-07-09,100,Recommended based on stable income,100,0.5,66.67,declined,2025-08-20
397,206,30,2025-05-23,100,"Recommended based on excellent credit score, high income",100,0.3294,93.75,expired,2025-09-04
398,206,37,2025-05-29,100,"Recommended based on excellent credit score, high income",100,0.3294,93.75,pending,2025-08-12
399,206,47,2025-06-23,100,"Recommended based on excellent credit score, high income",100,0.3294,93.75,declined,2025-08-20
400,207,5,2025-06-20,91,Recommended based on excellent payment history,100,0.8,100.0,accepted,2025-09-29
401,207,13,2025-06-13,83,Recommended based on excellent payment history,100,0.8,100.0,declined,2025-08-08
402,208,12,2025-05-24,100,"Recommended based on excellent credit score, high income",100,0.1,100.0,pending,2025-07-19
403,208,42,2025-05-24,100,"Recommended based on excellent credit score, high income",100,0.1,100.0,pending,2025-09-20
404,208,36,2025-06-11,100,"Recommended based on excellent credit score, high income",100,0.1,100.0,declined,2025-08-03
405,208,48,2025-06-12,100,"Recommended based on excellent credit score, high income",100,0.1,100.0,declined,2025-08-03
406,209,19,2025-05-17,82,"Recommended based on good credit score, high income",100,0.6885,100.0,accepted,2025-09-21
407,210,6,2025-05-22,100,"Recommended based on excellent credit score, high income",100,0.2116,87.5,pending,2025-08-04
408,210,14,2025-05-31,100,"Recommended based on excellent credit score, high income",100,0.2116,87.5,expired,2025-10-01
409,211,12,2025-06-19,100,"Recommended based on good credit score, stable income",100,0.1,100.0,pending,2025-10-11
410,211,8,2025-06-23,100,"Recommended based on good credit score, stable income",100,0.1,100.0,accepted,2025-07-22
411,212,37,2025-06-22,100,Standard recommendation,100,0.3,83.33,pending,2025-08-26
412,213,3,2025-05-28,100,"Recommended based on good credit score, high income",100,0.5329,90.0,pending,2025-08-17
413,214,3,2025-05-27,100,Standard recommendation,100,0.3,50.0,accepted,2025-07-30
414,214,13,2025-06-06,100,Standard recommendation,100,0.3,50.0,declined,2025-08-30
415,214,21,2025-06-18,100,Standard recommendation,100,0.3,50.0,pending,2025-08-08
416,215,20,2025-06-09,100,"Recommended based on excellent credit score, high income",100,0.1837,90.0,pending,2025-08-07
417,215,32,2025-06-17,100,"Recommended based on excellent credit score, high income",100,0.1837,90.0,declined,2025-08-17
418,216,42,2025-07-12,100,"Recommended based on good credit score, stable income",100,0.1,100.0,accepted,2025-09-22
419,216,49,2025-05-24,90,"Recommended based on good credit score, stable income",100,0.1,100.0,pending,2025-08-19
420,217,21,2025-06-02,100,Standard recommendation,100,0.5,75.0,pending,2025-09-05
421,218,3,2025-05-27,100,Recommended based on stable income,100,0.3233,77.78,expired,2025-08-27
422,219,21,2025-07-08,100,"Recommended based on stable income, low credit utilization",100,0.2174,80.0,declined,2025-07-20
423,219,3,2025-06-18,100,"Recommended based on stable income, low credit utilization",100,0.2174,80.0,pending,2025-08-18
424,220,12,2025-06-26,99,Recommended based on stable income,100,0.3,75.0,accepted,2025-10-06
425,221,3,2025-07-15,100,Recommended based on stable income,100,0.8,75.0,accepted,2025-09-15
426,222,32,2025-06-05,87,"Recommended based on good credit score, high income",100,0.3936,78.57,pending,2025-08-28
427,223,3,2025-06-13,100,Standard recommendation,100,0.3,66.67,pending,2025-07-17
428,224,3,2025-06-24,100,Standard recommendation,100,0.3,20.0,pending,2025-09-13
429,224,21,2025-07-09,79,Standard recommendation,100,0.3,20.0,declined,2025-10-06
430,224,13,2025-06-21,93,Standard recommendation,100,0.3,20.0,pending,2025-09-22
431,225,16,2025-06-12,82,"Recommended based on excellent credit score, high income",100,0.126,90.91,pending,2025-07-22
432,226,45,2025-06-25,100,"Recommended based on excellent credit score, high income",100,0.084,100.0,pending,2025-10-06
433,227,12,2025-06-26,100,"Recommended based on good credit score, low credit utilization",100,0.1431,84.62,accepted,2025-09-18
434,227,3,2025-07-06,100,"Recommended based on good credit score, low credit utilization",100,0.1431,84.62,declined,2025-10-12
435,228,10,2025-05-30,100,"Recommended based on good credit score, high income",100,0.3,100.0,pending,2025-09-28
436,229,49,2025-06-24,83,"Recommended based on good credit score, stable income",100,0.266,90.0,accepted,2025-07-18
437,229,15,2025-05-17,91,"Recommended based on good credit score, stable income",100,0.266,90.0,declined,2025-08-11
438,230,5,2025-07-11,100,"Recommended based on good credit score, stable income",100,0.3,100.0,accepted,2025-08-01
439,231,15,2025-06-30,100,"Recommended based on good credit score, stable income",100,0.2014,77.78,pending,2025-09-06
440,231,44,2025-06-03,97,"Recommended based on good credit score, stable income",100,0.2014,77.78,accepted,2025-09-02
441,232,18,2025-05-24,100,"Recommended based on excellent credit score, high income",100,0.3,92.86,pending,2025-09-11
442,232,13,2025-05-23,100,"Recommended based on excellent credit score, high income",100,0.3,92.86,declined,2025-07-23
443,232,30,2025-05-25,100,"Recommended based on excellent credit score, high income",100,0.3,92.86,pending,2025-08-07
444,233,42,2025-07-04,89,Recommended based on stable income,100,0.698,72.73,expired,2025-09-01
445,234,3,2025-06-29,96,Standard recommendation,100,0.3,71.43,pending,2025-07-31
446,235,35,2025-05-20,100,"Recommended based on excellent credit score, high income",100,0.3807,100.0,accepted,2025-08-01
447,236,30,2025-07-10,89,"Recommended based on stable income, excellent payment history",100,0.95,100.0,declined,2025-08-01
448,237,3,2025-07-04,100,Recommended based on stable income,100,0.3,75.0,accepted,2025-07-19
449,237,37,2025-06-06,98,Recommended based on stable income,100,0.3,75.0,accepted,2025-09-01
450,238,34,2025-05-19,97,"Recommended based on good credit score, stable income",100,0.4898,80.0,pending,2025-08-10
451,239,37,2025-07-01,100,"Recommended based on excellent credit score, high income",100,0.3679,84.62,accepted,2025-10-12
452,240,3,2025-06-15,100,"Recommended based on good credit score, stable income",100,0.0,83.33,pending,2025-08-30
453,240,7,2025-06-06,100,"Recommended based on good credit score, stable income",100,0.0,83.33,pending,2025-09-18
454,240,5,2025-05-22,100,"Recommended based on good credit score, stable income",100,0.0,83.33,pending,2025-07-24
455,241,3,2025-07-06,100,Recommended based on low credit utilization,100,0.2313,54.55,pending,2025-09-13
456,241,13,2025-07-01,100,Recommended based on low credit utilization,100,0.2313,54.55,declined,2025-10-05
457,242,3,2025-06-30,100,Recommended based on low credit utilization,100,0.1,66.67,pending,2025-09-24
458,242,21,2025-06-26,98,Recommended based on low credit utilization,100,0.1,66.67,accepted,2025-09-30
459,243,3,2025-07-02,100,Standard recommendation,100,0.8,71.43,declined,2025-08-23
460,244,47,2025-06-06,94,"Recommended based on excellent credit score, high income",100,0.3,100.0,accepted,2025-09-03
461,245,30,2025-07-02,100,"Recommended based on excellent credit score, high income",100,0.4345,100.0,declined,2025-08-11
462,246,21,2025-05-25,100,"Recommended based on excellent credit score, stable income",100,0.1,100.0,pending,2025-08-22
463,246,10,2025-06-12,100,"Recommended based on excellent credit score, stable income",100,0.1,100.0,accepted,2025-09-02
464,247,30,2025-07-05,100,Recommended based on stable income,100,0.5,75.0,accepted,2025-09-05
465,247,5,2025-06-05,100,Recommended based on stable income,100,0.5,75.0,pending,2025-08-27
466,248,18,2025-07-05,83,Recommended based on high income,100,0.5762,77.78,accepted,2025-07-17
467,249,37,2025-06-04,100,"Recommended based on good credit score, high income",100,0.341,93.33,accepted,2025-09-08
468,249,20,2025-07-03,88,"Recommended based on good credit score, high income",100,0.341,93.33,accepted,2025-09-06
469,249,19,2025-05-28,90,"Recommended based on good credit score, high income",100,0.341,93.33,declined,2025-10-13
470,250,37,2025-06-24,100,"Recommended based on excellent credit score, high income",100,0.129,81.82,declined,2025-09-11
471,250,45,2025-06-28,100,"Recommended based on excellent credit score, high income",100,0.129,81.82,pending,2025-10-10
472,250,39,2025-06-17,100,"Recommended based on excellent credit score, high income",100,0.129,81.82,accepted,2025-08-04
473,251,13,2025-06-13,100,Recommended based on low credit utilization,100,0,85.0,declined,2025-08-09
474,251,3,2025-05-31,100,Recommended based on low credit utilization,100,0,85.0,pending,2025-08-15
475,251,5,2025-06-06,100,Recommended based on low credit utilization,100,0,85.0,pending,2025-07-20
476,252,10,2025-07-03,84,"Recommended based on stable income, low credit utilization",100,0.2565,75.0,declined,2025-09-27
477,252,13,2025-06-16,100,"Recommended based on stable income, low credit utilization",100,0.2565,75.0,pending,2025-09-11
478,253,19,2025-06-09,91,"Recommended based on good credit score, stable income",100,0.5,88.89,declined,2025-07-22
479,253,34,2025-06-27,95,"Recommended based on good credit score, stable income",100,0.5,88.89,accepted,2025-10-12
480,253,49,2025-06-29,100,"Recommended based on good credit score, stable income",100,0.5,88.89,pending,2025-07-23
481,253,29,2025-05-23,89,"Recommended based on good credit score, stable income",100,0.5,88.89,declined,2025-10-10
482,254,3,2025-06-09,100,Recommended based on low credit utilization,100,0.1,66.67,expired,2025-07-25
483,254,21,2025-05-30,79,Recommended based on low credit utilization,100,0.1,66.67,expired,2025-07-25
484,255,20,2025-06-18,100,"Recommended based on excellent credit score, stable income",100,0.1,100.0,accepted,2025-09-07
485,255,2,2025-06-01,100,"Recommended based on excellent credit score, stable income",100,0.1,100.0,pending,2025-07-21
486,255,15,2025-07-01,99,"Recommended based on excellent credit score, stable income",100,0.1,100.0,accepted,2025-09-27
487,256,8,2025-06-16,100,"Recommended based on excellent credit score, high income",100,0.2236,86.67,pending,2025-09-12
488,256,47,2025-06-26,96,"Recommended based on excellent credit score, high income",100,0.2236,86.67,accepted,2025-08-19
489,257,37,2025-06-07,96,Recommended based on low credit utilization,100,0.1,80.0,accepted,2025-10-13
490,257,10,2025-06-23,93,Recommended based on low credit utilization,100,0.1,80.0,pending,2025-08-07
491,257,13,2025-07-08,100,Recommended based on low credit utilization,100,0.1,80.0,pending,2025-08-12
492,258,42,2025-06-17,100,"Recommended based on excellent credit score, high income",100,0.3764,90.91,pending,2025-09-01
493,258,49,2025-06-27,100,"Recommended based on excellent credit score, high income",100,0.3764,90.91,declined,2025-09-09
494,259,45,2025-06-06,95,"Recommended based on good credit score, high income",100,0.3684,92.31,declined,2025-09-14
495,260,7,2025-06-12,95,"Recommended based on high income, low credit utilization",100,0.1536,78.57,accepted,2025-09-18
496,260,15,2025-06-22,96,"Recommended based on high income, low credit utilization",100,0.1536,78.57,accepted,2025-07-26
497,260,26,2025-06-30,89,"Recommended based on high income, low credit utilization",100,0.1536,78.57,accepted,2025-10-07
498,261,13,2025-06-14,100,"Recommended based on excellent credit score, high income",100,0.4661,88.24,expired,2025-10-11
499,261,3,2025-06-18,100,"Recommended based on excellent credit score, high income",100,0.4661,88.24,accepted,2025-07-17
500,262,7,2025-06-09,100,"Recommended based on excellent credit score, high income",100,0.1495,100.0,pending,2025-09-07
501,263,37,2025-06-26,100,"Recommended based on good credit score, low credit utilization",100,0.1,100.0,pending,2025-09-05
502,263,42,2025-06-29,100,"Recommended based on good credit score, low credit utilization",100,0.1,100.0,expired,2025-09-06
503,264,37,2025-06-22,100,"Recommended based on good credit score, high income",100,0.3766,84.62,accepted,2025-09-24
504,264,19,2025-05-24,86,"Recommended based on good credit score, high income",100,0.3766,84.62,accepted,2025-08-27
505,265,19,2025-05-18,100,"Recommended based on excellent credit score, high income",100,0.5228,100.0,declined,2025-07-23
506,265,34,2025-06-11,100,"Recommended based on excellent credit score, high income",100,0.5228,100.0,accepted,2025-09-22
507,266,37,2025-06-07,100,Recommended based on stable income,100,0.3,71.43,pending,2025-09-14
508,266,3,2025-06-11,100,Recommended based on stable income,100,0.3,71.43,pending,2025-07-23
509,266,15,2025-05-23,100,Recommended based on stable income,100,0.3,71.43,pending,2025-09-07
510,267,14,2025-06-25,100,"Recommended based on excellent credit score, high income",100,0.4506,86.67,declined,2025-10-09
511,268,3,2025-06-10,100,Recommended based on low credit utilization,100,0.1,75.0,declined,2025-09-03
512,269,37,2025-06-17,100,"Recommended based on good credit score, stable income",100,0.3976,88.89,pending,2025-07-17
513,270,3,2025-06-12,100,Standard recommendation,100,0.3,75.0,pending,2025-07-24
514,271,14,2025-05-21,74,"Recommended based on stable income, low credit utilization",100,0.0865,54.55,pending,2025-10-12
515,272,7,2025-07-03,100,"Recommended based on excellent credit score, high income",100,0.3,81.82,expired,2025-07-18
516,273,44,2025-06-09,76,"Recommended based on stable income, low credit utilization",100,0.1,75.0,declined,2025-07-20
517,273,12,2025-06-02,100,"Recommended based on stable income, low credit utilization",100,0.1,75.0,expired,2025-07-16
518,273,3,2025-05-29,100,"Recommended based on stable income, low credit utilization",100,0.1,75.0,pending,2025-07-27
519,274,16,2025-06-29,100,"Recommended based on excellent credit score, high income",100,0.2148,89.47,pending,2025-08-31
520,274,14,2025-07-01,100,"Recommended based on excellent credit score, high income",100,0.2148,89.47,expired,2025-08-12
521,275,42,2025-07-14,84,Standard recommendation,100,0.5935,40.0,pending,2025-09-20
522,275,5,2025-07-10,98,Standard recommendation,100,0.5935,40.0,accepted,2025-08-23
523,276,47,2025-05-18,100,"Recommended based on excellent credit score, high income",100,0.1,100.0,pending,2025-10-11
524,276,45,2025-06-29,100,"Recommended based on excellent credit score, high income",100,0.1,100.0,declined,2025-09-28
525,277,21,2025-06-28,100,Recommended based on stable income,100,0.3,66.67,declined,2025-08-18
526,277,3,2025-05-18,100,Recommended based on stable income,100,0.3,66.67,pending,2025-10-08
527,278,3,2025-07-09,91,Standard recommendation,100,0.3,57.14,declined,2025-09-17
528,279,30,2025-06-27,100,"Recommended based on good credit score, stable income",100,0.1,100.0,declined,2025-08-25
529,279,20,2025-07-12,97,"Recommended based on good credit score, stable income",100,0.1,100.0,pending,2025-07-17
530,279,2,2025-06-04,100,"Recommended based on good credit score, stable income",100,0.1,100.0,pending,2025-10-11
531,280,3,2025-05-26,100,"Recommended based on good credit score, stable income",100,0.5,100.0,pending,2025-08-18
532,280,42,2025-06-20,100,"Recommended based on good credit score, stable income",100,0.5,100.0,declined,2025-09-07
533,281,14,2025-06-10,100,"Recommended based on excellent credit score, high income",100,0.5624,100.0,pending,2025-07-16
534,282,43,2025-06-19,100,"Recommended based on excellent credit score, high income",100,0.1933,84.62,pending,2025-09-07
535,283,19,2025-05-26,100,"Recommended based on excellent credit score, high income",100,0.3,100.0,pending,2025-09-22
536,283,42,2025-06-01,100,"Recommended based on excellent credit score, high income",100,0.3,100.0,accepted,2025-08-14
537,284,21,2025-06-15,100,Standard recommendation,100,0.3,77.78,pending,2025-07-16
538,284,3,2025-07-11,100,Standard recommendation,100,0.3,77.78,pending,2025-09-03
539,285,12,2025-06-06,100,"Recommended based on good credit score, high income",100,0.1803,93.33,accepted,2025-09-17
540,286,13,2025-07-05,96,Recommended based on stable income,100,0.3,60.0,declined,2025-07-20
541,287,42,2025-06-23,90,Recommended based on stable income,100,0.3,71.43,accepted,2025-07-31
542,287,44,2025-05-17,96,Recommended based on stable income,100,0.3,71.43,pending,2025-07-21
543,288,10,2025-07-10,100,"Recommended based on good credit score, excellent payment history",100,0.3,100.0,accepted,2025-10-08
544,288,2,2025-05-30,98,"Recommended based on good credit score, excellent payment history",100,0.3,100.0,pending,2025-08-07
545,289,8,2025-05-31,100,"Recommended based on good credit score, stable income",100,0.1,80.0,pending,2025-08-07
546,290,30,2025-07-04,100,"Recommended based on good credit score, stable income",100,0.3,100.0,pending,2025-08-05
547,290,13,2025-06-29,100,"Recommended based on good credit score, stable income",100,0.3,100.0,accepted,2025-09-09
548,291,3,2025-07-15,96,Standard recommendation,100,0.3,57.14,declined,2025-09-13
549,292,41,2025-06-16,100,"Recommended based on excellent credit score, high income",100,0.2071,100.0,pending,2025-08-02
550,293,31,2025-06-18,100,"Recommended based on excellent credit score, stable income",100,0.1,100.0,pending,2025-09-17
551,294,42,2025-06-16,100,"Recommended based on excellent credit score, high income",100,0.332,95.0,pending,2025-09-28
552,295,3,2025-06-05,100,"Recommended based on stable income, low credit utilization",100,0.2078,50.0,accepted,2025-09-01
553,296,5,2025-07-13,100,Standard recommendation,100,0.3,86.67,declined,2025-08-19
554,296,49,2025-07-09,77,Standard recommendation,100,0.3,86.67,declined,2025-07-16
555,297,3,2025-06-15,100,Standard recommendation,100,0.3,83.33,accepted,2025-08-12
556,298,31,2025-07-05,100,"Recommended based on excellent credit score, high income",100,0.3,100.0,declined,2025-08-31
557,298,32,2025-06-18,100,"Recommended based on excellent credit score, high income",100,0.3,100.0,accepted,2025-09-09
558,298,21,2025-06-12,100,"Recommended based on excellent credit score, high income",100,0.3,100.0,pending,2025-07-27
559,299,3,2025-05-28,100,Standard recommendation,100,0.3,66.67,pending,2025-07-25
560,300,44,2025-06-18,100,"Recommended based on excellent credit score, high income",100,0.1502,88.89,expired,2025-09-04
561,300,16,2025-06-19,100,"Recommended based on excellent credit score, high income",100,0.1502,88.89,accepted,2025-07-18
562,300,9,2025-06-16,100,"Recommended based on excellent credit score, high income",100,0.1502,88.89,pending,2025-07-30
563,300,48,2025-06-17,100,"Recommended based on excellent credit score, high income",100,0.1502,88.89,pending,2025-07-25
564,301,13,2025-07-06,100,Standard recommendation,100,0.5,80.0,pending,2025-08-25
565,301,12,2025-06-27,99,Standard recommendation,100,0.5,80.0,declined,2025-08-12
566,302,49,2025-05-19,100,"Recommended based on excellent credit score, high income",100,0.2056,90.91,pending,2025-08-20
567,302,45,2025-07-13,100,"Recommended based on excellent credit score, high income",100,0.2056,90.91,pending,2025-09-09
568,302,24,2025-06-20,100,"Recommended based on excellent credit score, high income",100,0.2056,90.91,pending,2025-09-17
569,302,16,2025-07-06,100,"Recommended based on excellent credit score, high income",100,0.2056,90.91,expired,2025-08-27
570,303,15,2025-06-21,97,"Recommended based on good credit score, high income",100,0.3302,88.89,declined,2025-07-19
571,304,21,2025-06-28,100,Recommended based on excellent payment history,100,0.3679,92.31,pending,2025-09-10
572,304,3,2025-06-12,100,Recommended based on excellent payment history,100,0.3679,92.31,accepted,2025-09-30
573,305,7,2025-06-17,99,"Recommended based on stable income, low credit utilization",100,0.1,83.33,pending,2025-08-06
574,305,3,2025-05-23,100,"Recommended based on stable income, low credit utilization",100,0.1,83.33,accepted,2025-10-10
575,306,13,2025-06-13,100,Recommended based on stable income,100,0.3,75.0,accepted,2025-08-05
576,306,21,2025-06-16,96,Recommended based on stable income,100,0.3,75.0,pending,2025-09-17
577,306,12,2025-07-05,93,Recommended based on stable income,100,0.3,75.0,accepted,2025-08-18
578,307,2,2025-06-29,99,"Recommended based on good credit score, low credit utilization",100,0.1,85.71,declined,2025-08-14
579,308,10,2025-06-26,100,"Recommended based on good credit score, stable income",100,0.1,100.0,declined,2025-08-27
580,308,39,2025-05-17,100,"Recommended based on good credit score, stable income",100,0.1,100.0,pending,2025-09-16
581,309,3,2025-07-15,99,Standard recommendation,100,0.5,50.0,accepted,2025-07-22
582,310,37,2025-06-19,100,"Recommended based on good credit score, excellent payment history",100,0.3,100.0,pending,2025-10-01
583,310,12,2025-05-17,100,"Recommended based on good credit score, excellent payment history",100,0.3,100.0,declined,2025-10-08
584,310,46,2025-06-02,85,"Recommended based on good credit score, excellent payment history",100,0.3,100.0,pending,2025-07-16
585,311,27,2025-07-10,80,Recommended based on high income,100,0.4118,77.78,declined,2025-07-16
586,312,15,2025-06-17,100,"Recommended based on excellent credit score, high income",100,0.272,100.0,declined,2025-08-20
587,313,5,2025-05-21,100,"Recommended based on good credit score, high income",100,0.6297,90.0,pending,2025-09-09
588,313,43,2025-07-06,82,"Recommended based on good credit score, high income",100,0.6297,90.0,pending,2025-10-02
589,314,10,2025-05-18,86,"Recommended based on good credit score, excellent payment history",100,0.5,100.0,expired,2025-10-13
590,315,3,2025-05-27,100,Recommended based on low credit utilization,100,0.1,37.5,pending,2025-09-20
591,315,21,2025-07-13,71,Recommended based on low credit utilization,100,0.1,37.5,pending,2025-09-28
592,315,13,2025-05-19,99,Recommended based on low credit utilization,100,0.1,37.5,pending,2025-09-30
593,316,33,2025-06-11,100,"Recommended based on excellent credit score, high income",100,0.3201,95.0,accepted,2025-10-04
594,317,3,2025-07-02,100,Recommended based on stable income,100,0.8253,87.5,accepted,2025-10-09
595,317,42,2025-05-19,100,Recommended based on stable income,100,0.8253,87.5,declined,2025-09-28
596,317,5,2025-06-29,85,Recommended based on stable income,100,0.8253,87.5,accepted,2025-09-28
597,318,16,2025-06-17,100,"Recommended based on excellent credit score, high income",100,0.1661,87.5,declined,2025-08-07
598,318,37,2025-06-11,100,"Recommended based on excellent credit score, high income",100,0.1661,87.5,pending,2025-08-03
599,319,44,2025-06-07,100,Recommended based on stable income,100,0.3,80.0,declined,2025-09-03
600,319,13,2025-07-09,100,Recommended based on stable income,100,0.3,80.0,pending,2025-08-16
601,319,37,2025-06-19,100,Recommended based on stable income,100,0.3,80.0,pending,2025-08-30
602,319,39,2025-06-23,100,Recommended based on stable income,100,0.3,80.0,declined,2025-07-16
603,320,48,2025-05-17,100,"Recommended based on excellent credit score, stable income",100,0.1,85.71,declined,2025-08-01
604,320,12,2025-07-09,100,"Recommended based on excellent credit score, stable income",100,0.1,85.71,pending,2025-09-23
605,321,49,2025-06-10,86,Recommended based on stable income,100,0.6422,66.67,accepted,2025-10-12
606,321,27,2025-06-11,90,Recommended based on stable income,100,0.6422,66.67,pending,2025-09-04
607,322,5,2025-05-22,100,Recommended based on low credit utilization,100,0,85.0,pending,2025-07-29
608,322,3,2025-06-12,100,Recommended based on low credit utilization,100,0,85.0,pending,2025-07-24
609,322,13,2025-07-12,100,Recommended based on low credit utilization,100,0,85.0,accepted,2025-09-12
610,323,49,2025-06-09,82,Recommended based on good credit score,100,0.3,85.71,accepted,2025-08-14
611,324,21,2025-07-01,99,Recommended based on stable income,100,0.5,72.73,declined,2025-10-09
612,325,5,2025-05-25,100,"Recommended based on excellent credit score, high income",100,0.1,83.33,pending,2025-08-11
613,325,8,2025-05-29,100,"Recommended based on excellent credit score, high income",100,0.1,83.33,declined,2025-10-13
614,325,27,2025-07-14,100,"Recommended based on excellent credit score, high income",100,0.1,83.33,accepted,2025-09-26
615,325,23,2025-07-01,100,"Recommended based on excellent credit score, high income",100,0.1,83.33,pending,2025-10-08
616,326,30,2025-05-27,100,"Recommended based on good credit score, high income",100,0.5,100.0,pending,2025-10-06
617,326,19,2025-07-15,93,"Recommended based on good credit score, high income",100,0.5,100.0,declined,2025-07-29
618,326,37,2025-06-18,100,"Recommended based on good credit score, high income",100,0.5,100.0,declined,2025-09-21
619,327,45,2025-07-08,93,"Recommended based on good credit score, stable income",100,0.3,100.0,pending,2025-10-13
620,327,8,2025-06-03,100,"Recommended based on good credit score, stable income",100,0.3,100.0,pending,2025-07-22
621,328,12,2025-06-06,90,Standard recommendation,100,0.3755,70.0,declined,2025-08-25
622,328,13,2025-07-13,98,Standard recommendation,100,0.3755,70.0,pending,2025-07-23
623,329,3,2025-07-15,100,Recommended based on low credit utilization,100,0.1,70.0,accepted,2025-09-13
624,329,13,2025-05-26,100,Recommended based on low credit utilization,100,0.1,70.0,pending,2025-07-18
625,329,30,2025-05-19,78,Recommended based on low credit utilization,100,0.1,70.0,accepted,2025-08-20
626,330,10,2025-07-03,100,Recommended based on stable income,100,0.3,87.5,accepted,2025-09-20
627,330,13,2025-06-17,100,Recommended based on stable income,100,0.3,87.5,declined,2025-08-25
628,331,3,2025-07-05,100,Recommended based on low credit utilization,100,0.0,57.14,accepted,2025-09-11
629,332,13,2025-07-10,100,Recommended based on low credit utilization,100,0,85.0,declined,2025-08-08
630,332,5,2025-07-01,100,Recommended based on low credit utilization,100,0,85.0,declined,2025-07-20
631,332,3,2025-07-08,100,Recommended based on low credit utilization,100,0,85.0,declined,2025-08-14
632,333,8,2025-07-02,100,"Recommended based on excellent credit score, high income",100,0.1,87.5,pending,2025-08-14
633,334,3,2025-06-26,95,Recommended based on stable income,100,0.95,80.0,pending,2025-09-09
634,335,19,2025-06-16,100,"Recommended based on excellent credit score, high income",100,0.4667,92.86,expired,2025-10-05
635,335,3,2025-05-28,100,"Recommended based on excellent credit score, high income",100,0.4667,92.86,accepted,2025-07-21
636,336,5,2025-05-22,100,Recommended based on low credit utilization,100,0,85.0,accepted,2025-10-13
637,336,13,2025-06-19,100,Recommended based on low credit utilization,100,0,85.0,pending,2025-10-08
638,337,6,2025-05-28,100,"Recommended based on excellent credit score, high income",100,0.202,81.82,accepted,2025-09-06
639,338,33,2025-05-30,100,"Recommended based on excellent credit score, high income",100,0.2179,86.67,declined,2025-09-17
640,338,22,2025-06-08,100,"Recommended based on excellent credit score, high income",100,0.2179,86.67,declined,2025-08-25
641,339,18,2025-05-29,85,"Recommended based on good credit score, high income",100,0.43,84.21,accepted,2025-07-27
642,340,21,2025-05-29,80,Recommended based on low credit utilization,100,0.1,58.33,pending,2025-08-23
643,340,3,2025-05-22,100,Recommended based on low credit utilization,100,0.1,58.33,pending,2025-08-07
644,341,21,2025-06-26,100,Standard recommendation,100,0.3,75.0,pending,2025-08-25
645,341,3,2025-06-22,100,Standard recommendation,100,0.3,75.0,pending,2025-09-27
646,342,21,2025-05-31,100,Recommended based on high income,100,0.386,77.78,accepted,2025-10-11
647,343,44,2025-05-26,100,"Recommended based on stable income, low credit utilization",100,0.1704,66.67,pending,2025-10-10
648,343,5,2025-05-26,100,"Recommended based on stable income, low credit utilization",100,0.1704,66.67,accepted,2025-09-17
649,343,33,2025-05-27,92,"Recommended based on stable income, low credit utilization",100,0.1704,66.67,pending,2025-10-07
650,344,3,2025-07-09,87,Standard recommendation,100,0.5,25.0,pending,2025-07-16
651,345,35,2025-06-23,100,"Recommended based on good credit score, stable income",100,0.2948,81.25,declined,2025-07-25
652,345,7,2025-07-01,100,"Recommended based on good credit score, stable income",100,0.2948,81.25,accepted,2025-09-08
653,345,36,2025-05-22,96,"Recommended based on good credit score, stable income",100,0.2948,81.25,pending,2025-09-02
654,345,25,2025-06-12,100,"Recommended based on good credit score, stable income",100,0.2948,81.25,pending,2025-09-26
655,346,39,2025-06-14,100,"Recommended based on stable income, low credit utilization",100,0.1238,68.75,accepted,2025-09-14
656,346,37,2025-06-01,100,"Recommended based on stable income, low credit utilization",100,0.1238,68.75,pending,2025-09-13
657,347,31,2025-05-29,92,"Recommended based on good credit score, high income",100,0.1865,80.0,declined,2025-09-14
658,347,35,2025-05-27,100,"Recommended based on good credit score, high income",100,0.1865,80.0,pending,2025-09-19
659,347,7,2025-06-12,100,"Recommended based on good credit score, high income",100,0.1865,80.0,pending,2025-10-13
660,348,3,2025-07-02,100,Standard recommendation,100,0.8,71.43,declined,2025-08-23
661,349,3,2025-05-28,100,"Recommended based on good credit score, excellent payment history",100,0.3,100.0,declined,2025-08-12
662,349,37,2025-06-12,100,"Recommended based on good credit score, excellent payment history",100,0.3,100.0,pending,2025-09-11
663,350,3,2025-06-29,100,Standard recommendation,100,0.3,62.5,pending,2025-08-27
664,351,12,2025-06-26,77,Recommended based on low credit utilization,100,0.1,62.5,accepted,2025-08-07
665,351,13,2025-06-10,100,Recommended based on low credit utilization,100,0.1,62.5,declined,2025-09-09
666,351,3,2025-06-01,100,Recommended based on low credit utilization,100,0.1,62.5,pending,2025-09-23
667,352,13,2025-05-30,92,Recommended based on low credit utilization,100,0,85.0,accepted,2025-09-12
668,353,37,2025-06-05,100,"Recommended based on good credit score, stable income",100,0.5,85.71,declined,2025-09-17
669,353,28,2025-07-06,100,"Recommended based on good credit score, stable income",100,0.5,85.71,declined,2025-08-30
670,354,3,2025-06-24,100,Standard recommendation,100,0.3,71.43,declined,2025-07-25
671,355,5,2025-06-17,100,"Recommended based on good credit score, excellent payment history",100,0.3,100.0,accepted,2025-09-11
672,356,13,2025-07-08,100,"Recommended based on excellent credit score, high income",100,0.0,100.0,declined,2025-10-07
673,356,11,2025-06-13,91,"Recommended based on excellent credit score, high income",100,0.0,100.0,declined,2025-09-23
674,357,43,2025-06-05,93,"Recommended based on stable income, low credit utilization",100,0.15,71.43,pending,2025-07-19
675,358,21,2025-06-18,88,Standard recommendation,100,0.3,60.0,accepted,2025-08-23
676,358,3,2025-06-10,100,Standard recommendation,100,0.3,60.0,pending,2025-10-09
677,359,10,2025-06-19,100,"Recommended based on good credit score, high income",100,0.1,80.0,pending,2025-08-17
678,359,31,2025-06-22,90,"Recommended based on good credit score, high income",100,0.1,80.0,declined,2025-08-22
679,360,21,2025-05-26,100,"Recommended based on good credit score, stable income",100,0.3,100.0,pending,2025-10-11
680,361,39,2025-05-18,100,"Recommended based on good credit score, high income",100,0.0,75.0,accepted,2025-09-10
681,361,9,2025-05-28,100,"Recommended based on good credit score, high income",100,0.0,75.0,accepted,2025-09-13
682,361,46,2025-06-04,100,"Recommended based on good credit score, high income",100,0.0,75.0,declined,2025-10-11
683,361,43,2025-06-15,90,"Recommended based on good credit score, high income",100,0.0,75.0,pending,2025-08-30
684,362,14,2025-07-03,97,"Recommended based on good credit score, high income",100,0.38,75.0,accepted,2025-09-25
685,363,20,2025-05-27,100,"Recommended based on good credit score, low credit utilization",100,0.1,100.0,accepted,2025-09-08
686,363,10,2025-06-26,100,"Recommended based on good credit score, low credit utilization",100,0.1,100.0,expired,2025-09-01
687,363,31,2025-06-15,97,"Recommended based on good credit score, low credit utilization",100,0.1,100.0,accepted,2025-08-15
688,364,35,2025-06-20,100,"Recommended based on good credit score, stable income",100,0.3,100.0,declined,2025-10-05
689,364,8,2025-06-27,100,"Recommended based on good credit score, stable income",100,0.3,100.0,expired,2025-10-12
690,364,25,2025-05-19,90,"Recommended based on good credit score, stable income",100,0.3,100.0,pending,2025-07-16
691,365,26,2025-05-27,85,"Recommended based on good credit score, high income",100,0.3,85.71,pending,2025-08-06
692,366,19,2025-06-23,100,"Recommended based on good credit score, high income",100,0.3874,100.0,pending,2025-09-01
693,366,42,2025-06-02,100,"Recommended based on good credit score, high income",100,0.3874,100.0,accepted,2025-08-12
694,367,13,2025-06-23,100,Recommended based on excellent payment history,100,0.8,100.0,declined,2025-08-28
695,367,10,2025-07-05,93,Recommended based on excellent payment history,100,0.8,100.0,pending,2025-09-08
696,367,12,2025-05-21,100,Recommended based on excellent payment history,100,0.8,100.0,accepted,2025-08-20
697,368,13,2025-06-30,100,Recommended based on low credit utilization,100,0.0,42.86,accepted,2025-08-30
698,368,5,2025-05-24,100,Recommended based on low credit utilization,100,0.0,42.86,accepted,2025-09-28
699,369,5,2025-05-17,100,"Recommended based on good credit score, high income",100,0.3,85.71,pending,2025-08-09
700,370,14,2025-05-20,94,"Recommended based on good credit score, high income",100,0.3813,100.0,pending,2025-09-23
701,370,35,2025-05-19,100,"Recommended based on good credit score, high income",100,0.3813,100.0,pending,2025-09-22
702,370,16,2025-07-14,86,"Recommended based on good credit score, high income",100,0.3813,100.0,pending,2025-07-21
703,371,25,2025-06-14,100,"Recommended based on good credit score, stable income",100,0.8,100.0,pending,2025-08-06
704,372,5,2025-06-16,100,Standard recommendation,100,0.3,85.71,pending,2025-10-13
705,372,10,2025-06-10,96,Standard recommendation,100,0.3,85.71,accepted,2025-09-10
706,372,12,2025-05-21,100,Standard recommendation,100,0.3,85.71,pending,2025-09-26
707,373,15,2025-07-02,92,Recommended based on stable income,100,0.5,75.0,pending,2025-09-09
708,374,25,2025-06-22,100,"Recommended based on excellent credit score, high income",100,0.2209,94.12,pending,2025-08-05
709,374,3,2025-05-23,100,"Recommended based on excellent credit score, high income",100,0.2209,94.12,declined,2025-07-24
710,375,21,2025-06-12,100,"Recommended based on good credit score, stable income",100,0.3,100.0,pending,2025-09-13
711,375,31,2025-06-03,83,"Recommended based on good credit score, stable income",100,0.3,100.0,accepted,2025-09-11
712,376,26,2025-06-04,100,"Recommended based on excellent credit score, high income",100,0.2304,95.0,accepted,2025-09-12
713,376,27,2025-07-03,100,"Recommended based on excellent credit score, high income",100,0.2304,95.0,pending,2025-10-09
714,376,5,2025-05-29,100,"Recommended based on excellent credit score, high income",100,0.2304,95.0,pending,2025-10-04
715,377,3,2025-05-17,86,Standard recommendation,100,0.8,50.0,pending,2025-07-30
716,378,49,2025-06-25,100,"Recommended based on excellent credit score, high income",100,0.3432,91.67,declined,2025-07-30
717,378,29,2025-05-18,100,"Recommended based on excellent credit score, high income",100,0.3432,91.67,accepted,2025-10-09
718,378,27,2025-07-10,100,"Recommended based on excellent credit score, high income",100,0.3432,91.67,pending,2025-08-05
719,378,25,2025-05-20,100,"Recommended based on excellent credit score, high income",100,0.3432,91.67,declined,2025-09-06
720,379,47,2025-06-30,100,"Recommended based on excellent credit score, high income",100,0.3792,86.67,pending,2025-09-15
721,380,32,2025-07-09,100,"Recommended based on good credit score, stable income",100,0.3,85.71,pending,2025-09-23
722,381,8,2025-06-03,96,"Recommended based on stable income, low credit utilization",100,0.216,76.92,accepted,2025-10-01
723,382,12,2025-07-08,95,Recommended based on low credit utilization,100,0.1,63.64,accepted,2025-09-18
724,383,13,2025-05-17,100,Recommended based on excellent payment history,100,0.3,92.31,pending,2025-08-27
725,383,10,2025-06-03,86,Recommended based on excellent payment history,100,0.3,92.31,pending,2025-10-04
726,383,7,2025-06-30,88,Recommended based on excellent payment history,100,0.3,92.31,accepted,2025-09-18
727,384,3,2025-05-19,100,Recommended based on stable income,100,0.3,66.67,declined,2025-08-17
728,385,34,2025-06-08,100,"Recommended based on excellent credit score, high income",100,0.264,100.0,pending,2025-08-07
729,386,38,2025-06-24,97,"Recommended based on good credit score, stable income",100,0.3,80.0,pending,2025-08-27
730,386,28,2025-06-30,99,"Recommended based on good credit score, stable income",100,0.3,80.0,accepted,2025-08-25
731,387,47,2025-06-10,87,"Recommended based on excellent credit score, high income",100,0.3,100.0,declined,2025-07-20
732,387,28,2025-06-08,100,"Recommended based on excellent credit score, high income",100,0.3,100.0,accepted,2025-09-05
733,388,39,2025-05-26,93,Standard recommendation,100,0.5,87.5,accepted,2025-09-14
734,389,21,2025-06-05,77,Standard recommendation,100,0.3,60.0,declined,2025-10-07
735,390,7,2025-06-11,100,"Recommended based on excellent credit score, high income",100,0.0,93.33,expired,2025-08-08
736,390,45,2025-05-31,100,"Recommended based on excellent credit score, high income",100,0.0,93.33,accepted,2025-07-26
737,390,13,2025-05-29,100,"Recommended based on excellent credit score, high income",100,0.0,93.33,pending,2025-08-10
738,391,12,2025-06-09,98,Recommended based on low credit utilization,100,0.1757,61.54,declined,2025-08-06
739,391,21,2025-07-02,100,Recommended based on low credit utilization,100,0.1757,61.54,accepted,2025-09-13
740,391,37,2025-07-04,100,Recommended based on low credit utilization,100,0.1757,61.54,pending,2025-07-18
741,392,42,2025-06-15,100,"Recommended based on excellent credit score, stable income",100,0.5,100.0,accepted,2025-09-09
742,392,25,2025-06-27,100,"Recommended based on excellent credit score, stable income",100,0.5,100.0,declined,2025-08-01
743,392,8,2025-06-05,100,"Recommended based on excellent credit score, stable income",100,0.5,100.0,accepted,2025-09-13
744,393,37,2025-06-08,100,"Recommended based on good credit score, stable income",100,0.2191,72.73,pending,2025-07-16
745,394,3,2025-07-13,100,"Recommended based on good credit score, stable income",100,0.3,100.0,expired,2025-07-27
746,394,25,2025-05-25,100,"Recommended based on good credit score, stable income",100,0.3,100.0,pending,2025-08-11
747,395,25,2025-07-04,100,"Recommended based on good credit score, low credit utilization",100,0.1639,100.0,accepted,2025-07-23
748,395,5,2025-05-31,100,"Recommended based on good credit score, low credit utilization",100,0.1639,100.0,accepted,2025-08-01
749,395,7,2025-06-14,99,"Recommended based on good credit score, low credit utilization",100,0.1639,100.0,declined,2025-07-24
750,396,26,2025-05-23,100,"Recommended based on excellent credit score, high income",100,0.3,100.0,expired,2025-08-25
751,397,42,2025-07-11,89,"Recommended based on stable income, low credit utilization",100,0.1,75.0,pending,2025-08-04
752,397,10,2025-06-04,100,"Recommended based on stable income, low credit utilization",100,0.1,75.0,declined,2025-08-24
753,398,45,2025-07-01,100,"Recommended based on good credit score, high income",100,0.345,89.47,expired,2025-08-27
754,398,19,2025-06-20,88,"Recommended based on good credit score, high income",100,0.345,89.47,declined,2025-08-23
755,398,20,2025-05-28,100,"Recommended based on good credit score, high income",100,0.345,89.47,pending,2025-10-08
756,398,37,2025-07-11,100,"Recommended based on good credit score, high income",100,0.345,89.47,declined,2025-09-13
757,399,3,2025-06-02,100,Recommended based on low credit utilization,100,0.1348,58.33,accepted,2025-09-10
758,399,21,2025-07-01,90,Recommended based on low credit utilization,100,0.1348,58.33,accepted,2025-09-06
759,400,50,2025-05-31,100,"Recommended based on excellent credit score, high income",100,0.1602,85.71,pending,2025-07-16
760,401,13,2025-07-09,98,"Recommended based on stable income, low credit utilization",100,0.2333,69.23,declined,2025-09-05
761,401,3,2025-05-22,100,"Recommended based on stable income, low credit utilization",100,0.2333,69.23,expired,2025-09-06
762,402,25,2025-07-08,100,"Recommended based on excellent credit score, stable income",100,0.1,100.0,pending,2025-07-16
763,402,45,2025-06-02,100,"Recommended based on excellent credit score, stable income",100,0.1,100.0,accepted,2025-08-03
764,402,28,2025-05-19,100,"Recommended based on excellent credit score, stable income",100,0.1,100.0,declined,2025-08-23
765,403,33,2025-06-23,100,"Recommended based on good credit score, high income",100,0.3,100.0,pending,2025-09-24
766,403,13,2025-06-21,100,"Recommended based on good credit score, high income",100,0.3,100.0,declined,2025-09-13
767,403,14,2025-05-29,87,"Recommended based on good credit score, high income",100,0.3,100.0,pending,2025-10-01
768,404,42,2025-07-07,77,Standard recommendation,100,0.8,75.0,pending,2025-08-03
769,405,3,2025-07-07,100,Standard recommendation,100,0.3,50.0,pending,2025-08-14
770,405,13,2025-05-19,94,Standard recommendation,100,0.3,50.0,pending,2025-09-02
771,406,42,2025-06-10,95,Recommended based on stable income,100,0.4442,90.0,declined,2025-09-30
772,406,7,2025-07-02,85,Recommended based on stable income,100,0.4442,90.0,pending,2025-08-25
773,407,15,2025-06-04,100,"Recommended based on excellent credit score, high income",100,0.0,100.0,accepted,2025-09-10
774,408,19,2025-07-02,100,"Recommended based on good credit score, high income",100,0.3388,73.33,pending,2025-09-24
775,408,42,2025-06-07,100,"Recommended based on good credit score, high income",100,0.3388,73.33,pending,2025-09-14
776,408,27,2025-07-09,100,"Recommended based on good credit score, high income",100,0.3388,73.33,pending,2025-09-11
777,409,30,2025-05-19,100,"Recommended based on excellent credit score, high income",100,0.2776,87.5,pending,2025-07-19
778,410,39,2025-07-06,95,"Recommended based on stable income, low credit utilization",100,0.0,33.33,accepted,2025-08-06
779,410,8,2025-07-14,100,"Recommended based on stable income, low credit utilization",100,0.0,33.33,accepted,2025-08-24
780,411,7,2025-06-02,100,"Recommended based on excellent credit score, high income",100,0.1081,100.0,declined,2025-09-11
781,412,44,2025-07-10,100,"Recommended based on good credit score, high income",100,0.5,100.0,accepted,2025-08-19
782,413,43,2025-07-01,100,"Recommended based on good credit score, high income",100,0.3728,90.91,pending,2025-07-19
783,413,45,2025-06-12,100,"Recommended based on good credit score, high income",100,0.3728,90.91,pending,2025-08-22
784,414,13,2025-06-08,100,Recommended based on low credit utilization,100,0.1,66.67,accepted,2025-09-01
785,414,37,2025-06-22,71,Recommended based on low credit utilization,100,0.1,66.67,expired,2025-09-13
786,415,36,2025-06-07,100,"Recommended based on excellent credit score, high income",100,0.1966,100.0,declined,2025-08-20
787,416,29,2025-06-01,100,"Recommended based on excellent credit score, high income",100,0.0425,91.67,declined,2025-08-31
788,416,33,2025-07-11,100,"Recommended based on excellent credit score, high income",100,0.0425,91.67,pending,2025-07-16
789,416,39,2025-06-17,100,"Recommended based on excellent credit score, high income",100,0.0425,91.67,accepted,2025-07-24
790,416,37,2025-06-21,100,"Recommended based on excellent credit score, high income",100,0.0425,91.67,declined,2025-07-28
791,417,37,2025-07-03,100,"Recommended based on stable income, low credit utilization",100,0.1,62.5,accepted,2025-09-14
792,418,44,2025-06-02,97,"Recommended based on stable income, low credit utilization",100,0.1,62.5,expired,2025-08-04
793,419,11,2025-06-18,100,"Recommended based on excellent credit score, high income",100,0.0741,90.0,accepted,2025-09-05
794,419,1,2025-07-04,100,"Recommended based on excellent credit score, high income",100,0.0741,90.0,pending,2025-09-26
795,420,37,2025-07-03,96,"Recommended based on good credit score, low credit utilization",100,0.0,100.0,pending,2025-09-11
796,421,5,2025-06-10,100,Recommended based on stable income,100,0.8155,77.78,pending,2025-07-24
797,422,3,2025-06-02,100,Standard recommendation,100,0.3,62.5,pending,2025-08-16
798,422,13,2025-06-08,86,Standard recommendation,100,0.3,62.5,pending,2025-09-16
799,423,28,2025-06-30,100,"Recommended based on stable income, low credit utilization",100,0.1,66.67,pending,2025-07-24
800,423,3,2025-06-02,100,"Recommended based on stable income, low credit utilization",100,0.1,66.67,accepted,2025-09-03
801,423,8,2025-07-08,96,"Recommended based on stable income, low credit utilization",100,0.1,66.67,accepted,2025-09-29
802,424,21,2025-05-26,89,Standard recommendation,100,0.3,40.0,expired,2025-10-04
803,425,3,2025-06-27,100,"Recommended based on good credit score, stable income",100,0.2558,83.33,expired,2025-09-15
804,426,21,2025-06-16,94,Standard recommendation,100,0.3,60.0,declined,2025-09-01
805,426,3,2025-07-13,100,Standard recommendation,100,0.3,60.0,pending,2025-09-12
806,427,49,2025-06-22,85,"Recommended based on good credit score, stable income",100,0.4529,83.33,expired,2025-10-01
807,428,7,2025-06-18,100,"Recommended based on good credit score, high income",100,0.3,87.5,declined,2025-07-24
808,429,25,2025-06-01,100,"Recommended based on good credit score, excellent payment history",100,0.3,100.0,expired,2025-08-26
809,429,8,2025-07-01,100,"Recommended based on good credit score, excellent payment history",100,0.3,100.0,pending,2025-10-06
810,429,35,2025-06-25,95,"Recommended based on good credit score, excellent payment history",100,0.3,100.0,declined,2025-09-04
811,430,20,2025-06-05,100,"Recommended based on good credit score, stable income",100,0.0,87.5,accepted,2025-09-12
812,431,3,2025-06-24,100,Standard recommendation,100,0.3,58.33,pending,2025-09-16
813,431,21,2025-06-05,88,Standard recommendation,100,0.3,58.33,pending,2025-09-08
814,432,36,2025-07-14,100,"Recommended based on excellent credit score, high income",100,0.5,100.0,declined,2025-09-21
815,432,25,2025-06-27,100,"Recommended based on excellent credit score, high income",100,0.5,100.0,pending,2025-08-17
816,432,49,2025-06-21,100,"Recommended based on excellent credit score, high income",100,0.5,100.0,pending,2025-09-27
817,433,3,2025-06-05,100,Standard recommendation,100,0.3,50.0,declined,2025-09-08
818,434,23,2025-06-17,100,"Recommended based on excellent credit score, high income",100,0.2153,100.0,pending,2025-07-28
819,434,42,2025-06-26,100,"Recommended based on excellent credit score, high income",100,0.2153,100.0,pending,2025-10-11
820,434,43,2025-07-15,100,"Recommended based on excellent credit score, high income",100,0.2153,100.0,pending,2025-09-13
821,435,3,2025-06-25,100,"Recommended based on good credit score, stable income",100,0.0,83.33,declined,2025-07-21
822,435,46,2025-06-14,100,"Recommended based on good credit score, stable income",100,0.0,83.33,declined,2025-08-12
823,436,3,2025-07-15,100,Standard recommendation,100,0.3,62.5,pending,2025-09-06
824,437,35,2025-05-30,86,"Recommended based on good credit score, stable income",100,0.3379,92.86,pending,2025-09-13
825,437,32,2025-06-05,94,"Recommended based on good credit score, stable income",100,0.3379,92.86,accepted,2025-10-07
826,438,3,2025-06-02,100,Standard recommendation,100,0.3,62.5,accepted,2025-10-04
827,438,21,2025-07-15,100,Standard recommendation,100,0.3,62.5,declined,2025-08-25
828,438,13,2025-07-06,85,Standard recommendation,100,0.3,62.5,pending,2025-08-01
829,439,8,2025-05-24,95,"Recommended based on stable income, low credit utilization",100,0.1,85.71,accepted,2025-07-21
830,439,39,2025-06-19,100,"Recommended based on stable income, low credit utilization",100,0.1,85.71,declined,2025-07-29
831,440,12,2025-05-19,98,Recommended based on low credit utilization,100,0.1,72.73,accepted,2025-08-10
832,440,39,2025-06-09,75,Recommended based on low credit utilization,100,0.1,72.73,declined,2025-10-05
833,441,13,2025-05-17,100,"Recommended based on excellent credit score, stable income",100,0.1,100.0,declined,2025-09-30
834,441,33,2025-06-22,100,"Recommended based on excellent credit score, stable income",100,0.1,100.0,accepted,2025-07-22
835,441,47,2025-07-13,84,"Recommended based on excellent credit score, stable income",100,0.1,100.0,accepted,2025-07-27
836,442,14,2025-06-26,99,"Recommended based on good credit score, high income",100,0.3933,91.67,declined,2025-08-17
837,442,45,2025-06-01,99,"Recommended based on good credit score, high income",100,0.3933,91.67,pending,2025-10-09
838,442,5,2025-06-23,100,"Recommended based on good credit score, high income",100,0.3933,91.67,expired,2025-08-01
839,443,36,2025-05-20,100,"Recommended based on excellent credit score, high income",100,0.189,83.33,declined,2025-10-11
840,443,44,2025-05-30,100,"Recommended based on excellent credit score, high income",100,0.189,83.33,accepted,2025-08-17
841,444,3,2025-06-26,100,Recommended based on low credit utilization,100,0,85.0,declined,2025-09-24
842,445,8,2025-06-03,100,"Recommended based on good credit score, stable income",100,0.3,100.0,accepted,2025-07-16
843,445,45,2025-05-24,97,"Recommended based on good credit score, stable income",100,0.3,100.0,declined,2025-08-25
844,446,3,2025-05-20,100,Standard recommendation,100,0.3,60.0,declined,2025-08-16
845,447,25,2025-05-23,100,"Recommended based on good credit score, high income",100,0.2034,72.73,pending,2025-10-08
846,447,7,2025-06-18,100,"Recommended based on good credit score, high income",100,0.2034,72.73,pending,2025-08-24
847,448,37,2025-05-27,100,Recommended based on low credit utilization,100,0.1,80.0,pending,2025-08-01
848,449,13,2025-06-30,85,Recommended based on low credit utilization,100,0.1,50.0,accepted,2025-07-21
849,450,37,2025-06-10,100,"Recommended based on excellent credit score, high income",100,0.2504,85.71,declined,2025-10-05
850,451,13,2025-06-04,100,Recommended based on excellent payment history,100,0.3,100.0,declined,2025-10-12
851,452,16,2025-07-14,92,"Recommended based on excellent credit score, high income",100,0.1,100.0,declined,2025-09-17
852,452,33,2025-06-07,100,"Recommended based on excellent credit score, high income",100,0.1,100.0,pending,2025-09-19
853,453,20,2025-06-28,100,"Recommended based on excellent credit score, stable income",100,0.0351,92.31,pending,2025-10-11
854,453,44,2025-06-08,100,"Recommended based on excellent credit score, stable income",100,0.0351,92.31,pending,2025-08-30
855,453,21,2025-07-07,100,"Recommended based on excellent credit score, stable income",100,0.0351,92.31,accepted,2025-07-28
856,453,30,2025-06-22,100,"Recommended based on excellent credit score, stable income",100,0.0351,92.31,declined,2025-07-18
857,454,44,2025-06-22,87,"Recommended based on good credit score, stable income",100,0.3,100.0,declined,2025-07-26
858,454,20,2025-05-24,100,"Recommended based on good credit score, stable income",100,0.3,100.0,declined,2025-09-24
859,454,3,2025-07-15,100,"Recommended based on good credit score, stable income",100,0.3,100.0,pending,2025-08-24
860,455,3,2025-06-04,100,Standard recommendation,100,0.5,71.43,declined,2025-07-19
861,455,13,2025-06-24,91,Standard recommendation,100,0.5,71.43,pending,2025-10-11
862,455,21,2025-06-19,92,Standard recommendation,100,0.5,71.43,accepted,2025-08-10
863,456,20,2025-06-28,100,"Recommended based on excellent credit score, high income",100,0.0,100.0,accepted,2025-08-02
864,457,5,2025-06-22,100,"Recommended based on excellent credit score, high income",100,0.4056,86.67,accepted,2025-09-03
865,458,25,2025-06-04,96,"Recommended based on good credit score, low credit utilization",100,0.0305,80.0,pending,2025-07-22
866,458,10,2025-07-02,96,"Recommended based on good credit score, low credit utilization",100,0.0305,80.0,declined,2025-09-06
867,459,25,2025-07-07,100,"Recommended based on excellent credit score, high income",100,0.1511,100.0,declined,2025-09-29
868,459,1,2025-06-24,89,"Recommended based on excellent credit score, high income",100,0.1511,100.0,accepted,2025-08-27
869,459,10,2025-05-22,100,"Recommended based on excellent credit score, high income",100,0.1511,100.0,declined,2025-07-31
870,460,28,2025-07-03,86,"Recommended based on good credit score, stable income",100,0.0475,88.89,expired,2025-09-14
871,460,15,2025-06-10,100,"Recommended based on good credit score, stable income",100,0.0475,88.89,pending,2025-08-23
872,461,14,2025-06-13,100,"Recommended based on good credit score, high income",100,0.3,72.22,pending,2025-10-02
873,462,46,2025-07-08,100,"Recommended based on excellent credit score, stable income",100,0.1,100.0,pending,2025-10-07
874,463,49,2025-05-27,100,"Recommended based on excellent credit score, high income",100,0.39,86.36,pending,2025-08-18
875,463,5,2025-06-29,100,"Recommended based on excellent credit score, high income",100,0.39,86.36,pending,2025-09-25
876,463,18,2025-06-08,100,"Recommended based on excellent credit score, high income",100,0.39,86.36,pending,2025-09-30
877,464,38,2025-06-22,88,"Recommended based on good credit score, stable income",100,0.2045,75.0,pending,2025-08-25
878,465,3,2025-06-20,100,Standard recommendation,100,0.8,75.0,accepted,2025-07-16
879,465,21,2025-05-28,92,Standard recommendation,100,0.8,75.0,declined,2025-09-28
880,466,10,2025-06-05,100,"Recommended based on excellent credit score, high income",100,0.3,90.0,declined,2025-07-19
881,467,3,2025-05-29,93,Standard recommendation,100,0.3,28.57,accepted,2025-10-11
882,468,18,2025-07-05,99,"Recommended based on good credit score, high income",100,0.5462,94.44,pending,2025-10-01
883,468,34,2025-06-15,100,"Recommended based on good credit score, high income",100,0.5462,94.44,pending,2025-10-05
884,469,38,2025-07-04,100,"Recommended based on excellent credit score, high income",100,0.1,100.0,declined,2025-10-05
885,469,47,2025-05-24,100,"Recommended based on excellent credit score, high income",100,0.1,100.0,pending,2025-08-09
886,470,29,2025-07-07,100,"Recommended based on excellent credit score, high income",100,0.6417,100.0,pending,2025-07-20
887,471,21,2025-06-12,100,"Recommended based on good credit score, high income",100,0.3,81.82,declined,2025-09-14
888,471,36,2025-06-22,100,"Recommended based on good credit score, high income",100,0.3,81.82,expired,2025-09-12
889,472,34,2025-05-21,86,"Recommended based on stable income, excellent payment history",100,0.6539,93.33,accepted,2025-07-30
890,473,5,2025-06-26,100,"Recommended based on good credit score, high income",100,0.447,90.91,pending,2025-09-08
891,474,13,2025-06-10,90,"Recommended based on stable income, low credit utilization",100,0.1,60.0,declined,2025-10-10
892,474,21,2025-05-17,88,"Recommended based on stable income, low credit utilization",100,0.1,60.0,accepted,2025-09-30
893,474,28,2025-05-20,82,"Recommended based on stable income, low credit utilization",100,0.1,60.0,expired,2025-10-04
894,475,46,2025-06-05,100,"Recommended based on good credit score, low credit utilization",100,0.0,100.0,accepted,2025-08-31
895,476,29,2025-07-06,91,"Recommended based on stable income, excellent payment history",100,0.8,100.0,accepted,2025-09-16
896,476,18,2025-05-31,93,"Recommended based on stable income, excellent payment history",100,0.8,100.0,declined,2025-09-11
897,476,34,2025-07-09,94,"Recommended based on stable income, excellent payment history",100,0.8,100.0,declined,2025-09-09
898,477,27,2025-05-20,89,Recommended based on stable income,100,0.95,62.5,pending,2025-10-08
899,478,3,2025-05-29,100,Recommended based on stable income,100,0.5,57.14,pending,2025-07-16
900,479,43,2025-06-09,100,"Recommended based on good credit score, high income",100,0.3,81.25,declined,2025-10-01
901,479,3,2025-07-04,100,"Recommended based on good credit score, high income",100,0.3,81.25,accepted,2025-10-04
902,480,45,2025-06-13,100,"Recommended based on excellent credit score, high income",100,0.2374,95.24,expired,2025-10-08
903,480,17,2025-06-15,100,"Recommended based on excellent credit score, high income",100,0.2374,95.24,declined,2025-10-07
904,480,46,2025-06-28,100,"Recommended based on excellent credit score, high income",100,0.2374,95.24,accepted,2025-10-04
905,481,45,2025-06-11,100,"Recommended based on excellent credit score, high income",100,0.1,100.0,pending,2025-09-19
906,481,41,2025-06-20,100,"Recommended based on excellent credit score, high income",100,0.1,100.0,accepted,2025-10-03
907,482,16,2025-06-12,100,"Recommended based on excellent credit score, high income",100,0.2272,94.12,pending,2025-08-31
908,482,43,2025-07-11,100,"Recommended based on excellent credit score, high income",100,0.2272,94.12,pending,2025-08-28
909,482,18,2025-07-10,100,"Recommended based on excellent credit score, high income",100,0.2272,94.12,pending,2025-08-22
910,482,22,2025-06-07,97,"Recommended based on excellent credit score, high income",100,0.2272,94.12,accepted,2025-09-30
911,483,42,2025-07-11,100,"Recommended based on excellent credit score, high income",100,0.1,85.71,accepted,2025-08-01
912,484,33,2025-05-31,100,"Recommended based on excellent credit score, high income",100,0.2544,90.0,pending,2025-08-27
913,484,20,2025-06-13,100,"Recommended based on excellent credit score, high income",100,0.2544,90.0,accepted,2025-09-11
914,485,3,2025-07-07,100,"Recommended based on high income, excellent payment history",100,0.6758,92.86,declined,2025-09-26
915,485,19,2025-07-12,70,"Recommended based on high income, excellent payment history",100,0.6758,92.86,pending,2025-10-08
916,486,5,2025-05-18,100,Recommended based on low credit utilization,100,0.2067,72.73,declined,2025-08-29
917,487,22,2025-06-21,100,"Recommended based on excellent credit score, high income",100,0.1329,100.0,pending,2025-10-06
918,488,3,2025-05-20,100,Recommended based on stable income,100,0.5,50.0,accepted,2025-09-23
919,489,46,2025-07-09,90,"Recommended based on stable income, low credit utilization",100,0.1848,92.31,accepted,2025-10-12
920,490,13,2025-07-13,100,Standard recommendation,100,0.3,57.14,expired,2025-10-02
921,490,3,2025-06-04,100,Standard recommendation,100,0.3,57.14,declined,2025-09-16
922,491,3,2025-05-25,100,Recommended based on stable income,100,0.8,60.0,pending,2025-08-15
923,492,21,2025-06-04,100,"Recommended based on excellent credit score, high income",100,0.1798,100.0,pending,2025-09-01
924,492,30,2025-05-26,100,"Recommended based on excellent credit score, high income",100,0.1798,100.0,accepted,2025-08-13
925,492,41,2025-06-03,89,"Recommended based on excellent credit score, high income",100,0.1798,100.0,accepted,2025-08-08
926,493,8,2025-07-07,100,"Recommended based on good credit score, low credit utilization",100,0.1,85.71,pending,2025-08-19
927,493,42,2025-06-03,94,"Recommended based on good credit score, low credit utilization",100,0.1,85.71,accepted,2025-09-03
928,494,37,2025-05-20,92,Recommended based on low credit utilization,100,0.1,71.43,declined,2025-10-10
929,494,13,2025-06-14,100,Recommended based on low credit utilization,100,0.1,71.43,pending,2025-08-03
930,494,12,2025-06-22,100,Recommended based on low credit utilization,100,0.1,71.43,pending,2025-09-13
931,495,12,2025-06-19,92,"Recommended based on stable income, low credit utilization",100,0.1,62.5,pending,2025-08-29
932,496,30,2025-06-09,100,"Recommended based on excellent credit score, high income",100,0.1883,100.0,accepted,2025-10-09
933,497,47,2025-06-11,100,"Recommended based on excellent credit score, high income",100,0.3719,89.47,declined,2025-10-09
934,497,22,2025-06-20,100,"Recommended based on excellent credit score, high income",100,0.3719,89.47,declined,2025-09-21
935,497,21,2025-06-13,100,"Recommended based on excellent credit score, high income",100,0.3719,89.47,pending,2025-08-24
936,497,34,2025-07-13,100,"Recommended based on excellent credit score, high income",100,0.3719,89.47,accepted,2025-08-02
937,498,19,2025-07-13,94,"Recommended based on good credit score, high income",100,0.3,100.0,expired,2025-08-19
938,499,21,2025-07-10,100,"Recommended based on good credit score, low credit utilization",100,0.1,87.5,accepted,2025-07-22
939,499,12,2025-07-05,100,"Recommended based on good credit score, low credit utilization",100,0.1,87.5,declined,2025-09-24
940,500,12,2025-06-13,100,Recommended based on excellent payment history,100,0.8,100.0,pending,2025-09-15
941,501,3,2025-05-26,100,Standard recommendation,100,0.5,85.71,declined,2025-08-15
942,502,3,2025-07-14,100,Standard recommendation,100,0.3,85.71,pending,2025-08-11
943,502,5,2025-05-28,91,Standard recommendation,100,0.3,85.71,accepted,2025-08-21
944,503,9,2025-07-05,100,"Recommended based on good credit score, stable income",100,0.1,100.0,declined,2025-10-03
945,504,34,2025-06-23,89,"Recommended based on stable income, excellent payment history",100,0.95,100.0,declined,2025-09-24
946,504,49,2025-06-05,87,"Recommended based on stable income, excellent payment history",100,0.95,100.0,pending,2025-08-30
947,505,3,2025-06-01,99,Standard recommendation,100,0.8,57.14,expired,2025-08-03
948,506,8,2025-05-30,100,"Recommended based on excellent credit score, high income",100,0.0,100.0,declined,2025-09-17
949,506,32,2025-07-14,97,"Recommended based on excellent credit score, high income",100,0.0,100.0,accepted,2025-09-11
950,507,3,2025-06-29,100,Standard recommendation,100,0.3,71.43,declined,2025-08-02
951,507,21,2025-05-24,100,Standard recommendation,100,0.3,71.43,pending,2025-08-28
952,507,37,2025-06-15,91,Standard recommendation,100,0.3,71.43,declined,2025-08-07
953,508,49,2025-05-21,100,"Recommended based on good credit score, high income",100,0.2182,90.91,declined,2025-10-03
954,509,27,2025-06-23,100,"Recommended based on excellent credit score, high income",100,0.3432,100.0,pending,2025-09-12
955,509,18,2025-05-17,100,"Recommended based on excellent credit score, high income",100,0.3432,100.0,expired,2025-10-05
956,509,33,2025-06-05,100,"Recommended based on excellent credit score, high income",100,0.3432,100.0,expired,2025-08-29
957,510,34,2025-06-25,74,Standard recommendation,100,0.6918,41.67,accepted,2025-10-07
958,511,19,2025-07-03,100,"Recommended based on excellent credit score, high income",100,0.2699,84.21,declined,2025-09-11
959,512,6,2025-05-30,100,"Recommended based on excellent credit score, high income",100,0.0517,88.89,pending,2025-08-16
960,513,19,2025-06-26,95,"Recommended based on excellent credit score, high income",100,0.4348,100.0,accepted,2025-09-30
961,513,26,2025-06-23,100,"Recommended based on excellent credit score, high income",100,0.4348,100.0,expired,2025-10-06
962,513,47,2025-05-24,87,"Recommended based on excellent credit score, high income",100,0.4348,100.0,declined,2025-08-10
963,514,7,2025-07-09,100,"Recommended based on good credit score, stable income",100,0.0,80.0,pending,2025-10-11
964,514,46,2025-06-11,100,"Recommended based on good credit score, stable income",100,0.0,80.0,declined,2025-09-20
965,515,5,2025-06-23,100,"Recommended based on stable income, low credit utilization",100,0.0,57.14,pending,2025-09-29
966,516,5,2025-07-15,100,Recommended based on stable income,100,0.5525,58.33,accepted,2025-09-13
967,517,3,2025-07-09,100,Recommended based on stable income,100,0.8,71.43,accepted,2025-07-17
968,518,16,2025-05-17,100,"Recommended based on excellent credit score, high income",100,0.1516,82.35,accepted,2025-09-05
969,519,5,2025-06-21,100,"Recommended based on good credit score, low credit utilization",100,0.1,87.5,accepted,2025-08-28
970,520,47,2025-07-13,100,"Recommended based on excellent credit score, high income",100,0.4189,100.0,declined,2025-07-18
971,520,19,2025-05-25,100,"Recommended based on excellent credit score, high income",100,0.4189,100.0,declined,2025-09-03
972,520,20,2025-06-16,100,"Recommended based on excellent credit score, high income",100,0.4189,100.0,accepted,2025-09-05
973,521,13,2025-07-08,100,"Recommended based on excellent credit score, high income",100,0.426,100.0,pending,2025-10-06
974,521,3,2025-06-30,100,"Recommended based on excellent credit score, high income",100,0.426,100.0,declined,2025-08-30
975,521,31,2025-07-06,100,"Recommended based on excellent credit score, high income",100,0.426,100.0,expired,2025-08-20
976,522,39,2025-06-18,89,"Recommended based on good credit score, excellent payment history",100,0.3,100.0,accepted,2025-07-30
977,522,25,2025-06-23,83,"Recommended based on good credit score, excellent payment history",100,0.3,100.0,declined,2025-10-12
978,523,46,2025-07-03,100,"Recommended based on excellent credit score, high income",100,0.1904,100.0,pending,2025-09-05
979,524,29,2025-07-09,100,"Recommended based on good credit score, stable income",100,0.4241,84.21,declined,2025-10-02
980,524,27,2025-05-30,90,"Recommended based on good credit score, stable income",100,0.4241,84.21,declined,2025-09-16
981,524,49,2025-07-11,98,"Recommended based on good credit score, stable income",100,0.4241,84.21,declined,2025-10-04
982,525,29,2025-05-23,100,"Recommended based on good credit score, high income",100,0.3947,75.0,accepted,2025-09-14
983,525,5,2025-07-13,100,"Recommended based on good credit score, high income",100,0.3947,75.0,pending,2025-09-13
984,526,42,2025-05-19,100,"Recommended based on excellent credit score, high income",100,0.3808,85.19,pending,2025-08-13
985,527,27,2025-05-17,100,"Recommended based on excellent credit score, high income",100,0.6656,100.0,pending,2025-09-24
986,528,3,2025-07-01,96,Recommended based on low credit utilization,100,0.1,33.33,declined,2025-07-24
987,529,12,2025-06-07,100,Standard recommendation,100,0.3,87.5,pending,2025-09-10
988,529,5,2025-06-14,100,Standard recommendation,100,0.3,87.5,expired,2025-08-09
989,530,36,2025-06-12,94,"Recommended based on excellent credit score, high income",100,0.3,100.0,declined,2025-07-18
990,531,48,2025-06-10,100,"Recommended based on excellent credit score, high income",100,0.2548,91.67,declined,2025-10-07
991,531,30,2025-06-22,100,"Recommended based on excellent credit score, high income",100,0.2548,91.67,accepted,2025-08-27
992,532,27,2025-05-30,100,Recommended based on high income,100,0.5018,77.27,accepted,2025-08-31
993,532,5,2025-06-03,100,Recommended based on high income,100,0.5018,77.27,pending,2025-07-19
994,532,3,2025-07-09,100,Recommended based on high income,100,0.5018,77.27,pending,2025-09-07
995,533,3,2025-05-24,100,Recommended based on excellent payment history,100,0.8,100.0,accepted,2025-09-15
996,533,13,2025-07-02,84,Recommended based on excellent payment history,100,0.8,100.0,expired,2025-08-05
997,534,19,2025-06-25,100,"Recommended based on good credit score, high income",100,0.3468,85.0,accepted,2025-07-21
998,534,26,2025-06-29,100,"Recommended based on good credit score, high income",100,0.3468,85.0,accepted,2025-09-24
999,534,14,2025-06-11,100,"Recommended based on good credit score, high income",100,0.3468,85.0,declined,2025-08-20
1000,535,21,2025-06-04,94,"Recommended based on stable income, low credit utilization",100,0.1675,66.67,declined,2025-09-17
1001,536,49,2025-07-13,100,"Recommended based on good credit score, stable income",100,0.4714,80.0,declined,2025-07-28
1002,536,34,2025-06-10,96,"Recommended based on good credit score, stable income",100,0.4714,80.0,expired,2025-10-12
1003,537,48,2025-07-03,100,"Recommended based on excellent credit score, stable income",100,0.1,100.0,expired,2025-09-16
1004,538,18,2025-06-22,100,"Recommended based on excellent credit score, high income",100,0.2365,89.47,pending,2025-09-25
1005,539,19,2025-06-02,85,"Recommended based on stable income, excellent payment history",100,0.5772,91.67,expired,2025-08-29
1006,539,3,2025-05-21,100,"Recommended based on stable income, excellent payment history",100,0.5772,91.67,pending,2025-09-06
1007,540,42,2025-06-15,88,"Recommended based on good credit score, excellent payment history",100,0.3,100.0,expired,2025-09-28
1008,540,13,2025-05-28,100,"Recommended based on good credit score, excellent payment history",100,0.3,100.0,pending,2025-07-25
1009,540,3,2025-05-18,100,"Recommended based on good credit score, excellent payment history",100,0.3,100.0,declined,2025-09-14
1010,541,3,2025-06-27,100,"Recommended based on good credit score, low credit utilization",100,0.1,85.71,pending,2025-09-11
1011,542,5,2025-06-25,100,"Recommended based on stable income, excellent payment history",100,0.95,100.0,declined,2025-10-04
1012,542,18,2025-05-25,86,"Recommended based on stable income, excellent payment history",100,0.95,100.0,declined,2025-09-26
1013,543,10,2025-07-08,100,"Recommended based on excellent credit score, high income",100,0.1,100.0,pending,2025-10-06
1014,543,8,2025-06-17,100,"Recommended based on excellent credit score, high income",100,0.1,100.0,pending,2025-08-25
1015,543,3,2025-06-18,100,"Recommended based on excellent credit score, high income",100,0.1,100.0,declined,2025-09-26
1016,544,37,2025-07-02,100,"Recommended based on excellent credit score, high income",100,0.255,88.89,declined,2025-09-15
1017,545,25,2025-05-30,100,"Recommended based on excellent credit score, high income",100,0.0656,85.71,pending,2025-07-30
1018,546,10,2025-07-14,84,"Recommended based on good credit score, low credit utilization",100,0.0721,80.0,pending,2025-07-25
1019,546,12,2025-06-21,100,"Recommended based on good credit score, low credit utilization",100,0.0721,80.0,declined,2025-08-02
1020,546,30,2025-06-12,99,"Recommended based on good credit score, low credit utilization",100,0.0721,80.0,pending,2025-10-03
1021,547,39,2025-07-03,100,"Recommended based on good credit score, stable income",100,0.3383,85.71,declined,2025-08-22
1022,548,3,2025-06-30,100,Recommended based on low credit utilization,100,0.1,50.0,declined,2025-07-24
1023,549,37,2025-06-14,100,Recommended based on low credit utilization,100,0.1,76.92,pending,2025-08-22
1024,549,3,2025-06-24,100,Recommended based on low credit utilization,100,0.1,76.92,pending,2025-08-29
1025,550,22,2025-05-31,100,"Recommended based on excellent credit score, high income",100,0.1193,100.0,pending,2025-10-12
1026,551,5,2025-06-24,100,Recommended based on low credit utilization,100,0,85.0,declined,2025-07-20
1027,552,21,2025-06-14,73,Recommended based on low credit utilization,100,0.1,33.33,expired,2025-08-09
1028,553,5,2025-05-23,98,Recommended based on low credit utilization,100,0.1,50.0,declined,2025-10-01
1029,553,3,2025-07-14,100,Recommended based on low credit utilization,100,0.1,50.0,accepted,2025-09-27
1030,554,19,2025-06-01,87,Standard recommendation,100,0.8,33.33,pending,2025-08-01
1031,555,33,2025-06-19,100,"Recommended based on excellent credit score, high income",100,0.3132,85.71,declined,2025-07-27
1032,556,21,2025-06-10,100,Recommended based on high income,100,0.5284,80.0,accepted,2025-09-06
1033,557,13,2025-06-26,100,"Recommended based on excellent credit score, high income",100,0.3497,100.0,pending,2025-07-23
1034,557,3,2025-06-09,100,"Recommended based on excellent credit score, high income",100,0.3497,100.0,declined,2025-08-09
1035,558,3,2025-06-26,100,Recommended based on low credit utilization,100,0.1,71.43,accepted,2025-09-16
1036,558,12,2025-06-25,88,Recommended based on low credit utilization,100,0.1,71.43,pending,2025-08-21
1037,559,21,2025-06-23,100,"Recommended based on excellent credit score, high income",100,0.2186,90.91,pending,2025-09-28
1038,559,39,2025-07-05,100,"Recommended based on excellent credit score, high income",100,0.2186,90.91,pending,2025-10-11
1039,560,12,2025-05-23,100,Standard recommendation,100,0.3782,70.0,pending,2025-09-10
1040,560,39,2025-06-15,87,Standard recommendation,100,0.3782,70.0,accepted,2025-07-28
1041,560,3,2025-06-13,100,Standard recommendation,100,0.3782,70.0,accepted,2025-08-30
1042,561,10,2025-05-17,88,"Recommended based on good credit score, excellent payment history",100,0.3,100.0,pending,2025-07-17
1043,561,5,2025-06-23,100,"Recommended based on good credit score, excellent payment history",100,0.3,100.0,declined,2025-09-21
1044,562,46,2025-05-22,96,Recommended based on low credit utilization,100,0.1,83.33,declined,2025-08-19
1045,562,21,2025-05-19,100,Recommended based on low credit utilization,100,0.1,83.33,declined,2025-09-03
1046,562,42,2025-06-18,87,Recommended based on low credit utilization,100,0.1,83.33,pending,2025-07-17
1047,563,3,2025-06-03,100,Recommended based on stable income,100,0.5,25.0,accepted,2025-08-18
1048,564,3,2025-06-25,100,Recommended based on low credit utilization,100,0.1,66.67,declined,2025-09-16
1049,565,10,2025-05-21,95,"Recommended based on stable income, excellent payment history",100,0.6302,100.0,accepted,2025-07-17
1050,566,37,2025-07-15,100,"Recommended based on good credit score, low credit utilization",100,0.1,81.82,pending,2025-10-06
1051,566,10,2025-05-27,96,"Recommended based on good credit score, low credit utilization",100,0.1,81.82,accepted,2025-10-08
1052,567,29,2025-06-24,96,"Recommended based on good credit score, high income",100,0.5182,73.68,pending,2025-07-28
1053,568,3,2025-05-28,89,Standard recommendation,100,0.8,66.67,pending,2025-09-19
1054,569,12,2025-07-13,100,"Recommended based on good credit score, low credit utilization",100,0.1,85.71,accepted,2025-08-26
1055,569,21,2025-06-26,99,"Recommended based on good credit score, low credit utilization",100,0.1,85.71,pending,2025-09-14
1056,569,37,2025-07-03,100,"Recommended based on good credit score, low credit utilization",100,0.1,85.71,declined,2025-08-17
1057,570,22,2025-06-06,100,"Recommended based on excellent credit score, high income",100,0.3647,93.33,pending,2025-10-11
1058,571,13,2025-06-04,96,Recommended based on low credit utilization,100,0.0,42.86,expired,2025-07-28
1059,572,13,2025-07-15,100,Recommended based on low credit utilization,100,0,85.0,expired,2025-08-04
1060,572,5,2025-05-31,100,Recommended based on low credit utilization,100,0,85.0,pending,2025-08-19
1061,573,9,2025-06-24,71,Recommended based on stable income,100,0.3214,80.0,declined,2025-08-15
1062,574,49,2025-07-14,100,"Recommended based on excellent credit score, high income",100,0.2946,100.0,accepted,2025-10-01
1063,574,3,2025-06-06,100,"Recommended based on excellent credit score, high income",100,0.2946,100.0,accepted,2025-10-07
1064,574,27,2025-06-05,100,"Recommended based on excellent credit score, high income",100,0.2946,100.0,declined,2025-09-15
1065,575,3,2025-06-12,100,Standard recommendation,100,0.3,25.0,accepted,2025-09-19
1066,576,45,2025-06-22,98,"Recommended based on good credit score, low credit utilization",100,0.1,100.0,pending,2025-09-23
1067,576,21,2025-06-27,97,"Recommended based on good credit score, low credit utilization",100,0.1,100.0,pending,2025-09-15
1068,576,39,2025-05-25,96,"Recommended based on good credit score, low credit utilization",100,0.1,100.0,pending,2025-08-14
1069,577,9,2025-05-20,100,"Recommended based on excellent credit score, high income",100,0.2452,88.89,expired,2025-09-06
1070,577,44,2025-07-10,100,"Recommended based on excellent credit score, high income",100,0.2452,88.89,pending,2025-08-19
1071,578,13,2025-06-14,85,Standard recommendation,100,0.3,75.0,expired,2025-09-20
1072,578,3,2025-06-13,100,Standard recommendation,100,0.3,75.0,pending,2025-09-20
1073,579,27,2025-06-25,87,"Recommended based on good credit score, high income",100,0.3,100.0,declined,2025-09-28
1074,579,21,2025-05-27,100,"Recommended based on good credit score, high income",100,0.3,100.0,declined,2025-10-02
1075,580,42,2025-06-24,98,"Recommended based on good credit score, stable income",100,0.5,100.0,accepted,2025-09-27
1076,580,5,2025-05-21,100,"Recommended based on good credit score, stable income",100,0.5,100.0,declined,2025-10-05
1077,581,13,2025-05-28,93,Recommended based on stable income,100,0.8,83.33,expired,2025-08-06
1078,581,37,2025-05-25,100,Recommended based on stable income,100,0.8,83.33,expired,2025-09-29
1079,582,12,2025-05-19,91,Recommended based on stable income,100,0.3,75.0,declined,2025-10-10
1080,582,30,2025-07-05,71,Recommended based on stable income,100,0.3,75.0,pending,2025-07-27
1081,582,13,2025-06-08,100,Recommended based on stable income,100,0.3,75.0,accepted,2025-09-16
1082,583,3,2025-06-18,100,Recommended based on low credit utilization,100,0.0,57.14,declined,2025-07-19
1083,583,13,2025-07-03,94,Recommended based on low credit utilization,100,0.0,57.14,declined,2025-09-12
1084,584,18,2025-05-21,98,"Recommended based on excellent credit score, high income",100,0.2043,87.5,declined,2025-09-18
1085,584,46,2025-06-22,100,"Recommended based on excellent credit score, high income",100,0.2043,87.5,expired,2025-09-08
1086,585,30,2025-05-31,100,"Recommended based on high income, low credit utilization",100,0.2103,69.23,accepted,2025-09-25
1087,586,44,2025-07-07,100,"Recommended based on good credit score, stable income",100,0.1,83.33,pending,2025-08-01
1088,586,28,2025-06-05,100,"Recommended based on good credit score, stable income",100,0.1,83.33,accepted,2025-08-29
1089,587,5,2025-06-11,88,Standard recommendation,100,0.95,50.0,pending,2025-10-05
1090,587,42,2025-06-22,83,Standard recommendation,100,0.95,50.0,accepted,2025-08-06
1091,587,49,2025-06-26,74,Standard recommendation,100,0.95,50.0,declined,2025-09-08
1092,588,39,2025-06-11,92,Recommended based on stable income,100,0.5,75.0,declined,2025-07-29
1093,588,5,2025-06-04,87,Recommended based on stable income,100,0.5,75.0,expired,2025-07-23
1094,588,13,2025-05-18,100,Recommended based on stable income,100,0.5,75.0,declined,2025-07-22
1095,589,39,2025-06-08,100,"Recommended based on stable income, low credit utilization",100,0.1,80.0,accepted,2025-09-21
1096,590,12,2025-07-09,99,"Recommended based on good credit score, low credit utilization",100,0.0,100.0,accepted,2025-08-15
1097,591,49,2025-05-23,100,"Recommended based on excellent credit score, high income",100,0.4801,83.33,expired,2025-07-25
1098,591,42,2025-05-24,100,"Recommended based on excellent credit score, high income",100,0.4801,83.33,pending,2025-08-04
1099,591,29,2025-06-10,100,"Recommended based on excellent credit score, high income",100,0.4801,83.33,accepted,2025-10-09
1100,592,32,2025-06-17,100,"Recommended based on excellent credit score, high income",100,0.2089,100.0,expired,2025-09-06
1101,592,46,2025-06-15,100,"Recommended based on excellent credit score, high income",100,0.2089,100.0,declined,2025-09-28
1102,593,5,2025-06-11,100,"Recommended based on excellent credit score, high income",100,0.2667,88.24,pending,2025-08-17
1103,593,40,2025-07-02,100,"Recommended based on excellent credit score, high income",100,0.2667,88.24,pending,2025-09-11
1104,594,3,2025-06-06,100,Recommended based on low credit utilization,100,0.1,50.0,accepted,2025-09-16
1105,594,13,2025-05-29,87,Recommended based on low credit utilization,100,0.1,50.0,declined,2025-09-19
1106,595,29,2025-06-08,100,"Recommended based on good credit score, high income",100,0.5425,94.74,expired,2025-08-22
1107,596,3,2025-06-26,100,Recommended based on stable income,100,0.6347,63.64,pending,2025-09-17
1108,597,7,2025-06-18,99,Standard recommendation,100,0.3,85.71,pending,2025-07-28
1109,598,3,2025-06-09,100,Standard recommendation,100,0.5,50.0,accepted,2025-10-01
1110,599,10,2025-06-27,84,"Recommended based on stable income, low credit utilization",100,0.1807,70.0,pending,2025-07-28
1111,599,21,2025-05-31,100,"Recommended based on stable income, low credit utilization",100,0.1807,70.0,accepted,2025-08-04
1112,600,37,2025-05-27,100,"Recommended based on good credit score, stable income",100,0.5,100.0,accepted,2025-09-07
1113,601,29,2025-06-27,100,"Recommended based on excellent credit score, high income",100,0.4599,84.21,pending,2025-07-30
1114,602,42,2025-06-11,99,"Recommended based on good credit score, stable income",100,0.1,100.0,declined,2025-09-04
1115,602,38,2025-07-06,84,"Recommended based on good credit score, stable income",100,0.1,100.0,declined,2025-10-04
1116,603,12,2025-07-11,100,"Recommended based on stable income, low credit utilization",100,0.0579,64.29,pending,2025-10-02
1117,603,37,2025-06-14,100,"Recommended based on stable income, low credit utilization",100,0.0579,64.29,expired,2025-10-08
1118,603,28,2025-06-21,97,"Recommended based on stable income, low credit utilization",100,0.0579,64.29,accepted,2025-07-31
1119,604,13,2025-06-20,100,Recommended based on stable income,100,0.3863,66.67,pending,2025-08-27
1120,605,41,2025-06-04,78,"Recommended based on excellent credit score, stable income",100,0.1,85.71,pending,2025-10-12
1121,605,15,2025-06-02,100,"Recommended based on excellent credit score, stable income",100,0.1,85.71,expired,2025-07-27
1122,605,10,2025-06-16,100,"Recommended based on excellent credit score, stable income",100,0.1,85.71,declined,2025-08-01
1123,605,45,2025-06-12,100,"Recommended based on excellent credit score, stable income",100,0.1,85.71,accepted,2025-07-29
1124,606,28,2025-05-31,100,"Recommended based on excellent credit score, high income",100,0.0,100.0,accepted,2025-09-09
1125,607,8,2025-07-14,92,"Recommended based on good credit score, low credit utilization",100,0.1286,81.82,pending,2025-09-17
1126,608,26,2025-07-11,100,"Recommended based on excellent credit score, high income",100,0.2457,94.74,accepted,2025-09-08
1127,609,49,2025-06-08,88,Recommended based on stable income,100,0.6858,75.0,pending,2025-10-06
1128,610,49,2025-06-17,100,"Recommended based on good credit score, stable income",100,0.3,100.0,declined,2025-09-28
1129,610,35,2025-07-06,92,"Recommended based on good credit score, stable income",100,0.3,100.0,accepted,2025-10-01
1130,611,43,2025-06-16,100,"Recommended based on excellent credit score, high income",100,0.0466,84.62,expired,2025-09-07
1131,612,3,2025-05-31,100,Standard recommendation,100,0.5,50.0,pending,2025-07-21
1132,613,19,2025-07-06,100,"Recommended based on excellent credit score, high income",100,0.4667,100.0,declined,2025-08-09
1133,614,13,2025-05-26,100,"Recommended based on excellent credit score, high income",100,0.3039,100.0,pending,2025-07-25
1134,614,3,2025-06-17,100,"Recommended based on excellent credit score, high income",100,0.3039,100.0,pending,2025-08-23
1135,615,3,2025-06-12,100,Recommended based on low credit utilization,100,0.1,28.57,accepted,2025-09-24
1136,615,13,2025-05-22,100,Recommended based on low credit utilization,100,0.1,28.57,accepted,2025-08-06
1137,616,5,2025-06-11,100,Standard recommendation,100,0.375,76.92,pending,2025-09-09
1138,616,39,2025-07-08,95,Standard recommendation,100,0.375,76.92,accepted,2025-10-04
1139,617,3,2025-05-26,100,Standard recommendation,100,0.3,80.0,pending,2025-08-29
1140,618,27,2025-07-11,94,"Recommended based on excellent credit score, high income",100,0.0429,100.0,pending,2025-09-17
1141,618,28,2025-07-10,100,"Recommended based on excellent credit score, high income",100,0.0429,100.0,accepted,2025-09-15
1142,618,50,2025-05-20,96,"Recommended based on excellent credit score, high income",100,0.0429,100.0,pending,2025-08-29
1143,619,31,2025-06-25,100,"Recommended based on excellent credit score, high income",100,0.1637,100.0,accepted,2025-08-25
1144,620,13,2025-07-06,100,Recommended based on excellent payment history,100,0.4648,93.75,pending,2025-07-19
1145,620,5,2025-05-18,100,Recommended based on excellent payment history,100,0.4648,93.75,expired,2025-08-18
1146,620,21,2025-06-23,100,Recommended based on excellent payment history,100,0.4648,93.75,pending,2025-09-27
1147,620,46,2025-05-31,99,Recommended based on excellent payment history,100,0.4648,93.75,declined,2025-10-05
1148,621,20,2025-06-26,100,"Recommended based on good credit score, low credit utilization",100,0.1,100.0,accepted,2025-08-19
1149,622,2,2025-06-16,80,"Recommended based on good credit score, low credit utilization",100,0.1,100.0,declined,2025-09-09
1150,622,48,2025-06-05,84,"Recommended based on good credit score, low credit utilization",100,0.1,100.0,pending,2025-07-17
1151,623,31,2025-06-05,98,"Recommended based on good credit score, low credit utilization",100,0.1,100.0,expired,2025-08-15
1152,623,20,2025-06-03,100,"Recommended based on good credit score, low credit utilization",100,0.1,100.0,pending,2025-08-22
1153,624,13,2025-06-11,91,Standard recommendation,100,0.3,87.5,accepted,2025-08-27
1154,624,5,2025-06-21,100,Standard recommendation,100,0.3,87.5,declined,2025-08-07
1155,625,3,2025-07-12,100,Recommended based on low credit utilization,100,0.1,66.67,pending,2025-08-27
1156,626,5,2025-05-21,100,Recommended based on stable income,100,0.3,83.33,pending,2025-10-02
1157,626,10,2025-06-28,98,Recommended based on stable income,100,0.3,83.33,declined,2025-09-23
1158,627,15,2025-05-29,100,"Recommended based on excellent credit score, high income",100,0.1,100.0,pending,2025-08-01
1159,628,43,2025-07-06,86,"Recommended based on excellent credit score, stable income",100,0.3,100.0,pending,2025-08-17
1160,629,37,2025-06-26,84,Recommended based on low credit utilization,100,0.0632,50.0,pending,2025-09-25
1161,629,12,2025-05-22,82,Recommended based on low credit utilization,100,0.0632,50.0,expired,2025-10-05
1162,630,21,2025-06-19,100,"Recommended based on excellent credit score, high income",100,0.2,93.33,pending,2025-08-29
1163,631,9,2025-06-08,100,"Recommended based on excellent credit score, high income",100,0.1,100.0,pending,2025-09-02
1164,632,13,2025-07-06,100,Standard recommendation,100,0.3,80.0,accepted,2025-09-10
1165,632,5,2025-06-02,96,Standard recommendation,100,0.3,80.0,pending,2025-07-20
1166,632,12,2025-05-27,100,Standard recommendation,100,0.3,80.0,declined,2025-09-03
1167,633,18,2025-07-07,100,"Recommended based on excellent credit score, high income",100,0.3448,81.82,expired,2025-10-08
1168,633,3,2025-07-12,100,"Recommended based on excellent credit score, high income",100,0.3448,81.82,pending,2025-08-17
1169,633,42,2025-06-21,100,"Recommended based on excellent credit score, high income",100,0.3448,81.82,pending,2025-08-26
1170,634,30,2025-06-18,100,"Recommended based on stable income, low credit utilization",100,0.1,62.5,pending,2025-08-25
1171,634,21,2025-06-03,100,"Recommended based on stable income, low credit utilization",100,0.1,62.5,declined,2025-08-05
1172,634,44,2025-06-13,100,"Recommended based on stable income, low credit utilization",100,0.1,62.5,expired,2025-07-30
1173,634,50,2025-06-13,74,"Recommended based on stable income, low credit utilization",100,0.1,62.5,declined,2025-08-13
1174,635,3,2025-06-14,97,Standard recommendation,100,0.8,60.0,pending,2025-07-28
1175,636,13,2025-06-07,97,"Recommended based on low credit utilization, excellent payment history",100,0.1,100.0,declined,2025-09-23
1176,636,3,2025-05-20,100,"Recommended based on low credit utilization, excellent payment history",100,0.1,100.0,accepted,2025-08-24
1177,636,5,2025-05-22,100,"Recommended based on low credit utilization, excellent payment history",100,0.1,100.0,declined,2025-07-19
1178,637,8,2025-07-01,100,"Recommended based on excellent credit score, high income",100,0.3201,100.0,accepted,2025-09-14
1179,637,2,2025-07-02,100,"Recommended based on excellent credit score, high income",100,0.3201,100.0,expired,2025-10-08
1180,637,32,2025-05-26,100,"Recommended based on excellent credit score, high income",100,0.3201,100.0,pending,2025-08-31
1181,638,12,2025-06-08,100,Recommended based on low credit utilization,100,0.1,80.0,declined,2025-09-28
1182,638,10,2025-05-26,90,Recommended based on low credit utilization,100,0.1,80.0,pending,2025-08-12
1183,638,13,2025-05-29,100,Recommended based on low credit utilization,100,0.1,80.0,declined,2025-08-28
1184,639,3,2025-05-20,100,"Recommended based on excellent credit score, high income",100,0.4563,100.0,declined,2025-09-29
1185,640,6,2025-06-26,100,"Recommended based on excellent credit score, high income",100,0.3,87.5,declined,2025-08-15
1186,640,49,2025-05-19,100,"Recommended based on excellent credit score, high income",100,0.3,87.5,pending,2025-08-11
1187,641,37,2025-07-13,100,Recommended based on high income,100,0.6944,80.0,pending,2025-08-16
1188,642,3,2025-06-19,100,Recommended based on stable income,100,0.3784,73.33,pending,2025-07-22
1189,642,44,2025-05-28,74,Recommended based on stable income,100,0.3784,73.33,pending,2025-07-24
1190,643,21,2025-07-02,99,Standard recommendation,100,0.3,80.0,expired,2025-08-22
1191,643,13,2025-06-26,100,Standard recommendation,100,0.3,80.0,pending,2025-09-07
1192,644,3,2025-05-26,100,Recommended based on low credit utilization,100,0.1,40.0,declined,2025-09-24
1193,644,13,2025-05-30,93,Recommended based on low credit utilization,100,0.1,40.0,declined,2025-09-15
1194,644,21,2025-06-24,98,Recommended based on low credit utilization,100,0.1,40.0,accepted,2025-07-24
1195,645,3,2025-06-09,100,Recommended based on stable income,100,0.3,75.0,declined,2025-09-15
1196,646,14,2025-05-24,97,"Recommended based on good credit score, stable income",100,0.3,87.5,declined,2025-07-27
1197,647,13,2025-06-02,100,"Recommended based on excellent credit score, high income",100,0.1,100.0,pending,2025-08-10
1198,647,33,2025-06-06,100,"Recommended based on excellent credit score, high income",100,0.1,100.0,declined,2025-08-20
1199,647,46,2025-06-27,100,"Recommended based on excellent credit score, high income",100,0.1,100.0,accepted,2025-10-06
1200,648,37,2025-06-10,100,Recommended based on stable income,100,0.5,85.71,pending,2025-09-16
1201,648,30,2025-06-16,98,Recommended based on stable income,100,0.5,85.71,declined,2025-08-18
1202,649,12,2025-05-23,99,Recommended based on stable income,100,0.3448,76.92,expired,2025-09-27
1203,650,42,2025-07-09,87,Recommended based on excellent payment history,100,0.7493,100.0,pending,2025-10-05
1204,651,18,2025-06-14,100,Recommended based on excellent payment history,100,0.8,100.0,pending,2025-08-13
1205,651,29,2025-06-16,86,Recommended based on excellent payment history,100,0.8,100.0,expired,2025-09-24
1206,651,42,2025-06-24,100,Recommended based on excellent payment history,100,0.8,100.0,declined,2025-09-23
1207,652,49,2025-05-22,83,Standard recommendation,100,0.3122,30.0,accepted,2025-08-14
1208,652,3,2025-06-08,100,Standard recommendation,100,0.3122,30.0,expired,2025-09-07
1209,652,19,2025-06-27,90,Standard recommendation,100,0.3122,30.0,pending,2025-09-19
1210,653,3,2025-06-29,100,Recommended based on low credit utilization,100,0.1,57.14,pending,2025-09-30
1211,654,37,2025-06-14,87,Standard recommendation,100,0.6915,81.82,declined,2025-09-26
1212,655,33,2025-06-18,100,"Recommended based on excellent credit score, high income",100,0.201,100.0,pending,2025-10-01
1213,655,36,2025-07-10,100,"Recommended based on excellent credit score, high income",100,0.201,100.0,pending,2025-09-12
1214,655,19,2025-05-29,100,"Recommended based on excellent credit score, high income",100,0.201,100.0,pending,2025-08-19
1215,656,31,2025-05-30,100,"Recommended based on good credit score, high income",100,0.2348,93.75,declined,2025-07-30
1216,656,7,2025-05-23,100,"Recommended based on good credit score, high income",100,0.2348,93.75,expired,2025-07-26
1217,657,3,2025-07-03,100,Standard recommendation,100,0.5,37.5,pending,2025-09-05
1218,657,13,2025-06-06,99,Standard recommendation,100,0.5,37.5,declined,2025-08-02
1219,658,12,2025-06-12,100,"Recommended based on good credit score, high income",100,0.1,93.75,declined,2025-08-05
1220,658,9,2025-07-08,100,"Recommended based on good credit score, high income",100,0.1,93.75,pending,2025-08-13
1221,659,3,2025-06-26,94,Standard recommendation,100,0.3,25.0,pending,2025-09-02
1222,660,30,2025-06-12,100,"Recommended based on good credit score, high income",100,0.3,80.0,accepted,2025-08-07
1223,661,48,2025-06-24,99,"Recommended based on good credit score, low credit utilization",100,0.1,100.0,pending,2025-08-26
1224,661,3,2025-06-19,100,"Recommended based on good credit score, low credit utilization",100,0.1,100.0,expired,2025-09-27
1225,662,3,2025-05-23,100,Recommended based on low credit utilization,100,0.1,66.67,pending,2025-08-16
1226,663,42,2025-07-09,99,"Recommended based on good credit score, stable income",100,0.0,71.43,declined,2025-08-30
1227,663,28,2025-05-19,100,"Recommended based on good credit score, stable income",100,0.0,71.43,pending,2025-09-25
1228,663,7,2025-07-11,98,"Recommended based on good credit score, stable income",100,0.0,71.43,pending,2025-09-24
1229,664,12,2025-07-04,100,"Recommended based on good credit score, high income",100,0.1,80.0,accepted,2025-10-07
1230,665,3,2025-06-07,100,"Recommended based on high income, excellent payment history",100,0.5207,91.67,accepted,2025-08-17
1231,665,27,2025-06-06,86,"Recommended based on high income, excellent payment history",100,0.5207,91.67,pending,2025-10-07
1232,665,42,2025-07-14,100,"Recommended based on high income, excellent payment history",100,0.5207,91.67,declined,2025-10-01
1233,666,30,2025-06-17,100,"Recommended based on excellent credit score, high income",100,0.367,100.0,pending,2025-10-09
1234,667,26,2025-06-27,100,"Recommended based on excellent credit score, high income",100,0.2302,100.0,accepted,2025-08-15
1235,668,28,2025-07-02,91,Recommended based on stable income,100,0.5,66.67,declined,2025-09-12
1236,668,13,2025-06-02,95,Recommended based on stable income,100,0.5,66.67,expired,2025-08-20
1237,669,12,2025-05-19,100,"Recommended based on good credit score, stable income",100,0.3,85.71,accepted,2025-10-11
1238,669,10,2025-07-11,100,"Recommended based on good credit score, stable income",100,0.3,85.71,pending,2025-08-29
1239,670,37,2025-06-07,100,"Recommended based on excellent credit score, high income",100,0.3,85.71,declined,2025-09-25
1240,671,21,2025-06-09,100,"Recommended based on good credit score, stable income",100,0.1,100.0,expired,2025-08-18
1241,672,33,2025-06-08,97,"Recommended based on good credit score, stable income",100,0.3,83.33,accepted,2025-08-26
1242,673,18,2025-06-20,91,Recommended based on stable income,100,0.3,76.92,accepted,2025-10-01
1243,673,49,2025-05-23,93,Recommended based on stable income,100,0.3,76.92,declined,2025-09-02
1244,674,21,2025-07-06,100,"Recommended based on good credit score, high income",100,0.5,100.0,declined,2025-07-16
1245,674,10,2025-07-01,100,"Recommended based on good credit score, high income",100,0.5,100.0,declined,2025-09-19
1246,674,2,2025-07-07,100,"Recommended based on good credit score, high income",100,0.5,100.0,declined,2025-09-28
1247,675,32,2025-06-09,100,"Recommended based on excellent credit score, high income",100,0.4449,100.0,accepted,2025-08-15
1248,676,41,2025-06-01,100,"Recommended based on excellent credit score, high income",100,0.1416,100.0,pending,2025-09-21
1249,676,1,2025-06-11,100,"Recommended based on excellent credit score, high income",100,0.1416,100.0,pending,2025-08-11
1250,677,42,2025-07-08,100,"Recommended based on excellent credit score, high income",100,0.7055,100.0,declined,2025-08-09
1251,677,49,2025-06-29,100,"Recommended based on excellent credit score, high income",100,0.7055,100.0,accepted,2025-09-08
1252,677,29,2025-07-03,100,"Recommended based on excellent credit score, high income",100,0.7055,100.0,pending,2025-09-05
1253,678,3,2025-05-30,100,Recommended based on low credit utilization,100,0.1,37.5,accepted,2025-10-07
1254,679,37,2025-06-09,100,"Recommended based on good credit score, stable income",100,0.5,87.5,pending,2025-09-16
1255,679,21,2025-06-20,100,"Recommended based on good credit score, stable income",100,0.5,87.5,accepted,2025-07-28
1256,679,32,2025-06-20,88,"Recommended based on good credit score, stable income",100,0.5,87.5,declined,2025-10-07
1257,680,30,2025-05-26,100,"Recommended based on good credit score, stable income",100,0.3,90.0,accepted,2025-10-02
1258,681,3,2025-05-19,100,Recommended based on low credit utilization,100,0,85.0,expired,2025-08-28
1259,682,3,2025-06-08,100,Standard recommendation,100,0.5,50.0,pending,2025-10-04
1260,683,3,2025-06-27,100,Recommended based on stable income,100,0.5,66.67,pending,2025-08-01
1261,683,28,2025-07-02,88,Recommended based on stable income,100,0.5,66.67,declined,2025-08-13
1262,684,3,2025-06-16,96,Standard recommendation,100,0.3,50.0,declined,2025-07-19
1263,685,13,2025-05-26,100,"Recommended based on good credit score, high income",100,0.3,93.33,expired,2025-07-29
1264,686,46,2025-06-22,100,"Recommended based on excellent credit score, high income",100,0.1,87.5,declined,2025-09-19
1265,686,27,2025-06-28,89,"Recommended based on excellent credit score, high income",100,0.1,87.5,declined,2025-08-22
1266,687,7,2025-06-08,98,"Recommended based on good credit score, low credit utilization",100,0.1,100.0,declined,2025-07-22
1267,687,20,2025-07-04,100,"Recommended based on good credit score, low credit utilization",100,0.1,100.0,declined,2025-10-06
1268,687,35,2025-06-10,97,"Recommended based on good credit score, low credit utilization",100,0.1,100.0,declined,2025-08-21
1269,688,10,2025-07-14,87,"Recommended based on good credit score, low credit utilization",100,0.2373,87.5,accepted,2025-08-03
1270,689,3,2025-06-13,100,Recommended based on low credit utilization,100,0.1,75.0,pending,2025-09-14
1271,690,26,2025-06-21,87,"Recommended based on good credit score, high income",100,0.5,100.0,expired,2025-10-08
1272,691,37,2025-06-28,100,Recommended based on stable income,100,0.5,66.67,expired,2025-08-05
1273,691,28,2025-05-30,100,Recommended based on stable income,100,0.5,66.67,pending,2025-09-19
1274,691,44,2025-06-26,90,Recommended based on stable income,100,0.5,66.67,pending,2025-09-01
1275,692,5,2025-05-18,99,Recommended based on low credit utilization,100,0,85.0,pending,2025-07-17
1276,692,3,2025-06-30,100,Recommended based on low credit utilization,100,0,85.0,expired,2025-10-02
1277,693,10,2025-05-31,100,"Recommended based on good credit score, low credit utilization",100,0.0,100.0,accepted,2025-10-02
1278,694,49,2025-05-29,100,"Recommended based on good credit score, high income",100,0.3605,80.0,pending,2025-07-19
1279,694,10,2025-07-02,100,"Recommended based on good credit score, high income",100,0.3605,80.0,pending,2025-09-22
1280,695,39,2025-07-09,95,"Recommended based on excellent credit score, low credit utilization",100,0.0,100.0,expired,2025-09-27
1281,695,37,2025-05-24,100,"Recommended based on excellent credit score, low credit utilization",100,0.0,100.0,pending,2025-09-29
1282,695,45,2025-07-02,92,"Recommended based on excellent credit score, low credit utilization",100,0.0,100.0,declined,2025-09-21
1283,696,13,2025-06-17,100,Recommended based on stable income,100,0.3,75.0,pending,2025-07-23
1284,697,5,2025-06-11,100,"Recommended based on good credit score, low credit utilization",100,0.1,100.0,declined,2025-08-25
1285,697,37,2025-07-13,95,"Recommended based on good credit score, low credit utilization",100,0.1,100.0,declined,2025-08-31
1286,698,30,2025-06-22,100,"Recommended based on excellent credit score, high income",100,0.3,100.0,declined,2025-09-14
1287,699,21,2025-06-11,95,Recommended based on stable income,100,0.5,66.67,accepted,2025-09-25
1288,699,3,2025-05-27,100,Recommended based on stable income,100,0.5,66.67,pending,2025-09-08
1289,699,13,2025-06-09,89,Recommended based on stable income,100,0.5,66.67,declined,2025-08-19
1290,700,12,2025-07-04,96,"Recommended based on excellent credit score, low credit utilization",100,0.0,100.0,pending,2025-10-03
1291,700,7,2025-05-24,85,"Recommended based on excellent credit score, low credit utilization",100,0.0,100.0,expired,2025-10-09
1292,701,3,2025-06-23,100,Recommended based on low credit utilization,100,0.1,50.0,declined,2025-07-22
1293,702,21,2025-05-28,100,"Recommended based on good credit score, low credit utilization",100,0.2089,85.71,pending,2025-08-15
1294,702,8,2025-07-14,100,"Recommended based on good credit score, low credit utilization",100,0.2089,85.71,declined,2025-08-23
1295,702,7,2025-07-11,85,"Recommended based on good credit score, low credit utilization",100,0.2089,85.71,pending,2025-07-26
1296,703,21,2025-05-24,94,Standard recommendation,100,0.3,57.14,accepted,2025-10-07
1297,703,3,2025-05-27,100,Standard recommendation,100,0.3,57.14,accepted,2025-09-25
1298,704,18,2025-06-20,90,Recommended based on high income,100,0.5225,77.78,declined,2025-10-11
1299,705,13,2025-07-02,100,Recommended based on low credit utilization,100,0,85.0,declined,2025-10-03
1300,705,5,2025-05-21,100,Recommended based on low credit utilization,100,0,85.0,pending,2025-10-11
1301,706,3,2025-05-23,100,Recommended based on stable income,100,0.8,60.0,accepted,2025-08-20
1302,706,13,2025-05-19,91,Recommended based on stable income,100,0.8,60.0,pending,2025-08-15
1303,707,13,2025-06-10,97,Recommended based on stable income,100,0.8,83.33,declined,2025-09-20
1304,707,37,2025-06-27,93,Recommended based on stable income,100,0.8,83.33,accepted,2025-07-25
1305,708,3,2025-07-02,100,Recommended based on excellent payment history,100,0.8,100.0,accepted,2025-08-12
1306,708,5,2025-06-14,100,Recommended based on excellent payment history,100,0.8,100.0,declined,2025-09-16
1307,709,8,2025-07-14,100,"Recommended based on excellent credit score, high income",100,0.0471,88.89,declined,2025-09-08
1308,709,3,2025-06-17,100,"Recommended based on excellent credit score, high income",100,0.0471,88.89,pending,2025-09-28
1309,709,25,2025-05-26,100,"Recommended based on excellent credit score, high income",100,0.0471,88.89,accepted,2025-08-30
1310,710,39,2025-07-02,95,Standard recommendation,100,0.3,83.33,accepted,2025-09-06
1311,710,30,2025-06-12,81,Standard recommendation,100,0.3,83.33,declined,2025-07-27
1312,711,13,2025-06-18,100,Recommended based on stable income,100,0.3,75.0,accepted,2025-10-05
1313,712,37,2025-06-24,100,"Recommended based on good credit score, stable income",100,0.2507,81.25,accepted,2025-08-10
1314,712,13,2025-05-20,100,"Recommended based on good credit score, stable income",100,0.2507,81.25,pending,2025-08-23
1315,713,3,2025-07-11,100,Recommended based on stable income,100,0.5,75.0,pending,2025-08-08
1316,714,30,2025-06-01,81,Standard recommendation,100,0.3,83.33,declined,2025-10-08
1317,715,39,2025-06-01,97,"Recommended based on good credit score, stable income",100,0.3,100.0,accepted,2025-08-02
1318,715,7,2025-06-30,100,"Recommended based on good credit score, stable income",100,0.3,100.0,declined,2025-08-27
1319,716,3,2025-07-11,100,"Recommended based on good credit score, high income",100,0.4138,100.0,declined,2025-08-08
1320,717,19,2025-06-01,88,"Recommended based on good credit score, stable income",100,0.5116,100.0,declined,2025-09-29
1321,717,49,2025-05-19,100,"Recommended based on good credit score, stable income",100,0.5116,100.0,pending,2025-09-27
1322,717,27,2025-07-14,100,"Recommended based on good credit score, stable income",100,0.5116,100.0,pending,2025-09-01
1323,718,44,2025-07-02,100,"Recommended based on excellent credit score, stable income",100,0.1,100.0,declined,2025-08-01
1324,719,3,2025-05-30,100,"Recommended based on good credit score, stable income",100,0.5,100.0,declined,2025-09-01
1325,719,46,2025-06-02,100,"Recommended based on good credit score, stable income",100,0.5,100.0,declined,2025-07-31
1326,720,3,2025-05-24,100,Standard recommendation,100,0.3,50.0,pending,2025-07-18
1327,720,13,2025-06-08,86,Standard recommendation,100,0.3,50.0,declined,2025-09-06
1328,721,13,2025-07-06,100,"Recommended based on excellent credit score, high income",100,0.2385,89.47,pending,2025-09-27
1329,722,37,2025-07-05,79,Recommended based on low credit utilization,100,0.1,25.0,declined,2025-09-02
1330,722,3,2025-06-06,100,Recommended based on low credit utilization,100,0.1,25.0,pending,2025-09-19
1331,722,13,2025-06-22,100,Recommended based on low credit utilization,100,0.1,25.0,declined,2025-08-10
1332,722,12,2025-05-24,87,Recommended based on low credit utilization,100,0.1,25.0,accepted,2025-08-27
1333,723,12,2025-07-14,100,"Recommended based on good credit score, stable income",100,0.3,100.0,declined,2025-08-07
1334,724,45,2025-05-18,100,"Recommended based on good credit score, high income",100,0.5,84.62,declined,2025-08-26
1335,725,9,2025-06-28,100,"Recommended based on good credit score, high income",100,0.2276,87.5,pending,2025-08-27
1336,725,38,2025-07-03,100,"Recommended based on good credit score, high income",100,0.2276,87.5,declined,2025-09-18
1337,726,12,2025-07-14,93,"Recommended based on stable income, low credit utilization",100,0.1,50.0,declined,2025-08-22
1338,727,3,2025-07-09,100,Standard recommendation,100,0.3,60.0,pending,2025-09-30
1339,728,12,2025-07-06,99,Recommended based on low credit utilization,100,0.1,75.0,accepted,2025-07-20
1340,728,5,2025-06-03,88,Recommended based on low credit utilization,100,0.1,75.0,accepted,2025-07-18
1341,728,37,2025-07-09,92,Recommended based on low credit utilization,100,0.1,75.0,declined,2025-08-23
1342,729,3,2025-06-25,100,"Recommended based on excellent credit score, stable income",100,0.4418,100.0,accepted,2025-07-31
1343,729,45,2025-05-24,100,"Recommended based on excellent credit score, stable income",100,0.4418,100.0,accepted,2025-10-10
1344,730,3,2025-06-15,100,"Recommended based on good credit score, excellent payment history",100,0.3,100.0,pending,2025-07-26
1345,731,21,2025-07-11,100,"Recommended based on good credit score, low credit utilization",100,0.0616,90.91,accepted,2025-08-13
1346,732,12,2025-05-31,100,Recommended based on stable income,100,0.3,33.33,pending,2025-09-25
1347,732,39,2025-06-13,100,Recommended based on stable income,100,0.3,33.33,accepted,2025-09-04
1348,733,3,2025-05-22,100,Recommended based on stable income,100,0.3,60.0,declined,2025-09-19
1349,734,10,2025-06-16,100,Recommended based on stable income,100,0.3,85.71,pending,2025-09-24
1350,735,21,2025-07-05,100,"Recommended based on good credit score, stable income",100,0.0561,71.43,declined,2025-07-22
1351,735,3,2025-07-11,100,"Recommended based on good credit score, stable income",100,0.0561,71.43,expired,2025-09-13
1352,735,8,2025-07-02,100,"Recommended based on good credit score, stable income",100,0.0561,71.43,pending,2025-08-22
1353,736,13,2025-05-18,92,Recommended based on low credit utilization,100,0,85.0,expired,2025-07-29
1354,736,3,2025-06-23,96,Recommended based on low credit utilization,100,0,85.0,pending,2025-08-14
1355,737,37,2025-07-09,92,Recommended based on low credit utilization,100,0.1,66.67,declined,2025-09-23
1356,737,39,2025-07-14,70,Recommended based on low credit utilization,100,0.1,66.67,pending,2025-10-11
1357,737,13,2025-06-01,96,Recommended based on low credit utilization,100,0.1,66.67,declined,2025-08-18
1358,738,9,2025-07-07,100,"Recommended based on excellent credit score, high income",100,0.3,92.31,pending,2025-07-25
1359,738,31,2025-07-05,100,"Recommended based on excellent credit score, high income",100,0.3,92.31,pending,2025-08-25
1360,738,3,2025-07-10,100,"Recommended based on excellent credit score, high income",100,0.3,92.31,pending,2025-08-28
1361,738,37,2025-05-27,100,"Recommended based on excellent credit score, high income",100,0.3,92.31,declined,2025-09-25
1362,739,21,2025-06-24,72,Standard recommendation,100,0.4231,33.33,declined,2025-09-24
1363,739,3,2025-05-28,100,Standard recommendation,100,0.4231,33.33,pending,2025-08-08
1364,740,37,2025-06-01,100,"Recommended based on good credit score, stable income",100,0.1,88.89,pending,2025-09-10
1365,741,8,2025-05-26,100,"Recommended based on good credit score, stable income",100,0.2073,81.82,accepted,2025-08-22
1366,742,26,2025-06-23,100,"Recommended based on good credit score, high income",100,0.185,93.33,accepted,2025-07-28
1367,743,12,2025-05-21,100,Recommended based on good credit score,100,0.3,87.5,declined,2025-09-02
1368,744,30,2025-06-28,100,"Recommended based on good credit score, high income",100,0.2388,85.71,accepted,2025-10-10
1369,745,35,2025-05-26,99,"Recommended based on good credit score, stable income",100,0.1,100.0,pending,2025-08-06
1370,745,37,2025-07-12,100,"Recommended based on good credit score, stable income",100,0.1,100.0,accepted,2025-09-01
1371,746,13,2025-07-08,98,Standard recommendation,100,0.3,71.43,pending,2025-08-02
1372,746,5,2025-05-19,100,Standard recommendation,100,0.3,71.43,declined,2025-09-18
1373,746,3,2025-07-05,100,Standard recommendation,100,0.3,71.43,pending,2025-10-07
1374,747,5,2025-07-03,100,Recommended based on low credit utilization,100,0,85.0,pending,2025-08-31
1375,747,3,2025-07-02,100,Recommended based on low credit utilization,100,0,85.0,declined,2025-08-22
1376,748,3,2025-06-19,100,"Recommended based on stable income, low credit utilization",100,0.1,63.64,pending,2025-09-22
1377,749,35,2025-06-18,100,"Recommended based on excellent credit score, high income",100,0.2276,93.33,pending,2025-09-28
1378,749,22,2025-07-12,100,"Recommended based on excellent credit score, high income",100,0.2276,93.33,pending,2025-08-28
1379,750,3,2025-06-15,100,"Recommended based on stable income, low credit utilization",100,0.1879,84.62,declined,2025-10-10
1380,750,13,2025-07-15,100,"Recommended based on stable income, low credit utilization",100,0.1879,84.62,pending,2025-10-09
1381,750,7,2025-05-17,88,"Recommended based on stable income, low credit utilization",100,0.1879,84.62,declined,2025-09-12
1382,751,10,2025-06-11,96,"Recommended based on good credit score, stable income",100,0.3,100.0,pending,2025-09-04
1383,752,3,2025-06-10,100,Standard recommendation,100,0.3,37.5,accepted,2025-08-13
1384,753,7,2025-06-10,100,"Recommended based on good credit score, stable income",100,0.3377,90.91,declined,2025-10-06
1385,753,33,2025-05-25,95,"Recommended based on good credit score, stable income",100,0.3377,90.91,accepted,2025-07-21
1386,753,25,2025-06-03,100,"Recommended based on good credit score, stable income",100,0.3377,90.91,pending,2025-08-22
1387,754,9,2025-05-20,100,"Recommended based on good credit score, stable income",100,0.0,66.67,pending,2025-09-29
1388,754,10,2025-06-16,100,"Recommended based on good credit score, stable income",100,0.0,66.67,declined,2025-08-03
1389,755,15,2025-05-18,100,"Recommended based on high income, low credit utilization",100,0.101,63.64,expired,2025-08-27
1390,755,38,2025-05-29,97,"Recommended based on high income, low credit utilization",100,0.101,63.64,accepted,2025-09-16
1391,756,7,2025-07-13,100,"Recommended based on excellent credit score, high income",100,0.1688,88.89,pending,2025-10-02
1392,757,42,2025-05-27,100,Recommended based on high income,100,0.5188,77.78,accepted,2025-08-25
1393,757,34,2025-05-19,88,Recommended based on high income,100,0.5188,77.78,declined,2025-08-23
1394,758,13,2025-06-04,100,"Recommended based on good credit score, stable income",100,0.2305,92.31,declined,2025-08-10
1395,758,35,2025-05-30,90,"Recommended based on good credit score, stable income",100,0.2305,92.31,pending,2025-10-08
1396,758,39,2025-06-24,98,"Recommended based on good credit score, stable income",100,0.2305,92.31,declined,2025-10-12
1397,759,36,2025-05-25,100,"Recommended based on excellent credit score, high income",100,0.2243,80.95,accepted,2025-09-03
1398,759,30,2025-07-03,100,"Recommended based on excellent credit score, high income",100,0.2243,80.95,accepted,2025-08-29
1399,760,3,2025-06-26,100,Standard recommendation,100,0.3,41.67,declined,2025-10-10
1400,760,21,2025-05-30,88,Standard recommendation,100,0.3,41.67,pending,2025-08-23
1401,761,49,2025-06-27,76,Standard recommendation,100,0.95,75.0,accepted,2025-08-09
1402,762,10,2025-06-29,99,Recommended based on low credit utilization,100,0.1865,83.33,pending,2025-07-23
1403,763,6,2025-05-23,99,"Recommended based on excellent credit score, high income",100,0.3,100.0,pending,2025-09-10
1404,764,12,2025-07-02,100,Recommended based on high income,100,0.6349,78.57,expired,2025-08-11
1405,764,26,2025-06-19,100,Recommended based on high income,100,0.6349,78.57,declined,2025-09-07
1406,764,14,2025-07-01,85,Recommended based on high income,100,0.6349,78.57,declined,2025-09-03
1407,765,18,2025-06-29,81,Recommended based on stable income,100,0.8,71.43,declined,2025-07-24
1408,766,13,2025-07-05,100,"Recommended based on good credit score, stable income",100,0.3513,93.75,pending,2025-08-20
1409,766,43,2025-06-11,93,"Recommended based on good credit score, stable income",100,0.3513,93.75,declined,2025-07-16
1410,767,34,2025-05-23,100,"Recommended based on good credit score, high income",100,0.6496,92.31,pending,2025-08-16
1411,767,5,2025-06-21,100,"Recommended based on good credit score, high income",100,0.6496,92.31,pending,2025-09-06
1412,768,13,2025-06-25,85,Recommended based on low credit utilization,100,0.1,33.33,expired,2025-07-28
1413,768,3,2025-07-13,100,Recommended based on low credit utilization,100,0.1,33.33,accepted,2025-08-16
1414,769,13,2025-05-31,100,"Recommended based on excellent credit score, high income",100,0.1,100.0,expired,2025-10-06
1415,770,43,2025-06-12,100,"Recommended based on good credit score, stable income",100,0.0,75.0,declined,2025-07-28
1416,770,45,2025-05-19,98,"Recommended based on good credit score, stable income",100,0.0,75.0,declined,2025-09-23
1417,770,5,2025-07-09,100,"Recommended based on good credit score, stable income",100,0.0,75.0,declined,2025-08-05
1418,771,19,2025-06-03,88,Standard recommendation,100,0.8,37.5,accepted,2025-09-04
1419,772,21,2025-06-22,100,"Recommended based on good credit score, low credit utilization",100,0.1,87.5,expired,2025-09-13
1420,772,5,2025-05-31,100,"Recommended based on good credit score, low credit utilization",100,0.1,87.5,pending,2025-07-20
1421,773,5,2025-06-04,100,"Recommended based on good credit score, stable income",100,0.2675,75.0,pending,2025-09-17
1422,773,13,2025-06-17,100,"Recommended based on good credit score, stable income",100,0.2675,75.0,accepted,2025-09-14
1423,773,42,2025-06-25,91,"Recommended based on good credit score, stable income",100,0.2675,75.0,pending,2025-10-08
1424,774,47,2025-05-27,100,"Recommended based on excellent credit score, high income",100,0.0913,78.57,pending,2025-09-20
1425,774,44,2025-05-24,100,"Recommended based on excellent credit score, high income",100,0.0913,78.57,pending,2025-09-24
1426,774,18,2025-05-27,100,"Recommended based on excellent credit score, high income",100,0.0913,78.57,accepted,2025-09-13
1427,775,10,2025-06-19,100,"Recommended based on good credit score, low credit utilization",100,0.0,100.0,pending,2025-10-11
1428,775,42,2025-07-03,100,"Recommended based on good credit score, low credit utilization",100,0.0,100.0,pending,2025-10-09
1429,776,3,2025-06-29,100,Recommended based on low credit utilization,100,0.1,57.14,pending,2025-10-11
1430,776,21,2025-06-07,85,Recommended based on low credit utilization,100,0.1,57.14,pending,2025-08-10
1431,777,3,2025-06-29,100,Recommended based on low credit utilization,100,0.1,50.0,accepted,2025-09-05
1432,777,13,2025-07-14,91,Recommended based on low credit utilization,100,0.1,50.0,accepted,2025-08-07
1433,778,3,2025-05-28,100,"Recommended based on good credit score, high income",100,0.5,85.71,pending,2025-08-17
1434,778,26,2025-06-17,97,"Recommended based on good credit score, high income",100,0.5,85.71,pending,2025-10-09
1435,779,11,2025-06-24,85,"Recommended based on good credit score, high income",100,0.3,100.0,accepted,2025-07-30
1436,779,2,2025-06-12,100,"Recommended based on good credit score, high income",100,0.3,100.0,pending,2025-08-31
1437,780,21,2025-06-14,99,Recommended based on low credit utilization,100,0.1,40.0,expired,2025-09-02
1438,781,32,2025-06-04,100,"Recommended based on good credit score, high income",100,0.3,100.0,accepted,2025-09-18
1439,781,21,2025-06-10,100,"Recommended based on good credit score, high income",100,0.3,100.0,pending,2025-09-22
1440,782,36,2025-07-10,94,"Recommended based on excellent credit score, high income",100,0.1,100.0,pending,2025-07-19
1441,782,31,2025-06-07,100,"Recommended based on excellent credit score, high income",100,0.1,100.0,pending,2025-09-15
1442,783,3,2025-07-07,95,Recommended based on low credit utilization,100,0.1,50.0,accepted,2025-07-24
1443,784,5,2025-07-09,100,"Recommended based on good credit score, high income",100,0.5041,83.33,accepted,2025-07-17
1444,785,37,2025-05-21,100,Recommended based on stable income,100,0.4141,76.92,pending,2025-10-12
1445,785,13,2025-07-04,100,Recommended based on stable income,100,0.4141,76.92,accepted,2025-08-16
1446,785,27,2025-05-23,85,Recommended based on stable income,100,0.4141,76.92,accepted,2025-09-22
1447,786,3,2025-06-02,100,Standard recommendation,100,0.3,66.67,pending,2025-08-27
1448,786,21,2025-05-22,84,Standard recommendation,100,0.3,66.67,accepted,2025-08-22
1449,787,38,2025-07-06,100,"Recommended based on good credit score, stable income",100,0.5,100.0,pending,2025-07-27
1450,787,35,2025-05-29,99,"Recommended based on good credit score, stable income",100,0.5,100.0,pending,2025-08-26
1451,787,48,2025-06-15,89,"Recommended based on good credit score, stable income",100,0.5,100.0,declined,2025-09-19
1452,787,9,2025-07-04,86,"Recommended based on good credit score, stable income",100,0.5,100.0,accepted,2025-08-14
1453,788,10,2025-06-17,98,Recommended based on low credit utilization,100,0.0262,76.92,declined,2025-08-08
1454,788,21,2025-05-28,100,Recommended based on low credit utilization,100,0.0262,76.92,declined,2025-10-03
1455,789,33,2025-06-28,100,"Recommended based on good credit score, high income",100,0.4167,83.33,accepted,2025-10-04
1456,789,46,2025-07-02,100,"Recommended based on good credit score, high income",100,0.4167,83.33,expired,2025-08-16
1457,790,3,2025-06-08,100,"Recommended based on excellent credit score, stable income",100,0.0,100.0,pending,2025-09-23
1458,790,25,2025-06-01,100,"Recommended based on excellent credit score, stable income",100,0.0,100.0,pending,2025-09-23
1459,791,43,2025-06-01,100,"Recommended based on excellent credit score, high income",100,0.3,85.71,expired,2025-07-30
1460,791,25,2025-07-13,100,"Recommended based on excellent credit score, high income",100,0.3,85.71,declined,2025-07-21
1461,791,34,2025-05-27,100,"Recommended based on excellent credit score, high income",100,0.3,85.71,pending,2025-09-10
1462,792,13,2025-06-04,90,Standard recommendation,100,0.4594,58.33,pending,2025-08-10
1463,793,3,2025-06-29,100,Recommended based on low credit utilization,100,0.2034,66.67,accepted,2025-09-08
1464,793,13,2025-07-02,100,Recommended based on low credit utilization,100,0.2034,66.67,declined,2025-08-29
1465,794,49,2025-07-04,100,"Recommended based on excellent credit score, stable income",100,0.2451,92.86,expired,2025-09-01
1466,794,9,2025-06-01,100,"Recommended based on excellent credit score, stable income",100,0.2451,92.86,accepted,2025-08-27
1467,795,10,2025-06-24,95,"Recommended based on good credit score, excellent payment history",100,0.3,100.0,pending,2025-10-08
1468,795,8,2025-05-22,97,"Recommended based on good credit score, excellent payment history",100,0.3,100.0,accepted,2025-10-05
1469,795,48,2025-05-25,81,"Recommended based on good credit score, excellent payment history",100,0.3,100.0,declined,2025-08-06
1470,796,3,2025-06-28,100,Recommended based on high income,100,0.4511,75.0,expired,2025-08-16
1471,797,13,2025-06-27,100,Recommended based on low credit utilization,100,0.1,50.0,declined,2025-08-12
1472,797,12,2025-06-29,91,Recommended based on low credit utilization,100,0.1,50.0,accepted,2025-08-06
1473,797,39,2025-06-28,86,Recommended based on low credit utilization,100,0.1,50.0,expired,2025-08-20
1474,798,37,2025-05-28,93,Standard recommendation,100,0.3,75.0,accepted,2025-10-05
1475,799,5,2025-06-09,100,Recommended based on stable income,100,0.66,81.82,declined,2025-08-22
1476,800,14,2025-05-24,100,"Recommended based on good credit score, high income",100,0.3,100.0,pending,2025-08-26
1477,800,20,2025-05-28,97,"Recommended based on good credit score, high income",100,0.3,100.0,pending,2025-09-16
1478,800,46,2025-06-01,100,"Recommended based on good credit score, high income",100,0.3,100.0,accepted,2025-09-27
1479,801,37,2025-07-10,87,Standard recommendation,100,0.5,71.43,pending,2025-08-27
1480,801,5,2025-07-03,97,Standard recommendation,100,0.5,71.43,accepted,2025-08-19
1481,802,36,2025-06-14,100,"Recommended based on excellent credit score, high income",100,0.1933,100.0,accepted,2025-09-22
1482,803,3,2025-07-04,100,Recommended based on low credit utilization,100,0.1,66.67,accepted,2025-09-17
1483,804,12,2025-06-20,100,"Recommended based on stable income, low credit utilization",100,0.2189,80.0,accepted,2025-09-03
1484,804,39,2025-06-02,98,"Recommended based on stable income, low credit utilization",100,0.2189,80.0,pending,2025-08-19
1485,805,22,2025-06-19,100,"Recommended based on excellent credit score, high income",100,0.1948,86.96,pending,2025-08-15
1486,806,42,2025-06-20,100,"Recommended based on good credit score, stable income",100,0.6907,100.0,accepted,2025-10-03
1487,806,19,2025-06-07,99,"Recommended based on good credit score, stable income",100,0.6907,100.0,accepted,2025-08-16
1488,807,33,2025-06-18,100,"Recommended based on good credit score, high income",100,0.1474,85.71,declined,2025-08-27
1489,808,5,2025-06-12,100,Recommended based on low credit utilization,100,0.0273,76.92,pending,2025-08-15
1490,809,3,2025-06-11,100,Recommended based on low credit utilization,100,0.1,60.0,expired,2025-07-17
1491,810,48,2025-06-14,100,"Recommended based on excellent credit score, high income",100,0.075,85.71,accepted,2025-10-13
1492,811,5,2025-06-17,100,"Recommended based on good credit score, stable income",100,0.4424,100.0,pending,2025-08-23
1493,811,25,2025-07-09,98,"Recommended based on good credit score, stable income",100,0.4424,100.0,expired,2025-10-12
1494,812,37,2025-07-07,90,Standard recommendation,100,0.3,50.0,expired,2025-09-21
1495,813,3,2025-05-19,100,Standard recommendation,100,0.5,50.0,declined,2025-10-13
1496,814,42,2025-07-12,87,Recommended based on excellent payment history,100,0.8,100.0,pending,2025-09-28
1497,814,49,2025-05-22,80,Recommended based on excellent payment history,100,0.8,100.0,declined,2025-09-24
1498,814,3,2025-05-24,100,Recommended based on excellent payment history,100,0.8,100.0,declined,2025-07-20
1499,815,48,2025-06-06,100,"Recommended based on good credit score, stable income",100,0.3,100.0,pending,2025-09-20
1500,815,12,2025-06-08,100,"Recommended based on good credit score, stable income",100,0.3,100.0,accepted,2025-08-12
1501,815,45,2025-07-02,100,"Recommended based on good credit score, stable income",100,0.3,100.0,accepted,2025-07-27
1502,816,3,2025-06-30,100,"Recommended based on good credit score, stable income",100,0.5,100.0,declined,2025-09-22
1503,816,5,2025-06-11,100,"Recommended based on good credit score, stable income",100,0.5,100.0,pending,2025-09-06
1504,816,37,2025-06-24,100,"Recommended based on good credit score, stable income",100,0.5,100.0,declined,2025-07-20
1505,817,21,2025-07-07,100,"Recommended based on good credit score, stable income",100,0.1,81.82,accepted,2025-08-07
1506,818,30,2025-06-17,87,"Recommended based on good credit score, excellent payment history",100,0.5,100.0,accepted,2025-07-29
1507,819,8,2025-07-01,98,"Recommended based on stable income, low credit utilization",100,0.1727,81.82,pending,2025-09-01
1508,819,5,2025-05-31,100,"Recommended based on stable income, low credit utilization",100,0.1727,81.82,declined,2025-07-19
1509,819,3,2025-06-30,100,"Recommended based on stable income, low credit utilization",100,0.1727,81.82,pending,2025-08-13
1510,820,3,2025-06-29,100,Standard recommendation,100,0.5,25.0,accepted,2025-09-16
1511,821,21,2025-05-28,88,Recommended based on stable income,100,0.3,66.67,declined,2025-08-21
1512,822,48,2025-05-18,100,"Recommended based on excellent credit score, high income",100,0.0734,92.86,expired,2025-08-06
1513,823,21,2025-07-11,100,"Recommended based on good credit score, high income",100,0.1909,81.25,declined,2025-09-16
1514,823,37,2025-07-05,100,"Recommended based on good credit score, high income",100,0.1909,81.25,declined,2025-09-23
1515,824,5,2025-06-05,100,"Recommended based on excellent credit score, high income",100,0.2957,80.0,accepted,2025-08-12
1516,824,27,2025-06-26,100,"Recommended based on excellent credit score, high income",100,0.2957,80.0,declined,2025-08-29
1517,825,15,2025-07-03,100,"Recommended based on excellent credit score, high income",100,0.1,84.62,pending,2025-09-29
1518,825,19,2025-07-04,100,"Recommended based on excellent credit score, high income",100,0.1,84.62,accepted,2025-09-21
1519,826,12,2025-06-27,100,Recommended based on stable income,100,0.5,85.71,declined,2025-09-22
1520,827,13,2025-06-05,100,"Recommended based on excellent credit score, low credit utilization",100,0.0,100.0,pending,2025-08-06
1521,827,39,2025-05-31,87,"Recommended based on excellent credit score, low credit utilization",100,0.0,100.0,pending,2025-10-08
1522,827,12,2025-06-02,100,"Recommended based on excellent credit score, low credit utilization",100,0.0,100.0,pending,2025-08-23
1523,828,44,2025-06-05,100,"Recommended based on excellent credit score, high income",100,0.0,100.0,pending,2025-08-11
1524,828,38,2025-07-05,100,"Recommended based on excellent credit score, high income",100,0.0,100.0,accepted,2025-07-18
1525,828,7,2025-07-03,100,"Recommended based on excellent credit score, high income",100,0.0,100.0,pending,2025-09-16
1526,828,33,2025-06-28,100,"Recommended based on excellent credit score, high income",100,0.0,100.0,declined,2025-07-20
1527,829,29,2025-06-21,100,"Recommended based on excellent credit score, high income",100,0.3,100.0,declined,2025-09-26
1528,829,3,2025-05-21,100,"Recommended based on excellent credit score, high income",100,0.3,100.0,expired,2025-10-03
1529,829,14,2025-06-11,100,"Recommended based on excellent credit score, high income",100,0.3,100.0,declined,2025-07-27
1530,830,13,2025-06-12,100,Recommended based on low credit utilization,100,0,85.0,pending,2025-09-11
1531,831,30,2025-06-20,100,"Recommended based on excellent credit score, high income",100,0.3,100.0,expired,2025-10-11
1532,831,19,2025-06-06,93,"Recommended based on excellent credit score, high income",100,0.3,100.0,accepted,2025-08-27
1533,831,2,2025-06-02,100,"Recommended based on excellent credit score, high income",100,0.3,100.0,pending,2025-09-15
1534,832,13,2025-06-13,85,Recommended based on low credit utilization,100,0.1,50.0,pending,2025-10-13
1535,832,3,2025-06-16,100,Recommended based on low credit utilization,100,0.1,50.0,pending,2025-08-23
1536,833,3,2025-06-24,100,Recommended based on stable income,100,0.8,75.0,pending,2025-08-27
1537,834,16,2025-06-16,91,"Recommended based on excellent credit score, high income",100,0.1647,100.0,accepted,2025-08-19
1538,834,36,2025-06-06,88,"Recommended based on excellent credit score, high income",100,0.1647,100.0,pending,2025-10-01
1539,835,3,2025-06-07,100,Standard recommendation,100,0.95,87.5,pending,2025-10-12
1540,835,37,2025-06-20,88,Standard recommendation,100,0.95,87.5,declined,2025-09-29
1541,836,28,2025-05-17,99,"Recommended based on good credit score, high income",100,0.8,100.0,pending,2025-09-27
1542,836,9,2025-06-18,95,"Recommended based on good credit score, high income",100,0.8,100.0,declined,2025-07-31
1543,836,27,2025-05-22,85,"Recommended based on good credit score, high income",100,0.8,100.0,pending,2025-08-03
1544,837,43,2025-06-14,100,"Recommended based on excellent credit score, high income",100,0.5,100.0,pending,2025-09-24
1545,838,21,2025-06-27,100,Recommended based on stable income,100,0.3,71.43,pending,2025-08-04
1546,838,3,2025-06-24,100,Recommended based on stable income,100,0.3,71.43,pending,2025-08-15
1547,839,3,2025-07-05,100,Recommended based on stable income,100,0.3,66.67,pending,2025-08-15
1548,840,37,2025-06-27,100,"Recommended based on good credit score, high income",100,0.4528,84.62,pending,2025-09-01
1549,841,3,2025-06-22,96,Recommended based on stable income,100,0.8,75.0,accepted,2025-09-10
1550,842,10,2025-06-16,93,Recommended based on low credit utilization,100,0.0,75.0,pending,2025-10-01
1551,842,13,2025-07-11,100,Recommended based on low credit utilization,100,0.0,75.0,accepted,2025-09-11
1552,843,39,2025-05-26,100,Recommended based on stable income,100,0.5,80.0,accepted,2025-09-17
1553,844,32,2025-05-22,91,"Recommended based on good credit score, high income",100,0.2484,78.57,accepted,2025-09-28
1554,844,14,2025-06-18,100,"Recommended based on good credit score, high income",100,0.2484,78.57,pending,2025-08-28
1555,844,36,2025-06-15,87,"Recommended based on good credit score, high income",100,0.2484,78.57,pending,2025-08-24
1556,845,39,2025-05-20,100,"Recommended based on good credit score, low credit utilization",100,0.1,85.71,accepted,2025-09-13
1557,846,49,2025-06-13,90,"Recommended based on good credit score, excellent payment history",100,0.3,100.0,accepted,2025-08-25
1558,847,37,2025-05-29,100,"Recommended based on excellent credit score, high income",100,0.1,100.0,expired,2025-10-03
1559,847,27,2025-05-31,100,"Recommended based on excellent credit score, high income",100,0.1,100.0,expired,2025-09-24
1560,847,7,2025-06-21,100,"Recommended based on excellent credit score, high income",100,0.1,100.0,declined,2025-07-25
1561,848,3,2025-06-26,100,Standard recommendation,100,0.5,42.86,pending,2025-08-09
1562,849,15,2025-07-11,100,"Recommended based on good credit score, high income",100,0.3,88.89,pending,2025-09-22
1563,849,9,2025-05-24,100,"Recommended based on good credit score, high income",100,0.3,88.89,pending,2025-08-04
1564,849,10,2025-07-15,100,"Recommended based on good credit score, high income",100,0.3,88.89,pending,2025-07-16
1565,850,3,2025-06-02,92,Standard recommendation,100,0.8,40.0,accepted,2025-09-29
1566,851,35,2025-06-28,82,"Recommended based on good credit score, low credit utilization",100,0.0906,88.89,declined,2025-10-12
1567,852,10,2025-07-01,100,"Recommended based on good credit score, stable income",100,0.1,85.71,accepted,2025-08-24
1568,852,15,2025-06-24,100,"Recommended based on good credit score, stable income",100,0.1,85.71,pending,2025-07-31
1569,852,7,2025-07-01,100,"Recommended based on good credit score, stable income",100,0.1,85.71,pending,2025-09-15
1570,852,21,2025-06-20,100,"Recommended based on good credit score, stable income",100,0.1,85.71,pending,2025-09-23
1571,853,35,2025-05-30,95,"Recommended based on good credit score, stable income",100,0.1,100.0,pending,2025-07-19
1572,854,13,2025-06-10,100,"Recommended based on excellent credit score, low credit utilization",100,0.0,100.0,expired,2025-10-04
1573,855,3,2025-06-10,100,Standard recommendation,100,0.8,0.0,expired,2025-09-14
1574,856,3,2025-05-22,100,"Recommended based on excellent credit score, high income",100,0.1,100.0,pending,2025-09-13
1575,856,14,2025-07-08,100,"Recommended based on excellent credit score, high income",100,0.1,100.0,pending,2025-10-11
1576,856,1,2025-07-13,100,"Recommended based on excellent credit score, high income",100,0.1,100.0,accepted,2025-07-25
1577,857,21,2025-07-11,94,Standard recommendation,100,0.3,75.0,declined,2025-09-20
1578,857,13,2025-05-18,100,Standard recommendation,100,0.3,75.0,pending,2025-08-17
1579,857,30,2025-06-23,78,Standard recommendation,100,0.3,75.0,pending,2025-09-26
1580,858,13,2025-05-20,89,"Recommended based on stable income, low credit utilization",100,0.1,33.33,declined,2025-07-22
1581,858,21,2025-06-26,100,"Recommended based on stable income, low credit utilization",100,0.1,33.33,accepted,2025-08-18
1582,859,19,2025-06-15,100,"Recommended based on excellent credit score, high income",100,0.4226,100.0,declined,2025-09-02
1583,859,27,2025-06-11,100,"Recommended based on excellent credit score, high income",100,0.4226,100.0,accepted,2025-07-19
1584,860,46,2025-06-16,100,"Recommended based on excellent credit score, high income",100,0.4035,83.33,expired,2025-08-08
1585,860,31,2025-06-02,100,"Recommended based on excellent credit score, high income",100,0.4035,83.33,pending,2025-09-27
1586,861,21,2025-06-27,95,Standard recommendation,100,0.3,80.0,accepted,2025-09-24
1587,862,30,2025-05-23,91,"Recommended based on stable income, low credit utilization",100,0.214,78.57,declined,2025-09-09
1588,862,12,2025-06-16,100,"Recommended based on stable income, low credit utilization",100,0.214,78.57,pending,2025-08-15
1589,863,3,2025-07-09,100,Recommended based on low credit utilization,100,0.0,75.0,declined,2025-08-22
1590,863,8,2025-07-09,84,Recommended based on low credit utilization,100,0.0,75.0,accepted,2025-09-24
1591,863,13,2025-05-27,100,Recommended based on low credit utilization,100,0.0,75.0,pending,2025-09-16
1592,864,49,2025-06-27,100,"Recommended based on good credit score, high income",100,0.1963,60.0,accepted,2025-09-18
1593,864,12,2025-07-13,100,"Recommended based on good credit score, high income",100,0.1963,60.0,accepted,2025-07-25
1594,865,13,2025-07-03,98,Recommended based on excellent payment history,100,0.3,100.0,accepted,2025-09-22
1595,865,5,2025-07-01,100,Recommended based on excellent payment history,100,0.3,100.0,expired,2025-08-28
1596,866,43,2025-05-20,89,"Recommended based on good credit score, stable income",100,0.2469,75.0,pending,2025-09-13
1597,866,10,2025-05-29,100,"Recommended based on good credit score, stable income",100,0.2469,75.0,pending,2025-07-20
1598,867,20,2025-06-02,99,"Recommended based on excellent credit score, stable income",100,0.294,92.86,pending,2025-07-19
1599,867,13,2025-05-20,100,"Recommended based on excellent credit score, stable income",100,0.294,92.86,pending,2025-09-21
1600,867,43,2025-05-24,100,"Recommended based on excellent credit score, stable income",100,0.294,92.86,expired,2025-08-30
1601,867,3,2025-06-18,100,"Recommended based on excellent credit score, stable income",100,0.294,92.86,accepted,2025-08-04
1602,868,49,2025-06-11,84,Recommended based on good credit score,100,0.5,85.71,declined,2025-09-22
1603,868,5,2025-05-20,100,Recommended based on good credit score,100,0.5,85.71,pending,2025-08-07
1604,868,42,2025-06-13,93,Recommended based on good credit score,100,0.5,85.71,pending,2025-09-07
1605,869,33,2025-05-29,100,"Recommended based on good credit score, stable income",100,0.4352,90.0,declined,2025-07-31
1606,870,12,2025-06-24,100,"Recommended based on good credit score, stable income",100,0.3656,85.71,declined,2025-08-24
1607,870,42,2025-05-18,93,"Recommended based on good credit score, stable income",100,0.3656,85.71,pending,2025-07-30
1608,871,21,2025-06-05,95,Recommended based on stable income,100,0.3,66.67,expired,2025-08-07
1609,871,3,2025-05-29,100,Recommended based on stable income,100,0.3,66.67,pending,2025-09-20
1610,872,12,2025-07-09,100,"Recommended based on good credit score, excellent payment history",100,0.3,100.0,pending,2025-09-06
1611,873,3,2025-06-08,100,Recommended based on low credit utilization,100,0.1,50.0,declined,2025-10-03
1612,873,13,2025-05-26,97,Recommended based on low credit utilization,100,0.1,50.0,declined,2025-08-22
1613,874,49,2025-07-08,100,"Recommended based on good credit score, high income",100,0.7447,81.82,pending,2025-08-13
1614,875,21,2025-06-09,100,"Recommended based on good credit score, stable income",100,0.5,80.0,pending,2025-09-16
1615,875,43,2025-05-17,85,"Recommended based on good credit score, stable income",100,0.5,80.0,accepted,2025-09-04
1616,876,32,2025-07-15,99,"Recommended based on good credit score, stable income",100,0.5,87.5,declined,2025-09-23
1617,877,13,2025-06-19,100,"Recommended based on good credit score, high income",100,0.1347,95.0,declined,2025-08-23
1618,877,25,2025-06-08,100,"Recommended based on good credit score, high income",100,0.1347,95.0,accepted,2025-10-06
1619,877,20,2025-05-26,100,"Recommended based on good credit score, high income",100,0.1347,95.0,declined,2025-07-22
1620,878,39,2025-06-16,96,"Recommended based on good credit score, low credit utilization",100,0.1,87.5,pending,2025-08-21
1621,878,12,2025-06-05,100,"Recommended based on good credit score, low credit utilization",100,0.1,87.5,pending,2025-10-03
1622,878,25,2025-06-18,98,"Recommended based on good credit score, low credit utilization",100,0.1,87.5,pending,2025-09-24
1623,879,8,2025-06-15,90,"Recommended based on stable income, low credit utilization",100,0.1639,55.0,declined,2025-08-09
1624,879,3,2025-07-13,100,"Recommended based on stable income, low credit utilization",100,0.1639,55.0,pending,2025-07-19
1625,879,43,2025-07-11,86,"Recommended based on stable income, low credit utilization",100,0.1639,55.0,accepted,2025-07-27
1626,880,35,2025-06-18,100,"Recommended based on excellent credit score, high income",100,0.2131,93.33,expired,2025-07-17
1627,881,13,2025-05-22,100,Recommended based on low credit utilization,100,0.0,37.5,pending,2025-08-27
1628,881,5,2025-06-01,90,Recommended based on low credit utilization,100,0.0,37.5,accepted,2025-08-15
1629,881,12,2025-07-10,76,Recommended based on low credit utilization,100,0.0,37.5,expired,2025-09-17
1630,881,21,2025-05-28,99,Recommended based on low credit utilization,100,0.0,37.5,pending,2025-09-23
1631,882,37,2025-05-27,100,"Recommended based on excellent credit score, high income",100,0.2688,91.3,declined,2025-10-01
1632,882,13,2025-07-10,100,"Recommended based on excellent credit score, high income",100,0.2688,91.3,accepted,2025-07-26
1633,883,14,2025-05-29,89,"Recommended based on good credit score, high income",100,0.3,87.5,declined,2025-08-10
1634,884,13,2025-07-13,100,Recommended based on stable income,100,0.6645,80.0,declined,2025-09-13
1635,884,44,2025-07-14,78,Recommended based on stable income,100,0.6645,80.0,expired,2025-09-28
1636,885,34,2025-06-30,92,Recommended based on high income,100,0.6244,86.67,accepted,2025-09-11
1637,885,49,2025-06-08,100,Recommended based on high income,100,0.6244,86.67,pending,2025-07-29
1638,886,22,2025-05-31,100,"Recommended based on excellent credit score, high income",100,0.3,87.5,expired,2025-08-21
1639,886,30,2025-06-16,100,"Recommended based on excellent credit score, high income",100,0.3,87.5,accepted,2025-09-18
1640,886,33,2025-07-10,100,"Recommended based on excellent credit score, high income",100,0.3,87.5,pending,2025-08-10
1641,887,38,2025-06-20,100,"Recommended based on excellent credit score, stable income",100,0.1,100.0,expired,2025-09-17
1642,887,42,2025-05-23,100,"Recommended based on excellent credit score, stable income",100,0.1,100.0,pending,2025-08-03
1643,888,3,2025-06-24,100,Recommended based on stable income,100,0.3,60.0,pending,2025-10-13
1644,888,13,2025-06-24,94,Recommended based on stable income,100,0.3,60.0,pending,2025-08-16
1645,889,45,2025-05-21,87,"Recommended based on good credit score, stable income",100,0.2065,100.0,pending,2025-10-09
1646,890,7,2025-06-13,100,"Recommended based on excellent credit score, high income",100,0.2628,100.0,accepted,2025-08-20
1647,890,29,2025-06-08,100,"Recommended based on excellent credit score, high income",100,0.2628,100.0,pending,2025-08-20
1648,891,49,2025-06-02,100,"Recommended based on excellent credit score, high income",100,0.3,100.0,accepted,2025-09-14
1649,891,45,2025-05-18,100,"Recommended based on excellent credit score, high income",100,0.3,100.0,expired,2025-08-09
1650,892,30,2025-07-01,100,"Recommended based on good credit score, high income",100,0.1944,91.67,pending,2025-08-19
1651,892,27,2025-06-11,93,"Recommended based on good credit score, high income",100,0.1944,91.67,accepted,2025-09-09
1652,893,15,2025-07-15,100,"Recommended based on excellent credit score, high income",100,0.2,84.62,pending,2025-08-02
1653,894,39,2025-05-28,98,Recommended based on stable income,100,0.8,75.0,expired,2025-08-03
1654,895,35,2025-07-08,93,"Recommended based on excellent credit score, low credit utilization",100,0.0,100.0,pending,2025-10-10
1655,895,46,2025-07-05,85,"Recommended based on excellent credit score, low credit utilization",100,0.0,100.0,declined,2025-09-04
1656,895,8,2025-06-26,100,"Recommended based on excellent credit score, low credit utilization",100,0.0,100.0,pending,2025-09-08
1657,896,32,2025-07-09,91,"Recommended based on good credit score, stable income",100,0.4,90.91,pending,2025-09-08
1658,897,45,2025-05-24,92,"Recommended based on good credit score, stable income",100,0.1,100.0,pending,2025-10-04
1659,897,49,2025-06-08,100,"Recommended based on good credit score, stable income",100,0.1,100.0,declined,2025-09-20
1660,897,12,2025-06-17,100,"Recommended based on good credit score, stable income",100,0.1,100.0,accepted,2025-08-23
1661,898,25,2025-06-22,100,"Recommended based on excellent credit score, high income",100,0.3981,100.0,accepted,2025-07-18
1662,898,21,2025-06-04,100,"Recommended based on excellent credit score, high income",100,0.3981,100.0,pending,2025-08-07
1663,898,46,2025-05-27,100,"Recommended based on excellent credit score, high income",100,0.3981,100.0,pending,2025-09-16
1664,898,30,2025-06-16,100,"Recommended based on excellent credit score, high income",100,0.3981,100.0,accepted,2025-07-26
1665,899,3,2025-06-03,100,"Recommended based on good credit score, high income",100,0.6888,83.33,pending,2025-08-07
1666,900,3,2025-06-01,100,"Recommended based on excellent credit score, high income",100,0.191,89.47,pending,2025-07-29
1667,901,40,2025-07-07,100,"Recommended based on good credit score, high income",100,0.3443,85.0,pending,2025-10-06
1668,902,10,2025-05-28,100,"Recommended based on excellent credit score, stable income",100,0.0446,80.0,accepted,2025-08-06
1669,902,16,2025-06-08,87,"Recommended based on excellent credit score, stable income",100,0.0446,80.0,pending,2025-09-07
1670,903,32,2025-05-20,100,"Recommended based on excellent credit score, high income",100,0.407,92.31,pending,2025-09-01
1671,903,15,2025-06-09,100,"Recommended based on excellent credit score, high income",100,0.407,92.31,pending,2025-09-07
1672,903,19,2025-07-04,100,"Recommended based on excellent credit score, high income",100,0.407,92.31,expired,2025-07-23
1673,904,13,2025-06-12,100,"Recommended based on excellent credit score, high income",100,0.2375,85.71,declined,2025-09-03
1674,904,36,2025-07-08,100,"Recommended based on excellent credit score, high income",100,0.2375,85.71,declined,2025-08-10
1675,905,13,2025-06-03,100,"Recommended based on good credit score, excellent payment history",100,0.5,100.0,accepted,2025-08-13
1676,905,35,2025-05-24,100,"Recommended based on good credit score, excellent payment history",100,0.5,100.0,expired,2025-09-15
1677,905,20,2025-06-23,100,"Recommended based on good credit score, excellent payment history",100,0.5,100.0,declined,2025-09-14
1678,906,49,2025-07-02,100,"Recommended based on good credit score, high income",100,0.3,87.5,expired,2025-07-21
1679,906,39,2025-06-27,100,"Recommended based on good credit score, high income",100,0.3,87.5,pending,2025-08-07
1680,906,30,2025-05-25,100,"Recommended based on good credit score, high income",100,0.3,87.5,expired,2025-09-13
1681,907,36,2025-07-15,100,"Recommended based on excellent credit score, high income",100,0.0505,90.91,pending,2025-08-02
1682,908,27,2025-05-29,99,Recommended based on high income,100,0.3,75.0,declined,2025-09-30
1683,909,37,2025-05-20,100,"Recommended based on good credit score, stable income",100,0.3732,100.0,declined,2025-09-11
1684,909,3,2025-07-04,100,"Recommended based on good credit score, stable income",100,0.3732,100.0,declined,2025-08-15
1685,910,13,2025-06-03,96,Recommended based on low credit utilization,100,0,85.0,declined,2025-10-09
1686,911,13,2025-06-23,100,"Recommended based on good credit score, high income",100,0.3,100.0,accepted,2025-09-29
1687,911,20,2025-07-09,100,"Recommended based on good credit score, high income",100,0.3,100.0,pending,2025-09-26
1688,912,34,2025-07-15,100,"Recommended based on excellent credit score, high income",100,0.1908,100.0,pending,2025-09-02
1689,912,16,2025-05-27,100,"Recommended based on excellent credit score, high income",100,0.1908,100.0,pending,2025-09-06
1690,912,48,2025-06-29,100,"Recommended based on excellent credit score, high income",100,0.1908,100.0,accepted,2025-10-05
1691,913,30,2025-07-07,100,"Recommended based on excellent credit score, high income",100,0.3,81.82,accepted,2025-07-26
1692,913,46,2025-07-12,100,"Recommended based on excellent credit score, high income",100,0.3,81.82,declined,2025-08-04
1693,914,27,2025-06-19,100,"Recommended based on excellent credit score, high income",100,0.3963,88.89,declined,2025-09-25
1694,915,5,2025-05-27,100,Recommended based on stable income,100,0.3,50.0,declined,2025-07-21
1695,915,3,2025-07-06,100,Recommended based on stable income,100,0.3,50.0,pending,2025-10-08
1696,915,30,2025-06-05,97,Recommended based on stable income,100,0.3,50.0,pending,2025-08-07
1697,916,44,2025-06-17,76,"Recommended based on stable income, low credit utilization",100,0.1,75.0,pending,2025-07-20
1698,917,49,2025-06-21,92,"Recommended based on good credit score, low credit utilization",100,0.1,100.0,pending,2025-07-25
1699,917,30,2025-07-09,96,"Recommended based on good credit score, low credit utilization",100,0.1,100.0,pending,2025-07-21
1700,918,13,2025-06-04,100,Recommended based on stable income,100,0.3,75.0,pending,2025-09-23
1701,918,39,2025-05-31,83,Recommended based on stable income,100,0.3,75.0,accepted,2025-09-03
1702,919,3,2025-06-01,100,"Recommended based on excellent credit score, high income",100,0.3,100.0,pending,2025-10-01
1703,919,15,2025-06-13,100,"Recommended based on excellent credit score, high income",100,0.3,100.0,declined,2025-09-24
1704,920,15,2025-07-09,97,Recommended based on stable income,100,0.347,78.57,expired,2025-07-24
1705,920,21,2025-05-27,100,Recommended based on stable income,100,0.347,78.57,pending,2025-08-05
1706,921,17,2025-05-22,100,"Recommended based on excellent credit score, high income",100,0.1409,100.0,expired,2025-07-27
1707,921,28,2025-07-05,100,"Recommended based on excellent credit score, high income",100,0.1409,100.0,declined,2025-08-11
1708,922,34,2025-06-29,100,"Recommended based on good credit score, high income",100,0.5338,92.31,pending,2025-09-13
1709,923,42,2025-06-17,100,"Recommended based on good credit score, low credit utilization",100,0.1,100.0,accepted,2025-10-06
1710,923,13,2025-07-03,100,"Recommended based on good credit score, low credit utilization",100,0.1,100.0,expired,2025-08-02
1711,923,12,2025-07-13,100,"Recommended based on good credit score, low credit utilization",100,0.1,100.0,pending,2025-09-19
1712,924,21,2025-07-06,83,Recommended based on low credit utilization,100,0.1,50.0,pending,2025-08-03
1713,925,36,2025-06-07,87,"Recommended based on good credit score, high income",100,0.3,75.0,expired,2025-08-07
1714,926,21,2025-06-12,100,Recommended based on low credit utilization,100,0.1,50.0,declined,2025-08-12
1715,927,35,2025-06-01,100,"Recommended based on good credit score, low credit utilization",100,0.1,87.5,pending,2025-09-28
1716,927,45,2025-07-14,85,"Recommended based on good credit score, low credit utilization",100,0.1,87.5,pending,2025-08-29
1717,928,32,2025-06-19,85,"Recommended based on good credit score, high income",100,0.3704,81.82,declined,2025-07-22
1718,929,13,2025-05-25,100,Recommended based on stable income,100,0.354,66.67,accepted,2025-09-04
1719,930,28,2025-07-15,91,Recommended based on stable income,100,0.5,75.0,pending,2025-08-17
1720,930,21,2025-06-06,95,Recommended based on stable income,100,0.5,75.0,accepted,2025-08-30
1721,931,3,2025-06-19,100,"Recommended based on good credit score, stable income",100,0.3069,88.89,accepted,2025-09-02
1722,932,5,2025-07-03,100,Recommended based on low credit utilization,100,0,85.0,expired,2025-10-05
1723,933,35,2025-05-22,100,"Recommended based on good credit score, excellent payment history",100,0.3,100.0,accepted,2025-10-09
1724,933,7,2025-06-13,100,"Recommended based on good credit score, excellent payment history",100,0.3,100.0,expired,2025-08-25
1725,934,25,2025-05-30,100,"Recommended based on good credit score, stable income",100,0.3,83.33,pending,2025-09-26
1726,934,13,2025-06-21,100,"Recommended based on good credit score, stable income",100,0.3,83.33,pending,2025-08-15
1727,935,13,2025-06-09,100,"Recommended based on stable income, low credit utilization",100,0.193,75.0,accepted,2025-07-23
1728,935,5,2025-06-25,99,"Recommended based on stable income, low credit utilization",100,0.193,75.0,expired,2025-09-23
1729,936,12,2025-06-26,73,Recommended based on low credit utilization,100,0.0,20.0,pending,2025-08-20
1730,937,36,2025-07-12,90,"Recommended based on good credit score, high income",100,0.1,90.91,pending,2025-10-05
1731,938,13,2025-06-16,100,"Recommended based on good credit score, excellent payment history",100,0.3,100.0,accepted,2025-10-06
1732,938,8,2025-06-10,100,"Recommended based on good credit score, excellent payment history",100,0.3,100.0,accepted,2025-07-19
1733,939,3,2025-07-06,100,"Recommended based on good credit score, high income",100,0.5491,84.21,accepted,2025-09-16
1734,939,34,2025-06-23,100,"Recommended based on good credit score, high income",100,0.5491,84.21,pending,2025-08-05
1735,940,30,2025-07-11,100,"Recommended based on excellent credit score, high income",100,0.1,100.0,pending,2025-08-06
1736,940,32,2025-06-10,100,"Recommended based on excellent credit score, high income",100,0.1,100.0,accepted,2025-08-29
1737,940,3,2025-05-21,100,"Recommended based on excellent credit score, high income",100,0.1,100.0,accepted,2025-10-10
1738,941,21,2025-07-02,100,"Recommended based on good credit score, stable income",100,0.1676,87.5,pending,2025-07-28
1739,942,15,2025-06-20,95,"Recommended based on excellent credit score, stable income",100,0.1753,90.91,pending,2025-10-01
1740,943,37,2025-06-22,100,"Recommended based on good credit score, stable income",100,0.5,100.0,accepted,2025-09-09
1741,943,13,2025-05-23,100,"Recommended based on good credit score, stable income",100,0.5,100.0,expired,2025-07-25
1742,943,3,2025-06-11,100,"Recommended based on good credit score, stable income",100,0.5,100.0,declined,2025-10-10
1743,944,44,2025-06-11,85,Recommended based on stable income,100,0.5,87.5,pending,2025-09-23
1744,944,7,2025-06-01,100,Recommended based on stable income,100,0.5,87.5,pending,2025-10-03
1745,944,5,2025-05-24,100,Recommended based on stable income,100,0.5,87.5,accepted,2025-07-21
1746,945,37,2025-06-18,100,"Recommended based on good credit score, stable income",100,0.3897,81.25,accepted,2025-07-23
1747,946,16,2025-06-08,100,"Recommended based on excellent credit score, high income",100,0.0779,90.91,accepted,2025-08-20
1748,947,12,2025-06-26,100,"Recommended based on stable income, excellent payment history",100,0.8,100.0,declined,2025-09-12
1749,947,10,2025-05-19,100,"Recommended based on stable income, excellent payment history",100,0.8,100.0,declined,2025-07-29
1750,947,30,2025-06-04,89,"Recommended based on stable income, excellent payment history",100,0.8,100.0,declined,2025-08-04
1751,948,3,2025-06-17,100,Standard recommendation,100,0.5,80.0,accepted,2025-09-10
1752,949,5,2025-05-28,100,Recommended based on excellent payment history,100,0.5,100.0,accepted,2025-09-02
1753,949,3,2025-06-12,99,Recommended based on excellent payment history,100,0.5,100.0,pending,2025-09-08
1754,950,3,2025-07-08,100,"Recommended based on excellent credit score, high income",100,0.5,90.0,accepted,2025-10-04
1755,950,39,2025-06-10,100,"Recommended based on excellent credit score, high income",100,0.5,90.0,pending,2025-08-16
1756,951,18,2025-05-18,100,"Recommended based on excellent credit score, high income",100,0.3,91.67,accepted,2025-07-19
1757,951,26,2025-05-18,100,"Recommended based on excellent credit score, high income",100,0.3,91.67,accepted,2025-07-29
1758,951,27,2025-06-14,100,"Recommended based on excellent credit score, high income",100,0.3,91.67,pending,2025-08-27
1759,952,13,2025-07-08,100,Standard recommendation,100,0.3,85.71,accepted,2025-09-19
1760,952,7,2025-07-02,100,Standard recommendation,100,0.3,85.71,pending,2025-07-31
1761,952,3,2025-07-11,100,Standard recommendation,100,0.3,85.71,pending,2025-10-03
1762,953,37,2025-06-16,100,"Recommended based on good credit score, low credit utilization",100,0.208,87.5,expired,2025-09-03
1763,954,13,2025-06-07,100,"Recommended based on excellent credit score, high income",100,0.1248,90.91,pending,2025-09-18
1764,954,25,2025-07-13,100,"Recommended based on excellent credit score, high income",100,0.1248,90.91,pending,2025-09-25
1765,955,3,2025-07-14,100,Recommended based on stable income,100,0.5,66.67,pending,2025-08-31
1766,955,21,2025-07-12,100,Recommended based on stable income,100,0.5,66.67,expired,2025-08-11
1767,956,3,2025-06-04,100,Recommended based on low credit utilization,100,0.1,66.67,pending,2025-09-27
1768,957,28,2025-06-07,95,Recommended based on stable income,100,0.3,83.33,accepted,2025-07-23
1769,957,21,2025-05-23,100,Recommended based on stable income,100,0.3,83.33,pending,2025-07-29
1770,958,20,2025-07-08,100,"Recommended based on excellent credit score, stable income",100,0.0,100.0,declined,2025-10-04
1771,958,12,2025-05-24,100,"Recommended based on excellent credit score, stable income",100,0.0,100.0,pending,2025-08-08
1772,959,28,2025-06-09,87,Recommended based on stable income,100,0.3,60.0,declined,2025-08-21
1773,960,35,2025-06-11,100,"Recommended based on excellent credit score, stable income",100,0.0,100.0,declined,2025-07-18
1774,960,12,2025-06-20,100,"Recommended based on excellent credit score, stable income",100,0.0,100.0,expired,2025-09-08
1775,961,39,2025-05-20,90,Recommended based on low credit utilization,100,0.1,75.0,accepted,2025-07-16
1776,961,5,2025-05-18,92,Recommended based on low credit utilization,100,0.1,75.0,pending,2025-09-30
1777,961,12,2025-06-24,99,Recommended based on low credit utilization,100,0.1,75.0,pending,2025-08-18
1778,962,39,2025-06-15,78,Standard recommendation,100,0.3,71.43,declined,2025-08-09
1779,963,29,2025-07-02,100,"Recommended based on excellent credit score, high income",100,0.1,100.0,accepted,2025-09-23
1780,963,31,2025-06-20,100,"Recommended based on excellent credit score, high income",100,0.1,100.0,pending,2025-09-23
1781,963,35,2025-06-28,100,"Recommended based on excellent credit score, high income",100,0.1,100.0,declined,2025-10-04
1782,964,5,2025-05-24,100,"Recommended based on high income, low credit utilization",100,0.2,72.73,declined,2025-07-25
1783,964,21,2025-05-27,100,"Recommended based on high income, low credit utilization",100,0.2,72.73,pending,2025-10-06
1784,965,44,2025-07-09,100,Recommended based on high income,100,0.5,75.0,expired,2025-09-07
1785,965,39,2025-06-18,100,Recommended based on high income,100,0.5,75.0,accepted,2025-09-08
1786,966,13,2025-07-12,100,Recommended based on low credit utilization,100,0.1,16.67,pending,2025-08-07
1787,966,3,2025-06-10,100,Recommended based on low credit utilization,100,0.1,16.67,pending,2025-08-30
1788,967,39,2025-06-16,100,"Recommended based on good credit score, stable income",100,0.1708,87.5,declined,2025-07-26
1789,968,8,2025-06-27,100,"Recommended based on stable income, low credit utilization",100,0.1,66.67,pending,2025-08-02
1790,968,43,2025-07-03,88,"Recommended based on stable income, low credit utilization",100,0.1,66.67,pending,2025-10-03
1791,968,15,2025-06-30,100,"Recommended based on stable income, low credit utilization",100,0.1,66.67,pending,2025-08-31
1792,969,21,2025-06-03,81,Recommended based on low credit utilization,100,0.1,42.86,accepted,2025-08-11
1793,969,13,2025-06-21,100,Recommended based on low credit utilization,100,0.1,42.86,accepted,2025-09-18
1794,970,35,2025-07-07,100,"Recommended based on excellent credit score, high income",100,0.1545,87.5,pending,2025-09-19
1795,971,3,2025-06-16,100,Recommended based on stable income,100,0.471,62.5,accepted,2025-08-16
1796,971,34,2025-06-10,83,Recommended based on stable income,100,0.471,62.5,pending,2025-10-05
1797,972,3,2025-06-23,100,Recommended based on stable income,100,0.3,66.67,pending,2025-08-02
1798,973,46,2025-06-22,100,"Recommended based on good credit score, excellent payment history",100,0.5,100.0,pending,2025-10-01
1799,974,14,2025-05-18,95,"Recommended based on excellent credit score, high income",100,0.1,100.0,accepted,2025-07-23
1800,974,2,2025-07-15,100,"Recommended based on excellent credit score, high income",100,0.1,100.0,expired,2025-09-03
1801,974,41,2025-06-15,99,"Recommended based on excellent credit score, high income",100,0.1,100.0,declined,2025-09-11
1802,975,3,2025-06-05,100,Recommended based on stable income,100,0.5,66.67,pending,2025-09-23
1803,976,3,2025-06-07,100,Standard recommendation,100,0.5,50.0,accepted,2025-08-03
1804,977,9,2025-07-14,100,"Recommended based on good credit score, high income",100,0.3718,90.91,pending,2025-07-16
1805,977,6,2025-06-28,100,"Recommended based on good credit score, high income",100,0.3718,90.91,declined,2025-10-09
1806,977,30,2025-06-07,100,"Recommended based on good credit score, high income",100,0.3718,90.91,pending,2025-07-18
1807,978,5,2025-05-25,100,Standard recommendation,100,0.95,62.5,accepted,2025-09-18
1808,978,29,2025-06-19,79,Standard recommendation,100,0.95,62.5,pending,2025-08-11
1809,978,34,2025-05-30,86,Standard recommendation,100,0.95,62.5,expired,2025-08-05
1810,979,27,2025-05-17,100,"Recommended based on good credit score, high income",100,0.6876,88.24,accepted,2025-10-11
1811,980,3,2025-07-13,100,"Recommended based on excellent credit score, high income",100,0.2355,89.47,pending,2025-09-09
1812,981,13,2025-06-20,99,Recommended based on stable income,100,0.5,50.0,pending,2025-10-01
1813,982,8,2025-07-09,100,"Recommended based on good credit score, high income",100,0.3,83.33,declined,2025-07-20
1814,983,30,2025-06-23,100,"Recommended based on good credit score, stable income",100,0.5,100.0,accepted,2025-08-17
1815,983,10,2025-07-06,100,"Recommended based on good credit score, stable income",100,0.5,100.0,accepted,2025-09-01
1816,984,15,2025-05-28,100,"Recommended based on good credit score, stable income",100,0.5,100.0,accepted,2025-10-10
1817,984,42,2025-06-19,100,"Recommended based on good credit score, stable income",100,0.5,100.0,pending,2025-10-11
1818,984,39,2025-07-10,100,"Recommended based on good credit score, stable income",100,0.5,100.0,declined,2025-09-04
1819,985,12,2025-05-29,100,Recommended based on low credit utilization,100,0.1,75.0,accepted,2025-08-10
1820,985,3,2025-06-17,100,Recommended based on low credit utilization,100,0.1,75.0,accepted,2025-08-29
1821,986,37,2025-06-26,100,"Recommended based on good credit score, stable income",100,0.1,87.5,pending,2025-10-13
1822,986,3,2025-05-25,100,"Recommended based on good credit score, stable income",100,0.1,87.5,pending,2025-08-15
1823,986,8,2025-06-28,100,"Recommended based on good credit score, stable income",100,0.1,87.5,declined,2025-07-30
1824,987,19,2025-07-05,100,"Recommended based on good credit score, stable income",100,0.5,88.89,accepted,2025-08-29
1825,987,34,2025-05-27,85,"Recommended based on good credit score, stable income",100,0.5,88.89,accepted,2025-07-22
1826,987,27,2025-05-25,93,"Recommended based on good credit score, stable income",100,0.5,88.89,pending,2025-07-21
1827,987,5,2025-06-02,100,"Recommended based on good credit score, stable income",100,0.5,88.89,pending,2025-09-25
1828,988,48,2025-07-03,100,"Recommended based on good credit score, stable income",100,0.3,100.0,accepted,2025-10-11
1829,989,2,2025-06-18,100,"Recommended based on good credit score, high income",100,0.3,100.0,declined,2025-07-16
1830,990,37,2025-06-14,100,"Recommended based on high income, low credit utilization",100,0.2296,72.73,pending,2025-08-02
1831,991,50,2025-06-02,100,"Recommended based on excellent credit score, high income",100,0.3428,100.0,pending,2025-08-26
1832,991,35,2025-07-11,100,"Recommended based on excellent credit score, high income",100,0.3428,100.0,declined,2025-10-11
1833,992,2,2025-06-30,87,"Recommended based on good credit score, low credit utilization",100,0.1,87.5,declined,2025-10-04
1834,993,42,2025-05-20,100,"Recommended based on good credit score, stable income",100,0.5,90.91,declined,2025-08-10
1835,994,15,2025-06-06,100,Recommended based on stable income,100,0.5,71.43,accepted,2025-07-28
1836,995,46,2025-05-26,100,"Recommended based on good credit score, stable income",100,0.1,85.71,declined,2025-08-28
1837,995,13,2025-07-04,100,"Recommended based on good credit score, stable income",100,0.1,85.71,accepted,2025-09-17
1838,995,8,2025-06-13,100,"Recommended based on good credit score, stable income",100,0.1,85.71,pending,2025-08-13
1839,996,47,2025-06-01,100,"Recommended based on excellent credit score, high income",100,0.2474,100.0,accepted,2025-09-01
1840,996,14,2025-06-09,100,"Recommended based on excellent credit score, high income",100,0.2474,100.0,declined,2025-09-12
1841,997,3,2025-07-09,100,Standard recommendation,100,0.3,50.0,pending,2025-08-22
1842,997,21,2025-07-04,97,Standard recommendation,100,0.3,50.0,declined,2025-08-21
1843,998,12,2025-07-15,94,Standard recommendation,100,0.3,71.43,pending,2025-07-17
1844,998,30,2025-07-13,86,Standard recommendation,100,0.3,71.43,declined,2025-08-12
1845,998,37,2025-06-28,100,Standard recommendation,100,0.3,71.43,expired,2025-08-14
1846,999,13,2025-05-19,100,"Recommended based on stable income, excellent payment history",100,0.8,100.0,accepted,2025-09-25
1847,999,3,2025-07-07,100,"Recommended based on stable income, excellent payment history",100,0.8,100.0,pending,2025-07-21
1848,1000,10,2025-06-05,82,Recommended based on low credit utilization,100,0.1602,73.33,expired,2025-09-24
1849,1001,3,2025-06-22,100,Standard recommendation,100,0.3,62.5,pending,2025-08-21
1850,1002,3,2025-06-21,100,Recommended based on low credit utilization,100,0.0,57.14,accepted,2025-09-27
1851,1003,37,2025-06-08,100,Recommended based on stable income,100,0.4359,77.78,expired,2025-08-19
1852,1003,33,2025-06-16,90,Recommended based on stable income,100,0.4359,77.78,pending,2025-08-15
1853,1004,10,2025-06-10,74,Recommended based on low credit utilization,100,0.1,75.0,declined,2025-09-05
1854,1004,21,2025-06-20,100,Recommended based on low credit utilization,100,0.1,75.0,declined,2025-08-14
1855,1005,12,2025-05-21,100,Recommended based on good credit score,100,0.3982,86.67,declined,2025-10-11
1856,1005,42,2025-06-05,82,Recommended based on good credit score,100,0.3982,86.67,declined,2025-08-19
1857,1006,38,2025-06-14,100,"Recommended based on good credit score, high income",100,0.1994,75.0,accepted,2025-07-23
1858,1006,12,2025-06-02,100,"Recommended based on good credit score, high income",100,0.1994,75.0,declined,2025-07-31
1859,1006,43,2025-05-25,100,"Recommended based on good credit score, high income",100,0.1994,75.0,accepted,2025-09-03
1860,1007,3,2025-07-13,100,Standard recommendation,100,0.3,25.0,pending,2025-08-27
1861,1008,3,2025-05-22,100,Standard recommendation,100,0.3,66.67,accepted,2025-07-31
1862,1009,49,2025-07-01,81,"Recommended based on good credit score, stable income",100,0.2267,81.82,expired,2025-09-24
1863,1010,12,2025-06-24,100,"Recommended based on good credit score, high income",100,0.3,66.67,pending,2025-07-19
1864,1010,22,2025-06-12,100,"Recommended based on good credit score, high income",100,0.3,66.67,expired,2025-09-04
1865,1011,27,2025-06-26,100,"Recommended based on good credit score, high income",100,0.6446,82.35,expired,2025-09-20
1866,1011,49,2025-06-15,99,"Recommended based on good credit score, high income",100,0.6446,82.35,pending,2025-08-01
1867,1012,5,2025-06-07,100,"Recommended based on stable income, low credit utilization",100,0.1,78.57,pending,2025-09-29
1868,1013,28,2025-05-30,95,"Recommended based on stable income, low credit utilization",100,0.1,57.14,pending,2025-08-18
1869,1014,18,2025-06-18,100,"Recommended based on excellent credit score, high income",100,0.3,100.0,pending,2025-09-12
1870,1014,20,2025-06-07,100,"Recommended based on excellent credit score, high income",100,0.3,100.0,pending,2025-10-01
1871,1015,37,2025-06-14,89,Standard recommendation,100,0.5,80.0,declined,2025-08-19
1872,1016,5,2025-06-26,100,Recommended based on stable income,100,0.7167,66.67,accepted,2025-08-26
1873,1016,29,2025-05-20,88,Recommended based on stable income,100,0.7167,66.67,accepted,2025-09-15
1874,1017,27,2025-06-17,97,"Recommended based on good credit score, high income",100,0.3667,83.33,declined,2025-08-10
1875,1018,15,2025-06-09,100,"Recommended based on good credit score, high income",100,0.155,83.33,pending,2025-09-09
1876,1019,8,2025-06-07,91,Recommended based on low credit utilization,100,0.0,75.0,pending,2025-08-24
1877,1020,47,2025-06-25,95,"Recommended based on excellent credit score, high income",100,0.4124,100.0,declined,2025-08-03
1878,1021,25,2025-06-16,100,"Recommended based on good credit score, stable income",100,0.3,80.0,accepted,2025-09-29
1879,1021,13,2025-06-24,100,"Recommended based on good credit score, stable income",100,0.3,80.0,accepted,2025-10-11
1880,1021,7,2025-05-20,95,"Recommended based on good credit score, stable income",100,0.3,80.0,declined,2025-09-26
1881,1022,32,2025-06-07,100,"Recommended based on excellent credit score, high income",100,0.0983,78.57,pending,2025-10-08
1882,1023,32,2025-06-16,98,"Recommended based on excellent credit score, high income",100,0.0683,75.0,pending,2025-08-08
1883,1023,41,2025-05-30,86,"Recommended based on excellent credit score, high income",100,0.0683,75.0,pending,2025-09-15
1884,1024,10,2025-07-06,94,Recommended based on stable income,100,0.3,83.33,declined,2025-08-03
1885,1024,37,2025-07-09,100,Recommended based on stable income,100,0.3,83.33,pending,2025-09-11
1886,1024,28,2025-05-29,96,Recommended based on stable income,100,0.3,83.33,accepted,2025-10-05
1887,1025,3,2025-07-14,100,Standard recommendation,100,0.5,20.0,pending,2025-08-11
1888,1026,7,2025-05-23,91,"Recommended based on good credit score, excellent payment history",100,0.3,100.0,pending,2025-08-20
1889,1027,3,2025-06-28,100,Recommended based on low credit utilization,100,0.1,28.57,expired,2025-07-17
1890,1028,3,2025-07-02,100,Standard recommendation,100,0.3,75.0,expired,2025-08-08
1891,1029,5,2025-07-12,100,Standard recommendation,100,0.8715,70.0,pending,2025-08-25
1892,1029,27,2025-07-09,80,Standard recommendation,100,0.8715,70.0,accepted,2025-09-07
1893,1030,47,2025-06-15,92,"Recommended based on excellent credit score, high income",100,0.2302,85.71,pending,2025-09-08
1894,1030,32,2025-06-05,100,"Recommended based on excellent credit score, high income",100,0.2302,85.71,pending,2025-09-20
1895,1031,8,2025-06-29,91,Standard recommendation,100,0.5,80.0,pending,2025-09-29
1896,1031,37,2025-07-11,100,Standard recommendation,100,0.5,80.0,declined,2025-09-22
1897,1031,13,2025-06-27,100,Standard recommendation,100,0.5,80.0,accepted,2025-09-25
1898,1031,10,2025-07-04,91,Standard recommendation,100,0.5,80.0,declined,2025-09-06
1899,1032,2,2025-05-23,100,"Recommended based on excellent credit score, high income",100,0.2116,92.31,declined,2025-10-01
1900,1033,29,2025-06-25,89,Recommended based on stable income,100,0.5418,83.33,pending,2025-07-16
1901,1033,19,2025-07-08,80,Recommended based on stable income,100,0.5418,83.33,accepted,2025-10-02
1902,1033,34,2025-06-08,84,Recommended based on stable income,100,0.5418,83.33,accepted,2025-07-19
1903,1034,41,2025-05-29,100,"Recommended based on excellent credit score, high income",100,0.166,92.31,pending,2025-07-23
1904,1034,29,2025-06-17,100,"Recommended based on excellent credit score, high income",100,0.166,92.31,accepted,2025-07-31
1905,1035,3,2025-06-05,100,Standard recommendation,100,0.4843,60.0,pending,2025-09-17
1906,1035,13,2025-05-20,92,Standard recommendation,100,0.4843,60.0,accepted,2025-08-14
1907,1036,17,2025-06-20,98,"Recommended based on excellent credit score, high income",100,0.2589,100.0,pending,2025-09-08
1908,1036,33,2025-07-15,100,"Recommended based on excellent credit score, high income",100,0.2589,100.0,pending,2025-07-23
1909,1037,12,2025-06-03,100,"Recommended based on good credit score, high income",100,0.3774,100.0,declined,2025-08-29
1910,1037,5,2025-06-24,100,"Recommended based on good credit score, high income",100,0.3774,100.0,accepted,2025-08-06
1911,1038,36,2025-07-07,100,"Recommended based on excellent credit score, high income",100,0.1,93.33,pending,2025-07-27
1912,1038,37,2025-06-22,100,"Recommended based on excellent credit score, high income",100,0.1,93.33,pending,2025-10-05
1913,1038,38,2025-05-22,100,"Recommended based on excellent credit score, high income",100,0.1,93.33,declined,2025-10-03
1914,1038,15,2025-05-24,100,"Recommended based on excellent credit score, high income",100,0.1,93.33,accepted,2025-10-12
1915,1039,33,2025-06-11,98,"Recommended based on good credit score, stable income",100,0.3,86.67,pending,2025-08-29
1916,1040,8,2025-05-20,99,"Recommended based on stable income, low credit utilization",100,0.1,80.0,expired,2025-08-07
1917,1040,49,2025-06-20,75,"Recommended based on stable income, low credit utilization",100,0.1,80.0,pending,2025-10-09
1918,1040,10,2025-05-23,100,"Recommended based on stable income, low credit utilization",100,0.1,80.0,accepted,2025-10-08
1919,1041,1,2025-05-28,75,"Recommended based on excellent credit score, high income",100,0.1087,100.0,pending,2025-07-22
1920,1041,27,2025-05-29,99,"Recommended based on excellent credit score, high income",100,0.1087,100.0,pending,2025-10-02
1921,1042,3,2025-06-23,100,Recommended based on low credit utilization,100,0.1,50.0,accepted,2025-10-08
1922,1043,48,2025-06-17,100,"Recommended based on excellent credit score, high income",100,0.1,100.0,declined,2025-09-28
1923,1043,3,2025-05-24,100,"Recommended based on excellent credit score, high income",100,0.1,100.0,pending,2025-09-05
1924,1043,10,2025-06-23,100,"Recommended based on excellent credit score, high income",100,0.1,100.0,accepted,2025-07-31
1925,1044,2,2025-06-24,100,"Recommended based on excellent credit score, high income",100,0.1335,90.91,pending,2025-07-30
1926,1044,3,2025-06-09,100,"Recommended based on excellent credit score, high income",100,0.1335,90.91,pending,2025-10-10
1927,1045,21,2025-06-15,92,Recommended based on low credit utilization,100,0.0,62.5,expired,2025-08-03
1928,1045,3,2025-05-17,100,Recommended based on low credit utilization,100,0.0,62.5,pending,2025-08-01
1929,1046,7,2025-07-05,100,"Recommended based on good credit score, stable income",100,0.1,90.91,declined,2025-10-02
1930,1047,13,2025-06-10,98,Standard recommendation,100,0.3,50.0,pending,2025-09-27
1931,1047,3,2025-06-06,100,Standard recommendation,100,0.3,50.0,accepted,2025-09-09
1932,1047,21,2025-07-01,90,Standard recommendation,100,0.3,50.0,declined,2025-10-13
1933,1048,35,2025-07-14,100,"Recommended based on good credit score, stable income",100,0.1,87.5,declined,2025-08-07
1934,1048,37,2025-06-01,100,"Recommended based on good credit score, stable income",100,0.1,87.5,declined,2025-07-18
1935,1048,25,2025-05-31,100,"Recommended based on good credit score, stable income",100,0.1,87.5,pending,2025-07-19
1936,1049,3,2025-07-14,100,Standard recommendation,100,0.3,42.86,declined,2025-08-29
1937,1050,22,2025-06-07,100,"Recommended based on excellent credit score, high income",100,0.303,100.0,accepted,2025-07-29
1938,1050,3,2025-05-28,100,"Recommended based on excellent credit score, high income",100,0.303,100.0,declined,2025-09-25
1939,1050,27,2025-06-12,100,"Recommended based on excellent credit score, high income",100,0.303,100.0,expired,2025-08-15
1940,1051,42,2025-05-22,100,"Recommended based on good credit score, excellent payment history",100,0.3,100.0,accepted,2025-07-28
1941,1052,29,2025-05-27,86,Standard recommendation,100,0.5,80.0,accepted,2025-08-24
1942,1052,19,2025-06-12,85,Standard recommendation,100,0.5,80.0,declined,2025-08-26
1943,1052,27,2025-05-20,97,Standard recommendation,100,0.5,80.0,declined,2025-10-08
1944,1052,49,2025-06-03,71,Standard recommendation,100,0.5,80.0,pending,2025-09-08
1945,1053,3,2025-05-20,100,Standard recommendation,100,0.3,80.0,declined,2025-08-13
1946,1054,49,2025-07-13,100,"Recommended based on excellent credit score, stable income",100,0.2401,100.0,pending,2025-10-06
1947,1054,28,2025-06-12,100,"Recommended based on excellent credit score, stable income",100,0.2401,100.0,declined,2025-09-22
1948,1054,33,2025-06-24,100,"Recommended based on excellent credit score, stable income",100,0.2401,100.0,declined,2025-07-31
1949,1054,10,2025-07-15,100,"Recommended based on excellent credit score, stable income",100,0.2401,100.0,pending,2025-08-31
1950,1055,37,2025-07-15,100,"Recommended based on excellent credit score, stable income",100,0.5,100.0,declined,2025-09-17
1951,1055,47,2025-06-02,85,"Recommended based on excellent credit score, stable income",100,0.5,100.0,pending,2025-07-17
1952,1055,30,2025-07-13,100,"Recommended based on excellent credit score, stable income",100,0.5,100.0,accepted,2025-09-09
1953,1056,19,2025-07-10,100,"Recommended based on good credit score, high income",100,0.5314,86.36,pending,2025-08-07
1954,1056,5,2025-05-22,100,"Recommended based on good credit score, high income",100,0.5314,86.36,declined,2025-07-17
1955,1056,27,2025-06-26,100,"Recommended based on good credit score, high income",100,0.5314,86.36,pending,2025-10-06
1956,1057,26,2025-07-09,97,"Recommended based on good credit score, high income",100,0.3186,92.86,declined,2025-08-07
1957,1058,36,2025-06-17,100,"Recommended based on excellent credit score, high income",100,0.0,100.0,accepted,2025-10-01
1958,1058,21,2025-06-23,100,"Recommended based on excellent credit score, high income",100,0.0,100.0,declined,2025-10-02
1959,1059,3,2025-06-10,100,Recommended based on stable income,100,0.3922,81.82,pending,2025-08-23
1960,1059,13,2025-06-16,100,Recommended based on stable income,100,0.3922,81.82,pending,2025-09-18
1961,1060,39,2025-07-15,100,"Recommended based on excellent credit score, high income",100,0.3,100.0,declined,2025-07-17
1962,1061,14,2025-06-27,100,"Recommended based on excellent credit score, high income",100,0.225,91.67,pending,2025-09-12
1963,1061,13,2025-06-19,100,"Recommended based on excellent credit score, high income",100,0.225,91.67,accepted,2025-09-26
1964,1062,15,2025-06-12,100,"Recommended based on good credit score, stable income",100,0.3,87.5,expired,2025-10-05
1965,1063,31,2025-07-02,100,"Recommended based on excellent credit score, high income",100,0.3,100.0,pending,2025-09-04
1966,1063,32,2025-06-28,100,"Recommended based on excellent credit score, high income",100,0.3,100.0,accepted,2025-08-24
1967,1064,13,2025-06-04,100,"Recommended based on good credit score, excellent payment history",100,0.5,100.0,pending,2025-07-17
1968,1065,47,2025-07-01,91,"Recommended based on excellent credit score, high income",100,0.1,100.0,pending,2025-08-07
1969,1065,25,2025-07-03,100,"Recommended based on excellent credit score, high income",100,0.1,100.0,pending,2025-09-24
1970,1066,3,2025-05-24,100,Recommended based on low credit utilization,100,0.1,14.29,pending,2025-09-06
1971,1067,13,2025-06-04,100,"Recommended based on stable income, low credit utilization",100,0.0,66.67,accepted,2025-09-24
1972,1067,37,2025-07-15,100,"Recommended based on stable income, low credit utilization",100,0.0,66.67,declined,2025-09-13
1973,1067,39,2025-06-09,92,"Recommended based on stable income, low credit utilization",100,0.0,66.67,declined,2025-07-16
1974,1067,10,2025-06-03,85,"Recommended based on stable income, low credit utilization",100,0.0,66.67,expired,2025-10-08
1975,1068,12,2025-06-12,91,Standard recommendation,100,0.3,83.33,pending,2025-07-30
1976,1068,5,2025-06-21,100,Standard recommendation,100,0.3,83.33,expired,2025-09-20
1977,1068,10,2025-06-18,70,Standard recommendation,100,0.3,83.33,pending,2025-08-16
1978,1069,14,2025-05-19,100,"Recommended based on excellent credit score, high income",100,0.1539,100.0,accepted,2025-08-29
1979,1070,30,2025-07-15,100,Standard recommendation,100,0.5,80.0,accepted,2025-09-27
1980,1070,13,2025-06-20,100,Standard recommendation,100,0.5,80.0,accepted,2025-07-18
1981,1070,10,2025-06-18,74,Standard recommendation,100,0.5,80.0,accepted,2025-09-26
1982,1071,30,2025-05-31,100,Recommended based on high income,100,0.3,75.0,declined,2025-09-09
1983,1071,43,2025-06-29,89,Recommended based on high income,100,0.3,75.0,pending,2025-09-18
1984,1071,3,2025-06-09,100,Recommended based on high income,100,0.3,75.0,pending,2025-10-03
1985,1072,30,2025-05-30,87,Recommended based on stable income,100,0.3,66.67,accepted,2025-08-10
1986,1073,50,2025-05-26,100,"Recommended based on good credit score, high income",100,0.3335,85.0,declined,2025-08-10
1987,1074,3,2025-07-14,100,"Recommended based on excellent credit score, low credit utilization",100,0.0,100.0,accepted,2025-07-18
1988,1074,2,2025-07-07,97,"Recommended based on excellent credit score, low credit utilization",100,0.0,100.0,declined,2025-08-22
1989,1074,37,2025-06-09,98,"Recommended based on excellent credit score, low credit utilization",100,0.0,100.0,pending,2025-07-17
1990,1075,21,2025-06-19,95,"Recommended based on stable income, low credit utilization",100,0.0,66.67,expired,2025-09-21
1991,1075,30,2025-06-13,76,"Recommended based on stable income, low credit utilization",100,0.0,66.67,expired,2025-08-13
1992,1076,8,2025-07-05,87,Recommended based on low credit utilization,100,0.1,80.0,pending,2025-08-21
1993,1077,3,2025-06-16,100,Recommended based on stable income,100,0.3,37.5,pending,2025-08-31
1994,1078,18,2025-06-07,99,"Recommended based on excellent credit score, high income",100,0.3,80.0,pending,2025-10-09
1995,1079,3,2025-05-18,100,Recommended based on low credit utilization,100,0.1,33.33,declined,2025-08-24
1996,1079,13,2025-07-08,97,Recommended based on low credit utilization,100,0.1,33.33,declined,2025-09-24
1997,1080,7,2025-06-19,99,"Recommended based on excellent credit score, low credit utilization",100,0.0,100.0,accepted,2025-08-14
1998,1081,17,2025-05-30,97,"Recommended based on excellent credit score, high income",100,0.3,100.0,accepted,2025-08-08
1999,1081,41,2025-05-27,100,"Recommended based on excellent credit score, high income",100,0.3,100.0,declined,2025-08-22
2000,1082,3,2025-05-26,100,Recommended based on stable income,100,0.95,83.33,accepted,2025-08-30
2001,1083,13,2025-06-22,100,Recommended based on good credit score,100,0.5,85.71,accepted,2025-09-09
2002,1084,13,2025-05-30,100,"Recommended based on good credit score, high income",100,0.6818,100.0,declined,2025-09-05
2003,1084,3,2025-05-18,100,"Recommended based on good credit score, high income",100,0.6818,100.0,declined,2025-08-15
2004,1085,36,2025-06-16,95,"Recommended based on good credit score, stable income",100,0.161,86.67,accepted,2025-09-24
2005,1086,26,2025-05-18,100,"Recommended based on excellent credit score, high income",100,0.0821,88.24,accepted,2025-08-27
2006,1087,21,2025-06-01,86,Standard recommendation,100,0.3,66.67,expired,2025-09-27
2007,1087,3,2025-05-31,100,Standard recommendation,100,0.3,66.67,pending,2025-10-13
2008,1088,13,2025-07-07,93,Standard recommendation,100,0.5,50.0,pending,2025-10-04
2009,1088,3,2025-06-25,100,Standard recommendation,100,0.5,50.0,declined,2025-08-20
2010,1089,38,2025-07-14,100,"Recommended based on excellent credit score, high income",100,0.1573,92.86,expired,2025-09-09
2011,1089,21,2025-07-10,100,"Recommended based on excellent credit score, high income",100,0.1573,92.86,pending,2025-10-05
2012,1090,3,2025-05-31,100,Standard recommendation,100,0.5,50.0,pending,2025-08-18
2013,1090,21,2025-07-09,83,Standard recommendation,100,0.5,50.0,pending,2025-07-23
2014,1091,3,2025-05-30,100,Standard recommendation,100,0.5,66.67,pending,2025-07-21
2015,1092,25,2025-06-28,100,"Recommended based on excellent credit score, stable income",100,0.3,100.0,declined,2025-09-08
2016,1092,15,2025-07-11,100,"Recommended based on excellent credit score, stable income",100,0.3,100.0,accepted,2025-08-28
2017,1093,29,2025-07-08,100,"Recommended based on excellent credit score, high income",100,0.4694,92.31,pending,2025-08-07
2018,1093,34,2025-07-08,95,"Recommended based on excellent credit score, high income",100,0.4694,92.31,pending,2025-09-23
2019,1093,5,2025-06-24,100,"Recommended based on excellent credit score, high income",100,0.4694,92.31,expired,2025-09-17
2020,1093,19,2025-07-05,100,"Recommended based on excellent credit score, high income",100,0.4694,92.31,pending,2025-10-06
2021,1094,26,2025-06-30,96,"Recommended based on good credit score, high income",100,0.1,80.0,declined,2025-09-16
2022,1094,38,2025-06-26,99,"Recommended based on good credit score, high income",100,0.1,80.0,pending,2025-09-05
2023,1095,42,2025-06-20,92,"Recommended based on high income, excellent payment history",100,0.5519,92.31,pending,2025-09-06
2024,1095,3,2025-06-03,100,"Recommended based on high income, excellent payment history",100,0.5519,92.31,declined,2025-10-07
2025,1096,3,2025-06-17,100,Standard recommendation,100,0.8,80.0,pending,2025-09-29
2026,1097,30,2025-06-12,97,Recommended based on high income,100,0.6138,83.33,declined,2025-07-19
2027,1097,28,2025-05-17,100,Recommended based on high income,100,0.6138,83.33,declined,2025-09-03
2028,1098,43,2025-06-14,87,"Recommended based on excellent credit score, high income",100,0.193,100.0,pending,2025-07-18
2029,1098,35,2025-05-25,100,"Recommended based on excellent credit score, high income",100,0.193,100.0,pending,2025-09-10
2030,1098,3,2025-06-10,100,"Recommended based on excellent credit score, high income",100,0.193,100.0,declined,2025-09-08
2031,1099,12,2025-06-03,100,"Recommended based on good credit score, high income",100,0.191,83.33,declined,2025-08-16
2032,1100,19,2025-07-09,100,"Recommended based on excellent credit score, high income",100,0.3955,86.96,pending,2025-08-13
2033,1101,20,2025-06-27,93,"Recommended based on good credit score, high income",100,0.4545,93.33,accepted,2025-08-31
2034,1101,30,2025-05-28,100,"Recommended based on good credit score, high income",100,0.4545,93.33,pending,2025-09-02
2035,1102,12,2025-06-17,100,"Recommended based on good credit score, low credit utilization",100,0.2538,100.0,declined,2025-09-16
2036,1103,14,2025-05-22,87,"Recommended based on excellent credit score, high income",100,0.1877,92.31,declined,2025-09-30
2037,1103,27,2025-07-07,100,"Recommended based on excellent credit score, high income",100,0.1877,92.31,declined,2025-09-01
2038,1104,18,2025-06-26,100,"Recommended based on excellent credit score, high income",100,0.3878,80.0,expired,2025-10-02
2039,1105,49,2025-06-16,100,"Recommended based on good credit score, high income",100,0.7108,100.0,pending,2025-08-20
2040,1105,5,2025-06-01,100,"Recommended based on good credit score, high income",100,0.7108,100.0,pending,2025-08-12
2041,1106,13,2025-06-30,100,Recommended based on low credit utilization,100,0.1,78.57,pending,2025-10-02
2042,1107,3,2025-07-10,100,Standard recommendation,100,0.3,57.14,pending,2025-09-30
2043,1108,19,2025-06-08,100,"Recommended based on good credit score, stable income",100,0.3362,86.67,pending,2025-08-25
2044,1108,46,2025-06-03,100,"Recommended based on good credit score, stable income",100,0.3362,86.67,accepted,2025-09-26
2045,1109,5,2025-06-02,100,Recommended based on excellent payment history,100,0.5,100.0,accepted,2025-08-12
2046,1110,31,2025-06-14,84,"Recommended based on good credit score, low credit utilization",100,0.1,100.0,accepted,2025-09-12
2047,1110,7,2025-06-30,97,"Recommended based on good credit score, low credit utilization",100,0.1,100.0,pending,2025-09-06
2048,1111,5,2025-06-03,100,Recommended based on low credit utilization,100,0.1,83.33,expired,2025-08-22
2049,1112,33,2025-05-21,100,"Recommended based on excellent credit score, stable income",100,0.0776,85.71,expired,2025-08-25
2050,1112,31,2025-06-08,100,"Recommended based on excellent credit score, stable income",100,0.0776,85.71,declined,2025-09-14
2051,1112,30,2025-06-29,100,"Recommended based on excellent credit score, stable income",100,0.0776,85.71,accepted,2025-09-28
2052,1113,33,2025-07-09,85,Recommended based on stable income,100,0.3,54.55,pending,2025-09-28
2053,1113,5,2025-06-28,100,Recommended based on stable income,100,0.3,54.55,pending,2025-09-10
2054,1114,25,2025-07-13,100,"Recommended based on good credit score, low credit utilization",100,0.1,100.0,declined,2025-10-03
2055,1115,5,2025-07-12,95,Recommended based on low credit utilization,100,0.0,57.14,accepted,2025-07-19
2056,1116,19,2025-06-19,100,"Recommended based on good credit score, stable income",100,0.3,80.0,pending,2025-08-30
2057,1116,7,2025-07-05,100,"Recommended based on good credit score, stable income",100,0.3,80.0,accepted,2025-08-25
2058,1117,12,2025-06-08,100,Standard recommendation,100,0.3,83.33,pending,2025-08-26
2059,1117,10,2025-05-25,88,Standard recommendation,100,0.3,83.33,accepted,2025-10-01
2060,1117,37,2025-05-27,100,Standard recommendation,100,0.3,83.33,declined,2025-08-19
2061,1118,3,2025-06-02,90,Standard recommendation,100,0.3,57.14,accepted,2025-07-24
2062,1119,41,2025-06-05,90,"Recommended based on excellent credit score, stable income",100,0.1,100.0,declined,2025-09-08
2063,1119,13,2025-06-20,100,"Recommended based on excellent credit score, stable income",100,0.1,100.0,accepted,2025-07-23
2064,1120,41,2025-05-26,100,"Recommended based on excellent credit score, high income",100,0.0,100.0,pending,2025-08-23
2065,1121,13,2025-05-18,100,Recommended based on low credit utilization,100,0.0,50.0,pending,2025-09-10
2066,1121,12,2025-05-25,76,Recommended based on low credit utilization,100,0.0,50.0,accepted,2025-09-30
2067,1121,3,2025-06-19,100,Recommended based on low credit utilization,100,0.0,50.0,declined,2025-08-20
2068,1122,31,2025-06-30,87,"Recommended based on good credit score, high income",100,0.3859,77.78,pending,2025-08-29
2069,1122,20,2025-07-11,90,"Recommended based on good credit score, high income",100,0.3859,77.78,declined,2025-08-21
2070,1123,44,2025-05-18,100,"Recommended based on stable income, low credit utilization",100,0.1,87.5,accepted,2025-08-05
2071,1123,9,2025-06-06,98,"Recommended based on stable income, low credit utilization",100,0.1,87.5,declined,2025-07-28
2072,1123,46,2025-07-06,90,"Recommended based on stable income, low credit utilization",100,0.1,87.5,pending,2025-09-17
2073,1123,25,2025-05-28,81,"Recommended based on stable income, low credit utilization",100,0.1,87.5,pending,2025-07-16
2074,1124,33,2025-05-19,98,Recommended based on high income,100,0.7427,80.0,declined,2025-08-04
2075,1124,37,2025-05-28,100,Recommended based on high income,100,0.7427,80.0,pending,2025-10-11
2076,1125,29,2025-06-17,100,"Recommended based on good credit score, high income",100,0.856,100.0,pending,2025-07-30
2077,1125,34,2025-05-20,100,"Recommended based on good credit score, high income",100,0.856,100.0,declined,2025-09-15
2078,1126,30,2025-05-17,76,Recommended based on stable income,100,0.3,71.43,declined,2025-08-02
2079,1126,21,2025-07-10,100,Recommended based on stable income,100,0.3,71.43,pending,2025-09-23
2080,1126,13,2025-07-07,100,Recommended based on stable income,100,0.3,71.43,pending,2025-08-28
2081,1127,13,2025-06-16,100,Recommended based on stable income,100,0.3,66.67,pending,2025-08-12
2082,1128,5,2025-07-05,100,"Recommended based on excellent credit score, high income",100,0.3707,83.33,pending,2025-08-18
2083,1129,10,2025-05-30,92,"Recommended based on good credit score, excellent payment history",100,0.3786,90.91,declined,2025-07-20
2084,1130,21,2025-05-30,96,Recommended based on low credit utilization,100,0.1,71.43,declined,2025-07-24
2085,1131,46,2025-06-17,99,Standard recommendation,100,0.3,87.5,expired,2025-09-22
2086,1131,37,2025-06-14,100,Standard recommendation,100,0.3,87.5,declined,2025-07-26
2087,1132,7,2025-06-17,100,"Recommended based on good credit score, stable income",100,0.5,80.0,declined,2025-08-22
2088,1132,49,2025-06-20,98,"Recommended based on good credit score, stable income",100,0.5,80.0,pending,2025-08-28
2089,1133,3,2025-06-16,98,Recommended based on low credit utilization,100,0.1,33.33,declined,2025-09-30
2090,1134,44,2025-06-03,100,"Recommended based on good credit score, high income",100,0.171,71.43,accepted,2025-08-31
2091,1134,48,2025-06-30,100,"Recommended based on good credit score, high income",100,0.171,71.43,expired,2025-08-06
2092,1135,39,2025-05-30,100,"Recommended based on good credit score, stable income",100,0.1,70.0,accepted,2025-09-23
2093,1136,33,2025-06-20,100,"Recommended based on excellent credit score, high income",100,0.194,90.91,expired,2025-08-22
2094,1136,43,2025-05-22,100,"Recommended based on excellent credit score, high income",100,0.194,90.91,accepted,2025-09-09
2095,1136,28,2025-06-01,100,"Recommended based on excellent credit score, high income",100,0.194,90.91,accepted,2025-09-06
2096,1137,33,2025-07-05,92,Recommended based on stable income,100,0.3,75.0,pending,2025-07-29
2097,1137,5,2025-05-18,100,Recommended based on stable income,100,0.3,75.0,declined,2025-07-23
2098,1138,42,2025-05-23,100,"Recommended based on excellent credit score, high income",100,0.1,91.67,accepted,2025-08-28
2099,1139,3,2025-06-13,100,Standard recommendation,100,0.3,75.0,pending,2025-08-13
2100,1140,28,2025-06-03,100,"Recommended based on excellent credit score, high income",100,0.0,87.5,declined,2025-09-30
2101,1141,49,2025-07-02,100,"Recommended based on good credit score, stable income",100,0.3,100.0,accepted,2025-09-24
2102,1142,36,2025-07-01,100,"Recommended based on excellent credit score, high income",100,0.1,83.33,pending,2025-07-28
2103,1142,48,2025-05-17,100,"Recommended based on excellent credit score, high income",100,0.1,83.33,accepted,2025-08-26
2104,1142,46,2025-07-07,100,"Recommended based on excellent credit score, high income",100,0.1,83.33,declined,2025-08-31
2105,1142,12,2025-05-22,100,"Recommended based on excellent credit score, high income",100,0.1,83.33,pending,2025-09-23
2106,1143,20,2025-06-01,100,"Recommended based on excellent credit score, stable income",100,0.0,80.0,declined,2025-09-17
2107,1144,5,2025-06-16,88,Recommended based on high income,100,0.95,85.71,expired,2025-09-22
2108,1145,3,2025-07-12,100,Standard recommendation,100,0.3,42.86,accepted,2025-08-07
2109,1146,38,2025-06-18,100,"Recommended based on excellent credit score, high income",100,0.2384,90.91,expired,2025-08-04
2110,1147,6,2025-06-20,100,"Recommended based on excellent credit score, high income",100,0.207,100.0,accepted,2025-08-09
2111,1147,11,2025-06-28,100,"Recommended based on excellent credit score, high income",100,0.207,100.0,pending,2025-09-12
2112,1148,3,2025-05-22,100,Standard recommendation,100,0.5944,77.78,declined,2025-09-05
2113,1149,13,2025-06-11,85,Standard recommendation,100,0.46,66.67,pending,2025-07-26
2114,1150,5,2025-06-14,100,Standard recommendation,100,0.3,75.0,accepted,2025-07-24
2115,1151,11,2025-05-24,100,"Recommended based on excellent credit score, high income",100,0.3,100.0,accepted,2025-08-30
2116,1152,45,2025-06-26,86,"Recommended based on good credit score, stable income",100,0.1,100.0,declined,2025-09-03
2117,1153,3,2025-06-21,95,Standard recommendation,100,0.3,50.0,expired,2025-10-10
2118,1154,39,2025-05-24,75,Standard recommendation,100,0.8,83.33,pending,2025-10-13
2119,1154,12,2025-06-02,96,Standard recommendation,100,0.8,83.33,pending,2025-08-18
2120,1154,21,2025-06-29,90,Standard recommendation,100,0.8,83.33,pending,2025-08-29
2121,1155,43,2025-05-24,100,"Recommended based on excellent credit score, high income",100,0.2111,88.24,accepted,2025-09-08
2122,1155,19,2025-07-05,100,"Recommended based on excellent credit score, high income",100,0.2111,88.24,accepted,2025-09-02
2123,1156,3,2025-07-08,95,Standard recommendation,100,0.5,50.0,declined,2025-09-21
2124,1157,3,2025-06-01,90,Standard recommendation,100,0.3,66.67,declined,2025-08-13
2125,1158,9,2025-07-09,100,"Recommended based on good credit score, stable income",100,0.3,92.31,declined,2025-09-21
2126,1158,16,2025-07-12,90,"Recommended based on good credit score, stable income",100,0.3,92.31,pending,2025-08-26
2127,1159,43,2025-05-20,84,"Recommended based on stable income, low credit utilization",100,0.1235,62.5,pending,2025-07-18
2128,1159,7,2025-06-13,97,"Recommended based on stable income, low credit utilization",100,0.1235,62.5,accepted,2025-10-06
2129,1160,8,2025-05-19,96,"Recommended based on good credit score, excellent payment history",100,0.5,100.0,declined,2025-10-03
2130,1160,21,2025-06-06,100,"Recommended based on good credit score, excellent payment history",100,0.5,100.0,pending,2025-10-06
2131,1161,42,2025-05-19,98,"Recommended based on good credit score, low credit utilization",100,0.1,100.0,declined,2025-10-02
2132,1162,3,2025-05-21,100,Recommended based on low credit utilization,100,0.0,75.0,declined,2025-08-05
2133,1162,13,2025-05-17,75,Recommended based on low credit utilization,100,0.0,75.0,pending,2025-07-21
2134,1163,3,2025-07-06,100,"Recommended based on good credit score, low credit utilization",100,0.1,100.0,pending,2025-08-07
2135,1163,37,2025-07-11,100,"Recommended based on good credit score, low credit utilization",100,0.1,100.0,expired,2025-10-08
2136,1163,8,2025-06-12,100,"Recommended based on good credit score, low credit utilization",100,0.1,100.0,declined,2025-08-15
2137,1164,13,2025-07-10,86,Standard recommendation,100,0.5,33.33,declined,2025-08-17
2138,1165,37,2025-06-28,100,Recommended based on high income,100,0.469,75.0,declined,2025-09-01
2139,1165,12,2025-06-06,100,Recommended based on high income,100,0.469,75.0,declined,2025-08-17
2140,1165,3,2025-06-15,100,Recommended based on high income,100,0.469,75.0,pending,2025-07-28
2141,1166,3,2025-05-28,100,Recommended based on excellent payment history,100,0.3,100.0,pending,2025-08-11
2142,1167,3,2025-05-30,100,Standard recommendation,100,0.8,25.0,declined,2025-08-30
2143,1168,3,2025-06-27,96,Recommended based on low credit utilization,100,0.1,66.67,accepted,2025-10-05
2144,1169,13,2025-06-14,86,Recommended based on low credit utilization,100,0.0,66.67,pending,2025-08-18
2145,1169,3,2025-06-28,100,Recommended based on low credit utilization,100,0.0,66.67,pending,2025-08-31
2146,1170,12,2025-05-29,100,"Recommended based on good credit score, stable income",100,0.5,87.5,pending,2025-09-20
2147,1171,19,2025-06-07,100,"Recommended based on excellent credit score, high income",100,0.3,88.24,pending,2025-08-26
2148,1171,27,2025-07-03,100,"Recommended based on excellent credit score, high income",100,0.3,88.24,declined,2025-08-26
2149,1171,31,2025-05-27,100,"Recommended based on excellent credit score, high income",100,0.3,88.24,declined,2025-09-04
2150,1172,29,2025-05-23,100,"Recommended based on good credit score, high income",100,0.7155,92.86,declined,2025-07-17
2151,1172,19,2025-06-22,100,"Recommended based on good credit score, high income",100,0.7155,92.86,declined,2025-07-22
2152,1173,41,2025-06-21,78,"Recommended based on good credit score, stable income",100,0.0,80.0,declined,2025-07-17
2153,1173,37,2025-06-22,100,"Recommended based on good credit score, stable income",100,0.0,80.0,pending,2025-09-16
2154,1174,49,2025-06-21,100,"Recommended based on good credit score, high income",100,0.5,93.75,accepted,2025-10-13
2155,1174,27,2025-05-18,100,"Recommended based on good credit score, high income",100,0.5,93.75,pending,2025-07-20
2156,1174,29,2025-05-21,98,"Recommended based on good credit score, high income",100,0.5,93.75,declined,2025-09-20
2157,1175,7,2025-05-21,99,"Recommended based on good credit score, low credit utilization",100,0.0,100.0,accepted,2025-09-23
2158,1176,12,2025-06-20,97,Recommended based on low credit utilization,100,0.1,75.0,declined,2025-08-24
2159,1176,21,2025-07-03,89,Recommended based on low credit utilization,100,0.1,75.0,accepted,2025-09-01
2160,1176,8,2025-06-01,70,Recommended based on low credit utilization,100,0.1,75.0,declined,2025-10-10
2161,1177,3,2025-06-26,100,"Recommended based on low credit utilization, excellent payment history",100,0.1,100.0,pending,2025-07-29
2162,1178,22,2025-06-01,100,"Recommended based on excellent credit score, high income",100,0.3078,92.31,pending,2025-08-22
2163,1178,43,2025-06-02,100,"Recommended based on excellent credit score, high income",100,0.3078,92.31,expired,2025-09-09
2164,1179,19,2025-05-31,100,"Recommended based on excellent credit score, high income",100,0.1732,100.0,accepted,2025-09-03
2165,1180,22,2025-07-01,100,"Recommended based on excellent credit score, high income",100,0.1952,86.67,declined,2025-09-18
2166,1180,2,2025-06-20,100,"Recommended based on excellent credit score, high income",100,0.1952,86.67,pending,2025-08-20
2167,1181,7,2025-05-23,100,Recommended based on stable income,100,0.5,85.71,declined,2025-08-28
2168,1182,12,2025-06-09,100,Recommended based on high income,100,0.3526,77.78,declined,2025-09-11
2169,1182,15,2025-06-23,100,Recommended based on high income,100,0.3526,77.78,pending,2025-09-22
2170,1183,3,2025-07-10,100,Standard recommendation,100,0.5,66.67,pending,2025-09-13
2171,1183,21,2025-05-22,83,Standard recommendation,100,0.5,66.67,accepted,2025-08-15
2172,1184,17,2025-05-25,100,"Recommended based on excellent credit score, high income",100,0.1362,100.0,pending,2025-08-09
2173,1185,49,2025-06-03,85,"Recommended based on stable income, excellent payment history",100,0.8,100.0,expired,2025-07-21
2174,1185,18,2025-05-26,86,"Recommended based on stable income, excellent payment history",100,0.8,100.0,pending,2025-09-27
2175,1185,19,2025-06-23,73,"Recommended based on stable income, excellent payment history",100,0.8,100.0,accepted,2025-07-16
2176,1185,42,2025-06-14,100,"Recommended based on stable income, excellent payment history",100,0.8,100.0,accepted,2025-09-25
2177,1186,37,2025-06-14,100,"Recommended based on stable income, low credit utilization",100,0.0,66.67,pending,2025-08-22
2178,1187,13,2025-06-17,100,"Recommended based on good credit score, stable income",100,0.0471,87.5,pending,2025-10-02
2179,1188,37,2025-07-13,91,Recommended based on low credit utilization,100,0.0,60.0,declined,2025-08-22
2180,1188,5,2025-05-25,100,Recommended based on low credit utilization,100,0.0,60.0,declined,2025-09-16
2181,1189,27,2025-07-14,94,Recommended based on stable income,100,0.4233,73.68,accepted,2025-09-24
2182,1190,2,2025-06-15,96,"Recommended based on good credit score, low credit utilization",100,0.1,87.5,expired,2025-08-12
2183,1190,3,2025-05-26,100,"Recommended based on good credit score, low credit utilization",100,0.1,87.5,declined,2025-08-17
2184,1190,10,2025-05-19,96,"Recommended based on good credit score, low credit utilization",100,0.1,87.5,pending,2025-10-01
2185,1191,3,2025-06-16,100,Recommended based on low credit utilization,100,0.0,75.0,declined,2025-07-27
2186,1191,12,2025-07-13,100,Recommended based on low credit utilization,100,0.0,75.0,pending,2025-09-25
2187,1192,3,2025-07-08,100,Recommended based on low credit utilization,100,0.0,66.67,declined,2025-07-27
2188,1193,3,2025-06-19,100,"Recommended based on good credit score, stable income",100,0.1814,88.89,accepted,2025-08-28
2189,1194,5,2025-06-30,100,"Recommended based on excellent credit score, high income",100,0.383,96.3,pending,2025-07-29
2190,1194,3,2025-06-26,100,"Recommended based on excellent credit score, high income",100,0.383,96.3,declined,2025-08-24
2191,1194,49,2025-06-01,100,"Recommended based on excellent credit score, high income",100,0.383,96.3,expired,2025-07-26
2192,1194,42,2025-07-01,100,"Recommended based on excellent credit score, high income",100,0.383,96.3,expired,2025-08-09
2193,1195,37,2025-06-17,100,"Recommended based on good credit score, stable income",100,0.1,80.0,accepted,2025-10-06
2194,1195,49,2025-06-04,79,"Recommended based on good credit score, stable income",100,0.1,80.0,declined,2025-08-05
2195,1195,2,2025-06-03,90,"Recommended based on good credit score, stable income",100,0.1,80.0,expired,2025-09-05
2196,1196,5,2025-07-12,100,"Recommended based on good credit score, high income",100,0.0,80.0,expired,2025-08-30
2197,1196,25,2025-05-24,100,"Recommended based on good credit score, high income",100,0.0,80.0,declined,2025-09-06
2198,1197,21,2025-07-15,70,Recommended based on low credit utilization,100,0.1873,57.14,pending,2025-10-03
2199,1197,3,2025-06-20,100,Recommended based on low credit utilization,100,0.1873,57.14,pending,2025-07-20
2200,1198,3,2025-06-23,100,"Recommended based on good credit score, high income",100,0.4613,94.44,pending,2025-09-27
2201,1199,45,2025-05-22,100,"Recommended based on good credit score, high income",100,0.3,100.0,pending,2025-09-24
2202,1199,13,2025-07-05,100,"Recommended based on good credit score, high income",100,0.3,100.0,accepted,2025-09-17
2203,1200,3,2025-06-21,92,Recommended based on stable income,100,0.8,60.0,accepted,2025-07-16
2204,1201,37,2025-06-29,100,"Recommended based on high income, low credit utilization",100,0.1,66.67,accepted,2025-08-19
2205,1201,21,2025-06-11,100,"Recommended based on high income, low credit utilization",100,0.1,66.67,pending,2025-08-02
2206,1201,44,2025-05-17,100,"Recommended based on high income, low credit utilization",100,0.1,66.67,pending,2025-08-26
2207,1202,3,2025-05-21,100,Recommended based on high income,100,0.3,66.67,declined,2025-07-28
2208,1202,13,2025-05-21,100,Recommended based on high income,100,0.3,66.67,accepted,2025-08-21
2209,1203,43,2025-05-25,100,"Recommended based on excellent credit score, high income",100,0.2117,90.91,pending,2025-08-13
2210,1203,28,2025-07-07,100,"Recommended based on excellent credit score, high income",100,0.2117,90.91,declined,2025-07-22
2211,1204,29,2025-06-07,100,"Recommended based on excellent credit score, high income",100,0.4535,93.75,declined,2025-08-11
2212,1204,42,2025-06-09,100,"Recommended based on excellent credit score, high income",100,0.4535,93.75,pending,2025-07-27
2213,1205,42,2025-07-09,100,"Recommended based on excellent credit score, high income",100,0.0,80.0,declined,2025-08-26
2214,1206,3,2025-05-30,100,Recommended based on low credit utilization,100,0.1,60.0,pending,2025-09-01
2215,1206,21,2025-07-05,91,Recommended based on low credit utilization,100,0.1,60.0,declined,2025-08-23
2216,1206,13,2025-06-06,99,Recommended based on low credit utilization,100,0.1,60.0,pending,2025-07-21
2217,1207,3,2025-05-31,100,Recommended based on low credit utilization,100,0.1,60.0,expired,2025-08-24
2218,1208,28,2025-06-29,100,"Recommended based on good credit score, stable income",100,0.3,100.0,expired,2025-07-24
2219,1209,48,2025-06-28,100,"Recommended based on excellent credit score, high income",100,0.0151,100.0,pending,2025-08-11
2220,1210,30,2025-07-03,92,Recommended based on low credit utilization,100,0.1,83.33,pending,2025-08-05
2221,1210,13,2025-07-03,100,Recommended based on low credit utilization,100,0.1,83.33,pending,2025-09-11
2222,1210,8,2025-07-06,92,Recommended based on low credit utilization,100,0.1,83.33,pending,2025-09-15
2223,1211,13,2025-05-26,100,Recommended based on low credit utilization,100,0.1,71.43,pending,2025-09-18
2224,1211,12,2025-06-23,100,Recommended based on low credit utilization,100,0.1,71.43,accepted,2025-07-16
2225,1211,5,2025-07-08,87,Recommended based on low credit utilization,100,0.1,71.43,pending,2025-09-30
2226,1212,28,2025-07-07,94,Recommended based on stable income,100,0.3,66.67,accepted,2025-08-12
2227,1213,48,2025-05-19,100,"Recommended based on excellent credit score, high income",100,0.3,100.0,declined,2025-10-03
2228,1213,21,2025-07-02,100,"Recommended based on excellent credit score, high income",100,0.3,100.0,declined,2025-08-13
2229,1213,17,2025-07-15,100,"Recommended based on excellent credit score, high income",100,0.3,100.0,expired,2025-09-04
2230,1213,10,2025-06-14,100,"Recommended based on excellent credit score, high income",100,0.3,100.0,pending,2025-08-14
2231,1214,3,2025-06-23,100,Standard recommendation,100,0.3,75.0,accepted,2025-09-01
2232,1214,13,2025-05-23,100,Standard recommendation,100,0.3,75.0,declined,2025-09-14
2233,1215,12,2025-05-31,100,"Recommended based on good credit score, stable income",100,0.1,100.0,accepted,2025-09-15
2234,1216,7,2025-07-08,100,"Recommended based on excellent credit score, stable income",100,0.1,100.0,accepted,2025-09-18
2235,1216,19,2025-06-14,86,"Recommended based on excellent credit score, stable income",100,0.1,100.0,accepted,2025-10-10
2236,1216,47,2025-06-14,96,"Recommended based on excellent credit score, stable income",100,0.1,100.0,pending,2025-09-22
2237,1217,3,2025-06-13,91,Standard recommendation,100,0.3,50.0,declined,2025-10-05
2238,1218,35,2025-06-10,100,"Recommended based on good credit score, low credit utilization",100,0.1948,93.75,pending,2025-08-30
2239,1218,7,2025-06-21,100,"Recommended based on good credit score, low credit utilization",100,0.1948,93.75,pending,2025-09-21
2240,1219,8,2025-05-31,100,"Recommended based on excellent credit score, high income",100,0.1,80.0,declined,2025-08-14
2241,1220,27,2025-06-02,100,"Recommended based on excellent credit score, high income",100,0.3498,94.12,pending,2025-07-18
2242,1220,14,2025-05-31,100,"Recommended based on excellent credit score, high income",100,0.3498,94.12,declined,2025-08-31
2243,1221,27,2025-07-10,84,Standard recommendation,100,0.8,71.43,accepted,2025-07-24
2244,1221,18,2025-07-07,89,Standard recommendation,100,0.8,71.43,pending,2025-09-19
2245,1221,34,2025-06-27,76,Standard recommendation,100,0.8,71.43,pending,2025-09-07
2246,1221,3,2025-06-13,100,Standard recommendation,100,0.8,71.43,pending,2025-08-05
2247,1222,1,2025-06-22,100,"Recommended based on excellent credit score, high income",100,0.0365,91.67,accepted,2025-08-16
2248,1222,6,2025-07-14,100,"Recommended based on excellent credit score, high income",100,0.0365,91.67,pending,2025-08-20
2249,1222,17,2025-06-05,100,"Recommended based on excellent credit score, high income",100,0.0365,91.67,pending,2025-08-30
2250,1223,18,2025-07-08,82,Standard recommendation,100,0.95,50.0,accepted,2025-07-18
2251,1223,27,2025-06-06,90,Standard recommendation,100,0.95,50.0,declined,2025-07-21
2252,1223,19,2025-07-13,75,Standard recommendation,100,0.95,50.0,expired,2025-09-10
2253,1224,31,2025-05-25,100,"Recommended based on excellent credit score, stable income",100,0.2086,90.91,declined,2025-09-24
2254,1224,35,2025-06-01,100,"Recommended based on excellent credit score, stable income",100,0.2086,90.91,pending,2025-09-14
2255,1225,49,2025-05-19,79,Recommended based on stable income,100,0.5963,63.64,declined,2025-09-28
2256,1225,3,2025-06-05,100,Recommended based on stable income,100,0.5963,63.64,accepted,2025-10-11
2257,1225,27,2025-07-05,83,Recommended based on stable income,100,0.5963,63.64,pending,2025-09-18
2258,1225,18,2025-06-18,88,Recommended based on stable income,100,0.5963,63.64,pending,2025-08-04
2259,1226,12,2025-06-30,97,Recommended based on good credit score,100,0.5,85.71,pending,2025-08-02
2260,1226,42,2025-06-03,91,Recommended based on good credit score,100,0.5,85.71,pending,2025-08-18
2261,1226,21,2025-06-28,100,Recommended based on good credit score,100,0.5,85.71,expired,2025-10-10
2262,1226,13,2025-06-30,100,Recommended based on good credit score,100,0.5,85.71,pending,2025-09-02
2263,1227,13,2025-06-18,88,Standard recommendation,100,0.3,66.67,accepted,2025-08-19
2264,1228,28,2025-05-29,95,"Recommended based on stable income, low credit utilization",100,0.1,75.0,pending,2025-09-12
2265,1228,33,2025-05-28,98,"Recommended based on stable income, low credit utilization",100,0.1,75.0,declined,2025-07-16
2266,1229,3,2025-06-08,100,"Recommended based on good credit score, excellent payment history",100,0.3,92.31,pending,2025-08-16
2267,1229,21,2025-07-05,100,"Recommended based on good credit score, excellent payment history",100,0.3,92.31,pending,2025-08-19
2268,1230,3,2025-07-10,100,Standard recommendation,100,0.8,66.67,pending,2025-09-17
2269,1231,9,2025-05-27,74,Recommended based on stable income,100,0.3,87.5,pending,2025-07-18
2270,1231,10,2025-06-30,100,Recommended based on stable income,100,0.3,87.5,declined,2025-09-17
2271,1231,8,2025-05-21,92,Recommended based on stable income,100,0.3,87.5,pending,2025-09-21
2272,1231,15,2025-06-25,82,Recommended based on stable income,100,0.3,87.5,declined,2025-08-13
2273,1232,3,2025-06-09,100,Standard recommendation,100,0.5442,50.0,declined,2025-09-15
2274,1233,30,2025-07-01,100,"Recommended based on stable income, low credit utilization",100,0.1,77.78,pending,2025-10-03
2275,1234,12,2025-07-08,90,Recommended based on stable income,100,0.3549,68.75,pending,2025-08-25
2276,1235,37,2025-06-10,93,Standard recommendation,100,0.3,83.33,accepted,2025-08-02
2277,1236,12,2025-06-13,100,"Recommended based on stable income, low credit utilization",100,0.1,75.0,declined,2025-08-21
2278,1236,30,2025-05-19,94,"Recommended based on stable income, low credit utilization",100,0.1,75.0,accepted,2025-07-22
2279,1237,3,2025-05-31,100,Standard recommendation,100,0.3,50.0,declined,2025-08-17
2280,1238,11,2025-05-31,83,"Recommended based on good credit score, high income",100,0.1506,83.33,declined,2025-07-27
2281,1238,39,2025-06-24,100,"Recommended based on good credit score, high income",100,0.1506,83.33,accepted,2025-09-05
2282,1239,5,2025-07-02,100,Recommended based on excellent payment history,100,0.3753,92.31,pending,2025-10-09
2283,1240,10,2025-06-18,88,Recommended based on low credit utilization,100,0.0,66.67,pending,2025-09-28
2284,1240,5,2025-05-31,100,Recommended based on low credit utilization,100,0.0,66.67,pending,2025-09-12
2285,1240,12,2025-06-07,96,Recommended based on low credit utilization,100,0.0,66.67,accepted,2025-07-16
2286,1241,5,2025-05-28,100,Recommended based on stable income,100,0.3,71.43,pending,2025-07-30
2287,1242,3,2025-05-23,100,Standard recommendation,100,0.3,66.67,pending,2025-08-22
2288,1243,20,2025-05-26,100,"Recommended based on good credit score, stable income",100,0.43,90.0,declined,2025-08-09
2289,1243,46,2025-07-11,100,"Recommended based on good credit score, stable income",100,0.43,90.0,pending,2025-08-14
2290,1243,31,2025-06-09,100,"Recommended based on good credit score, stable income",100,0.43,90.0,pending,2025-08-23
2291,1244,10,2025-06-11,100,"Recommended based on excellent credit score, high income",100,0.0914,92.31,pending,2025-09-30
2292,1244,8,2025-07-10,100,"Recommended based on excellent credit score, high income",100,0.0914,92.31,pending,2025-10-05
2293,1245,3,2025-07-04,100,"Recommended based on good credit score, high income",100,0.3917,88.89,declined,2025-07-17
2294,1246,8,2025-07-13,100,"Recommended based on good credit score, excellent payment history",100,0.3,100.0,accepted,2025-09-30
2295,1247,21,2025-07-01,100,"Recommended based on good credit score, high income",100,0.4408,70.0,declined,2025-08-29
2296,1247,49,2025-06-19,100,"Recommended based on good credit score, high income",100,0.4408,70.0,pending,2025-07-18
2297,1248,3,2025-07-15,100,Recommended based on low credit utilization,100,0.1,66.67,declined,2025-09-30
2298,1249,5,2025-06-20,89,Recommended based on low credit utilization,100,0.1,50.0,pending,2025-07-24
2299,1249,21,2025-06-30,86,Recommended based on low credit utilization,100,0.1,50.0,declined,2025-09-25
2300,1250,13,2025-05-29,100,"Recommended based on stable income, low credit utilization",100,0.1,80.0,accepted,2025-07-26
2301,1251,9,2025-07-03,86,"Recommended based on high income, low credit utilization",100,0.1,50.0,expired,2025-07-23
2302,1252,3,2025-06-12,100,Standard recommendation,100,0.3,83.33,pending,2025-08-31
2303,1253,3,2025-06-19,99,Recommended based on stable income,100,0.8,71.43,expired,2025-07-23
2304,1254,3,2025-05-19,100,Recommended based on low credit utilization,100,0.1,66.67,pending,2025-10-13
2305,1255,3,2025-05-25,98,Standard recommendation,100,0.3,75.0,declined,2025-08-22
2306,1256,12,2025-05-22,99,Standard recommendation,100,0.3,75.0,expired,2025-09-14
2307,1256,39,2025-06-04,76,Standard recommendation,100,0.3,75.0,pending,2025-07-19
2308,1257,43,2025-07-11,100,"Recommended based on good credit score, high income",100,0.55,90.91,accepted,2025-09-14
2309,1257,13,2025-07-06,100,"Recommended based on good credit score, high income",100,0.55,90.91,declined,2025-10-02
2310,1258,3,2025-05-23,100,"Recommended based on good credit score, excellent payment history",100,0.5,100.0,expired,2025-08-18
2311,1258,37,2025-05-18,97,"Recommended based on good credit score, excellent payment history",100,0.5,100.0,declined,2025-08-16
2312,1259,12,2025-06-27,96,Recommended based on low credit utilization,100,0.1,71.43,pending,2025-07-31
2313,1259,10,2025-06-24,80,Recommended based on low credit utilization,100,0.1,71.43,accepted,2025-07-31
2314,1260,39,2025-05-28,99,"Recommended based on good credit score, stable income",100,0.1,100.0,pending,2025-09-13
2315,1261,33,2025-06-04,100,"Recommended based on stable income, low credit utilization",100,0.1689,66.67,pending,2025-07-20
2316,1261,44,2025-06-20,95,"Recommended based on stable income, low credit utilization",100,0.1689,66.67,pending,2025-07-21
2317,1262,18,2025-07-12,98,"Recommended based on good credit score, stable income",100,0.4057,90.91,pending,2025-09-30
2318,1262,27,2025-06-24,86,"Recommended based on good credit score, stable income",100,0.4057,90.91,declined,2025-09-12
2319,1263,32,2025-06-24,100,"Recommended based on excellent credit score, stable income",100,0.1,100.0,expired,2025-08-07
2320,1263,50,2025-05-22,98,"Recommended based on excellent credit score, stable income",100,0.1,100.0,pending,2025-09-15
2321,1264,3,2025-07-09,100,Recommended based on excellent payment history,100,0.65,100.0,pending,2025-08-23
2322,1264,30,2025-07-06,90,Recommended based on excellent payment history,100,0.65,100.0,pending,2025-09-20
2323,1265,9,2025-05-20,100,Recommended based on high income,100,0.3,71.43,declined,2025-09-09
2324,1265,33,2025-07-13,97,Recommended based on high income,100,0.3,71.43,expired,2025-10-03
2325,1265,10,2025-06-14,100,Recommended based on high income,100,0.3,71.43,pending,2025-09-24
2326,1266,37,2025-05-28,100,Recommended based on stable income,100,0.3,76.92,pending,2025-08-16
2327,1267,42,2025-06-11,100,"Recommended based on good credit score, stable income",100,0.3,92.86,pending,2025-07-24
2328,1267,9,2025-05-26,100,"Recommended based on good credit score, stable income",100,0.3,92.86,pending,2025-09-10
2329,1268,3,2025-06-10,100,Standard recommendation,100,0.5,57.14,declined,2025-07-23
2330,1269,3,2025-07-11,100,Recommended based on low credit utilization,100,0.1,42.86,accepted,2025-09-29
2331,1270,3,2025-07-10,100,Recommended based on stable income,100,0.383,66.67,accepted,2025-09-19
2332,1270,19,2025-07-04,77,Recommended based on stable income,100,0.383,66.67,accepted,2025-09-21
2333,1271,42,2025-06-10,91,"Recommended based on good credit score, excellent payment history",100,0.3,100.0,pending,2025-09-27
2334,1272,45,2025-05-23,100,"Recommended based on excellent credit score, high income",100,0.1,100.0,pending,2025-08-27
2335,1273,5,2025-06-24,100,"Recommended based on stable income, low credit utilization",100,0.2227,71.43,expired,2025-08-17
2336,1273,37,2025-06-29,96,"Recommended based on stable income, low credit utilization",100,0.2227,71.43,declined,2025-07-19
2337,1274,21,2025-06-04,98,"Recommended based on stable income, low credit utilization",100,0.1,50.0,declined,2025-09-25
2338,1274,13,2025-06-24,94,"Recommended based on stable income, low credit utilization",100,0.1,50.0,pending,2025-10-11
2339,1275,7,2025-07-14,100,"Recommended based on good credit score, low credit utilization",100,0.276,100.0,accepted,2025-09-06
2340,1276,5,2025-06-29,100,Standard recommendation,100,0.3,85.71,pending,2025-10-02
2341,1276,3,2025-05-20,100,Standard recommendation,100,0.3,85.71,expired,2025-07-24
2342,1277,3,2025-05-24,100,Standard recommendation,100,0.3,80.0,pending,2025-08-05
2343,1278,36,2025-05-25,100,"Recommended based on excellent credit score, high income",100,0.4073,100.0,expired,2025-08-03
2344,1278,34,2025-06-18,100,"Recommended based on excellent credit score, high income",100,0.4073,100.0,declined,2025-07-24
2345,1279,24,2025-07-06,100,"Recommended based on excellent credit score, high income",100,0.4226,91.67,declined,2025-09-15
2346,1280,34,2025-06-30,98,"Recommended based on excellent credit score, high income",100,0.5038,100.0,declined,2025-07-29
2347,1281,7,2025-07-07,100,"Recommended based on excellent credit score, high income",100,0.3795,100.0,declined,2025-07-16
2348,1282,36,2025-05-27,97,"Recommended based on excellent credit score, high income",100,0.1,100.0,pending,2025-07-19
2349,1282,48,2025-07-11,100,"Recommended based on excellent credit score, high income",100,0.1,100.0,accepted,2025-09-29
2350,1282,43,2025-06-24,97,"Recommended based on excellent credit score, high income",100,0.1,100.0,accepted,2025-10-07
2351,1282,2,2025-07-11,100,"Recommended based on excellent credit score, high income",100,0.1,100.0,pending,2025-10-12
2352,1283,37,2025-07-11,88,Recommended based on low credit utilization,100,0.0,33.33,expired,2025-09-22
2353,1284,44,2025-05-30,98,"Recommended based on good credit score, stable income",100,0.1,100.0,pending,2025-09-22
2354,1285,12,2025-06-01,96,Recommended based on low credit utilization,100,0.1275,75.0,pending,2025-09-04
2355,1285,5,2025-07-03,98,Recommended based on low credit utilization,100,0.1275,75.0,pending,2025-10-04
2356,1286,3,2025-06-11,100,Recommended based on stable income,100,0.5,66.67,pending,2025-10-05
2357,1287,20,2025-05-22,100,"Recommended based on excellent credit score, high income",100,0.2561,81.25,pending,2025-07-18
2358,1287,26,2025-07-13,100,"Recommended based on excellent credit score, high income",100,0.2561,81.25,pending,2025-07-23
2359,1287,30,2025-05-28,100,"Recommended based on excellent credit score, high income",100,0.2561,81.25,accepted,2025-08-31
2360,1288,13,2025-06-22,100,"Recommended based on good credit score, stable income",100,0.1973,83.33,declined,2025-09-17
2361,1289,8,2025-07-02,100,"Recommended based on stable income, low credit utilization",100,0.24,84.62,pending,2025-08-14
2362,1289,5,2025-06-06,100,"Recommended based on stable income, low credit utilization",100,0.24,84.62,pending,2025-07-16
2363,1289,13,2025-06-27,100,"Recommended based on stable income, low credit utilization",100,0.24,84.62,declined,2025-07-27
2364,1290,21,2025-06-12,87,Recommended based on low credit utilization,100,0.1,75.0,pending,2025-09-03
2365,1291,13,2025-06-23,100,"Recommended based on good credit score, low credit utilization",100,0.1,100.0,accepted,2025-07-16
2366,1292,49,2025-06-09,100,"Recommended based on excellent credit score, high income",100,0.3081,91.67,accepted,2025-10-02
2367,1292,25,2025-05-28,100,"Recommended based on excellent credit score, high income",100,0.3081,91.67,accepted,2025-10-11
2368,1293,44,2025-06-10,100,"Recommended based on good credit score, high income",100,0.3,100.0,accepted,2025-09-22
2369,1294,37,2025-06-20,100,"Recommended based on stable income, low credit utilization",100,0.1,66.67,pending,2025-08-16
2370,1294,21,2025-05-28,100,"Recommended based on stable income, low credit utilization",100,0.1,66.67,pending,2025-09-20
2371,1295,3,2025-06-29,100,Recommended based on high income,100,0.3819,76.92,declined,2025-08-04
2372,1295,5,2025-06-29,100,Recommended based on high income,100,0.3819,76.92,declined,2025-07-31
2373,1296,21,2025-06-17,100,Standard recommendation,100,0.3,75.0,accepted,2025-10-04
2374,1297,46,2025-05-24,100,"Recommended based on excellent credit score, high income",100,0.3173,88.89,pending,2025-09-14
2375,1297,41,2025-06-22,100,"Recommended based on excellent credit score, high income",100,0.3173,88.89,declined,2025-09-04
2376,1298,43,2025-07-05,95,"Recommended based on good credit score, stable income",100,0.413,80.0,pending,2025-07-16
2377,1299,27,2025-07-08,98,"Recommended based on good credit score, high income",100,0.3,87.5,accepted,2025-08-05
2378,1299,37,2025-05-25,100,"Recommended based on good credit score, high income",100,0.3,87.5,pending,2025-09-21
2379,1299,10,2025-07-11,100,"Recommended based on good credit score, high income",100,0.3,87.5,expired,2025-08-29
2380,1300,3,2025-06-22,100,Recommended based on stable income,100,0.3,75.0,declined,2025-07-23
2381,1300,12,2025-07-05,88,Recommended based on stable income,100,0.3,75.0,declined,2025-10-05
2382,1300,44,2025-06-16,82,Recommended based on stable income,100,0.3,75.0,pending,2025-10-13
2383,1301,44,2025-06-20,100,"Recommended based on good credit score, high income",100,0.1,72.73,pending,2025-09-24
2384,1301,50,2025-05-31,91,"Recommended based on good credit score, high income",100,0.1,72.73,accepted,2025-07-21
2385,1301,9,2025-06-09,100,"Recommended based on good credit score, high income",100,0.1,72.73,declined,2025-07-28
2386,1301,21,2025-06-23,100,"Recommended based on good credit score, high income",100,0.1,72.73,expired,2025-09-27
2387,1302,13,2025-06-02,97,Standard recommendation,100,0.3,80.0,expired,2025-08-10
2388,1303,21,2025-06-14,84,Recommended based on low credit utilization,100,0.0,57.14,accepted,2025-08-26
2389,1303,13,2025-07-08,96,Recommended based on low credit utilization,100,0.0,57.14,accepted,2025-08-04
2390,1303,12,2025-06-23,87,Recommended based on low credit utilization,100,0.0,57.14,accepted,2025-08-04
2391,1304,49,2025-06-25,83,"Recommended based on good credit score, excellent payment history",100,0.5,100.0,declined,2025-08-31
2392,1304,48,2025-07-12,82,"Recommended based on good credit score, excellent payment history",100,0.5,100.0,declined,2025-09-29
2393,1304,30,2025-06-26,89,"Recommended based on good credit score, excellent payment history",100,0.5,100.0,declined,2025-07-16
2394,1305,7,2025-05-17,100,"Recommended based on good credit score, high income",100,0.3,100.0,pending,2025-09-15
2395,1306,18,2025-06-14,100,"Recommended based on high income, low credit utilization",100,0.2422,78.57,declined,2025-09-07
2396,1307,12,2025-06-29,82,Recommended based on low credit utilization,100,0.1,75.0,pending,2025-09-03
2397,1307,13,2025-06-20,100,Recommended based on low credit utilization,100,0.1,75.0,pending,2025-08-24
2398,1307,5,2025-06-23,94,Recommended based on low credit utilization,100,0.1,75.0,pending,2025-08-31
2399,1308,3,2025-06-22,100,"Recommended based on excellent credit score, high income",100,0.1018,88.89,pending,2025-08-20
2400,1308,14,2025-06-25,100,"Recommended based on excellent credit score, high income",100,0.1018,88.89,accepted,2025-07-18
2401,1309,48,2025-05-23,100,"Recommended based on excellent credit score, high income",100,0.2236,91.3,pending,2025-10-03
2402,1309,15,2025-05-21,100,"Recommended based on excellent credit score, high income",100,0.2236,91.3,declined,2025-09-28
2403,1310,3,2025-07-08,100,"Recommended based on good credit score, stable income",100,0.5,87.5,declined,2025-09-13
2404,1311,8,2025-06-04,100,"Recommended based on stable income, low credit utilization",100,0.1744,77.78,pending,2025-08-28
2405,1311,13,2025-07-13,100,"Recommended based on stable income, low credit utilization",100,0.1744,77.78,pending,2025-08-03
2406,1312,21,2025-06-21,100,"Recommended based on excellent credit score, high income",100,0.3,95.0,pending,2025-10-12
2407,1313,19,2025-07-07,80,Standard recommendation,100,0.4205,60.0,expired,2025-08-14
2408,1314,31,2025-05-21,100,"Recommended based on excellent credit score, high income",100,0.1389,90.91,pending,2025-09-29
2409,1314,5,2025-05-19,100,"Recommended based on excellent credit score, high income",100,0.1389,90.91,pending,2025-07-30
2410,1315,49,2025-05-21,97,"Recommended based on good credit score, low credit utilization",100,0.1,100.0,pending,2025-07-27
2411,1316,5,2025-07-10,95,Recommended based on low credit utilization,100,0,85.0,pending,2025-09-26
2412,1316,3,2025-05-24,100,Recommended based on low credit utilization,100,0,85.0,accepted,2025-09-03
2413,1317,21,2025-06-06,100,"Recommended based on stable income, low credit utilization",100,0.1,66.67,accepted,2025-10-11
2414,1317,12,2025-06-14,85,"Recommended based on stable income, low credit utilization",100,0.1,66.67,pending,2025-08-19
2415,1317,13,2025-07-10,100,"Recommended based on stable income, low credit utilization",100,0.1,66.67,pending,2025-09-07
2416,1318,7,2025-06-08,84,"Recommended based on good credit score, low credit utilization",100,0.0,83.33,expired,2025-07-18
2417,1319,39,2025-05-26,100,"Recommended based on excellent credit score, high income",100,0.1533,82.35,accepted,2025-07-29
2418,1320,5,2025-06-19,100,"Recommended based on excellent credit score, high income",100,0.1,100.0,accepted,2025-09-18
2419,1320,9,2025-06-13,100,"Recommended based on excellent credit score, high income",100,0.1,100.0,declined,2025-09-14
2420,1321,8,2025-07-07,91,Recommended based on good credit score,100,0.3,85.71,accepted,2025-08-08
2421,1321,7,2025-07-11,90,Recommended based on good credit score,100,0.3,85.71,accepted,2025-10-11
2422,1322,20,2025-06-06,100,"Recommended based on excellent credit score, high income",100,0.2935,90.48,expired,2025-10-13
2423,1322,7,2025-06-04,100,"Recommended based on excellent credit score, high income",100,0.2935,90.48,pending,2025-08-20
2424,1322,43,2025-05-19,100,"Recommended based on excellent credit score, high income",100,0.2935,90.48,pending,2025-09-10
2425,1323,3,2025-05-24,100,Recommended based on low credit utilization,100,0.1,40.0,declined,2025-09-26
2426,1323,39,2025-07-03,77,Recommended based on low credit utilization,100,0.1,40.0,accepted,2025-09-24
2427,1323,21,2025-05-30,100,Recommended based on low credit utilization,100,0.1,40.0,expired,2025-07-17
2428,1324,3,2025-06-27,100,Standard recommendation,100,0.3,60.0,declined,2025-08-22
2429,1325,38,2025-06-10,97,"Recommended based on good credit score, stable income",100,0.3,80.0,pending,2025-08-22
2430,1325,28,2025-06-03,100,"Recommended based on good credit score, stable income",100,0.3,80.0,pending,2025-09-02
2431,1325,25,2025-05-27,96,"Recommended based on good credit score, stable income",100,0.3,80.0,declined,2025-09-01
2432,1326,46,2025-06-28,100,"Recommended based on good credit score, high income",100,0.3145,81.82,accepted,2025-08-09
2433,1327,40,2025-05-20,100,"Recommended based on excellent credit score, high income",100,0.4635,100.0,pending,2025-07-23
2434,1327,22,2025-07-13,100,"Recommended based on excellent credit score, high income",100,0.4635,100.0,declined,2025-09-13
2435,1328,29,2025-06-20,90,Recommended based on stable income,100,0.6727,77.78,accepted,2025-08-15
2436,1329,21,2025-05-20,95,"Recommended based on stable income, low credit utilization",100,0.1,60.0,expired,2025-08-12
2437,1329,28,2025-05-24,85,"Recommended based on stable income, low credit utilization",100,0.1,60.0,pending,2025-10-08
2438,1329,3,2025-05-30,100,"Recommended based on stable income, low credit utilization",100,0.1,60.0,expired,2025-08-15
2439,1330,15,2025-07-03,100,"Recommended based on stable income, low credit utilization",100,0.1591,75.0,declined,2025-08-04
2440,1330,43,2025-06-06,81,"Recommended based on stable income, low credit utilization",100,0.1591,75.0,accepted,2025-10-02
2441,1330,14,2025-06-21,78,"Recommended based on stable income, low credit utilization",100,0.1591,75.0,expired,2025-08-01
2442,1331,5,2025-06-20,100,"Recommended based on excellent credit score, high income",100,0.2005,100.0,declined,2025-10-03
2443,1332,42,2025-06-18,100,"Recommended based on excellent credit score, high income",100,0.2118,81.82,pending,2025-09-26
2444,1333,43,2025-06-07,100,"Recommended based on good credit score, high income",100,0.1,75.0,accepted,2025-09-10
2445,1333,44,2025-05-22,100,"Recommended based on good credit score, high income",100,0.1,75.0,expired,2025-08-12
2446,1334,7,2025-06-22,96,Standard recommendation,100,0.5,87.5,expired,2025-09-29
2447,1335,8,2025-06-05,100,"Recommended based on excellent credit score, stable income",100,0.1,100.0,pending,2025-10-08
2448,1335,15,2025-05-21,97,"Recommended based on excellent credit score, stable income",100,0.1,100.0,pending,2025-08-30
2449,1336,16,2025-06-20,97,"Recommended based on excellent credit score, high income",100,0.3944,100.0,accepted,2025-10-05
2450,1336,37,2025-07-12,100,"Recommended based on excellent credit score, high income",100,0.3944,100.0,declined,2025-08-01
2451,1336,3,2025-05-19,100,"Recommended based on excellent credit score, high income",100,0.3944,100.0,declined,2025-08-16
2452,1337,21,2025-06-17,78,Recommended based on low credit utilization,100,0.1,66.67,expired,2025-09-06
2453,1337,3,2025-06-30,100,Recommended based on low credit utilization,100,0.1,66.67,expired,2025-08-31
2454,1337,13,2025-06-27,100,Recommended based on low credit utilization,100,0.1,66.67,pending,2025-08-08
2455,1338,45,2025-06-16,100,"Recommended based on excellent credit score, high income",100,0.1864,87.5,accepted,2025-07-25
2456,1338,25,2025-05-23,100,"Recommended based on excellent credit score, high income",100,0.1864,87.5,expired,2025-10-12
2457,1339,27,2025-06-25,100,"Recommended based on excellent credit score, high income",100,0.4659,100.0,declined,2025-07-20
2458,1339,42,2025-06-09,100,"Recommended based on excellent credit score, high income",100,0.4659,100.0,pending,2025-08-21
2459,1340,13,2025-06-27,89,Standard recommendation,100,0.3,60.0,pending,2025-09-15
2460,1341,46,2025-06-15,100,"Recommended based on good credit score, stable income",100,0.1,85.71,accepted,2025-10-06
2461,1341,7,2025-06-04,100,"Recommended based on good credit score, stable income",100,0.1,85.71,expired,2025-08-31
2462,1341,15,2025-05-29,96,"Recommended based on good credit score, stable income",100,0.1,85.71,accepted,2025-08-05
2463,1342,39,2025-06-17,97,Recommended based on low credit utilization,100,0.1511,80.0,pending,2025-09-11
2464,1342,5,2025-06-07,100,Recommended based on low credit utilization,100,0.1511,80.0,pending,2025-09-08
2465,1343,19,2025-06-29,93,"Recommended based on good credit score, high income",100,0.5745,100.0,accepted,2025-10-09
2466,1343,18,2025-06-28,90,"Recommended based on good credit score, high income",100,0.5745,100.0,expired,2025-08-03
2467,1344,13,2025-07-13,100,"Recommended based on good credit score, high income",100,0.1556,92.31,pending,2025-10-07
2468,1344,12,2025-05-26,100,"Recommended based on good credit score, high income",100,0.1556,92.31,declined,2025-09-06
2469,1345,28,2025-06-30,100,"Recommended based on excellent credit score, stable income",100,0.3,100.0,declined,2025-08-24
2470,1346,42,2025-07-08,93,"Recommended based on good credit score, excellent payment history",100,0.5,100.0,accepted,2025-09-09
2471,1347,10,2025-06-24,100,"Recommended based on stable income, low credit utilization",100,0.1431,80.0,declined,2025-10-09
2472,1347,12,2025-05-18,100,"Recommended based on stable income, low credit utilization",100,0.1431,80.0,accepted,2025-08-13
2473,1347,21,2025-06-26,100,"Recommended based on stable income, low credit utilization",100,0.1431,80.0,pending,2025-08-30
2474,1348,45,2025-06-17,100,"Recommended based on excellent credit score, high income",100,0.1697,100.0,pending,2025-08-14
2475,1349,31,2025-05-30,100,"Recommended based on excellent credit score, high income",100,0.5,100.0,accepted,2025-09-05
2476,1350,3,2025-06-12,100,Standard recommendation,100,0.3769,50.0,declined,2025-08-07
2477,1351,26,2025-06-16,100,"Recommended based on excellent credit score, high income",100,0.0651,94.12,declined,2025-08-04
2478,1352,3,2025-05-25,100,Recommended based on low credit utilization,100,0.1,66.67,pending,2025-08-27
2479,1353,37,2025-07-06,100,Standard recommendation,100,0.5,85.71,accepted,2025-07-27
2480,1353,7,2025-06-05,96,Standard recommendation,100,0.5,85.71,pending,2025-09-16
2481,1354,3,2025-05-18,100,Recommended based on stable income,100,0.3819,76.92,accepted,2025-10-09
2482,1355,13,2025-06-07,99,Standard recommendation,100,0.4912,54.55,expired,2025-09-02
2483,1356,13,2025-07-09,100,"Recommended based on stable income, low credit utilization",100,0.2146,57.14,expired,2025-09-19
2484,1356,39,2025-07-12,87,"Recommended based on stable income, low credit utilization",100,0.2146,57.14,pending,2025-08-29
2485,1357,5,2025-06-11,97,Recommended based on low credit utilization,100,0.2133,78.57,accepted,2025-09-17
2486,1358,49,2025-05-24,80,Recommended based on stable income,100,0.4115,60.0,accepted,2025-10-08
2487,1359,34,2025-06-03,75,Recommended based on stable income,100,0.5,63.64,accepted,2025-09-06
2488,1360,20,2025-06-20,100,"Recommended based on excellent credit score, high income",100,0.1,88.89,declined,2025-07-18
2489,1360,30,2025-06-12,100,"Recommended based on excellent credit score, high income",100,0.1,88.89,pending,2025-09-09
2490,1360,23,2025-05-23,95,"Recommended based on excellent credit score, high income",100,0.1,88.89,pending,2025-09-20
2491,1361,3,2025-06-18,100,Recommended based on stable income,100,0.8,50.0,accepted,2025-10-13
2492,1362,8,2025-07-06,100,"Recommended based on stable income, low credit utilization",100,0.0,75.0,declined,2025-08-11
2493,1363,25,2025-06-01,100,"Recommended based on good credit score, stable income",100,0.2057,70.0,declined,2025-09-08
2494,1363,39,2025-06-20,100,"Recommended based on good credit score, stable income",100,0.2057,70.0,declined,2025-08-08
2495,1364,25,2025-05-25,100,"Recommended based on excellent credit score, high income",100,0.2063,100.0,accepted,2025-07-17
2496,1365,3,2025-06-23,100,Standard recommendation,100,0.5,71.43,accepted,2025-08-19
2497,1365,37,2025-06-16,91,Standard recommendation,100,0.5,71.43,accepted,2025-09-16
2498,1365,13,2025-05-25,97,Standard recommendation,100,0.5,71.43,pending,2025-09-05
2499,1366,9,2025-06-07,89,"Recommended based on stable income, excellent payment history",100,0.353,91.67,pending,2025-08-31
2500,1366,37,2025-06-18,100,"Recommended based on stable income, excellent payment history",100,0.353,91.67,declined,2025-09-20
2501,1367,12,2025-06-23,100,"Recommended based on stable income, low credit utilization",100,0.08,64.29,pending,2025-08-31
2502,1368,12,2025-06-14,100,Recommended based on low credit utilization,100,0.26,77.78,declined,2025-08-08
2503,1369,15,2025-07-10,100,"Recommended based on excellent credit score, high income",100,0.4273,90.0,accepted,2025-09-07
2504,1369,7,2025-05-25,100,"Recommended based on excellent credit score, high income",100,0.4273,90.0,accepted,2025-08-10
2505,1370,13,2025-07-11,100,Standard recommendation,100,0.3,75.0,pending,2025-08-29
2506,1370,39,2025-06-10,71,Standard recommendation,100,0.3,75.0,accepted,2025-09-19
2507,1370,3,2025-05-22,100,Standard recommendation,100,0.3,75.0,accepted,2025-07-26
2508,1371,12,2025-05-24,98,"Recommended based on high income, low credit utilization",100,0.1,66.67,accepted,2025-08-14
2509,1372,3,2025-07-07,100,Recommended based on stable income,100,0.5,50.0,pending,2025-09-20
2510,1372,28,2025-06-07,100,Recommended based on stable income,100,0.5,50.0,declined,2025-08-28
2511,1373,3,2025-07-09,100,Recommended based on stable income,100,0.8,87.5,declined,2025-08-05
2512,1374,3,2025-06-14,100,Recommended based on stable income,100,0.3,66.67,declined,2025-10-13
2513,1374,28,2025-06-01,70,Recommended based on stable income,100,0.3,66.67,declined,2025-09-06
2514,1375,3,2025-07-04,100,Recommended based on low credit utilization,100,0.1,16.67,declined,2025-07-27
2515,1375,13,2025-05-30,87,Recommended based on low credit utilization,100,0.1,16.67,declined,2025-09-25
2516,1375,21,2025-06-04,87,Recommended based on low credit utilization,100,0.1,16.67,pending,2025-10-11
2517,1376,7,2025-05-23,100,"Recommended based on good credit score, low credit utilization",100,0.1,100.0,declined,2025-07-26
2518,1377,13,2025-06-25,100,"Recommended based on good credit score, low credit utilization",100,0.1,100.0,pending,2025-07-21
2519,1377,48,2025-06-10,89,"Recommended based on good credit score, low credit utilization",100,0.1,100.0,accepted,2025-09-10
2520,1378,15,2025-06-30,97,"Recommended based on good credit score, stable income",100,0.3,85.71,declined,2025-08-25
2521,1378,30,2025-06-19,100,"Recommended based on good credit score, stable income",100,0.3,85.71,pending,2025-10-01
2522,1378,20,2025-06-04,91,"Recommended based on good credit score, stable income",100,0.3,85.71,accepted,2025-10-09
2523,1379,21,2025-07-12,100,Recommended based on stable income,100,0.3,50.0,accepted,2025-07-29
2524,1380,8,2025-05-21,100,"Recommended based on good credit score, high income",100,0.3877,91.67,declined,2025-09-12
2525,1380,27,2025-06-21,85,"Recommended based on good credit score, high income",100,0.3877,91.67,pending,2025-09-15
2526,1380,5,2025-05-20,100,"Recommended based on good credit score, high income",100,0.3877,91.67,declined,2025-07-18
2527,1381,39,2025-06-14,100,"Recommended based on excellent credit score, high income",100,0.3,100.0,pending,2025-08-31
2528,1381,49,2025-07-13,100,"Recommended based on excellent credit score, high income",100,0.3,100.0,pending,2025-10-10
2529,1381,8,2025-06-05,100,"Recommended based on excellent credit score, high income",100,0.3,100.0,expired,2025-08-22
2530,1382,21,2025-06-17,100,"Recommended based on good credit score, stable income",100,0.3,100.0,pending,2025-08-15
2531,1382,13,2025-05-25,100,"Recommended based on good credit score, stable income",100,0.3,100.0,pending,2025-08-17
2532,1382,30,2025-06-12,100,"Recommended based on good credit score, stable income",100,0.3,100.0,declined,2025-08-16
2533,1383,3,2025-05-19,100,Standard recommendation,100,0.3,62.5,declined,2025-08-31
2534,1383,21,2025-05-29,100,Standard recommendation,100,0.3,62.5,pending,2025-08-16
2535,1384,34,2025-05-25,99,Recommended based on stable income,100,0.8,80.0,expired,2025-07-16
2536,1385,35,2025-06-28,100,"Recommended based on excellent credit score, high income",100,0.39,90.91,declined,2025-07-16
2537,1385,12,2025-05-29,100,"Recommended based on excellent credit score, high income",100,0.39,90.91,declined,2025-07-24
2538,1385,26,2025-07-10,100,"Recommended based on excellent credit score, high income",100,0.39,90.91,accepted,2025-08-10
2539,1386,13,2025-06-13,100,"Recommended based on excellent credit score, high income",100,0.349,100.0,accepted,2025-10-04
2540,1387,13,2025-05-19,100,"Recommended based on excellent credit score, stable income",100,0.1,87.5,pending,2025-09-13
2541,1387,10,2025-06-24,100,"Recommended based on excellent credit score, stable income",100,0.1,87.5,pending,2025-08-11
2542,1388,3,2025-06-15,100,Standard recommendation,100,0.3,66.67,declined,2025-10-04
2543,1389,37,2025-06-25,100,"Recommended based on good credit score, stable income",100,0.3,100.0,expired,2025-10-04
2544,1390,30,2025-06-06,100,"Recommended based on good credit score, high income",100,0.3,100.0,accepted,2025-08-19
2545,1390,43,2025-06-15,100,"Recommended based on good credit score, high income",100,0.3,100.0,accepted,2025-08-21
2546,1391,39,2025-06-16,100,Recommended based on good credit score,100,0.5,85.71,declined,2025-09-01
2547,1392,3,2025-07-05,100,Recommended based on low credit utilization,100,0.0978,69.23,accepted,2025-08-28
2548,1393,3,2025-06-11,100,"Recommended based on good credit score, excellent payment history",100,0.5,100.0,pending,2025-08-12
2549,1393,25,2025-06-01,94,"Recommended based on good credit score, excellent payment history",100,0.5,100.0,pending,2025-09-23
2550,1393,35,2025-05-18,90,"Recommended based on good credit score, excellent payment history",100,0.5,100.0,accepted,2025-07-31
2551,1394,48,2025-07-02,100,"Recommended based on excellent credit score, high income",100,0.2393,87.5,expired,2025-08-23
2552,1394,31,2025-07-11,100,"Recommended based on excellent credit score, high income",100,0.2393,87.5,accepted,2025-10-05
2553,1394,43,2025-06-18,100,"Recommended based on excellent credit score, high income",100,0.2393,87.5,expired,2025-09-12
2554,1395,21,2025-06-28,100,Recommended based on low credit utilization,100,0.0311,77.78,expired,2025-08-05
2555,1396,30,2025-06-03,100,Recommended based on stable income,100,0.3,60.0,accepted,2025-09-21
2556,1396,5,2025-06-24,100,Recommended based on stable income,100,0.3,60.0,accepted,2025-09-22
2557,1396,37,2025-06-18,100,Recommended based on stable income,100,0.3,60.0,pending,2025-09-10
2558,1397,45,2025-05-25,87,"Recommended based on good credit score, stable income",100,0.1,100.0,pending,2025-08-23
2559,1398,34,2025-06-06,100,"Recommended based on good credit score, high income",100,0.7828,85.71,accepted,2025-09-14
2560,1398,42,2025-05-23,99,"Recommended based on good credit score, high income",100,0.7828,85.71,accepted,2025-09-18
2561,1399,21,2025-06-01,100,Recommended based on stable income,100,0.3,66.67,accepted,2025-09-12
2562,1400,3,2025-07-07,100,Standard recommendation,100,0.3,66.67,pending,2025-08-02
2563,1401,21,2025-06-16,100,"Recommended based on excellent credit score, high income",100,0.4555,100.0,declined,2025-10-01
2564,1401,36,2025-05-25,100,"Recommended based on excellent credit score, high income",100,0.4555,100.0,accepted,2025-10-08
2565,1402,3,2025-06-25,92,Standard recommendation,100,0.3,33.33,pending,2025-07-31
2566,1403,3,2025-06-28,100,Standard recommendation,100,0.3,81.82,pending,2025-10-04
2567,1403,12,2025-06-17,90,Standard recommendation,100,0.3,81.82,pending,2025-08-05
2568,1403,21,2025-07-08,91,Standard recommendation,100,0.3,81.82,accepted,2025-09-26
2569,1404,3,2025-06-10,100,Recommended based on low credit utilization,100,0.1,64.29,pending,2025-10-01
2570,1405,21,2025-06-25,100,"Recommended based on stable income, low credit utilization",100,0.1754,77.78,declined,2025-08-19
2571,1405,37,2025-07-11,100,"Recommended based on stable income, low credit utilization",100,0.1754,77.78,declined,2025-09-09
2572,1406,21,2025-06-06,100,"Recommended based on good credit score, stable income",100,0.3176,93.75,declined,2025-09-26
2573,1406,12,2025-06-12,100,"Recommended based on good credit score, stable income",100,0.3176,93.75,accepted,2025-10-03
2574,1407,21,2025-05-20,100,"Recommended based on stable income, low credit utilization",100,0.1965,63.64,accepted,2025-09-22
2575,1408,12,2025-05-24,100,"Recommended based on excellent credit score, stable income",100,0.3,100.0,pending,2025-08-17
2576,1409,42,2025-07-13,100,"Recommended based on good credit score, low credit utilization",100,0.1,100.0,accepted,2025-08-14
2577,1409,5,2025-07-09,100,"Recommended based on good credit score, low credit utilization",100,0.1,100.0,declined,2025-09-30
2578,1409,2,2025-06-06,86,"Recommended based on good credit score, low credit utilization",100,0.1,100.0,expired,2025-08-17
2579,1410,27,2025-05-26,85,"Recommended based on good credit score, high income",100,0.3,100.0,pending,2025-08-22
2580,1411,3,2025-07-10,100,"Recommended based on good credit score, high income",100,0.7227,88.89,declined,2025-08-01
2581,1412,12,2025-06-14,100,Recommended based on low credit utilization,100,0.1,80.0,declined,2025-07-22
2582,1412,10,2025-06-17,81,Recommended based on low credit utilization,100,0.1,80.0,pending,2025-07-26
2583,1413,39,2025-07-10,87,"Recommended based on good credit score, excellent payment history",100,0.3,100.0,expired,2025-09-30
2584,1413,7,2025-06-25,94,"Recommended based on good credit score, excellent payment history",100,0.3,100.0,declined,2025-08-07
2585,1414,3,2025-07-11,100,Recommended based on low credit utilization,100,0.1,50.0,pending,2025-08-02
2586,1415,21,2025-06-13,100,"Recommended based on good credit score, stable income",100,0.3427,100.0,declined,2025-08-29
2587,1415,3,2025-06-28,100,"Recommended based on good credit score, stable income",100,0.3427,100.0,pending,2025-10-08
2588,1416,3,2025-06-19,100,Recommended based on low credit utilization,100,0.1,28.57,accepted,2025-10-01
2589,1417,49,2025-06-19,94,"Recommended based on good credit score, high income",100,0.0,66.67,expired,2025-08-31
2590,1418,49,2025-06-24,100,"Recommended based on excellent credit score, high income",100,0.2195,100.0,declined,2025-07-18
2591,1418,36,2025-06-13,100,"Recommended based on excellent credit score, high income",100,0.2195,100.0,expired,2025-08-03
2592,1418,22,2025-06-03,97,"Recommended based on excellent credit score, high income",100,0.2195,100.0,pending,2025-08-08
2593,1419,5,2025-06-22,85,Recommended based on stable income,100,0.7259,72.73,declined,2025-09-03
2594,1419,49,2025-05-28,85,Recommended based on stable income,100,0.7259,72.73,declined,2025-08-02
2595,1419,3,2025-06-05,99,Recommended based on stable income,100,0.7259,72.73,pending,2025-08-17
2596,1420,25,2025-06-16,92,"Recommended based on good credit score, low credit utilization",100,0.1,100.0,declined,2025-08-21
2597,1420,8,2025-06-13,100,"Recommended based on good credit score, low credit utilization",100,0.1,100.0,pending,2025-09-04
2598,1421,3,2025-07-07,100,Recommended based on low credit utilization,100,0.0,50.0,declined,2025-09-29
2599,1422,28,2025-06-10,95,"Recommended based on stable income, low credit utilization",100,0.2703,70.0,pending,2025-08-12
2600,1423,28,2025-05-18,100,"Recommended based on stable income, low credit utilization",100,0.1633,66.67,accepted,2025-08-12
2601,1423,37,2025-05-26,100,"Recommended based on stable income, low credit utilization",100,0.1633,66.67,pending,2025-07-31
2602,1424,1,2025-06-26,86,"Recommended based on excellent credit score, high income",100,0.1,100.0,declined,2025-08-12
2603,1424,32,2025-07-04,100,"Recommended based on excellent credit score, high income",100,0.1,100.0,declined,2025-07-23
2604,1425,46,2025-05-24,87,Recommended based on good credit score,100,0.3,87.5,expired,2025-08-23
2605,1426,3,2025-06-25,100,Standard recommendation,100,0.95,83.33,pending,2025-09-03
2606,1427,39,2025-05-25,100,"Recommended based on good credit score, stable income",100,0.1,87.5,pending,2025-07-28
2607,1428,18,2025-06-24,98,"Recommended based on good credit score, high income",100,0.5943,100.0,accepted,2025-07-21
2608,1428,34,2025-06-14,100,"Recommended based on good credit score, high income",100,0.5943,100.0,accepted,2025-09-07
2609,1428,3,2025-06-18,100,"Recommended based on good credit score, high income",100,0.5943,100.0,expired,2025-07-27
2610,1428,19,2025-06-20,100,"Recommended based on good credit score, high income",100,0.5943,100.0,pending,2025-08-05
2611,1429,49,2025-06-11,94,"Recommended based on stable income, excellent payment history",100,0.6595,100.0,accepted,2025-08-21
2612,1430,3,2025-05-31,100,Standard recommendation,100,0.5561,76.92,declined,2025-08-13
2613,1431,10,2025-06-17,97,Recommended based on stable income,100,0.3718,71.43,accepted,2025-09-13
2614,1432,3,2025-07-07,100,Recommended based on stable income,100,0.5,66.67,pending,2025-08-27
2615,1433,3,2025-07-15,100,Standard recommendation,100,0.3,60.0,expired,2025-07-22
2616,1434,17,2025-05-31,100,"Recommended based on excellent credit score, high income",100,0.3067,92.31,accepted,2025-10-11
2617,1435,5,2025-06-12,100,"Recommended based on excellent credit score, high income",100,0.0542,83.33,pending,2025-08-19
2618,1436,39,2025-06-28,100,"Recommended based on good credit score, stable income",100,0.232,93.33,accepted,2025-10-01
2619,1437,21,2025-06-17,100,"Recommended based on good credit score, excellent payment history",100,0.5,100.0,pending,2025-08-22
2620,1438,27,2025-05-25,100,"Recommended based on good credit score, high income",100,0.1,90.0,expired,2025-08-20
2621,1438,38,2025-05-28,95,"Recommended based on good credit score, high income",100,0.1,90.0,pending,2025-07-16
2622,1438,45,2025-05-21,100,"Recommended based on good credit score, high income",100,0.1,90.0,pending,2025-08-13
2623,1439,10,2025-06-20,100,"Recommended based on excellent credit score, high income",100,0.225,88.24,pending,2025-09-20
2624,1439,31,2025-06-13,100,"Recommended based on excellent credit score, high income",100,0.225,88.24,accepted,2025-10-04
2625,1439,27,2025-06-29,100,"Recommended based on excellent credit score, high income",100,0.225,88.24,pending,2025-08-23
2626,1439,42,2025-06-06,100,"Recommended based on excellent credit score, high income",100,0.225,88.24,pending,2025-08-02
2627,1440,41,2025-06-29,88,"Recommended based on excellent credit score, stable income",100,0.1462,100.0,expired,2025-09-13
2628,1441,42,2025-06-15,100,"Recommended based on good credit score, high income",100,0.5463,94.12,pending,2025-08-12
2629,1442,13,2025-05-26,100,Recommended based on low credit utilization,100,0,85.0,declined,2025-09-26
2630,1442,3,2025-06-17,100,Recommended based on low credit utilization,100,0,85.0,declined,2025-07-20
2631,1443,13,2025-05-17,100,"Recommended based on good credit score, high income",100,0.3,75.0,pending,2025-08-19
2632,1443,33,2025-07-10,100,"Recommended based on good credit score, high income",100,0.3,75.0,accepted,2025-08-26
2633,1443,30,2025-05-23,100,"Recommended based on good credit score, high income",100,0.3,75.0,declined,2025-09-13
2634,1444,37,2025-06-10,100,"Recommended based on good credit score, stable income",100,0.1,100.0,expired,2025-10-02
2635,1444,45,2025-05-30,82,"Recommended based on good credit score, stable income",100,0.1,100.0,pending,2025-10-06
2636,1445,37,2025-06-22,100,"Recommended based on excellent credit score, high income",100,0.1419,94.74,pending,2025-10-07
2637,1445,22,2025-07-14,100,"Recommended based on excellent credit score, high income",100,0.1419,94.74,accepted,2025-09-14
2638,1446,20,2025-06-17,97,"Recommended based on good credit score, high income",100,0.1978,76.92,declined,2025-07-24
2639,1446,44,2025-07-12,100,"Recommended based on good credit score, high income",100,0.1978,76.92,declined,2025-09-17
2640,1447,48,2025-05-23,96,"Recommended based on good credit score, stable income",100,0.0,83.33,pending,2025-08-19
2641,1447,5,2025-06-08,100,"Recommended based on good credit score, stable income",100,0.0,83.33,accepted,2025-08-06
2642,1448,49,2025-06-10,100,"Recommended based on good credit score, high income",100,0.2489,85.0,pending,2025-09-16
2643,1449,42,2025-05-24,70,Recommended based on good credit score,100,0.3373,88.89,accepted,2025-08-19
2644,1450,13,2025-06-11,100,Recommended based on stable income,100,0.4007,62.5,accepted,2025-08-31
2645,1450,30,2025-07-06,100,Recommended based on stable income,100,0.4007,62.5,pending,2025-08-26
2646,1450,33,2025-06-25,90,Recommended based on stable income,100,0.4007,62.5,expired,2025-10-11
2647,1451,28,2025-07-09,100,Recommended based on stable income,100,0.3,83.33,pending,2025-08-13
2648,1452,3,2025-07-14,100,Recommended based on low credit utilization,100,0.241,40.0,pending,2025-10-09
2649,1452,13,2025-06-30,100,Recommended based on low credit utilization,100,0.241,40.0,declined,2025-08-17
2650,1453,29,2025-07-03,100,"Recommended based on excellent credit score, high income",100,0.2777,89.47,declined,2025-10-01
2651,1453,49,2025-06-07,100,"Recommended based on excellent credit score, high income",100,0.2777,89.47,pending,2025-08-07
2652,1454,39,2025-06-06,100,Recommended based on stable income,100,0.3,50.0,pending,2025-08-01
2653,1455,3,2025-05-23,100,Standard recommendation,100,0.3,66.67,declined,2025-09-17
2654,1456,37,2025-06-14,95,Recommended based on stable income,100,0.3612,66.67,pending,2025-10-09
2655,1456,30,2025-05-22,90,Recommended based on stable income,100,0.3612,66.67,accepted,2025-08-17
2656,1456,3,2025-06-30,100,Recommended based on stable income,100,0.3612,66.67,accepted,2025-09-16
2657,1457,35,2025-07-01,94,"Recommended based on good credit score, high income",100,0.1,78.57,accepted,2025-07-31
2658,1457,2,2025-05-25,100,"Recommended based on good credit score, high income",100,0.1,78.57,accepted,2025-09-16
2659,1457,37,2025-06-10,100,"Recommended based on good credit score, high income",100,0.1,78.57,expired,2025-09-28
2660,1458,3,2025-07-03,100,"Recommended based on good credit score, high income",100,0.3,100.0,accepted,2025-08-26
2661,1458,13,2025-06-09,100,"Recommended based on good credit score, high income",100,0.3,100.0,accepted,2025-08-01
2662,1459,9,2025-06-04,81,"Recommended based on stable income, low credit utilization",100,0.0,71.43,declined,2025-09-09
2663,1459,28,2025-05-26,100,"Recommended based on stable income, low credit utilization",100,0.0,71.43,pending,2025-10-07
2664,1459,3,2025-06-11,100,"Recommended based on stable income, low credit utilization",100,0.0,71.43,pending,2025-08-04
2665,1460,34,2025-06-26,86,Standard recommendation,100,0.7945,71.43,pending,2025-08-10
2666,1461,3,2025-05-25,100,Standard recommendation,100,0.8,66.67,declined,2025-09-18
2667,1462,46,2025-05-18,95,"Recommended based on good credit score, low credit utilization",100,0.1,100.0,declined,2025-09-03
2668,1463,38,2025-05-28,96,"Recommended based on good credit score, high income",100,0.22,83.33,pending,2025-08-29
2669,1464,39,2025-05-27,100,"Recommended based on good credit score, high income",100,0.2677,83.33,expired,2025-09-30
2670,1464,12,2025-05-28,100,"Recommended based on good credit score, high income",100,0.2677,83.33,pending,2025-10-11
2671,1464,19,2025-07-12,100,"Recommended based on good credit score, high income",100,0.2677,83.33,pending,2025-08-12
2672,1465,18,2025-05-23,100,"Recommended based on excellent credit score, high income",100,0.1,100.0,pending,2025-10-07
2673,1465,15,2025-05-21,100,"Recommended based on excellent credit score, high income",100,0.1,100.0,accepted,2025-08-18
2674,1465,14,2025-07-07,96,"Recommended based on excellent credit score, high income",100,0.1,100.0,declined,2025-08-30
2675,1465,5,2025-06-14,100,"Recommended based on excellent credit score, high income",100,0.1,100.0,pending,2025-08-10
2676,1466,13,2025-07-10,100,"Recommended based on good credit score, high income",100,0.3,84.62,expired,2025-07-25
2677,1466,3,2025-05-28,100,"Recommended based on good credit score, high income",100,0.3,84.62,accepted,2025-08-20
2678,1467,3,2025-06-26,100,Recommended based on low credit utilization,100,0.1967,66.67,pending,2025-07-26
2679,1467,13,2025-05-23,89,Recommended based on low credit utilization,100,0.1967,66.67,pending,2025-07-28
2680,1468,3,2025-06-26,98,Standard recommendation,100,0.3,62.5,pending,2025-08-20
2681,1469,27,2025-06-02,82,Recommended based on stable income,100,0.8,80.0,accepted,2025-07-19
2682,1470,37,2025-05-21,100,"Recommended based on good credit score, excellent payment history",100,0.3,100.0,pending,2025-09-18
2683,1471,27,2025-05-19,100,"Recommended based on excellent credit score, high income",100,0.3991,90.91,accepted,2025-09-07
2684,1471,19,2025-05-26,100,"Recommended based on excellent credit score, high income",100,0.3991,90.91,accepted,2025-08-14
2685,1472,13,2025-07-02,100,Recommended based on stable income,100,0.8,80.0,pending,2025-07-30
2686,1472,3,2025-07-13,100,Recommended based on stable income,100,0.8,80.0,declined,2025-08-24
2687,1473,10,2025-07-14,100,"Recommended based on good credit score, high income",100,0.1,75.0,pending,2025-09-14
2688,1473,23,2025-07-01,90,"Recommended based on good credit score, high income",100,0.1,75.0,pending,2025-09-20
2689,1473,32,2025-07-06,100,"Recommended based on good credit score, high income",100,0.1,75.0,accepted,2025-08-18
2690,1474,19,2025-05-27,87,Recommended based on stable income,100,0.5,75.0,expired,2025-09-28
2691,1474,5,2025-06-03,100,Recommended based on stable income,100,0.5,75.0,accepted,2025-07-19
2692,1474,13,2025-06-12,100,Recommended based on stable income,100,0.5,75.0,declined,2025-08-29
2693,1475,33,2025-06-24,100,Recommended based on high income,100,0.6344,76.92,declined,2025-08-30
2694,1475,34,2025-06-23,100,Recommended based on high income,100,0.6344,76.92,pending,2025-10-13
2695,1476,12,2025-06-17,100,"Recommended based on good credit score, high income",100,0.4,75.0,accepted,2025-08-08
2696,1476,45,2025-06-23,91,"Recommended based on good credit score, high income",100,0.4,75.0,declined,2025-08-24
2697,1477,12,2025-06-30,91,"Recommended based on stable income, low credit utilization",100,0.1,66.67,pending,2025-08-07
2698,1478,45,2025-06-12,100,"Recommended based on good credit score, high income",100,0.35,80.0,declined,2025-08-09
2699,1479,25,2025-07-10,92,"Recommended based on good credit score, stable income",100,0.1,87.5,declined,2025-08-06
2700,1480,47,2025-06-09,100,"Recommended based on excellent credit score, high income",100,0.3,94.44,accepted,2025-10-02
2701,1480,34,2025-06-05,100,"Recommended based on excellent credit score, high income",100,0.3,94.44,expired,2025-08-24
2702,1480,37,2025-06-04,100,"Recommended based on excellent credit score, high income",100,0.3,94.44,pending,2025-09-26
2703,1481,49,2025-06-02,100,"Recommended based on excellent credit score, high income",100,0.3412,93.33,accepted,2025-09-14
2704,1482,37,2025-05-30,100,Recommended based on high income,100,0.3748,75.0,pending,2025-10-13
2705,1483,12,2025-06-05,91,"Recommended based on stable income, low credit utilization",100,0.1,66.67,expired,2025-07-24
2706,1483,37,2025-06-22,88,"Recommended based on stable income, low credit utilization",100,0.1,66.67,declined,2025-07-21
2707,1483,28,2025-06-13,100,"Recommended based on stable income, low credit utilization",100,0.1,66.67,accepted,2025-10-02
2708,1484,21,2025-06-05,87,Recommended based on low credit utilization,100,0.1,60.0,declined,2025-07-27
2709,1484,3,2025-06-19,100,Recommended based on low credit utilization,100,0.1,60.0,declined,2025-09-20
2710,1485,6,2025-07-03,100,"Recommended based on excellent credit score, high income",100,0.0,100.0,declined,2025-08-26
2711,1485,3,2025-06-02,100,"Recommended based on excellent credit score, high income",100,0.0,100.0,pending,2025-07-29
2712,1486,42,2025-07-04,100,"Recommended based on good credit score, high income",100,0.4792,92.86,pending,2025-10-10
2713,1486,29,2025-06-26,95,"Recommended based on good credit score, high income",100,0.4792,92.86,pending,2025-09-30
2714,1487,3,2025-06-14,100,Recommended based on low credit utilization,100,0.1,25.0,declined,2025-10-11
2715,1488,50,2025-06-27,100,"Recommended based on good credit score, stable income",100,0.1498,81.25,pending,2025-09-26
2716,1488,15,2025-06-24,97,"Recommended based on good credit score, stable income",100,0.1498,81.25,declined,2025-09-11
2717,1488,3,2025-07-01,100,"Recommended based on good credit score, stable income",100,0.1498,81.25,expired,2025-09-08
2718,1489,12,2025-06-10,100,"Recommended based on good credit score, low credit utilization",100,0.2139,84.62,expired,2025-08-04
2719,1490,26,2025-07-04,99,"Recommended based on good credit score, high income",100,0.3419,81.82,declined,2025-10-09
2720,1491,7,2025-06-18,100,"Recommended based on excellent credit score, high income",100,0.1,100.0,pending,2025-10-12
2721,1491,30,2025-06-14,100,"Recommended based on excellent credit score, high income",100,0.1,100.0,accepted,2025-07-18
2722,1492,21,2025-07-03,100,Standard recommendation,100,0.5,75.0,accepted,2025-08-26
2723,1493,3,2025-06-25,100,Standard recommendation,100,0.3,85.71,pending,2025-09-30
2724,1493,5,2025-06-23,96,Standard recommendation,100,0.3,85.71,declined,2025-07-20
2725,1493,13,2025-06-24,100,Standard recommendation,100,0.3,85.71,declined,2025-09-24
2726,1494,41,2025-05-19,100,"Recommended based on excellent credit score, high income",100,0.1591,81.25,accepted,2025-08-05
2727,1495,37,2025-07-14,100,"Recommended based on good credit score, low credit utilization",100,0.1,100.0,accepted,2025-08-17
2728,1495,30,2025-05-21,97,"Recommended based on good credit score, low credit utilization",100,0.1,100.0,pending,2025-09-17
2729,1496,42,2025-06-26,100,"Recommended based on stable income, excellent payment history",100,0.7333,91.67,pending,2025-09-22
2730,1496,5,2025-06-09,100,"Recommended based on stable income, excellent payment history",100,0.7333,91.67,pending,2025-09-09
2731,1497,11,2025-06-20,76,"Recommended based on good credit score, high income",100,0.3,87.5,declined,2025-09-09
2732,1497,48,2025-07-05,98,"Recommended based on good credit score, high income",100,0.3,87.5,pending,2025-08-31
2733,1498,11,2025-05-25,93,"Recommended based on excellent credit score, high income",100,0.1537,100.0,accepted,2025-08-30
2734,1499,8,2025-05-19,100,"Recommended based on good credit score, low credit utilization",100,0.0,100.0,declined,2025-09-09
2735,1500,38,2025-06-09,97,"Recommended based on good credit score, stable income",100,0.1,80.0,pending,2025-10-08
2736,1500,31,2025-05-22,85,"Recommended based on good credit score, stable income",100,0.1,80.0,declined,2025-08-30
2737,1501,48,2025-07-12,100,"Recommended based on good credit score, stable income",100,0.1,100.0,declined,2025-08-22
2738,1501,25,2025-06-17,100,"Recommended based on good credit score, stable income",100,0.1,100.0,accepted,2025-08-19
2739,1502,13,2025-06-21,89,Recommended based on low credit utilization,100,0.1,37.5,pending,2025-10-10
2740,1503,13,2025-06-11,100,Recommended based on low credit utilization,100,0.1,50.0,declined,2025-07-26
2741,1504,3,2025-05-24,100,Recommended based on high income,100,0.5464,84.62,declined,2025-08-09
2742,1505,15,2025-07-01,84,"Recommended based on stable income, low credit utilization",100,0.2306,54.55,accepted,2025-09-04
2743,1505,13,2025-06-09,100,"Recommended based on stable income, low credit utilization",100,0.2306,54.55,declined,2025-07-19
2744,1506,8,2025-07-03,100,"Recommended based on excellent credit score, stable income",100,0.1,100.0,expired,2025-09-13
2745,1506,33,2025-06-27,100,"Recommended based on excellent credit score, stable income",100,0.1,100.0,declined,2025-08-27
2746,1507,5,2025-07-08,100,"Recommended based on stable income, excellent payment history",100,0.3,90.91,accepted,2025-09-19
2747,1507,9,2025-07-04,86,"Recommended based on stable income, excellent payment history",100,0.3,90.91,accepted,2025-10-11
2748,1508,30,2025-06-12,87,Recommended based on stable income,100,0.8,87.5,pending,2025-08-23
2749,1509,37,2025-06-25,100,"Recommended based on good credit score, high income",100,0.3,85.71,pending,2025-08-03
2750,1509,15,2025-05-19,100,"Recommended based on good credit score, high income",100,0.3,85.71,pending,2025-10-04
2751,1510,43,2025-05-19,70,Recommended based on high income,100,0.5,75.0,declined,2025-09-10
2752,1511,13,2025-06-29,100,Recommended based on low credit utilization,100,0.1,83.33,pending,2025-09-21
2753,1512,18,2025-05-19,100,"Recommended based on good credit score, high income",100,0.2984,76.92,declined,2025-08-22
2754,1513,27,2025-06-28,90,"Recommended based on high income, excellent payment history",100,0.6113,92.86,accepted,2025-08-17
2755,1514,14,2025-06-24,97,"Recommended based on good credit score, high income",100,0.2692,76.47,declined,2025-08-28
2756,1514,49,2025-06-12,88,"Recommended based on good credit score, high income",100,0.2692,76.47,declined,2025-10-08
2757,1515,3,2025-06-05,100,"Recommended based on good credit score, high income",100,0.6748,85.71,pending,2025-08-09
2758,1515,42,2025-06-13,100,"Recommended based on good credit score, high income",100,0.6748,85.71,declined,2025-07-17
2759,1515,29,2025-06-28,100,"Recommended based on good credit score, high income",100,0.6748,85.71,pending,2025-09-26
2760,1515,5,2025-06-09,100,"Recommended based on good credit score, high income",100,0.6748,85.71,pending,2025-09-18
2761,1516,32,2025-05-18,85,"Recommended based on excellent credit score, stable income",100,0.1,100.0,accepted,2025-08-01
2762,1516,48,2025-06-30,100,"Recommended based on excellent credit score, stable income",100,0.1,100.0,declined,2025-07-25
2763,1516,13,2025-06-12,100,"Recommended based on excellent credit score, stable income",100,0.1,100.0,accepted,2025-08-31
2764,1517,5,2025-07-06,100,Standard recommendation,100,0.3,80.0,declined,2025-08-02
2765,1517,21,2025-06-11,100,Standard recommendation,100,0.3,80.0,accepted,2025-07-19
2766,1518,10,2025-05-23,100,"Recommended based on good credit score, stable income",100,0.286,91.67,accepted,2025-10-13
2767,1519,42,2025-06-08,100,"Recommended based on excellent credit score, high income",100,0.4241,83.33,pending,2025-07-23
2768,1520,38,2025-07-12,100,"Recommended based on good credit score, high income",100,0.134,75.0,declined,2025-09-04
2769,1521,21,2025-06-27,100,"Recommended based on excellent credit score, high income",100,0.1467,88.89,pending,2025-08-23
2770,1522,21,2025-06-14,100,"Recommended based on stable income, low credit utilization",100,0.1227,60.0,declined,2025-09-26
2771,1522,8,2025-06-12,90,"Recommended based on stable income, low credit utilization",100,0.1227,60.0,accepted,2025-08-12
2772,1522,10,2025-05-28,85,"Recommended based on stable income, low credit utilization",100,0.1227,60.0,pending,2025-09-28
2773,1523,3,2025-07-03,100,Standard recommendation,100,0.8,80.0,declined,2025-10-02
2774,1524,50,2025-06-05,100,"Recommended based on excellent credit score, stable income",100,0.1,100.0,accepted,2025-08-25
2775,1525,20,2025-06-25,100,"Recommended based on excellent credit score, low credit utilization",100,0.0,100.0,pending,2025-09-04
2776,1525,8,2025-05-17,100,"Recommended based on excellent credit score, low credit utilization",100,0.0,100.0,pending,2025-07-24
2777,1525,25,2025-06-30,93,"Recommended based on excellent credit score, low credit utilization",100,0.0,100.0,pending,2025-08-23
2778,1526,13,2025-06-13,100,"Recommended based on excellent credit score, stable income",100,0.1174,100.0,declined,2025-08-29
2779,1527,43,2025-06-03,100,"Recommended based on excellent credit score, stable income",100,0.1,100.0,pending,2025-08-13
2780,1528,44,2025-05-31,100,"Recommended based on good credit score, stable income",100,0.3,100.0,declined,2025-07-17
2781,1529,34,2025-06-30,100,"Recommended based on excellent credit score, high income",100,0.2062,83.33,pending,2025-07-17
2782,1530,19,2025-07-15,87,Recommended based on high income,100,0.4104,66.67,accepted,2025-07-17
2783,1531,5,2025-06-30,100,Recommended based on stable income,100,0.3,71.43,accepted,2025-07-26
2784,1531,39,2025-06-20,90,Recommended based on stable income,100,0.3,71.43,pending,2025-08-08
2785,1531,28,2025-05-18,100,Recommended based on stable income,100,0.3,71.43,pending,2025-09-18
2786,1532,19,2025-05-28,100,"Recommended based on excellent credit score, high income",100,0.1959,87.5,accepted,2025-08-12
2787,1532,17,2025-07-01,96,"Recommended based on excellent credit score, high income",100,0.1959,87.5,expired,2025-09-16
2788,1532,8,2025-07-05,100,"Recommended based on excellent credit score, high income",100,0.1959,87.5,pending,2025-09-11
2789,1533,3,2025-05-23,100,Standard recommendation,100,0.3,50.0,accepted,2025-10-05
2790,1534,8,2025-05-22,100,"Recommended based on good credit score, stable income",100,0.1,85.71,pending,2025-07-31
2791,1534,42,2025-07-01,100,"Recommended based on good credit score, stable income",100,0.1,85.71,pending,2025-09-04
2792,1534,21,2025-07-03,100,"Recommended based on good credit score, stable income",100,0.1,85.71,pending,2025-08-03
2793,1535,15,2025-07-05,100,"Recommended based on excellent credit score, high income",100,0.0457,93.33,pending,2025-07-28
2794,1535,5,2025-06-08,100,"Recommended based on excellent credit score, high income",100,0.0457,93.33,pending,2025-09-01
2795,1536,3,2025-06-30,100,Standard recommendation,100,0.3,87.5,accepted,2025-10-12
2796,1536,13,2025-05-31,100,Standard recommendation,100,0.3,87.5,declined,2025-08-02
2797,1536,5,2025-06-09,100,Standard recommendation,100,0.3,87.5,pending,2025-10-12
2798,1537,20,2025-05-19,100,"Recommended based on excellent credit score, high income",100,0.4509,100.0,declined,2025-07-27
2799,1538,42,2025-07-06,97,"Recommended based on good credit score, stable income",100,0.1,100.0,pending,2025-09-19
2800,1538,30,2025-05-20,100,"Recommended based on good credit score, stable income",100,0.1,100.0,pending,2025-07-30
2801,1539,5,2025-05-27,100,Recommended based on stable income,100,0.5,71.43,accepted,2025-08-21
2802,1539,13,2025-06-12,100,Recommended based on stable income,100,0.5,71.43,pending,2025-09-16
2803,1539,3,2025-05-30,100,Recommended based on stable income,100,0.5,71.43,expired,2025-09-14
2804,1539,10,2025-07-14,100,Recommended based on stable income,100,0.5,71.43,declined,2025-10-04
2805,1540,42,2025-05-24,100,"Recommended based on excellent credit score, high income",100,0.2991,95.83,pending,2025-07-23
2806,1540,29,2025-06-11,100,"Recommended based on excellent credit score, high income",100,0.2991,95.83,declined,2025-09-27
2807,1540,19,2025-05-27,100,"Recommended based on excellent credit score, high income",100,0.2991,95.83,pending,2025-10-07
2808,1541,3,2025-05-17,100,Standard recommendation,100,0.3,33.33,declined,2025-07-28
2809,1542,44,2025-07-12,100,"Recommended based on stable income, low credit utilization",100,0.1,66.67,pending,2025-08-04
2810,1543,13,2025-06-22,100,"Recommended based on excellent credit score, high income",100,0.1,100.0,accepted,2025-07-20
2811,1543,8,2025-06-01,100,"Recommended based on excellent credit score, high income",100,0.1,100.0,accepted,2025-10-08
2812,1544,21,2025-06-11,100,Recommended based on stable income,100,0.5,75.0,declined,2025-09-09
2813,1545,28,2025-06-25,100,"Recommended based on good credit score, stable income",100,0.3,80.0,pending,2025-08-11
2814,1545,12,2025-07-03,100,"Recommended based on good credit score, stable income",100,0.3,80.0,declined,2025-07-23
2815,1545,35,2025-07-08,96,"Recommended based on good credit score, stable income",100,0.3,80.0,pending,2025-07-27
2816,1546,28,2025-07-02,100,Recommended based on high income,100,0.3,71.43,declined,2025-10-09
2817,1546,39,2025-06-15,100,Recommended based on high income,100,0.3,71.43,pending,2025-08-19
2818,1546,30,2025-06-21,100,Recommended based on high income,100,0.3,71.43,pending,2025-09-21
2819,1547,48,2025-05-21,93,"Recommended based on good credit score, stable income",100,0.3,100.0,pending,2025-09-16
2820,1547,21,2025-06-19,100,"Recommended based on good credit score, stable income",100,0.3,100.0,accepted,2025-09-15
2821,1548,45,2025-06-13,100,"Recommended based on excellent credit score, high income",100,0.0,100.0,declined,2025-07-22
2822,1548,6,2025-06-20,100,"Recommended based on excellent credit score, high income",100,0.0,100.0,accepted,2025-07-28
2823,1548,35,2025-07-09,100,"Recommended based on excellent credit score, high income",100,0.0,100.0,pending,2025-10-12
2824,1548,38,2025-06-16,100,"Recommended based on excellent credit score, high income",100,0.0,100.0,pending,2025-08-11
2825,1549,20,2025-06-15,100,"Recommended based on excellent credit score, high income",100,0.3,100.0,pending,2025-08-08
2826,1550,13,2025-06-03,100,Recommended based on low credit utilization,100,0.206,77.78,pending,2025-09-14
2827,1550,21,2025-06-04,100,Recommended based on low credit utilization,100,0.206,77.78,accepted,2025-07-21
2828,1551,19,2025-06-25,100,"Recommended based on excellent credit score, high income",100,0.4913,100.0,pending,2025-08-19
2829,1551,18,2025-06-25,95,"Recommended based on excellent credit score, high income",100,0.4913,100.0,accepted,2025-08-04
2830,1551,3,2025-06-13,100,"Recommended based on excellent credit score, high income",100,0.4913,100.0,pending,2025-08-09
2831,1552,43,2025-06-23,81,"Recommended based on good credit score, high income",100,0.8,100.0,expired,2025-09-30
2832,1552,26,2025-05-20,96,"Recommended based on good credit score, high income",100,0.8,100.0,pending,2025-08-20
2833,1552,37,2025-06-26,100,"Recommended based on good credit score, high income",100,0.8,100.0,accepted,2025-09-28
2834,1553,30,2025-06-23,99,"Recommended based on good credit score, stable income",100,0.1,85.71,pending,2025-10-05
2835,1554,30,2025-05-20,100,"Recommended based on excellent credit score, stable income",100,0.2857,86.67,accepted,2025-09-01
2836,1554,31,2025-05-21,100,"Recommended based on excellent credit score, stable income",100,0.2857,86.67,pending,2025-09-22
2837,1555,14,2025-06-05,94,"Recommended based on good credit score, high income",100,0.5,80.0,declined,2025-07-31
2838,1556,33,2025-05-29,100,"Recommended based on excellent credit score, high income",100,0.0,100.0,accepted,2025-09-21
2839,1556,46,2025-06-28,100,"Recommended based on excellent credit score, high income",100,0.0,100.0,pending,2025-08-28
2840,1556,6,2025-06-24,100,"Recommended based on excellent credit score, high income",100,0.0,100.0,accepted,2025-09-11
2841,1557,5,2025-06-03,100,"Recommended based on good credit score, high income",100,0.3807,81.25,accepted,2025-07-16
2842,1558,12,2025-06-18,100,Recommended based on high income,100,0.4771,62.5,pending,2025-09-13
2843,1559,13,2025-06-11,94,Standard recommendation,100,0.3,42.86,pending,2025-09-18
2844,1560,3,2025-06-20,97,Standard recommendation,100,0.5,33.33,accepted,2025-07-18
2845,1561,5,2025-05-17,100,Recommended based on stable income,100,0.4114,68.75,pending,2025-08-13
2846,1562,13,2025-06-08,100,Recommended based on low credit utilization,100,0.1,66.67,declined,2025-10-01
2847,1562,3,2025-06-20,100,Recommended based on low credit utilization,100,0.1,66.67,declined,2025-09-21
2848,1562,39,2025-06-10,83,Recommended based on low credit utilization,100,0.1,66.67,pending,2025-08-30
2849,1563,3,2025-06-21,100,Recommended based on excellent payment history,100,0.5313,92.86,expired,2025-08-11
2850,1563,37,2025-06-12,100,Recommended based on excellent payment history,100,0.5313,92.86,expired,2025-09-09
2851,1563,30,2025-06-12,83,Recommended based on excellent payment history,100,0.5313,92.86,pending,2025-09-25
2852,1564,37,2025-07-07,100,"Recommended based on excellent credit score, stable income",100,0.3333,100.0,declined,2025-09-27
2853,1564,16,2025-06-03,94,"Recommended based on excellent credit score, stable income",100,0.3333,100.0,pending,2025-09-08
2854,1565,10,2025-05-18,99,Recommended based on low credit utilization,100,0.0,42.86,expired,2025-09-08
2855,1565,3,2025-06-08,100,Recommended based on low credit utilization,100,0.0,42.86,pending,2025-09-19
2856,1565,12,2025-06-12,100,Recommended based on low credit utilization,100,0.0,42.86,accepted,2025-07-29
2857,1565,30,2025-05-29,91,Recommended based on low credit utilization,100,0.0,42.86,pending,2025-09-24
2858,1566,8,2025-06-23,99,"Recommended based on good credit score, low credit utilization",100,0.0,83.33,pending,2025-07-18
2859,1566,3,2025-07-05,100,"Recommended based on good credit score, low credit utilization",100,0.0,83.33,pending,2025-08-15
2860,1566,42,2025-06-22,90,"Recommended based on good credit score, low credit utilization",100,0.0,83.33,pending,2025-10-09
2861,1567,39,2025-06-27,100,"Recommended based on good credit score, stable income",100,0.3,87.5,accepted,2025-07-21
2862,1567,13,2025-05-21,100,"Recommended based on good credit score, stable income",100,0.3,87.5,accepted,2025-08-04
2863,1568,3,2025-06-08,100,Standard recommendation,100,0.5,75.0,pending,2025-08-20
2864,1569,39,2025-05-22,95,"Recommended based on good credit score, low credit utilization",100,0.1,100.0,expired,2025-09-05
2865,1570,37,2025-05-22,89,"Recommended based on stable income, low credit utilization",100,0.2173,63.64,accepted,2025-09-17
2866,1571,5,2025-06-23,98,Standard recommendation,100,0.3,75.0,pending,2025-10-11
2867,1572,16,2025-07-07,88,"Recommended based on excellent credit score, stable income",100,0.5,100.0,pending,2025-07-17
2868,1572,48,2025-05-26,100,"Recommended based on excellent credit score, stable income",100,0.5,100.0,expired,2025-08-13
2869,1573,12,2025-05-31,100,"Recommended based on high income, excellent payment history",100,0.95,100.0,pending,2025-10-01
2870,1574,45,2025-07-01,100,"Recommended based on excellent credit score, high income",100,0.2339,91.3,declined,2025-08-05
2871,1574,10,2025-06-26,100,"Recommended based on excellent credit score, high income",100,0.2339,91.3,accepted,2025-07-17
2872,1575,12,2025-06-24,100,"Recommended based on good credit score, stable income",100,0.3,88.89,accepted,2025-08-08
2873,1575,45,2025-06-29,100,"Recommended based on good credit score, stable income",100,0.3,88.89,pending,2025-10-05
2874,1575,9,2025-07-15,100,"Recommended based on good credit score, stable income",100,0.3,88.89,pending,2025-10-07
2875,1576,3,2025-06-25,100,Standard recommendation,100,0.3,50.0,accepted,2025-08-13
2876,1577,46,2025-06-27,100,"Recommended based on good credit score, high income",100,0.1187,84.62,pending,2025-08-23
2877,1577,39,2025-07-14,100,"Recommended based on good credit score, high income",100,0.1187,84.62,declined,2025-09-18
2878,1578,27,2025-06-02,92,"Recommended based on good credit score, stable income",100,0.2719,81.82,pending,2025-09-15
2879,1578,49,2025-05-21,100,"Recommended based on good credit score, stable income",100,0.2719,81.82,accepted,2025-08-31
2880,1579,7,2025-07-12,100,"Recommended based on excellent credit score, high income",100,0.2373,100.0,declined,2025-10-06
2881,1579,23,2025-06-28,100,"Recommended based on excellent credit score, high income",100,0.2373,100.0,pending,2025-08-15
2882,1580,39,2025-06-30,91,"Recommended based on good credit score, stable income",100,0.1,100.0,accepted,2025-10-10
2883,1580,9,2025-05-28,96,"Recommended based on good credit score, stable income",100,0.1,100.0,declined,2025-09-16
2884,1581,13,2025-05-21,100,Recommended based on stable income,100,0.5213,70.0,pending,2025-08-08
2885,1581,3,2025-06-14,100,Recommended based on stable income,100,0.5213,70.0,accepted,2025-08-01
2886,1582,34,2025-07-11,100,"Recommended based on excellent credit score, high income",100,0.5,100.0,accepted,2025-08-30
2887,1582,14,2025-06-29,100,"Recommended based on excellent credit score, high income",100,0.5,100.0,declined,2025-08-01
2888,1582,10,2025-05-30,100,"Recommended based on excellent credit score, high income",100,0.5,100.0,pending,2025-07-21
2889,1583,37,2025-05-25,100,"Recommended based on stable income, low credit utilization",100,0.2987,73.33,pending,2025-10-08
2890,1584,21,2025-05-30,100,"Recommended based on excellent credit score, stable income",100,0.1,100.0,accepted,2025-09-08
2891,1584,44,2025-05-17,100,"Recommended based on excellent credit score, stable income",100,0.1,100.0,accepted,2025-09-13
2892,1585,3,2025-07-12,94,Standard recommendation,100,0.3,50.0,pending,2025-09-28
2893,1586,49,2025-07-08,100,"Recommended based on excellent credit score, high income",100,0.4855,95.45,pending,2025-09-27
2894,1586,5,2025-05-21,100,"Recommended based on excellent credit score, high income",100,0.4855,95.45,pending,2025-09-11
2895,1587,37,2025-06-14,100,"Recommended based on good credit score, high income",100,0.5,77.78,declined,2025-07-22
2896,1588,36,2025-06-21,99,"Recommended based on excellent credit score, stable income",100,0.1,100.0,pending,2025-10-11
2897,1589,21,2025-05-28,99,"Recommended based on stable income, low credit utilization",100,0.1,60.0,declined,2025-07-27
2898,1589,28,2025-06-08,74,"Recommended based on stable income, low credit utilization",100,0.1,60.0,pending,2025-10-10
2899,1590,28,2025-05-30,100,"Recommended based on good credit score, stable income",100,0.1156,85.71,declined,2025-09-14
2900,1591,3,2025-07-02,89,Standard recommendation,100,0.3,66.67,declined,2025-08-22
2901,1592,23,2025-07-05,99,"Recommended based on excellent credit score, high income",100,0.1,93.75,pending,2025-09-08
2902,1593,39,2025-07-13,83,"Recommended based on stable income, low credit utilization",100,0.1,62.5,expired,2025-08-08
2903,1593,21,2025-06-04,97,"Recommended based on stable income, low credit utilization",100,0.1,62.5,declined,2025-09-21
2904,1594,3,2025-06-07,100,Recommended based on low credit utilization,100,0,85.0,pending,2025-08-09
2905,1594,13,2025-07-11,100,Recommended based on low credit utilization,100,0,85.0,pending,2025-10-01
2906,1595,46,2025-06-01,100,"Recommended based on excellent credit score, high income",100,0.137,91.3,pending,2025-07-30
2907,1596,37,2025-06-01,90,Recommended based on low credit utilization,100,0.1,33.33,pending,2025-09-06
2908,1596,13,2025-05-18,87,Recommended based on low credit utilization,100,0.1,33.33,accepted,2025-09-15
2909,1596,3,2025-06-23,100,Recommended based on low credit utilization,100,0.1,33.33,declined,2025-08-30
2910,1597,18,2025-05-30,99,"Recommended based on good credit score, high income",100,0.6173,100.0,pending,2025-08-29
2911,1597,27,2025-06-27,87,"Recommended based on good credit score, high income",100,0.6173,100.0,accepted,2025-08-10
2912,1597,5,2025-05-25,100,"Recommended based on good credit score, high income",100,0.6173,100.0,pending,2025-09-09
2913,1598,8,2025-07-11,100,"Recommended based on good credit score, stable income",100,0.0,80.0,pending,2025-07-22
2914,1598,9,2025-05-21,90,"Recommended based on good credit score, stable income",100,0.0,80.0,expired,2025-10-01
2915,1598,7,2025-07-07,100,"Recommended based on good credit score, stable income",100,0.0,80.0,accepted,2025-09-24
2916,1599,13,2025-07-10,100,Recommended based on low credit utilization,100,0.1915,50.0,declined,2025-09-14
2917,1600,37,2025-06-08,100,"Recommended based on good credit score, excellent payment history",100,0.4245,100.0,declined,2025-09-16
2918,1601,3,2025-06-03,100,Recommended based on stable income,100,0.8,60.0,declined,2025-08-29
2919,1602,13,2025-07-14,90,Standard recommendation,100,0.3,25.0,declined,2025-09-13
2920,1602,3,2025-07-06,100,Standard recommendation,100,0.3,25.0,pending,2025-08-10
2921,1603,3,2025-06-03,100,"Recommended based on good credit score, stable income",100,0.3264,85.0,pending,2025-07-22
2922,1604,10,2025-07-13,100,Recommended based on stable income,100,0.3222,80.0,declined,2025-07-21
2923,1604,3,2025-06-09,100,Recommended based on stable income,100,0.3222,80.0,pending,2025-10-10
2924,1604,39,2025-06-14,100,Recommended based on stable income,100,0.3222,80.0,pending,2025-09-09
2925,1604,15,2025-05-21,81,Recommended based on stable income,100,0.3222,80.0,expired,2025-08-02
2926,1605,3,2025-06-18,100,Recommended based on low credit utilization,100,0.1,71.43,pending,2025-09-24
2927,1606,29,2025-07-11,87,"Recommended based on good credit score, high income",100,0.4668,83.33,pending,2025-09-29
2928,1607,3,2025-06-21,100,Standard recommendation,100,0.3,75.0,declined,2025-07-18
2929,1608,34,2025-06-23,100,"Recommended based on stable income, excellent payment history",100,0.6577,92.31,accepted,2025-08-30
2930,1608,27,2025-05-29,100,"Recommended based on stable income, excellent payment history",100,0.6577,92.31,expired,2025-09-14
2931,1608,29,2025-06-17,96,"Recommended based on stable income, excellent payment history",100,0.6577,92.31,expired,2025-09-19
2932,1609,49,2025-06-10,100,"Recommended based on good credit score, high income",100,0.4249,100.0,declined,2025-09-08
2933,1610,2,2025-06-28,96,"Recommended based on good credit score, high income",100,0.0645,75.0,declined,2025-08-14
2934,1610,19,2025-07-14,100,"Recommended based on good credit score, high income",100,0.0645,75.0,accepted,2025-09-07
2935,1611,37,2025-06-20,100,Recommended based on high income,100,0.5995,66.67,pending,2025-07-27
2936,1611,3,2025-06-09,100,Recommended based on high income,100,0.5995,66.67,pending,2025-09-10
2937,1611,13,2025-06-19,100,Recommended based on high income,100,0.5995,66.67,pending,2025-10-01
2938,1612,5,2025-06-10,100,"Recommended based on excellent credit score, high income",100,0.3125,87.5,pending,2025-08-21
2939,1612,27,2025-06-16,100,"Recommended based on excellent credit score, high income",100,0.3125,87.5,accepted,2025-08-23
2940,1612,29,2025-06-24,96,"Recommended based on excellent credit score, high income",100,0.3125,87.5,accepted,2025-08-09
2941,1612,3,2025-06-16,100,"Recommended based on excellent credit score, high income",100,0.3125,87.5,accepted,2025-09-13
2942,1613,37,2025-07-14,100,Recommended based on stable income,100,0.3,85.71,pending,2025-08-09
2943,1614,39,2025-06-06,100,"Recommended based on good credit score, stable income",100,0.238,85.71,pending,2025-08-05
2944,1614,46,2025-07-04,100,"Recommended based on good credit score, stable income",100,0.238,85.71,pending,2025-08-02
2945,1615,34,2025-06-17,97,"Recommended based on excellent credit score, high income",100,0.3501,95.45,declined,2025-08-11
2946,1615,14,2025-06-05,100,"Recommended based on excellent credit score, high income",100,0.3501,95.45,declined,2025-09-30
2947,1615,31,2025-07-09,100,"Recommended based on excellent credit score, high income",100,0.3501,95.45,pending,2025-09-26
2948,1616,46,2025-05-27,100,"Recommended based on good credit score, stable income",100,0.267,91.67,pending,2025-09-24
2949,1616,8,2025-07-06,100,"Recommended based on good credit score, stable income",100,0.267,91.67,declined,2025-09-21
2950,1616,13,2025-06-20,100,"Recommended based on good credit score, stable income",100,0.267,91.67,accepted,2025-08-03
2951,1617,44,2025-05-20,100,"Recommended based on excellent credit score, high income",100,0.1381,83.33,accepted,2025-08-05
2952,1617,38,2025-07-03,100,"Recommended based on excellent credit score, high income",100,0.1381,83.33,accepted,2025-09-10
2953,1618,18,2025-05-23,95,Recommended based on high income,100,0.5736,69.23,pending,2025-09-05
2954,1618,29,2025-06-24,93,Recommended based on high income,100,0.5736,69.23,pending,2025-07-22
2955,1619,19,2025-05-24,98,"Recommended based on good credit score, stable income",100,0.131,90.91,accepted,2025-08-08
2956,1620,37,2025-06-07,100,"Recommended based on stable income, low credit utilization",100,0.1,62.5,pending,2025-09-08
2957,1620,3,2025-05-18,100,"Recommended based on stable income, low credit utilization",100,0.1,62.5,pending,2025-07-24
2958,1621,37,2025-07-01,100,"Recommended based on good credit score, high income",100,0.5,87.5,declined,2025-09-10
2959,1621,26,2025-07-09,98,"Recommended based on good credit score, high income",100,0.5,87.5,accepted,2025-09-20
2960,1622,30,2025-06-10,100,Recommended based on low credit utilization,100,0.1,80.0,pending,2025-07-24
2961,1623,27,2025-06-21,100,"Recommended based on excellent credit score, high income",100,0.3889,85.0,accepted,2025-08-20
2962,1624,21,2025-05-29,100,"Recommended based on excellent credit score, high income",100,0.3,90.91,pending,2025-07-30
2963,1624,26,2025-07-14,100,"Recommended based on excellent credit score, high income",100,0.3,90.91,accepted,2025-08-20
2964,1625,13,2025-05-24,87,Recommended based on stable income,100,0.8,60.0,expired,2025-07-19
2965,1625,21,2025-07-09,92,Recommended based on stable income,100,0.8,60.0,declined,2025-08-13
2966,1625,3,2025-06-19,100,Recommended based on stable income,100,0.8,60.0,accepted,2025-09-30
2967,1626,37,2025-05-18,89,"Recommended based on stable income, low credit utilization",100,0.1,50.0,pending,2025-09-22
2968,1626,39,2025-06-03,99,"Recommended based on stable income, low credit utilization",100,0.1,50.0,accepted,2025-10-07
2969,1626,28,2025-06-12,86,"Recommended based on stable income, low credit utilization",100,0.1,50.0,pending,2025-09-14
2970,1626,13,2025-06-07,100,"Recommended based on stable income, low credit utilization",100,0.1,50.0,pending,2025-08-29
2971,1627,7,2025-06-29,89,"Recommended based on stable income, low credit utilization",100,0.1989,73.33,accepted,2025-07-21
2972,1628,39,2025-06-02,100,"Recommended based on good credit score, stable income",100,0.0,100.0,declined,2025-08-31
2973,1628,7,2025-06-07,100,"Recommended based on good credit score, stable income",100,0.0,100.0,pending,2025-09-06
2974,1628,46,2025-06-25,100,"Recommended based on good credit score, stable income",100,0.0,100.0,pending,2025-09-19
2975,1629,38,2025-05-29,83,"Recommended based on good credit score, stable income",100,0.2289,91.67,declined,2025-10-10
2976,1630,39,2025-07-09,100,"Recommended based on good credit score, stable income",100,0.1,100.0,declined,2025-08-27
2977,1630,12,2025-06-18,100,"Recommended based on good credit score, stable income",100,0.1,100.0,declined,2025-09-05
2978,1630,30,2025-06-20,99,"Recommended based on good credit score, stable income",100,0.1,100.0,declined,2025-10-12
2979,1631,28,2025-06-29,89,"Recommended based on good credit score, stable income",100,0.1,100.0,accepted,2025-09-30
2980,1631,39,2025-05-31,100,"Recommended based on good credit score, stable income",100,0.1,100.0,pending,2025-10-07
2981,1632,3,2025-07-11,100,"Recommended based on good credit score, low credit utilization",100,0.22,100.0,declined,2025-09-08
2982,1633,49,2025-05-21,100,"Recommended based on good credit score, high income",100,0.5095,93.33,declined,2025-09-08
2983,1634,9,2025-06-05,100,"Recommended based on excellent credit score, high income",100,0.2732,93.75,pending,2025-09-04
2984,1634,26,2025-06-27,100,"Recommended based on excellent credit score, high income",100,0.2732,93.75,pending,2025-07-24
2985,1635,34,2025-07-13,100,"Recommended based on good credit score, high income",100,0.1847,77.78,accepted,2025-08-31
2986,1636,21,2025-05-22,100,"Recommended based on stable income, low credit utilization",100,0.1,58.33,pending,2025-09-12
2987,1636,3,2025-06-01,100,"Recommended based on stable income, low credit utilization",100,0.1,58.33,declined,2025-07-30
2988,1636,13,2025-05-21,99,"Recommended based on stable income, low credit utilization",100,0.1,58.33,pending,2025-09-28
2989,1636,28,2025-06-22,88,"Recommended based on stable income, low credit utilization",100,0.1,58.33,accepted,2025-09-21
2990,1637,12,2025-06-24,100,Recommended based on stable income,100,0.5,75.0,declined,2025-10-01
2991,1637,13,2025-07-02,100,Recommended based on stable income,100,0.5,75.0,declined,2025-09-19
2992,1637,5,2025-06-27,93,Recommended based on stable income,100,0.5,75.0,pending,2025-09-04
2993,1638,13,2025-07-05,100,Recommended based on high income,100,0.5824,81.82,pending,2025-10-11
2994,1638,27,2025-06-03,94,Recommended based on high income,100,0.5824,81.82,accepted,2025-09-13
2995,1639,34,2025-06-09,86,Standard recommendation,100,0.5597,66.67,expired,2025-07-20
2996,1639,3,2025-07-14,100,Standard recommendation,100,0.5597,66.67,pending,2025-08-13
2997,1640,20,2025-05-18,100,"Recommended based on excellent credit score, high income",100,0.0486,100.0,declined,2025-10-04
2998,1640,25,2025-06-12,100,"Recommended based on excellent credit score, high income",100,0.0486,100.0,accepted,2025-08-13
2999,1640,9,2025-06-22,100,"Recommended based on excellent credit score, high income",100,0.0486,100.0,accepted,2025-08-23
3000,1640,6,2025-06-25,100,"Recommended based on excellent credit score, high income",100,0.0486,100.0,accepted,2025-08-30
3001,1641,20,2025-06-01,100,"Recommended based on excellent credit score, high income",100,0.2584,94.44,accepted,2025-07-22
3002,1641,3,2025-06-08,100,"Recommended based on excellent credit score, high income",100,0.2584,94.44,pending,2025-08-31
3003,1641,30,2025-06-28,100,"Recommended based on excellent credit score, high income",100,0.2584,94.44,pending,2025-09-22
3004,1641,34,2025-07-10,100,"Recommended based on excellent credit score, high income",100,0.2584,94.44,pending,2025-07-31
3005,1642,5,2025-05-27,97,Standard recommendation,100,0.3,75.0,pending,2025-10-11
3006,1643,45,2025-06-04,100,"Recommended based on excellent credit score, high income",100,0.2408,100.0,pending,2025-10-08
3007,1643,12,2025-07-10,100,"Recommended based on excellent credit score, high income",100,0.2408,100.0,pending,2025-07-24
3008,1644,3,2025-06-05,100,"Recommended based on stable income, low credit utilization",100,0.1467,73.91,pending,2025-08-22
3009,1644,13,2025-05-27,100,"Recommended based on stable income, low credit utilization",100,0.1467,73.91,accepted,2025-09-22
3010,1645,49,2025-05-20,100,"Recommended based on excellent credit score, high income",100,0.2533,91.67,pending,2025-09-20
3011,1646,39,2025-06-25,97,Recommended based on low credit utilization,100,0.1,83.33,pending,2025-07-24
3012,1646,10,2025-07-12,100,Recommended based on low credit utilization,100,0.1,83.33,accepted,2025-07-21
3013,1647,19,2025-05-21,100,"Recommended based on excellent credit score, high income",100,0.1711,91.67,declined,2025-09-08
3014,1647,3,2025-06-30,100,"Recommended based on excellent credit score, high income",100,0.1711,91.67,declined,2025-08-01
3015,1648,34,2025-06-25,93,"Recommended based on good credit score, high income",100,0.6627,100.0,pending,2025-09-15
3016,1649,21,2025-06-03,89,Standard recommendation,100,0.3,62.5,declined,2025-07-17
3017,1650,44,2025-06-03,86,Recommended based on stable income,100,0.3,75.0,accepted,2025-09-27
3018,1650,37,2025-05-20,97,Recommended based on stable income,100,0.3,75.0,pending,2025-08-10
3019,1650,12,2025-07-14,88,Recommended based on stable income,100,0.3,75.0,pending,2025-07-27
3020,1651,42,2025-07-01,100,"Recommended based on excellent credit score, high income",100,0.2732,100.0,pending,2025-09-30
3021,1652,19,2025-07-05,100,"Recommended based on excellent credit score, high income",100,0.1872,81.25,pending,2025-09-25
3022,1652,26,2025-06-05,100,"Recommended based on excellent credit score, high income",100,0.1872,81.25,pending,2025-08-25
3023,1653,10,2025-07-15,100,"Recommended based on good credit score, stable income",100,0.1,87.5,accepted,2025-08-02
3024,1653,8,2025-07-06,100,"Recommended based on good credit score, stable income",100,0.1,87.5,accepted,2025-08-28
3025,1653,15,2025-05-23,88,"Recommended based on good credit score, stable income",100,0.1,87.5,declined,2025-08-14
3026,1654,15,2025-06-23,98,"Recommended based on good credit score, stable income",100,0.0354,71.43,accepted,2025-07-23
3027,1655,3,2025-07-12,97,Recommended based on low credit utilization,100,0.1,66.67,pending,2025-08-04
3028,1656,21,2025-06-05,100,Recommended based on low credit utilization,100,0.1,71.43,expired,2025-07-20
3029,1656,12,2025-06-14,100,Recommended based on low credit utilization,100,0.1,71.43,pending,2025-08-05
3030,1657,47,2025-06-16,100,"Recommended based on excellent credit score, high income",100,0.2648,82.35,expired,2025-07-27
3031,1657,21,2025-06-15,100,"Recommended based on excellent credit score, high income",100,0.2648,82.35,accepted,2025-07-31
3032,1657,25,2025-07-02,100,"Recommended based on excellent credit score, high income",100,0.2648,82.35,declined,2025-07-19
3033,1658,25,2025-06-08,100,"Recommended based on excellent credit score, high income",100,0.2,93.75,expired,2025-07-21
3034,1658,10,2025-05-19,100,"Recommended based on excellent credit score, high income",100,0.2,93.75,pending,2025-09-30
3035,1658,35,2025-06-27,100,"Recommended based on excellent credit score, high income",100,0.2,93.75,declined,2025-09-02
3036,1658,36,2025-05-31,100,"Recommended based on excellent credit score, high income",100,0.2,93.75,pending,2025-08-08
3037,1659,21,2025-07-05,100,Recommended based on stable income,100,0.3,71.43,accepted,2025-07-24
3038,1659,13,2025-06-12,92,Recommended based on stable income,100,0.3,71.43,accepted,2025-09-16
3039,1659,37,2025-06-07,89,Recommended based on stable income,100,0.3,71.43,pending,2025-07-21
3040,1660,37,2025-06-10,100,"Recommended based on stable income, low credit utilization",100,0.2766,68.75,accepted,2025-08-12
3041,1660,13,2025-05-22,100,"Recommended based on stable income, low credit utilization",100,0.2766,68.75,declined,2025-08-25
3042,1660,3,2025-07-08,100,"Recommended based on stable income, low credit utilization",100,0.2766,68.75,pending,2025-09-06
3043,1661,13,2025-05-27,100,Recommended based on low credit utilization,100,0,85.0,declined,2025-10-10
3044,1662,3,2025-06-04,86,Standard recommendation,100,0.8,50.0,declined,2025-08-21
3045,1663,9,2025-06-02,100,"Recommended based on excellent credit score, high income",100,0.171,85.0,pending,2025-07-30
3046,1663,19,2025-07-05,100,"Recommended based on excellent credit score, high income",100,0.171,85.0,pending,2025-07-21
3047,1664,47,2025-06-15,100,"Recommended based on excellent credit score, high income",100,0.1345,94.12,pending,2025-08-31
3048,1665,37,2025-06-03,95,Recommended based on stable income,100,0.3,60.0,pending,2025-09-21
3049,1666,20,2025-06-06,100,"Recommended based on excellent credit score, high income",100,0.2675,84.0,expired,2025-08-17
3050,1667,2,2025-07-03,97,"Recommended based on good credit score, excellent payment history",100,0.3,100.0,declined,2025-09-02
3051,1667,48,2025-07-04,85,"Recommended based on good credit score, excellent payment history",100,0.3,100.0,pending,2025-08-06
3052,1668,30,2025-05-29,100,"Recommended based on excellent credit score, stable income",100,0.2826,100.0,declined,2025-08-04
3053,1668,47,2025-07-13,87,"Recommended based on excellent credit score, stable income",100,0.2826,100.0,declined,2025-08-30
3054,1669,3,2025-05-20,100,Standard recommendation,100,0.3,66.67,accepted,2025-09-05
3055,1670,21,2025-06-09,100,Standard recommendation,100,0.3,80.0,accepted,2025-07-22
3056,1670,5,2025-06-02,95,Standard recommendation,100,0.3,80.0,pending,2025-10-04
3057,1671,3,2025-06-20,100,Recommended based on low credit utilization,100,0.1,66.67,accepted,2025-08-11
3058,1671,13,2025-06-12,100,Recommended based on low credit utilization,100,0.1,66.67,pending,2025-09-18
3059,1672,20,2025-07-04,100,"Recommended based on excellent credit score, stable income",100,0.2376,88.24,pending,2025-09-06
3060,1672,21,2025-07-04,100,"Recommended based on excellent credit score, stable income",100,0.2376,88.24,declined,2025-09-20
3061,1672,25,2025-06-30,100,"Recommended based on excellent credit score, stable income",100,0.2376,88.24,declined,2025-08-06
3062,1673,44,2025-06-17,100,"Recommended based on good credit score, high income",100,0.056,66.67,pending,2025-09-30
3063,1673,27,2025-06-09,100,"Recommended based on good credit score, high income",100,0.056,66.67,accepted,2025-09-15
3064,1673,25,2025-05-26,100,"Recommended based on good credit score, high income",100,0.056,66.67,expired,2025-07-31
3065,1674,21,2025-07-10,100,"Recommended based on good credit score, excellent payment history",100,0.3,100.0,pending,2025-09-23
3066,1675,3,2025-05-27,98,Standard recommendation,100,0.3,75.0,pending,2025-07-23
3067,1676,3,2025-06-15,100,Recommended based on good credit score,100,0.3,90.0,declined,2025-08-17
3068,1676,21,2025-07-01,100,Recommended based on good credit score,100,0.3,90.0,pending,2025-09-10
3069,1677,35,2025-07-02,100,"Recommended based on excellent credit score, high income",100,0.1652,100.0,pending,2025-09-26
3070,1677,17,2025-06-21,100,"Recommended based on excellent credit score, high income",100,0.1652,100.0,accepted,2025-09-08
3071,1678,21,2025-05-25,83,Recommended based on low credit utilization,100,0.1,66.67,declined,2025-09-22
3072,1678,3,2025-05-20,100,Recommended based on low credit utilization,100,0.1,66.67,accepted,2025-07-24
3073,1679,3,2025-06-30,100,Standard recommendation,100,0.3,50.0,declined,2025-10-01
3074,1680,5,2025-06-19,96,Recommended based on low credit utilization,100,0,85.0,pending,2025-09-12
3075,1681,39,2025-07-09,100,Recommended based on stable income,100,0.5,60.0,pending,2025-09-12
3076,1682,27,2025-06-07,100,"Recommended based on excellent credit score, high income",100,0.65,100.0,accepted,2025-08-27
3077,1682,49,2025-05-21,100,"Recommended based on excellent credit score, high income",100,0.65,100.0,declined,2025-08-21
3078,1683,28,2025-06-16,83,Recommended based on stable income,100,0.3,75.0,pending,2025-08-28
3079,1683,37,2025-07-10,100,Recommended based on stable income,100,0.3,75.0,expired,2025-09-20
3080,1683,3,2025-06-02,100,Recommended based on stable income,100,0.3,75.0,pending,2025-09-04
3081,1683,21,2025-06-16,96,Recommended based on stable income,100,0.3,75.0,expired,2025-08-06
3082,1684,33,2025-06-18,85,"Recommended based on stable income, low credit utilization",100,0.2287,63.64,declined,2025-08-17
3083,1684,50,2025-07-13,88,"Recommended based on stable income, low credit utilization",100,0.2287,63.64,accepted,2025-07-31
3084,1685,3,2025-05-31,100,Recommended based on stable income,100,0.5,60.0,declined,2025-07-17
3085,1686,42,2025-06-08,95,"Recommended based on good credit score, stable income",100,0.1,100.0,accepted,2025-07-18
3086,1687,2,2025-06-21,100,"Recommended based on good credit score, high income",100,0.1544,88.89,pending,2025-09-28
3087,1687,39,2025-06-18,100,"Recommended based on good credit score, high income",100,0.1544,88.89,declined,2025-08-15
3088,1688,49,2025-06-24,88,"Recommended based on excellent credit score, low credit utilization",100,0.0528,100.0,declined,2025-09-20
3089,1688,31,2025-05-30,93,"Recommended based on excellent credit score, low credit utilization",100,0.0528,100.0,declined,2025-09-23
3090,1689,35,2025-07-04,97,"Recommended based on good credit score, excellent payment history",100,0.3,100.0,pending,2025-09-14
3091,1689,21,2025-06-16,100,"Recommended based on good credit score, excellent payment history",100,0.3,100.0,pending,2025-10-02
3092,1689,25,2025-07-12,92,"Recommended based on good credit score, excellent payment history",100,0.3,100.0,declined,2025-07-18
3093,1690,42,2025-07-08,93,"Recommended based on good credit score, excellent payment history",100,0.3,100.0,accepted,2025-10-09
3094,1690,7,2025-05-31,100,"Recommended based on good credit score, excellent payment history",100,0.3,100.0,accepted,2025-08-30
3095,1690,37,2025-06-19,100,"Recommended based on good credit score, excellent payment history",100,0.3,100.0,accepted,2025-08-03
3096,1690,21,2025-07-12,96,"Recommended based on good credit score, excellent payment history",100,0.3,100.0,pending,2025-07-21
3097,1691,3,2025-06-13,100,Recommended based on low credit utilization,100,0.1,40.0,declined,2025-08-21
3098,1691,21,2025-07-09,74,Recommended based on low credit utilization,100,0.1,40.0,declined,2025-08-24
3099,1692,21,2025-05-17,91,Standard recommendation,100,0.8,80.0,pending,2025-10-13
3100,1693,13,2025-05-17,100,"Recommended based on excellent credit score, low credit utilization",100,0.0,100.0,declined,2025-08-18
3101,1694,28,2025-06-29,100,"Recommended based on excellent credit score, high income",100,0.3,100.0,accepted,2025-07-20
3102,1694,41,2025-07-02,86,"Recommended based on excellent credit score, high income",100,0.3,100.0,pending,2025-09-13
3103,1695,21,2025-06-23,100,"Recommended based on good credit score, stable income",100,0.1525,100.0,accepted,2025-08-06
3104,1696,3,2025-07-10,100,"Recommended based on good credit score, low credit utilization",100,0.0807,90.91,accepted,2025-07-25
3105,1696,13,2025-05-28,100,"Recommended based on good credit score, low credit utilization",100,0.0807,90.91,declined,2025-09-03
3106,1696,10,2025-05-21,100,"Recommended based on good credit score, low credit utilization",100,0.0807,90.91,pending,2025-09-03
3107,1697,37,2025-06-22,98,Recommended based on stable income,100,0.3,33.33,accepted,2025-08-20
3108,1698,18,2025-06-11,100,"Recommended based on excellent credit score, high income",100,0.4834,91.67,expired,2025-09-16
3109,1698,3,2025-05-23,100,"Recommended based on excellent credit score, high income",100,0.4834,91.67,accepted,2025-08-05
3110,1699,27,2025-06-08,98,"Recommended based on good credit score, high income",100,0.3351,85.71,accepted,2025-07-27
3111,1699,3,2025-06-30,100,"Recommended based on good credit score, high income",100,0.3351,85.71,expired,2025-08-10
3112,1699,26,2025-06-13,99,"Recommended based on good credit score, high income",100,0.3351,85.71,pending,2025-07-17
3113,1700,13,2025-05-27,93,Recommended based on low credit utilization,100,0,85.0,accepted,2025-09-01
3114,1701,39,2025-05-22,100,Recommended based on stable income,100,0.3857,85.71,pending,2025-08-29
3115,1701,8,2025-05-22,100,Recommended based on stable income,100,0.3857,85.71,pending,2025-10-03
3116,1702,32,2025-05-21,100,"Recommended based on good credit score, high income",100,0.2116,88.89,pending,2025-10-04
3117,1702,3,2025-06-04,100,"Recommended based on good credit score, high income",100,0.2116,88.89,pending,2025-07-21
3118,1702,28,2025-06-26,100,"Recommended based on good credit score, high income",100,0.2116,88.89,pending,2025-07-29
3119,1703,42,2025-07-05,100,"Recommended based on excellent credit score, high income",100,0.4475,80.0,declined,2025-08-08
3120,1703,34,2025-07-13,100,"Recommended based on excellent credit score, high income",100,0.4475,80.0,accepted,2025-08-17
3121,1704,32,2025-06-25,100,"Recommended based on excellent credit score, high income",100,0.4457,81.82,declined,2025-07-25
3122,1704,34,2025-06-10,100,"Recommended based on excellent credit score, high income",100,0.4457,81.82,expired,2025-09-08
3123,1704,31,2025-07-09,100,"Recommended based on excellent credit score, high income",100,0.4457,81.82,pending,2025-10-09
3124,1705,47,2025-05-19,100,"Recommended based on excellent credit score, high income",100,0.1769,100.0,pending,2025-09-29
3125,1705,10,2025-05-22,100,"Recommended based on excellent credit score, high income",100,0.1769,100.0,pending,2025-09-25
3126,1705,20,2025-06-23,100,"Recommended based on excellent credit score, high income",100,0.1769,100.0,accepted,2025-08-09
3127,1706,3,2025-06-07,100,"Recommended based on good credit score, low credit utilization",100,0.2094,81.25,pending,2025-09-27
3128,1706,46,2025-05-21,97,"Recommended based on good credit score, low credit utilization",100,0.2094,81.25,expired,2025-09-22
3129,1706,30,2025-07-04,92,"Recommended based on good credit score, low credit utilization",100,0.2094,81.25,declined,2025-07-30
3130,1706,7,2025-07-14,94,"Recommended based on good credit score, low credit utilization",100,0.2094,81.25,pending,2025-09-03
3131,1707,27,2025-05-22,100,"Recommended based on good credit score, high income",100,0.5695,91.67,pending,2025-09-24
3132,1708,45,2025-06-09,100,"Recommended based on excellent credit score, high income",100,0.1157,81.25,accepted,2025-07-23
3133,1708,10,2025-07-05,100,"Recommended based on excellent credit score, high income",100,0.1157,81.25,accepted,2025-07-23
3134,1709,3,2025-05-28,100,Standard recommendation,100,0.3,53.33,expired,2025-08-19
3135,1710,39,2025-06-24,87,"Recommended based on good credit score, low credit utilization",100,0.1,100.0,pending,2025-07-18
3136,1711,3,2025-07-01,100,Standard recommendation,100,0.5,75.0,pending,2025-09-10
3137,1711,21,2025-05-22,97,Standard recommendation,100,0.5,75.0,declined,2025-08-24
3138,1711,37,2025-06-17,83,Standard recommendation,100,0.5,75.0,declined,2025-08-30
3139,1711,12,2025-06-24,93,Standard recommendation,100,0.5,75.0,declined,2025-08-12
3140,1712,48,2025-07-14,100,"Recommended based on excellent credit score, high income",100,0.3,100.0,declined,2025-10-09
3141,1713,13,2025-06-24,92,Recommended based on stable income,100,0.3766,60.0,expired,2025-08-25
3142,1713,3,2025-06-21,100,Recommended based on stable income,100,0.3766,60.0,pending,2025-09-29
3143,1714,29,2025-06-07,100,"Recommended based on excellent credit score, high income",100,0.4227,92.59,pending,2025-09-05
3144,1714,49,2025-07-03,100,"Recommended based on excellent credit score, high income",100,0.4227,92.59,pending,2025-08-04
3145,1715,42,2025-07-12,100,"Recommended based on excellent credit score, high income",100,0.5467,100.0,declined,2025-10-04
3146,1716,8,2025-06-21,100,"Recommended based on good credit score, stable income",100,0.3,80.0,pending,2025-08-14
3147,1716,39,2025-06-05,100,"Recommended based on good credit score, stable income",100,0.3,80.0,expired,2025-08-13
3148,1717,3,2025-06-26,100,"Recommended based on stable income, low credit utilization",100,0.1,78.57,pending,2025-08-28
3149,1718,31,2025-05-22,97,"Recommended based on excellent credit score, stable income",100,0.1,100.0,pending,2025-09-24
3150,1719,30,2025-07-01,96,"Recommended based on good credit score, stable income",100,0.1,85.71,pending,2025-10-04
3151,1719,25,2025-06-20,85,"Recommended based on good credit score, stable income",100,0.1,85.71,accepted,2025-09-16
3152,1719,39,2025-05-20,100,"Recommended based on good credit score, stable income",100,0.1,85.71,accepted,2025-07-16
3153,1720,3,2025-06-18,100,Recommended based on low credit utilization,100,0.1,62.5,pending,2025-07-27
3154,1720,21,2025-06-12,94,Recommended based on low credit utilization,100,0.1,62.5,pending,2025-09-19
3155,1721,7,2025-07-04,100,"Recommended based on excellent credit score, stable income",100,0.1,100.0,pending,2025-07-21
3156,1721,28,2025-05-24,100,"Recommended based on excellent credit score, stable income",100,0.1,100.0,declined,2025-09-04
3157,1721,25,2025-06-06,100,"Recommended based on excellent credit score, stable income",100,0.1,100.0,pending,2025-07-31
3158,1722,19,2025-06-30,93,"Recommended based on excellent credit score, high income",100,0.0547,90.0,expired,2025-09-27
3159,1722,28,2025-06-21,100,"Recommended based on excellent credit score, high income",100,0.0547,90.0,expired,2025-09-20
3160,1723,3,2025-07-02,100,Recommended based on stable income,100,0.8,33.33,accepted,2025-09-25
3161,1724,42,2025-05-19,100,"Recommended based on good credit score, low credit utilization",100,0.1,87.5,declined,2025-09-30
3162,1724,45,2025-06-30,88,"Recommended based on good credit score, low credit utilization",100,0.1,87.5,declined,2025-08-08
3163,1725,37,2025-06-04,100,"Recommended based on good credit score, high income",100,0.1896,78.26,declined,2025-07-24
3164,1726,20,2025-06-14,96,"Recommended based on good credit score, excellent payment history",100,0.5,100.0,declined,2025-09-08
3165,1727,21,2025-06-05,91,Recommended based on low credit utilization,100,0.1562,66.67,accepted,2025-10-04
3166,1727,13,2025-05-18,93,Recommended based on low credit utilization,100,0.1562,66.67,accepted,2025-07-29
3167,1727,3,2025-07-06,100,Recommended based on low credit utilization,100,0.1562,66.67,accepted,2025-07-28
3168,1728,8,2025-05-20,100,"Recommended based on good credit score, high income",100,0.5,100.0,expired,2025-09-26
3169,1729,39,2025-06-24,77,Recommended based on stable income,100,0.3,75.0,pending,2025-08-13
3170,1730,27,2025-05-31,100,"Recommended based on excellent credit score, high income",100,0.2365,90.48,accepted,2025-10-09
3171,1731,49,2025-07-05,100,"Recommended based on good credit score, high income",100,0.3,85.71,pending,2025-07-22
3172,1732,3,2025-06-19,100,"Recommended based on good credit score, high income",100,0.3,83.33,accepted,2025-10-12
3173,1733,37,2025-05-18,100,"Recommended based on stable income, low credit utilization",100,0.1,50.0,accepted,2025-10-09
3174,1733,10,2025-07-03,86,"Recommended based on stable income, low credit utilization",100,0.1,50.0,pending,2025-08-26
3175,1734,37,2025-05-26,100,"Recommended based on good credit score, high income",100,0.1721,78.95,accepted,2025-09-28
3176,1734,46,2025-07-07,100,"Recommended based on good credit score, high income",100,0.1721,78.95,declined,2025-09-29
3177,1734,26,2025-05-27,100,"Recommended based on good credit score, high income",100,0.1721,78.95,pending,2025-08-05
3178,1735,21,2025-06-12,100,"Recommended based on excellent credit score, high income",100,0.1338,100.0,pending,2025-08-17
3179,1735,4,2025-06-17,91,"Recommended based on excellent credit score, high income",100,0.1338,100.0,pending,2025-07-27
3180,1735,45,2025-06-17,100,"Recommended based on excellent credit score, high income",100,0.1338,100.0,pending,2025-07-31
3181,1736,27,2025-07-15,100,"Recommended based on excellent credit score, high income",100,0.5908,100.0,accepted,2025-09-03
3182,1736,29,2025-06-22,96,"Recommended based on excellent credit score, high income",100,0.5908,100.0,accepted,2025-07-20
3183,1736,49,2025-06-10,100,"Recommended based on excellent credit score, high income",100,0.5908,100.0,pending,2025-08-24
3184,1737,13,2025-06-30,96,Standard recommendation,100,0.3,85.71,pending,2025-08-27
3185,1738,7,2025-07-08,100,"Recommended based on excellent credit score, high income",100,0.3,100.0,pending,2025-07-28
3186,1739,13,2025-05-29,100,Recommended based on low credit utilization,100,0,85.0,declined,2025-08-11
3187,1740,2,2025-05-17,88,"Recommended based on good credit score, excellent payment history",100,0.3,100.0,accepted,2025-07-28
3188,1741,49,2025-06-13,100,"Recommended based on good credit score, stable income",100,0.2478,83.33,pending,2025-08-23
3189,1741,36,2025-06-10,75,"Recommended based on good credit score, stable income",100,0.2478,83.33,declined,2025-08-12
3190,1742,13,2025-05-18,100,"Recommended based on excellent credit score, high income",100,0.3935,100.0,declined,2025-09-16
3191,1743,13,2025-07-02,100,Recommended based on stable income,100,0.5818,38.46,pending,2025-09-30
3192,1743,3,2025-06-28,100,Recommended based on stable income,100,0.5818,38.46,accepted,2025-08-04
3193,1744,3,2025-05-18,100,Recommended based on low credit utilization,100,0.1,62.5,declined,2025-09-20
3194,1745,14,2025-07-14,100,"Recommended based on excellent credit score, high income",100,0.1926,85.19,declined,2025-09-12
3195,1745,20,2025-07-08,100,"Recommended based on excellent credit score, high income",100,0.1926,85.19,pending,2025-07-26
3196,1746,3,2025-06-05,100,Standard recommendation,100,0.51,54.55,accepted,2025-08-05
3197,1747,25,2025-06-30,89,"Recommended based on good credit score, excellent payment history",100,0.3,100.0,accepted,2025-07-25
3198,1748,21,2025-06-18,100,"Recommended based on good credit score, low credit utilization",100,0.1846,87.5,pending,2025-09-03
3199,1749,3,2025-07-04,100,Recommended based on low credit utilization,100,0.1,0.0,expired,2025-08-27
3200,1750,37,2025-05-28,100,"Recommended based on good credit score, stable income",100,0.3,100.0,accepted,2025-09-16
3201,1750,8,2025-07-15,100,"Recommended based on good credit score, stable income",100,0.3,100.0,accepted,2025-08-29
3202,1750,42,2025-06-02,86,"Recommended based on good credit score, stable income",100,0.3,100.0,declined,2025-07-29
3203,1751,36,2025-05-30,100,"Recommended based on excellent credit score, high income",100,0.1357,90.91,declined,2025-09-05
3204,1752,30,2025-06-26,100,"Recommended based on excellent credit score, stable income",100,0.3,100.0,accepted,2025-07-22
3205,1752,5,2025-07-02,100,"Recommended based on excellent credit score, stable income",100,0.3,100.0,declined,2025-07-31
3206,1753,13,2025-06-13,100,Recommended based on low credit utilization,100,0.1,50.0,pending,2025-08-13
3207,1754,13,2025-05-24,100,Recommended based on low credit utilization,100,0,85.0,declined,2025-09-04
3208,1755,37,2025-06-15,99,Standard recommendation,100,0.3,66.67,pending,2025-08-21
3209,1756,46,2025-06-25,82,"Recommended based on good credit score, low credit utilization",100,0.1,85.71,expired,2025-07-27
3210,1756,2,2025-06-14,82,"Recommended based on good credit score, low credit utilization",100,0.1,85.71,expired,2025-09-07
3211,1756,7,2025-06-21,92,"Recommended based on good credit score, low credit utilization",100,0.1,85.71,pending,2025-08-08
3212,1757,5,2025-07-11,100,Standard recommendation,100,0.3,87.5,declined,2025-09-22
3213,1757,13,2025-07-01,100,Standard recommendation,100,0.3,87.5,accepted,2025-08-26
3214,1758,5,2025-06-23,100,"Recommended based on good credit score, high income",100,0.5,83.33,declined,2025-07-20
3215,1759,47,2025-05-26,92,"Recommended based on good credit score, high income",100,0.5339,89.47,declined,2025-07-30
3216,1760,18,2025-07-14,100,"Recommended based on excellent credit score, high income",100,0.4507,92.31,declined,2025-10-09
3217,1761,42,2025-06-27,100,"Recommended based on good credit score, high income",100,0.3,100.0,declined,2025-08-17
3218,1761,30,2025-06-11,100,"Recommended based on good credit score, high income",100,0.3,100.0,accepted,2025-08-09
3219,1762,1,2025-07-04,99,"Recommended based on excellent credit score, high income",100,0.0445,100.0,pending,2025-09-19
3220,1763,28,2025-05-26,100,Recommended based on stable income,100,0.3,75.0,expired,2025-08-03
3221,1763,30,2025-05-24,86,Recommended based on stable income,100,0.3,75.0,declined,2025-09-28
3222,1764,3,2025-07-05,100,Recommended based on low credit utilization,100,0.1,66.67,declined,2025-08-26
3223,1764,21,2025-06-01,83,Recommended based on low credit utilization,100,0.1,66.67,pending,2025-09-30
3224,1765,21,2025-06-22,100,Recommended based on low credit utilization,100,0.0,75.0,expired,2025-09-14
3225,1765,46,2025-06-16,100,Recommended based on low credit utilization,100,0.0,75.0,accepted,2025-09-22
3226,1765,12,2025-06-05,100,Recommended based on low credit utilization,100,0.0,75.0,declined,2025-10-04
3227,1766,45,2025-05-29,100,"Recommended based on excellent credit score, high income",100,0.2073,100.0,pending,2025-08-21
3228,1766,35,2025-07-14,100,"Recommended based on excellent credit score, high income",100,0.2073,100.0,pending,2025-09-24
3229,1766,44,2025-06-05,100,"Recommended based on excellent credit score, high income",100,0.2073,100.0,declined,2025-07-29
3230,1767,27,2025-05-30,85,"Recommended based on excellent credit score, high income",100,0.0,100.0,accepted,2025-07-29
3231,1768,48,2025-06-18,89,"Recommended based on good credit score, excellent payment history",100,0.3,100.0,declined,2025-10-10
3232,1768,46,2025-07-03,89,"Recommended based on good credit score, excellent payment history",100,0.3,100.0,pending,2025-09-24
3233,1769,33,2025-05-20,94,Recommended based on stable income,100,0.5,75.0,pending,2025-08-13
3234,1769,37,2025-06-15,100,Recommended based on stable income,100,0.5,75.0,pending,2025-07-23
3235,1769,44,2025-06-22,100,Recommended based on stable income,100,0.5,75.0,declined,2025-07-20
3236,1769,21,2025-06-10,100,Recommended based on stable income,100,0.5,75.0,pending,2025-09-07
3237,1770,3,2025-06-16,92,Standard recommendation,100,0.5,50.0,declined,2025-09-11
3238,1771,12,2025-07-04,93,Recommended based on low credit utilization,100,0.1,71.43,pending,2025-09-12
3239,1772,33,2025-05-26,85,"Recommended based on stable income, low credit utilization",100,0.1,80.0,pending,2025-10-04
3240,1773,13,2025-06-22,100,Recommended based on low credit utilization,100,0,85.0,declined,2025-08-15
3241,1774,21,2025-05-18,92,Recommended based on low credit utilization,100,0.1875,66.67,pending,2025-08-26
3242,1774,3,2025-05-26,100,Recommended based on low credit utilization,100,0.1875,66.67,pending,2025-07-28
3243,1774,13,2025-06-25,86,Recommended based on low credit utilization,100,0.1875,66.67,expired,2025-09-06
3244,1775,35,2025-06-29,98,"Recommended based on good credit score, low credit utilization",100,0.1,100.0,declined,2025-08-27
3245,1775,46,2025-06-28,100,"Recommended based on good credit score, low credit utilization",100,0.1,100.0,pending,2025-10-08
3246,1776,10,2025-06-26,93,"Recommended based on stable income, low credit utilization",100,0.2692,73.33,pending,2025-08-29
3247,1776,30,2025-05-27,81,"Recommended based on stable income, low credit utilization",100,0.2692,73.33,declined,2025-10-06
3248,1776,37,2025-07-12,100,"Recommended based on stable income, low credit utilization",100,0.2692,73.33,declined,2025-08-09
3249,1776,13,2025-07-11,100,"Recommended based on stable income, low credit utilization",100,0.2692,73.33,pending,2025-09-11
3250,1777,3,2025-06-13,100,Standard recommendation,100,0.3211,45.45,pending,2025-10-10
3251,1777,21,2025-05-18,75,Standard recommendation,100,0.3211,45.45,declined,2025-08-27
3252,1778,3,2025-06-05,100,Standard recommendation,100,0.3,85.71,pending,2025-09-09
3253,1778,13,2025-07-10,100,Standard recommendation,100,0.3,85.71,accepted,2025-08-08
3254,1778,5,2025-07-09,100,Standard recommendation,100,0.3,85.71,pending,2025-09-14
3255,1779,15,2025-07-10,100,"Recommended based on good credit score, stable income",100,0.1937,70.0,accepted,2025-08-28
3256,1779,50,2025-06-20,100,"Recommended based on good credit score, stable income",100,0.1937,70.0,pending,2025-07-18
3257,1779,30,2025-07-06,100,"Recommended based on good credit score, stable income",100,0.1937,70.0,accepted,2025-09-28
3258,1780,37,2025-07-09,100,"Recommended based on stable income, low credit utilization",100,0.1,50.0,pending,2025-09-07
3259,1781,49,2025-06-16,100,"Recommended based on good credit score, stable income",100,0.3,85.71,pending,2025-07-22
3260,1781,48,2025-05-29,99,"Recommended based on good credit score, stable income",100,0.3,85.71,accepted,2025-09-11
3261,1781,35,2025-05-27,98,"Recommended based on good credit score, stable income",100,0.3,85.71,expired,2025-09-09
3262,1782,12,2025-06-14,100,"Recommended based on stable income, low credit utilization",100,0.2024,78.57,accepted,2025-08-12
3263,1783,46,2025-06-30,93,"Recommended based on good credit score, excellent payment history",100,0.3,100.0,expired,2025-09-14
3264,1783,25,2025-05-18,73,"Recommended based on good credit score, excellent payment history",100,0.3,100.0,accepted,2025-07-26
3265,1784,29,2025-05-30,79,Recommended based on stable income,100,0.8,60.0,accepted,2025-07-20
3266,1785,30,2025-05-25,100,"Recommended based on excellent credit score, high income",100,0.3572,87.5,pending,2025-07-19
3267,1785,14,2025-06-02,100,"Recommended based on excellent credit score, high income",100,0.3572,87.5,accepted,2025-09-05
3268,1786,3,2025-07-03,100,Standard recommendation,100,0.3792,57.14,pending,2025-09-13
3269,1786,13,2025-06-29,99,Standard recommendation,100,0.3792,57.14,pending,2025-08-18
3270,1787,33,2025-06-09,100,"Recommended based on good credit score, high income",100,0.0,75.0,accepted,2025-10-03
3271,1787,10,2025-06-12,100,"Recommended based on good credit score, high income",100,0.0,75.0,declined,2025-09-06
3272,1788,3,2025-07-09,100,Standard recommendation,100,0.5,66.67,declined,2025-08-10
3273,1789,21,2025-07-08,90,Recommended based on stable income,100,0.4985,54.55,accepted,2025-08-05
3274,1790,33,2025-06-10,100,"Recommended based on good credit score, high income",100,0.6686,91.67,accepted,2025-09-30
3275,1791,5,2025-06-09,100,Recommended based on low credit utilization,100,0.1,62.5,pending,2025-10-07
3276,1792,3,2025-06-15,100,Standard recommendation,100,0.388,44.44,pending,2025-07-28
3277,1793,46,2025-07-15,100,"Recommended based on excellent credit score, high income",100,0.2283,91.67,expired,2025-08-21
3278,1794,8,2025-07-02,93,"Recommended based on stable income, low credit utilization",100,0.1,66.67,accepted,2025-08-22
3279,1794,9,2025-05-21,97,"Recommended based on stable income, low credit utilization",100,0.1,66.67,accepted,2025-09-19
3280,1795,36,2025-05-30,100,"Recommended based on excellent credit score, high income",100,0.4,93.75,declined,2025-10-05
3281,1796,3,2025-05-29,100,Standard recommendation,100,0.3,71.43,pending,2025-09-16
3282,1797,25,2025-07-07,100,"Recommended based on excellent credit score, high income",100,0.5,100.0,accepted,2025-07-17
3283,1798,35,2025-07-08,97,"Recommended based on good credit score, excellent payment history",100,0.3,100.0,pending,2025-08-30
3284,1799,39,2025-05-19,85,"Recommended based on stable income, low credit utilization",100,0.1,62.5,accepted,2025-09-29
3285,1800,21,2025-05-21,100,"Recommended based on stable income, low credit utilization",100,0.1,62.5,accepted,2025-07-26
3286,1800,5,2025-07-06,96,"Recommended based on stable income, low credit utilization",100,0.1,62.5,declined,2025-08-18
3287,1801,3,2025-05-30,100,Recommended based on low credit utilization,100,0.1478,66.67,pending,2025-07-25
3288,1802,3,2025-06-28,100,"Recommended based on good credit score, high income",100,0.6195,93.33,declined,2025-07-19
3289,1802,42,2025-07-05,100,"Recommended based on good credit score, high income",100,0.6195,93.33,pending,2025-10-07
3290,1803,25,2025-05-28,84,"Recommended based on good credit score, excellent payment history",100,0.3,100.0,accepted,2025-10-12
3291,1804,34,2025-06-16,100,"Recommended based on good credit score, high income",100,0.163,57.14,pending,2025-08-19
3292,1805,34,2025-07-07,71,Standard recommendation,100,0.8,66.67,expired,2025-08-20
3293,1805,49,2025-07-12,78,Standard recommendation,100,0.8,66.67,declined,2025-09-10
3294,1806,5,2025-06-15,100,Recommended based on low credit utilization,100,0.1739,75.0,pending,2025-09-09
3295,1806,10,2025-06-26,73,Recommended based on low credit utilization,100,0.1739,75.0,pending,2025-09-16
3296,1806,21,2025-06-29,100,Recommended based on low credit utilization,100,0.1739,75.0,declined,2025-07-24
3297,1807,31,2025-06-22,96,"Recommended based on excellent credit score, high income",100,0.1,100.0,declined,2025-07-27
3298,1808,46,2025-06-30,99,Recommended based on high income,100,0.3,75.0,declined,2025-08-03
3299,1809,5,2025-05-23,100,"Recommended based on good credit score, low credit utilization",100,0.1,100.0,expired,2025-07-30
3300,1809,13,2025-06-10,100,"Recommended based on good credit score, low credit utilization",100,0.1,100.0,declined,2025-08-25
3301,1810,42,2025-05-30,100,"Recommended based on excellent credit score, high income",100,0.1848,87.5,pending,2025-09-30
3302,1811,3,2025-05-20,100,Recommended based on stable income,100,0.3,60.0,expired,2025-08-05
3303,1812,5,2025-06-27,100,Recommended based on low credit utilization,100,0,85.0,declined,2025-08-18
3304,1812,3,2025-07-02,100,Recommended based on low credit utilization,100,0,85.0,pending,2025-08-22
3305,1812,13,2025-05-22,100,Recommended based on low credit utilization,100,0,85.0,accepted,2025-08-28
3306,1813,37,2025-07-13,100,Recommended based on low credit utilization,100,0.066,68.75,accepted,2025-08-19
3307,1813,12,2025-06-10,96,Recommended based on low credit utilization,100,0.066,68.75,declined,2025-09-28
3308,1814,28,2025-07-14,100,Recommended based on stable income,100,0.3,66.67,declined,2025-10-10
3309,1815,9,2025-07-05,100,"Recommended based on good credit score, stable income",100,0.1,100.0,declined,2025-09-19
3310,1815,30,2025-05-27,100,"Recommended based on good credit score, stable income",100,0.1,100.0,pending,2025-10-02
3311,1815,45,2025-05-23,100,"Recommended based on good credit score, stable income",100,0.1,100.0,pending,2025-09-06
3312,1816,3,2025-06-06,100,"Recommended based on good credit score, stable income",100,0.3,87.5,expired,2025-09-30
3313,1816,21,2025-06-28,100,"Recommended based on good credit score, stable income",100,0.3,87.5,pending,2025-08-06
3314,1817,3,2025-06-19,98,Recommended based on low credit utilization,100,0.1,50.0,declined,2025-09-15
3315,1818,25,2025-06-15,96,"Recommended based on good credit score, high income",100,0.4105,50.0,declined,2025-10-04
3316,1818,42,2025-07-15,100,"Recommended based on good credit score, high income",100,0.4105,50.0,pending,2025-09-11
3317,1819,1,2025-07-12,92,"Recommended based on excellent credit score, high income",100,0.0,100.0,pending,2025-07-24
3318,1819,38,2025-07-13,100,"Recommended based on excellent credit score, high income",100,0.0,100.0,declined,2025-09-02
3319,1819,45,2025-07-02,100,"Recommended based on excellent credit score, high income",100,0.0,100.0,pending,2025-07-28
3320,1820,21,2025-07-14,92,"Recommended based on good credit score, low credit utilization",100,0.0,100.0,accepted,2025-08-29
3321,1821,13,2025-07-03,100,"Recommended based on good credit score, low credit utilization",100,0.1,100.0,pending,2025-10-03
3322,1821,12,2025-05-31,100,"Recommended based on good credit score, low credit utilization",100,0.1,100.0,accepted,2025-07-23
3323,1821,37,2025-07-15,100,"Recommended based on good credit score, low credit utilization",100,0.1,100.0,accepted,2025-08-26
3324,1822,33,2025-06-10,100,"Recommended based on excellent credit score, high income",100,0.0677,93.33,declined,2025-08-18
3325,1823,15,2025-06-22,100,"Recommended based on excellent credit score, high income",100,0.0897,100.0,pending,2025-08-15
3326,1823,11,2025-06-15,92,"Recommended based on excellent credit score, high income",100,0.0897,100.0,expired,2025-07-20
3327,1824,39,2025-06-19,86,Recommended based on stable income,100,0.3273,77.78,accepted,2025-07-23
3328,1824,5,2025-07-15,89,Recommended based on stable income,100,0.3273,77.78,accepted,2025-08-01
3329,1825,5,2025-06-14,100,Recommended based on high income,100,0.5424,73.91,expired,2025-08-14
3330,1825,49,2025-06-04,96,Recommended based on high income,100,0.5424,73.91,accepted,2025-09-06
3331,1826,46,2025-06-28,86,"Recommended based on good credit score, stable income",100,0.3,100.0,declined,2025-10-12
3332,1826,38,2025-06-06,73,"Recommended based on good credit score, stable income",100,0.3,100.0,expired,2025-08-26
3333,1827,3,2025-05-19,100,Recommended based on stable income,100,0.6171,50.0,pending,2025-08-14
3334,1828,8,2025-05-26,100,"Recommended based on good credit score, stable income",100,0.2149,80.0,declined,2025-08-12
3335,1829,42,2025-07-03,96,"Recommended based on good credit score, stable income",100,0.6321,85.71,pending,2025-08-28
3336,1830,22,2025-07-02,100,"Recommended based on excellent credit score, high income",100,0.1,100.0,pending,2025-08-25
3337,1831,44,2025-06-13,100,Recommended based on stable income,100,0.5,75.0,accepted,2025-09-26
3338,1832,3,2025-07-09,99,Standard recommendation,100,0.6154,75.0,pending,2025-09-26
3339,1833,12,2025-06-27,96,"Recommended based on stable income, low credit utilization",100,0.2229,72.73,declined,2025-10-05
3340,1833,30,2025-05-30,99,"Recommended based on stable income, low credit utilization",100,0.2229,72.73,accepted,2025-08-30
3341,1834,6,2025-06-25,82,"Recommended based on good credit score, stable income",100,0.5,100.0,declined,2025-07-26
3342,1835,13,2025-06-21,100,Recommended based on low credit utilization,100,0,85.0,accepted,2025-10-10
3343,1835,5,2025-06-27,100,Recommended based on low credit utilization,100,0,85.0,accepted,2025-10-07
3344,1836,26,2025-07-03,100,"Recommended based on excellent credit score, high income",100,0.1,87.5,accepted,2025-09-06
3345,1836,30,2025-06-09,100,"Recommended based on excellent credit score, high income",100,0.1,87.5,accepted,2025-09-06
3346,1837,33,2025-06-15,98,"Recommended based on good credit score, stable income",100,0.3607,81.25,expired,2025-09-24
3347,1838,48,2025-07-04,100,"Recommended based on good credit score, high income",100,0.1,80.0,expired,2025-09-02
3348,1838,38,2025-05-23,97,"Recommended based on good credit score, high income",100,0.1,80.0,pending,2025-10-06
3349,1839,9,2025-06-28,100,"Recommended based on excellent credit score, stable income",100,0.1,85.71,declined,2025-09-15
3350,1839,47,2025-07-13,87,"Recommended based on excellent credit score, stable income",100,0.1,85.71,expired,2025-09-10
3351,1840,13,2025-06-20,100,"Recommended based on excellent credit score, high income",100,0.0557,90.91,pending,2025-09-09
3352,1841,27,2025-07-10,91,"Recommended based on good credit score, high income",100,0.5,80.0,pending,2025-08-23
3353,1841,33,2025-06-24,95,"Recommended based on good credit score, high income",100,0.5,80.0,pending,2025-09-21
3354,1842,7,2025-06-11,100,"Recommended based on good credit score, stable income",100,0.3,100.0,declined,2025-09-24
3355,1843,5,2025-06-20,100,Standard recommendation,100,0.5,80.0,pending,2025-08-21
3356,1844,21,2025-07-01,100,"Recommended based on excellent credit score, high income",100,0.2356,100.0,pending,2025-08-27
3357,1844,36,2025-07-08,100,"Recommended based on excellent credit score, high income",100,0.2356,100.0,pending,2025-08-05
3358,1844,25,2025-05-27,100,"Recommended based on excellent credit score, high income",100,0.2356,100.0,declined,2025-09-30
3359,1845,39,2025-05-20,91,Standard recommendation,100,0.8,85.71,declined,2025-08-23
3360,1845,37,2025-06-07,100,Standard recommendation,100,0.8,85.71,accepted,2025-08-07
3361,1845,3,2025-06-23,100,Standard recommendation,100,0.8,85.71,pending,2025-09-10
3362,1846,24,2025-07-03,90,"Recommended based on excellent credit score, high income",100,0.1199,100.0,pending,2025-07-30
3363,1846,20,2025-05-23,100,"Recommended based on excellent credit score, high income",100,0.1199,100.0,pending,2025-08-03
3364,1847,13,2025-07-05,96,Standard recommendation,100,0.3,75.0,pending,2025-09-04
3365,1847,37,2025-05-24,93,Standard recommendation,100,0.3,75.0,pending,2025-08-26
3366,1848,26,2025-05-21,92,"Recommended based on excellent credit score, high income",100,0.1,100.0,expired,2025-08-13
3367,1848,21,2025-07-03,100,"Recommended based on excellent credit score, high income",100,0.1,100.0,pending,2025-08-30
3368,1849,3,2025-05-28,100,"Recommended based on good credit score, stable income",100,0.3,100.0,declined,2025-10-04
3369,1849,20,2025-06-30,91,"Recommended based on good credit score, stable income",100,0.3,100.0,expired,2025-09-20
3370,1850,37,2025-06-15,100,"Recommended based on good credit score, high income",100,0.2165,91.67,declined,2025-10-09
3371,1850,27,2025-07-04,99,"Recommended based on good credit score, high income",100,0.2165,91.67,declined,2025-09-13
3372,1851,50,2025-07-11,100,"Recommended based on excellent credit score, high income",100,0.3,100.0,pending,2025-07-28
3373,1851,8,2025-05-18,100,"Recommended based on excellent credit score, high income",100,0.3,100.0,pending,2025-07-16
3374,1852,12,2025-07-07,96,Standard recommendation,100,0.4091,87.5,pending,2025-07-28
3375,1852,3,2025-07-03,100,Standard recommendation,100,0.4091,87.5,pending,2025-08-10
3376,1852,5,2025-05-17,100,Standard recommendation,100,0.4091,87.5,pending,2025-07-17
3377,1853,13,2025-05-17,74,Recommended based on low credit utilization,100,0.0,50.0,expired,2025-08-24
3378,1854,16,2025-06-19,80,"Recommended based on excellent credit score, high income",100,0.0,87.5,pending,2025-09-21
3379,1855,25,2025-05-22,100,"Recommended based on excellent credit score, high income",100,0.0845,84.62,expired,2025-10-01
3380,1855,49,2025-06-10,100,"Recommended based on excellent credit score, high income",100,0.0845,84.62,pending,2025-08-26
3381,1856,3,2025-05-27,100,Recommended based on low credit utilization,100,0.1,33.33,declined,2025-10-09
3382,1857,14,2025-06-17,86,"Recommended based on excellent credit score, high income",100,0.1,100.0,pending,2025-09-17
3383,1858,29,2025-07-09,89,"Recommended based on good credit score, stable income",100,0.3318,80.0,expired,2025-09-16
3384,1859,45,2025-06-26,100,"Recommended based on excellent credit score, high income",100,0.3459,100.0,pending,2025-09-22
3385,1859,13,2025-06-25,100,"Recommended based on excellent credit score, high income",100,0.3459,100.0,pending,2025-08-30
3386,1859,3,2025-05-21,100,"Recommended based on excellent credit score, high income",100,0.3459,100.0,declined,2025-09-26
3387,1859,19,2025-07-15,100,"Recommended based on excellent credit score, high income",100,0.3459,100.0,accepted,2025-08-28
3388,1860,21,2025-07-02,91,Recommended based on low credit utilization,100,0.1269,76.92,pending,2025-09-30
3389,1860,5,2025-07-15,98,Recommended based on low credit utilization,100,0.1269,76.92,pending,2025-10-09
3390,1861,7,2025-05-22,100,"Recommended based on excellent credit score, high income",100,0.2139,90.91,pending,2025-09-04
3391,1861,50,2025-07-04,100,"Recommended based on excellent credit score, high income",100,0.2139,90.91,declined,2025-08-16
3392,1861,40,2025-06-16,100,"Recommended based on excellent credit score, high income",100,0.2139,90.91,pending,2025-08-15
3393,1862,13,2025-06-22,89,Standard recommendation,100,0.3,77.78,declined,2025-09-30
3394,1862,21,2025-06-23,88,Standard recommendation,100,0.3,77.78,accepted,2025-08-13
3395,1862,3,2025-07-07,100,Standard recommendation,100,0.3,77.78,pending,2025-08-25
3396,1863,5,2025-06-05,100,"Recommended based on excellent credit score, high income",100,0.3609,94.12,pending,2025-08-15
3397,1864,30,2025-06-21,100,"Recommended based on excellent credit score, high income",100,0.1762,87.5,pending,2025-08-07
3398,1864,16,2025-05-21,100,"Recommended based on excellent credit score, high income",100,0.1762,87.5,accepted,2025-09-21
3399,1865,11,2025-05-25,100,"Recommended based on excellent credit score, high income",100,0.2472,100.0,declined,2025-07-24
3400,1865,13,2025-06-21,100,"Recommended based on excellent credit score, high income",100,0.2472,100.0,pending,2025-08-23
3401,1866,5,2025-06-12,100,"Recommended based on excellent credit score, high income",100,0.3,100.0,pending,2025-08-17
3402,1867,13,2025-05-30,97,Recommended based on low credit utilization,100,0.0,50.0,declined,2025-09-11
3403,1868,42,2025-06-08,96,"Recommended based on stable income, low credit utilization",100,0.1,80.0,expired,2025-09-03
3404,1869,37,2025-06-03,100,"Recommended based on stable income, low credit utilization",100,0.1777,66.67,expired,2025-09-09
3405,1869,33,2025-06-04,98,"Recommended based on stable income, low credit utilization",100,0.1777,66.67,expired,2025-08-25
3406,1870,21,2025-05-29,100,"Recommended based on good credit score, stable income",100,0.0277,80.0,expired,2025-09-03
3407,1870,30,2025-06-02,97,"Recommended based on good credit score, stable income",100,0.0277,80.0,pending,2025-09-12
3408,1871,45,2025-06-16,100,"Recommended based on excellent credit score, high income",100,0.1,100.0,accepted,2025-08-07
3409,1872,41,2025-07-02,100,"Recommended based on excellent credit score, high income",100,0.138,95.83,expired,2025-07-18
3410,1873,5,2025-05-24,100,Standard recommendation,100,0.4787,62.5,accepted,2025-08-13
3411,1874,3,2025-07-07,100,"Recommended based on good credit score, stable income",100,0.5,83.33,pending,2025-08-11
3412,1874,37,2025-06-24,100,"Recommended based on good credit score, stable income",100,0.5,83.33,declined,2025-10-05
3413,1875,5,2025-05-28,100,"Recommended based on stable income, low credit utilization",100,0.2587,69.23,declined,2025-09-27
3414,1876,5,2025-06-04,100,Recommended based on stable income,100,0.3,66.67,pending,2025-07-30
3415,1876,12,2025-05-22,100,Recommended based on stable income,100,0.3,66.67,accepted,2025-09-18
3416,1877,18,2025-05-25,97,"Recommended based on excellent credit score, high income",100,0.4,84.62,accepted,2025-09-12
3417,1877,34,2025-05-21,100,"Recommended based on excellent credit score, high income",100,0.4,84.62,pending,2025-08-14
3418,1878,3,2025-06-30,100,Standard recommendation,100,0.3,80.0,pending,2025-07-31
3419,1878,7,2025-05-31,89,Standard recommendation,100,0.3,80.0,declined,2025-09-30
3420,1879,34,2025-07-12,100,Standard recommendation,100,0.4565,75.0,accepted,2025-10-04
3421,1879,3,2025-07-03,100,Standard recommendation,100,0.4565,75.0,pending,2025-09-30
3422,1880,3,2025-07-13,100,Recommended based on low credit utilization,100,0.1,66.67,pending,2025-08-08
3423,1881,39,2025-05-31,93,"Recommended based on good credit score, low credit utilization",100,0.0366,88.89,declined,2025-08-22
3424,1881,21,2025-06-28,97,"Recommended based on good credit score, low credit utilization",100,0.0366,88.89,accepted,2025-08-02
3425,1882,12,2025-06-21,86,Recommended based on low credit utilization,100,0.0,42.86,pending,2025-08-20
3426,1882,5,2025-06-20,90,Recommended based on low credit utilization,100,0.0,42.86,pending,2025-08-10
3427,1882,3,2025-06-07,100,Recommended based on low credit utilization,100,0.0,42.86,accepted,2025-08-21
3428,1882,13,2025-06-13,100,Recommended based on low credit utilization,100,0.0,42.86,accepted,2025-08-20
3429,1883,14,2025-06-06,84,"Recommended based on good credit score, stable income",100,0.1,83.33,expired,2025-08-28
3430,1883,37,2025-06-21,100,"Recommended based on good credit score, stable income",100,0.1,83.33,pending,2025-09-25
3431,1883,20,2025-07-08,93,"Recommended based on good credit score, stable income",100,0.1,83.33,declined,2025-08-24
3432,1884,27,2025-07-05,100,"Recommended based on good credit score, high income",100,0.3,100.0,accepted,2025-10-05
3433,1884,48,2025-05-17,95,"Recommended based on good credit score, high income",100,0.3,100.0,pending,2025-07-29
3434,1884,6,2025-05-22,94,"Recommended based on good credit score, high income",100,0.3,100.0,pending,2025-08-25
3435,1885,36,2025-06-26,86,"Recommended based on good credit score, high income",100,0.1588,81.82,pending,2025-08-17
3436,1885,44,2025-06-11,100,"Recommended based on good credit score, high income",100,0.1588,81.82,pending,2025-09-22
3437,1885,30,2025-05-30,100,"Recommended based on good credit score, high income",100,0.1588,81.82,declined,2025-07-30
3438,1886,32,2025-06-29,100,"Recommended based on excellent credit score, high income",100,0.2,86.67,pending,2025-10-08
3439,1886,47,2025-05-24,96,"Recommended based on excellent credit score, high income",100,0.2,86.67,declined,2025-07-16
3440,1886,5,2025-05-24,100,"Recommended based on excellent credit score, high income",100,0.2,86.67,expired,2025-09-17
3441,1887,13,2025-06-13,100,"Recommended based on excellent credit score, high income",100,0.4683,100.0,declined,2025-07-28
3442,1887,19,2025-06-13,100,"Recommended based on excellent credit score, high income",100,0.4683,100.0,pending,2025-07-22
3443,1888,13,2025-06-17,100,"Recommended based on good credit score, stable income",100,0.0,87.5,pending,2025-08-08
3444,1888,46,2025-06-28,100,"Recommended based on good credit score, stable income",100,0.0,87.5,pending,2025-10-08
3445,1888,30,2025-07-11,100,"Recommended based on good credit score, stable income",100,0.0,87.5,declined,2025-10-09
3446,1888,25,2025-06-17,100,"Recommended based on good credit score, stable income",100,0.0,87.5,accepted,2025-07-28
3447,1889,29,2025-06-20,89,Recommended based on high income,100,0.3131,75.0,declined,2025-08-13
3448,1889,18,2025-06-28,89,Recommended based on high income,100,0.3131,75.0,declined,2025-09-12
3449,1889,3,2025-06-27,100,Recommended based on high income,100,0.3131,75.0,pending,2025-09-06
3450,1890,37,2025-05-18,100,Recommended based on low credit utilization,100,0.1,80.0,pending,2025-07-28
3451,1891,5,2025-06-27,100,"Recommended based on good credit score, excellent payment history",100,0.3,100.0,declined,2025-07-18
3452,1891,12,2025-07-09,100,"Recommended based on good credit score, excellent payment history",100,0.3,100.0,pending,2025-09-15
3453,1891,21,2025-07-13,100,"Recommended based on good credit score, excellent payment history",100,0.3,100.0,expired,2025-07-28
3454,1892,18,2025-06-29,100,"Recommended based on good credit score, high income",100,0.5068,92.86,accepted,2025-09-27
3455,1892,29,2025-07-15,100,"Recommended based on good credit score, high income",100,0.5068,92.86,pending,2025-08-04
3456,1892,5,2025-06-17,100,"Recommended based on good credit score, high income",100,0.5068,92.86,pending,2025-07-17
3457,1893,21,2025-06-22,80,Standard recommendation,100,0.3,66.67,pending,2025-10-05
3458,1893,3,2025-06-06,100,Standard recommendation,100,0.3,66.67,expired,2025-09-14
3459,1893,13,2025-06-22,88,Standard recommendation,100,0.3,66.67,pending,2025-09-17
3460,1894,29,2025-06-29,100,"Recommended based on excellent credit score, high income",100,0.2793,89.47,pending,2025-09-13
3461,1895,37,2025-07-09,100,"Recommended based on good credit score, high income",100,0.5224,100.0,accepted,2025-08-15
3462,1896,3,2025-05-31,100,Recommended based on stable income,100,0.5,33.33,accepted,2025-07-22
3463,1897,16,2025-07-07,100,"Recommended based on excellent credit score, high income",100,0.2421,81.25,accepted,2025-10-07
3464,1897,21,2025-06-17,100,"Recommended based on excellent credit score, high income",100,0.2421,81.25,declined,2025-08-12
3465,1897,37,2025-06-05,100,"Recommended based on excellent credit score, high income",100,0.2421,81.25,pending,2025-09-22
3466,1898,5,2025-06-04,100,"Recommended based on excellent credit score, high income",100,0.4343,81.25,expired,2025-08-08
3467,1899,12,2025-07-13,100,Recommended based on stable income,100,0.3,71.43,declined,2025-09-14
3468,1900,30,2025-06-20,100,"Recommended based on good credit score, high income",100,0.0,66.67,pending,2025-10-07
3469,1900,10,2025-06-02,100,"Recommended based on good credit score, high income",100,0.0,66.67,pending,2025-10-08
3470,1900,3,2025-05-17,100,"Recommended based on good credit score, high income",100,0.0,66.67,accepted,2025-10-13
3471,1900,2,2025-06-17,96,"Recommended based on good credit score, high income",100,0.0,66.67,pending,2025-09-11
3472,1901,13,2025-06-12,100,Recommended based on stable income,100,0.3,76.47,pending,2025-09-01
3473,1902,3,2025-07-13,100,"Recommended based on stable income, excellent payment history",100,0.8,100.0,pending,2025-09-01
3474,1902,10,2025-07-02,95,"Recommended based on stable income, excellent payment history",100,0.8,100.0,pending,2025-08-24
3475,1903,42,2025-06-04,93,Recommended based on high income,100,0.4968,72.73,accepted,2025-10-11
3476,1903,34,2025-06-17,98,Recommended based on high income,100,0.4968,72.73,declined,2025-08-03
3477,1904,25,2025-07-07,100,"Recommended based on excellent credit score, stable income",100,0.3,100.0,declined,2025-10-07
3478,1905,13,2025-06-21,93,Recommended based on low credit utilization,100,0,85.0,declined,2025-10-07
3479,1905,5,2025-06-28,100,Recommended based on low credit utilization,100,0,85.0,pending,2025-10-03
3480,1905,3,2025-06-05,100,Recommended based on low credit utilization,100,0,85.0,declined,2025-09-06
3481,1906,10,2025-05-17,85,Standard recommendation,100,0.3,80.0,pending,2025-08-05
3482,1906,21,2025-07-09,100,Standard recommendation,100,0.3,80.0,accepted,2025-07-24
3483,1907,37,2025-06-04,100,"Recommended based on stable income, low credit utilization",100,0.1,87.5,pending,2025-08-10
3484,1907,3,2025-05-20,100,"Recommended based on stable income, low credit utilization",100,0.1,87.5,pending,2025-10-02
3485,1908,18,2025-07-14,90,"Recommended based on good credit score, high income",100,0.4591,88.89,accepted,2025-09-17
3486,1909,19,2025-06-06,88,Recommended based on stable income,100,0.4592,62.5,accepted,2025-08-24
3487,1910,33,2025-07-11,95,"Recommended based on good credit score, stable income",100,0.1622,75.0,declined,2025-08-02
3488,1911,13,2025-06-07,92,Recommended based on low credit utilization,100,0,85.0,declined,2025-09-16
3489,1911,5,2025-07-08,100,Recommended based on low credit utilization,100,0,85.0,pending,2025-09-26
3490,1911,3,2025-06-06,100,Recommended based on low credit utilization,100,0,85.0,expired,2025-10-10
3491,1912,29,2025-07-11,100,"Recommended based on good credit score, high income",100,0.3687,85.0,pending,2025-09-13
3492,1913,5,2025-06-07,100,"Recommended based on excellent credit score, high income",100,0.3639,94.74,accepted,2025-08-12
3493,1914,3,2025-05-25,100,"Recommended based on excellent credit score, high income",100,0.1587,94.12,declined,2025-07-25
3494,1914,37,2025-06-12,100,"Recommended based on excellent credit score, high income",100,0.1587,94.12,pending,2025-08-31
3495,1914,5,2025-06-02,100,"Recommended based on excellent credit score, high income",100,0.1587,94.12,accepted,2025-09-14
3496,1915,37,2025-06-10,99,Recommended based on low credit utilization,100,0.1,83.33,pending,2025-09-19
3497,1916,30,2025-06-30,100,"Recommended based on good credit score, stable income",100,0.1,100.0,pending,2025-09-10
3498,1916,37,2025-07-01,100,"Recommended based on good credit score, stable income",100,0.1,100.0,declined,2025-09-15
3499,1917,3,2025-05-20,95,Standard recommendation,100,0.5,50.0,pending,2025-10-05
3500,1918,46,2025-06-24,100,Recommended based on stable income,100,0.3,85.71,pending,2025-09-21
3501,1918,37,2025-07-11,100,Recommended based on stable income,100,0.3,85.71,declined,2025-07-20
3502,1919,15,2025-06-25,93,"Recommended based on stable income, low credit utilization",100,0.0491,63.64,expired,2025-09-17
3503,1919,12,2025-05-27,100,"Recommended based on stable income, low credit utilization",100,0.0491,63.64,accepted,2025-09-21
3504,1919,43,2025-06-09,89,"Recommended based on stable income, low credit utilization",100,0.0491,63.64,pending,2025-08-11
3505,1920,37,2025-07-05,99,"Recommended based on stable income, low credit utilization",100,0.1,66.67,accepted,2025-09-01
3506,1921,39,2025-06-23,100,"Recommended based on good credit score, stable income",100,0.1,100.0,pending,2025-07-18
3507,1922,19,2025-06-30,90,"Recommended based on good credit score, high income",100,0.5,90.0,pending,2025-09-24
3508,1922,43,2025-07-04,96,"Recommended based on good credit score, high income",100,0.5,90.0,pending,2025-07-24
3509,1922,3,2025-05-27,100,"Recommended based on good credit score, high income",100,0.5,90.0,accepted,2025-08-25
3510,1923,12,2025-06-06,100,"Recommended based on good credit score, stable income",100,0.3971,100.0,pending,2025-09-13
3511,1924,5,2025-07-15,100,"Recommended based on stable income, low credit utilization",100,0.196,72.73,declined,2025-09-18
3512,1925,44,2025-06-09,100,"Recommended based on good credit score, high income",100,0.2357,93.75,pending,2025-08-24
3513,1925,32,2025-05-30,100,"Recommended based on good credit score, high income",100,0.2357,93.75,declined,2025-10-11
3514,1925,38,2025-07-04,100,"Recommended based on good credit score, high income",100,0.2357,93.75,pending,2025-07-24
3515,1926,3,2025-06-01,100,"Recommended based on high income, low credit utilization",100,0.1,42.86,pending,2025-08-03
3516,1926,33,2025-06-05,88,"Recommended based on high income, low credit utilization",100,0.1,42.86,pending,2025-09-22
3517,1927,13,2025-07-09,100,Recommended based on low credit utilization,100,0.1,80.0,accepted,2025-10-09
3518,1927,21,2025-06-03,87,Recommended based on low credit utilization,100,0.1,80.0,pending,2025-08-30
3519,1928,49,2025-06-21,80,"Recommended based on good credit score, low credit utilization",100,0.2158,93.33,pending,2025-08-04
3520,1929,31,2025-07-09,74,"Recommended based on good credit score, low credit utilization",100,0.1,100.0,declined,2025-08-17
3521,1929,30,2025-06-27,100,"Recommended based on good credit score, low credit utilization",100,0.1,100.0,pending,2025-08-01
3522,1930,30,2025-07-08,100,"Recommended based on stable income, low credit utilization",100,0.052,60.0,accepted,2025-08-26
3523,1931,48,2025-06-19,100,"Recommended based on excellent credit score, high income",100,0.187,82.14,pending,2025-08-15
3524,1931,14,2025-07-08,100,"Recommended based on excellent credit score, high income",100,0.187,82.14,declined,2025-08-27
3525,1932,22,2025-06-05,100,"Recommended based on excellent credit score, high income",100,0.3531,90.91,accepted,2025-09-02
3526,1932,8,2025-06-23,100,"Recommended based on excellent credit score, high income",100,0.3531,90.91,declined,2025-09-02
3527,1933,20,2025-05-27,95,"Recommended based on excellent credit score, high income",100,0.3,80.0,expired,2025-08-14
3528,1934,7,2025-07-01,100,"Recommended based on excellent credit score, high income",100,0.1,100.0,pending,2025-08-31
3529,1935,12,2025-07-09,100,"Recommended based on excellent credit score, high income",100,0.1475,100.0,expired,2025-08-24
3530,1935,49,2025-06-06,100,"Recommended based on excellent credit score, high income",100,0.1475,100.0,pending,2025-09-17
3531,1936,13,2025-05-26,100,Standard recommendation,100,0.3,50.0,pending,2025-08-15
3532,1937,46,2025-06-20,99,"Recommended based on good credit score, stable income",100,0.1,100.0,accepted,2025-07-23
3533,1938,8,2025-06-06,100,"Recommended based on good credit score, high income",100,0.2429,91.67,declined,2025-08-18
3534,1938,31,2025-05-30,100,"Recommended based on good credit score, high income",100,0.2429,91.67,accepted,2025-08-22
3535,1939,3,2025-05-17,100,"Recommended based on excellent credit score, high income",100,0.0454,100.0,accepted,2025-10-05
3536,1939,12,2025-05-28,100,"Recommended based on excellent credit score, high income",100,0.0454,100.0,expired,2025-10-09
3537,1940,36,2025-07-12,100,"Recommended based on excellent credit score, high income",100,0.2933,90.0,accepted,2025-09-08
3538,1941,3,2025-06-26,100,Standard recommendation,100,0.5,60.0,pending,2025-08-29
3539,1942,5,2025-06-28,100,"Recommended based on stable income, low credit utilization",100,0.1,75.0,pending,2025-08-03
3540,1942,21,2025-06-08,100,"Recommended based on stable income, low credit utilization",100,0.1,75.0,pending,2025-09-27
3541,1942,30,2025-05-23,75,"Recommended based on stable income, low credit utilization",100,0.1,75.0,declined,2025-08-12
3542,1943,3,2025-06-22,100,Recommended based on low credit utilization,100,0.1,60.0,accepted,2025-09-20
3543,1944,3,2025-07-12,100,"Recommended based on good credit score, high income",100,0.3823,81.25,pending,2025-08-29
3544,1944,27,2025-05-25,100,"Recommended based on good credit score, high income",100,0.3823,81.25,pending,2025-07-27
3545,1944,29,2025-06-17,100,"Recommended based on good credit score, high income",100,0.3823,81.25,pending,2025-07-28
3546,1945,19,2025-06-08,100,"Recommended based on good credit score, high income",100,0.4094,90.0,declined,2025-07-17
3547,1945,18,2025-06-14,86,"Recommended based on good credit score, high income",100,0.4094,90.0,pending,2025-08-03
3548,1946,10,2025-06-19,80,Standard recommendation,100,0.3,80.0,pending,2025-08-28
3549,1947,29,2025-06-19,100,Recommended based on high income,100,0.8154,85.71,pending,2025-09-04
3550,1947,18,2025-07-15,99,Recommended based on high income,100,0.8154,85.71,pending,2025-10-12
3551,1948,31,2025-07-15,100,"Recommended based on excellent credit score, high income",100,0.37,91.67,accepted,2025-08-29
3552,1949,25,2025-06-08,100,"Recommended based on good credit score, stable income",100,0.3,100.0,pending,2025-07-29
3553,1950,43,2025-06-03,98,"Recommended based on stable income, low credit utilization",100,0.2266,72.22,pending,2025-09-26
3554,1950,9,2025-07-15,100,"Recommended based on stable income, low credit utilization",100,0.2266,72.22,accepted,2025-09-18
3555,1950,10,2025-05-27,99,"Recommended based on stable income, low credit utilization",100,0.2266,72.22,accepted,2025-10-01
3556,1951,3,2025-06-27,100,Recommended based on low credit utilization,100,0.1,83.33,declined,2025-08-13
3557,1951,37,2025-05-25,100,Recommended based on low credit utilization,100,0.1,83.33,accepted,2025-08-24
3558,1951,10,2025-05-31,98,Recommended based on low credit utilization,100,0.1,83.33,expired,2025-07-17
3559,1952,33,2025-05-20,100,"Recommended based on good credit score, high income",100,0.1531,71.43,accepted,2025-08-18
3560,1952,32,2025-06-06,96,"Recommended based on good credit score, high income",100,0.1531,71.43,accepted,2025-09-26
3561,1952,44,2025-06-26,100,"Recommended based on good credit score, high income",100,0.1531,71.43,accepted,2025-10-07
3562,1953,6,2025-06-18,100,"Recommended based on excellent credit score, high income",100,0.1,100.0,pending,2025-08-23
3563,1954,3,2025-06-27,100,Standard recommendation,100,0.5,66.67,declined,2025-08-13
3564,1955,20,2025-05-28,95,"Recommended based on good credit score, high income",100,0.3,71.43,expired,2025-07-21
3565,1956,12,2025-07-06,100,"Recommended based on excellent credit score, high income",100,0.2105,93.75,pending,2025-07-26
3566,1956,26,2025-07-02,100,"Recommended based on excellent credit score, high income",100,0.2105,93.75,pending,2025-08-02
3567,1957,45,2025-06-14,98,"Recommended based on good credit score, high income",100,0.2724,88.24,declined,2025-09-29
3568,1958,3,2025-06-01,98,Standard recommendation,100,0.8,60.0,declined,2025-07-21
3569,1959,5,2025-06-11,100,Standard recommendation,100,0.8,85.71,pending,2025-08-16
3570,1959,10,2025-05-21,81,Standard recommendation,100,0.8,85.71,declined,2025-07-19
3571,1960,49,2025-06-27,100,"Recommended based on excellent credit score, high income",100,0.4272,93.33,declined,2025-07-25
3572,1961,13,2025-05-23,100,"Recommended based on good credit score, high income",100,0.36,88.89,accepted,2025-10-07
3573,1962,16,2025-05-19,100,"Recommended based on excellent credit score, high income",100,0.3367,100.0,expired,2025-10-06
3574,1963,49,2025-06-25,83,Standard recommendation,100,0.5,62.5,declined,2025-09-13
3575,1963,5,2025-07-10,100,Standard recommendation,100,0.5,62.5,pending,2025-07-17
3576,1963,27,2025-07-09,77,Standard recommendation,100,0.5,62.5,pending,2025-09-24
3577,1964,3,2025-05-29,100,Standard recommendation,100,0.3,66.67,accepted,2025-08-10
3578,1964,37,2025-06-07,90,Standard recommendation,100,0.3,66.67,expired,2025-07-26
3579,1964,13,2025-06-30,89,Standard recommendation,100,0.3,66.67,declined,2025-07-21
3580,1964,21,2025-06-27,95,Standard recommendation,100,0.3,66.67,accepted,2025-07-26
3581,1965,9,2025-06-01,100,"Recommended based on excellent credit score, high income",100,0.0385,88.24,accepted,2025-08-24
3582,1965,43,2025-07-15,93,"Recommended based on excellent credit score, high income",100,0.0385,88.24,declined,2025-10-05
3583,1966,7,2025-06-12,100,"Recommended based on excellent credit score, high income",100,0.0,87.5,pending,2025-07-24
3584,1967,3,2025-07-15,100,"Recommended based on stable income, excellent payment history",100,0.6049,90.91,declined,2025-10-07
3585,1967,43,2025-05-20,86,"Recommended based on stable income, excellent payment history",100,0.6049,90.91,pending,2025-08-05
3586,1967,13,2025-07-06,100,"Recommended based on stable income, excellent payment history",100,0.6049,90.91,accepted,2025-08-16
3587,1968,21,2025-06-21,100,"Recommended based on good credit score, stable income",100,0.5,85.71,pending,2025-10-07
3588,1969,31,2025-06-05,77,"Recommended based on good credit score, low credit utilization",100,0.1,100.0,accepted,2025-07-28
3589,1970,19,2025-07-10,85,Recommended based on stable income,100,0.95,75.0,declined,2025-09-09
3590,1970,27,2025-06-30,83,Recommended based on stable income,100,0.95,75.0,pending,2025-09-22
3591,1971,28,2025-06-05,98,"Recommended based on stable income, low credit utilization",100,0.1,40.0,declined,2025-08-08
3592,1971,30,2025-06-30,96,"Recommended based on stable income, low credit utilization",100,0.1,40.0,pending,2025-08-31
3593,1971,39,2025-05-22,84,"Recommended based on stable income, low credit utilization",100,0.1,40.0,accepted,2025-09-22
3594,1972,18,2025-06-11,100,Recommended based on stable income,100,0.5057,80.0,pending,2025-09-19
3595,1972,19,2025-06-01,71,Recommended based on stable income,100,0.5057,80.0,declined,2025-07-31
3596,1973,10,2025-07-06,100,"Recommended based on stable income, low credit utilization",100,0.1,33.33,accepted,2025-08-03
3597,1973,8,2025-06-06,95,"Recommended based on stable income, low credit utilization",100,0.1,33.33,pending,2025-07-24
3598,1973,33,2025-05-23,100,"Recommended based on stable income, low credit utilization",100,0.1,33.33,accepted,2025-09-18
3599,1974,12,2025-06-27,100,"Recommended based on good credit score, stable income",100,0.1,90.91,pending,2025-09-23
3600,1975,12,2025-06-01,100,"Recommended based on stable income, low credit utilization",100,0.1,70.0,declined,2025-09-12
3601,1975,5,2025-06-10,100,"Recommended based on stable income, low credit utilization",100,0.1,70.0,expired,2025-07-20
3602,1976,3,2025-06-14,100,Standard recommendation,100,0.3,33.33,declined,2025-08-14
3603,1977,5,2025-07-03,100,Recommended based on low credit utilization,100,0,85.0,accepted,2025-07-18
3604,1978,28,2025-07-08,100,"Recommended based on stable income, low credit utilization",100,0.2571,76.92,accepted,2025-10-08
3605,1978,44,2025-05-31,100,"Recommended based on stable income, low credit utilization",100,0.2571,76.92,pending,2025-08-16
3606,1978,50,2025-06-03,92,"Recommended based on stable income, low credit utilization",100,0.2571,76.92,expired,2025-08-12
3607,1979,37,2025-06-22,99,Standard recommendation,100,0.3,75.0,pending,2025-09-25
3608,1980,49,2025-06-30,80,"Recommended based on good credit score, low credit utilization",100,0.1,87.5,accepted,2025-09-07
3609,1980,45,2025-06-19,70,"Recommended based on good credit score, low credit utilization",100,0.1,87.5,expired,2025-08-23
3610,1981,19,2025-07-05,100,"Recommended based on excellent credit score, high income",100,0.1222,100.0,accepted,2025-08-10
3611,1981,37,2025-07-04,100,"Recommended based on excellent credit score, high income",100,0.1222,100.0,accepted,2025-07-29
3612,1982,3,2025-07-14,100,Recommended based on stable income,100,0.8,60.0,accepted,2025-07-25
3613,1983,29,2025-07-06,100,"Recommended based on excellent credit score, high income",100,0.4521,100.0,pending,2025-08-18
3614,1984,3,2025-06-02,100,Standard recommendation,100,0.3,87.5,declined,2025-07-23
3615,1985,12,2025-06-01,100,"Recommended based on excellent credit score, high income",100,0.0,100.0,accepted,2025-09-02
3616,1986,37,2025-06-03,100,"Recommended based on excellent credit score, high income",100,0.2523,90.91,declined,2025-09-12
3617,1986,3,2025-07-08,100,"Recommended based on excellent credit score, high income",100,0.2523,90.91,expired,2025-09-17
3618,1987,6,2025-06-19,81,"Recommended based on good credit score, high income",100,0.1,87.5,declined,2025-09-03
3619,1988,8,2025-06-01,73,Recommended based on low credit utilization,100,0.1,75.0,pending,2025-08-10
3620,1989,21,2025-05-25,100,"Recommended based on good credit score, stable income",100,0.0,50.0,accepted,2025-10-03
3621,1989,8,2025-06-18,100,"Recommended based on good credit score, stable income",100,0.0,50.0,expired,2025-08-02
3622,1989,44,2025-06-03,100,"Recommended based on good credit score, stable income",100,0.0,50.0,pending,2025-08-22
3623,1989,42,2025-06-02,85,"Recommended based on good credit score, stable income",100,0.0,50.0,pending,2025-09-18
3624,1990,13,2025-06-18,100,Recommended based on stable income,100,0.382,66.67,pending,2025-09-08
3625,1990,33,2025-07-15,94,Recommended based on stable income,100,0.382,66.67,pending,2025-09-03
3626,1990,30,2025-05-31,100,Recommended based on stable income,100,0.382,66.67,pending,2025-08-10
3627,1991,5,2025-05-19,100,Recommended based on low credit utilization,100,0.2156,83.33,pending,2025-07-17
3628,1992,30,2025-06-07,100,Recommended based on high income,100,0.3,75.0,pending,2025-08-08
3629,1993,5,2025-05-28,100,"Recommended based on good credit score, excellent payment history",100,0.3,100.0,pending,2025-09-09
3630,1993,8,2025-06-16,100,"Recommended based on good credit score, excellent payment history",100,0.3,100.0,accepted,2025-08-09
3631,1993,25,2025-06-02,88,"Recommended based on good credit score, excellent payment history",100,0.3,100.0,pending,2025-07-18
3632,1994,27,2025-06-29,99,"Recommended based on good credit score, high income",100,0.1,80.0,declined,2025-09-25
3633,1994,26,2025-07-04,85,"Recommended based on good credit score, high income",100,0.1,80.0,declined,2025-08-11
3634,1994,30,2025-06-06,100,"Recommended based on good credit score, high income",100,0.1,80.0,pending,2025-08-06
3635,1995,5,2025-06-16,100,Recommended based on low credit utilization,100,0,85.0,pending,2025-08-05
3636,1995,13,2025-05-28,100,Recommended based on low credit utilization,100,0,85.0,accepted,2025-08-10
3637,1996,3,2025-06-30,100,"Recommended based on excellent credit score, high income",100,0.394,91.67,pending,2025-08-19
3638,1997,13,2025-07-12,100,"Recommended based on good credit score, high income",100,0.6736,100.0,pending,2025-08-11
3639,1997,21,2025-05-23,100,"Recommended based on good credit score, high income",100,0.6736,100.0,accepted,2025-07-22
3640,1998,35,2025-06-24,100,"Recommended based on excellent credit score, high income",100,0.1,100.0,pending,2025-09-30
3641,1999,12,2025-07-08,86,Recommended based on stable income,100,0.5,75.0,declined,2025-09-08
3642,2000,15,2025-06-21,88,Recommended based on stable income,100,0.3,62.5,declined,2025-09-07
3643,2000,5,2025-07-03,100,Recommended based on stable income,100,0.3,62.5,pending,2025-07-25
