card_id,member_id,card_number,card_type,credit_limit,current_balance,apr_rate,minimum_payment,payment_due_date,card_status,issue_date,expiry_date
1,1,4948422623003607,visa,51000,0.0,0.1513,25,2025-07-17,active,2022-07-09,2025-07-09
2,1,5424375391692809,mastercard,39500,3950.0,0.2122,79.0,2025-07-23,active,2022-05-24,2026-05-24
3,1,6874033045441061,discover,48500,24250.0,0.1543,485.0,2025-07-30,active,2024-03-17,2028-03-17
4,2,380151764296280,amex,26500,13250.0,0.1584,265.0,2025-07-19,active,2025-01-12,2028-01-12
5,2,6996131525523228,discover,28500,0.0,0.1854,25,2025-08-02,active,2022-01-06,2026-01-06
6,3,340476253950111,amex,17500,1750.0,0.2262,35.0,2025-07-26,active,2024-01-13,2027-01-13
7,4,5603174890304588,mastercard,18500,5550.0,0.2187,111.0,2025-07-31,active,2025-03-21,2030-03-21
8,4,322935545920559,amex,39500,0.0,0.1618,25,2025-07-31,active,2025-05-12,2029-05-12
9,5,6983045762745116,discover,7500,2250.0,0.1941,45.0,2025-08-13,active,2022-05-13,2027-05-13
10,5,4152213368960083,visa,36500,10950.0,0.1762,219.0,2025-08-08,active,2023-11-20,2027-11-20
11,6,5074611399799271,mastercard,42000,21000.0,0.1712,420.0,2025-07-17,blocked,2023-11-13,2028-11-13
12,6,6885285898681843,discover,54000,5400.0,0.1715,108.0,2025-07-23,active,2025-04-02,2029-04-02
13,7,6379499944574441,discover,43500,13050.0,0.1724,261.0,2025-08-13,active,2021-08-22,2025-08-22
14,7,343475916043598,amex,54500,5450.0,0.187,109.0,2025-08-05,active,2022-07-28,2027-07-28
15,7,6996585783756816,discover,61500,18450.0,0.1602,369.0,2025-08-11,active,2024-01-27,2029-01-27
16,8,5071776135007883,mastercard,10500,5250.0,0.1404,105.0,2025-07-22,active,2024-08-15,2029-08-15
17,9,5699952850231265,mastercard,18000,0.0,0.1796,25,2025-07-26,active,2024-02-11,2027-02-11
18,9,397249032234771,amex,33000,16500.0,0.223,330.0,2025-07-26,active,2024-05-20,2028-05-20
19,10,370200617413644,amex,68500,6850.0,0.1556,137.0,2025-07-31,active,2025-02-23,2030-02-23
20,10,5912706507612228,mastercard,20500,2050.0,0.2123,41.0,2025-07-16,active,2024-12-22,2029-12-22
21,10,330455559502635,amex,35500,10650.0,0.185,213.0,2025-07-31,active,2025-03-30,2028-03-30
22,11,5327639904600823,mastercard,21500,17200.0,0.169,344.0,2025-08-06,expired,2023-11-25,2028-11-25
23,12,4222097550617906,visa,64500,19350.0,0.1231,387.0,2025-08-08,active,2024-07-18,2028-07-18
24,12,4039344907697216,visa,28500,2850.0,0.1296,57.0,2025-08-05,active,2021-12-17,2026-12-17
25,13,4929692105307122,visa,13000,1300.0,0.2326,26.0,2025-08-13,active,2025-03-25,2028-03-25
26,14,6427054985788728,discover,19500,5850.0,0.172,117.0,2025-07-20,active,2022-10-01,2025-10-01
27,14,4126980446658952,visa,24000,12000.0,0.1731,240.0,2025-08-12,active,2023-06-15,2027-06-15
28,15,372452573787477,amex,50500,15150.0,0.1539,303.0,2025-07-30,active,2025-07-14,2030-07-14
29,15,6577706129889728,discover,44000,13200.0,0.1719,264.0,2025-07-17,active,2025-03-12,2028-03-12
30,16,6164170053718605,discover,37000,3700.0,0.2132,74.0,2025-08-02,active,2024-10-17,2029-10-17
31,17,6647951279831242,discover,7500,3750.0,0.1669,75.0,2025-07-27,active,2023-12-25,2028-12-25
32,17,4199198480870170,visa,14500,7250.0,0.2213,145.0,2025-08-06,active,2024-09-27,2029-09-27
33,18,6710740433689579,discover,4500,450.0,0.2109,25,2025-08-05,blocked,2024-10-04,2028-10-04
34,19,4109007017850205,visa,44500,4450.0,0.1652,89.0,2025-07-25,active,2023-11-01,2026-11-01
35,19,5920102975997475,mastercard,17000,8500.0,0.2329,170.0,2025-07-29,active,2025-06-29,2028-06-29
36,20,325269420416415,amex,21500,6450.0,0.1579,129.0,2025-08-10,active,2025-03-19,2029-03-19
37,21,5379376699768160,mastercard,6500,3250.0,0.1647,65.0,2025-08-09,active,2024-08-26,2028-08-26
38,21,4584968814499080,visa,25000,2500.0,0.1854,50.0,2025-07-21,active,2022-11-13,2026-11-13
39,22,309998632453527,amex,46000,4600.0,0.1326,92.0,2025-07-19,active,2025-07-11,2028-07-11
40,22,318466898593213,amex,100000,80000.0,0.1736,1600.0,2025-08-01,active,2025-03-13,2030-03-13
41,23,5480022642597205,mastercard,49500,14850.0,0.1911,297.0,2025-07-21,active,2024-02-17,2028-02-17
42,24,4921474984746042,visa,83500,25050.0,0.2416,501.0,2025-07-19,active,2025-07-14,2028-07-14
43,24,6214617275804529,discover,56000,5600.0,0.178,112.0,2025-08-11,active,2025-07-01,2029-07-01
44,24,6988775445847413,discover,86500,25950.0,0.135,519.0,2025-08-04,blocked,2025-07-04,2028-07-04
45,25,5605962751934638,mastercard,38500,36575.0,0.1399,731.5,2025-07-24,active,2022-08-27,2025-08-27
46,26,5656115686223070,mastercard,50500,15150.0,0.1636,303.0,2025-07-24,active,2024-11-15,2028-11-15
47,26,4602274330372718,visa,54500,43600.0,0.2043,872.0,2025-07-25,active,2023-07-05,2028-07-05
48,27,4121380782878066,visa,20500,2050.0,0.2106,41.0,2025-07-25,active,2021-03-22,2025-03-22
49,27,6635654180288252,discover,41500,4150.0,0.2389,83.0,2025-08-01,active,2021-03-19,2024-03-19
50,28,394699842882847,amex,19000,15200.0,0.1627,304.0,2025-07-17,active,2025-04-22,2028-04-22
51,29,6123203668642778,discover,60500,6050.0,0.1756,121.0,2025-08-02,active,2024-01-16,2027-01-16
52,29,5876032087783471,mastercard,57000,5700.0,0.1729,114.0,2025-08-06,active,2025-01-13,2028-01-13
53,30,373562327700453,amex,23000,6900.0,0.1663,138.0,2025-08-03,active,2025-05-14,2030-05-14
54,30,6322857042402555,discover,11500,1150.0,0.1878,25,2025-08-08,active,2025-05-02,2029-05-02
55,31,6041167881596467,discover,39500,19750.0,0.1708,395.0,2025-08-10,expired,2023-12-19,2028-12-19
56,32,384673322912489,amex,10500,1050.0,0.1895,25,2025-08-14,active,2025-04-07,2029-04-07
57,33,5394599426407608,mastercard,49500,14850.0,0.1468,297.0,2025-07-18,active,2025-06-05,2029-06-05
58,34,4138716283356890,visa,20000,16000.0,0.2208,320.0,2025-07-18,active,2024-06-26,2029-06-26
59,34,333743567027728,amex,44500,35600.0,0.2497,712.0,2025-08-14,active,2025-04-09,2028-04-09
60,35,357595995505536,amex,40500,4050.0,0.2123,81.0,2025-07-18,active,2021-04-29,2026-04-29
61,35,318395252520788,amex,22500,2250.0,0.1713,45.0,2025-07-26,active,2021-06-29,2024-06-29
62,36,357445203027694,amex,28500,2850.0,0.1233,57.0,2025-08-08,active,2025-04-26,2028-04-26
63,37,332124402936340,amex,63500,6350.0,0.1317,127.0,2025-08-10,active,2025-07-02,2029-07-02
64,38,5579599004794123,mastercard,23500,2350.0,0.1593,47.0,2025-07-16,active,2021-09-11,2025-09-11
65,38,4343485713399627,visa,23500,0.0,0.1741,25,2025-07-21,active,2023-03-25,2028-03-25
66,39,5029138130149480,mastercard,8000,4000.0,0.1883,80.0,2025-08-04,active,2022-02-04,2027-02-04
67,40,6645231919908213,discover,22500,0.0,0.171,25,2025-08-02,active,2024-10-26,2028-10-26
68,41,5667041710389191,mastercard,13000,10400.0,0.1578,208.0,2025-07-26,active,2024-10-18,2028-10-18
69,41,5203449560714876,mastercard,9500,950.0,0.2274,25,2025-07-31,active,2024-05-06,2027-05-06
70,42,6231631603781105,discover,7000,2100.0,0.2182,42.0,2025-08-12,expired,2025-02-22,2030-02-22
71,42,6306670059946966,discover,26000,13000.0,0.1519,260.0,2025-08-07,active,2024-11-27,2029-11-27
72,43,4715800971408633,visa,20500,6150.0,0.1588,123.0,2025-08-12,active,2022-10-02,2025-10-02
73,43,6448883923759097,discover,50500,5050.0,0.1882,101.0,2025-08-13,active,2022-10-10,2025-10-10
74,44,345513919603482,amex,28500,8550.0,0.1757,171.0,2025-08-02,active,2025-04-02,2028-04-02
75,45,5238004364758466,mastercard,24000,2400.0,0.176,48.0,2025-07-31,blocked,2024-11-12,2029-11-12
76,46,4206317552977601,visa,18000,5400.0,0.1867,108.0,2025-07-16,active,2023-08-02,2027-08-02
77,47,4572814361168611,visa,80000,8000.0,0.2393,160.0,2025-08-12,active,2024-12-23,2028-12-23
78,47,5605554654268368,mastercard,45000,0.0,0.185,25,2025-07-18,expired,2024-10-31,2027-10-31
79,48,354595660030119,amex,9500,4750.0,0.2473,95.0,2025-07-20,active,2023-04-11,2028-04-11
80,48,6974217368385095,discover,8500,850.0,0.1786,25,2025-08-10,active,2024-10-05,2029-10-05
81,49,4650811364034848,visa,48500,14550.0,0.2333,291.0,2025-07-31,active,2023-10-14,2026-10-14
82,50,6959514295449669,discover,49000,4900.0,0.138,98.0,2025-07-18,expired,2023-09-25,2027-09-25
83,51,362752800161734,amex,8500,2550.0,0.1954,51.0,2025-08-10,active,2025-03-04,2029-03-04
84,52,4638326489710017,visa,39000,3900.0,0.1923,78.0,2025-07-19,active,2021-04-23,2025-04-23
85,52,376130494841423,amex,46000,4600.0,0.1656,92.0,2025-07-20,active,2022-12-29,2027-12-29
86,53,5728756798130265,mastercard,38500,3850.0,0.2028,77.0,2025-08-07,active,2024-11-06,2028-11-06
87,53,5187089410791161,mastercard,36000,3600.0,0.2413,72.0,2025-07-24,active,2024-06-04,2028-06-04
88,54,5097542473885237,mastercard,11000,1100.0,0.1927,25,2025-08-11,expired,2025-06-11,2029-06-11
89,54,6881253251218082,discover,31500,0.0,0.1828,25,2025-08-03,active,2025-03-22,2029-03-22
90,55,5865383957164682,mastercard,12000,3600.0,0.1202,72.0,2025-07-16,active,2021-05-10,2026-05-10
91,56,4703780886693207,visa,22000,11000.0,0.2453,220.0,2025-08-13,active,2024-02-17,2029-02-17
92,56,5674876296507445,mastercard,14500,1450.0,0.1774,29.0,2025-07-29,active,2025-02-20,2029-02-20
93,57,5817947795003452,mastercard,21000,10500.0,0.1279,210.0,2025-07-29,expired,2024-12-10,2027-12-10
94,58,5264525733090740,mastercard,100000,10000.0,0.1636,200.0,2025-07-29,active,2024-09-12,2027-09-12
95,58,6675125837990053,discover,40500,4050.0,0.2401,81.0,2025-07-29,active,2024-10-01,2029-10-01
96,59,5422856283723722,mastercard,11500,3450.0,0.147,69.0,2025-07-17,active,2024-09-26,2029-09-26
97,60,4089423403704333,visa,19500,9750.0,0.1361,195.0,2025-08-05,active,2023-10-16,2028-10-16
98,61,6125780473719851,discover,17500,1750.0,0.1943,35.0,2025-07-28,active,2024-10-29,2028-10-29
99,61,6455442157837926,discover,52000,15600.0,0.162,312.0,2025-08-07,active,2024-04-20,2027-04-20
100,62,6885934288390397,discover,6000,4800.0,0.2074,96.0,2025-08-12,active,2025-05-14,2030-05-14
101,63,5198596551025066,mastercard,51500,0.0,0.2044,25,2025-07-28,active,2023-03-27,2028-03-27
102,64,376714998632895,amex,12000,3600.0,0.1316,72.0,2025-08-08,active,2025-05-21,2030-05-21
103,64,5762215596374396,mastercard,15000,1500.0,0.1985,30.0,2025-08-04,active,2024-09-09,2029-09-09
104,65,354656531708730,amex,12500,3750.0,0.216,75.0,2025-07-18,active,2023-12-26,2026-12-26
105,65,6366325673223487,discover,24000,12000.0,0.1478,240.0,2025-07-18,active,2024-08-02,2029-08-02
106,65,4090488660732644,visa,45000,22500.0,0.2353,450.0,2025-08-05,active,2025-02-02,2030-02-02
107,66,317609093716458,amex,93500,28050.0,0.1571,561.0,2025-08-09,active,2021-04-07,2024-04-07
108,66,6944733878052890,discover,55500,5550.0,0.1706,111.0,2025-07-27,blocked,2024-05-11,2028-05-11
109,66,377198883743450,amex,33000,3300.0,0.1861,66.0,2025-08-04,active,2024-01-23,2028-01-23
110,67,5308996469243435,mastercard,16500,1650.0,0.1727,33.0,2025-07-26,active,2023-05-10,2028-05-10
111,68,6038710880354694,discover,50000,15000.0,0.1201,300.0,2025-07-25,active,2023-10-22,2027-10-22
112,69,376911612215039,amex,35500,3550.0,0.1607,71.0,2025-07-27,active,2025-07-03,2030-07-03
113,70,4900415893335286,visa,37500,30000.0,0.1331,600.0,2025-07-23,active,2025-04-20,2028-04-20
114,70,4295738010124571,visa,26500,0.0,0.2385,25,2025-08-02,active,2025-07-01,2028-07-01
115,71,399913650551919,amex,46000,0.0,0.1735,25,2025-07-30,active,2024-06-28,2029-06-28
116,71,4708049293285071,visa,33000,9900.0,0.1309,198.0,2025-08-03,active,2025-01-08,2029-01-08
117,72,322094003717758,amex,3000,300.0,0.1701,25,2025-08-07,active,2025-06-25,2029-06-25
118,73,5620306951657121,mastercard,44000,4400.0,0.1761,88.0,2025-08-11,active,2023-04-06,2028-04-06
119,73,5399330255987920,mastercard,56500,28250.0,0.1488,565.0,2025-08-10,active,2025-01-02,2028-01-02
120,73,4096196804505211,visa,66500,19950.0,0.2295,399.0,2025-08-10,active,2023-05-23,2026-05-23
121,74,4804460819714083,visa,79500,7950.0,0.1933,159.0,2025-07-24,active,2022-10-11,2026-10-11
122,74,6095806274566983,discover,100000,0.0,0.2029,25,2025-08-14,active,2025-01-30,2030-01-30
123,74,329414290495776,amex,100000,0.0,0.2302,25,2025-08-06,active,2022-04-01,2026-04-01
124,75,4953016472861746,visa,24500,12250.0,0.1957,245.0,2025-07-16,active,2024-01-25,2028-01-25
125,76,6611662866034982,discover,12000,1200.0,0.2339,25,2025-08-04,blocked,2023-12-20,2027-12-20
126,77,4165627740215723,visa,34000,10200.0,0.2419,204.0,2025-07-26,active,2024-07-05,2029-07-05
127,77,5560085894961721,mastercard,13500,1350.0,0.1641,27.0,2025-07-20,active,2024-11-23,2027-11-23
128,78,5131845605993423,mastercard,52000,5200.0,0.2143,104.0,2025-08-07,active,2023-07-04,2026-07-04
129,79,343141408783437,amex,31500,25200.0,0.2191,504.0,2025-07-20,active,2024-12-29,2029-12-29
130,80,4682313799818100,visa,52000,0.0,0.1396,25,2025-07-25,active,2025-04-12,2029-04-12
131,81,6355877452634888,discover,66500,19950.0,0.2174,399.0,2025-07-31,active,2025-05-05,2028-05-05
132,81,5253511788280503,mastercard,17000,1700.0,0.1675,34.0,2025-08-02,active,2025-05-19,2029-05-19
133,82,376766608288745,amex,98500,9850.0,0.1303,197.0,2025-08-06,active,2025-04-02,2029-04-02
134,82,4368593152621074,visa,68500,6850.0,0.2227,137.0,2025-07-24,active,2022-11-27,2026-11-27
135,83,4445299645744331,visa,8500,4250.0,0.2305,85.0,2025-07-19,active,2024-10-04,2029-10-04
136,84,5497296970100343,mastercard,31500,3150.0,0.198,63.0,2025-07-31,active,2024-10-08,2028-10-08
137,84,6188817860215992,discover,53000,15900.0,0.1532,318.0,2025-07-30,active,2025-05-06,2030-05-06
138,85,390331222395480,amex,26000,7800.0,0.1577,156.0,2025-07-22,active,2023-04-24,2026-04-24
139,85,5687477740703666,mastercard,44500,13350.0,0.1723,267.0,2025-07-16,active,2025-02-14,2029-02-14
140,86,5128219386827847,mastercard,36500,3650.0,0.154,73.0,2025-08-10,active,2024-01-18,2028-01-18
141,87,396920666048531,amex,81500,65200.0,0.1528,1304.0,2025-08-14,active,2022-03-16,2025-03-16
142,87,398118465124210,amex,94000,28200.0,0.1506,564.0,2025-08-02,active,2023-05-14,2028-05-14
143,88,5648116595585942,mastercard,100000,10000.0,0.1521,200.0,2025-08-03,active,2025-06-07,2030-06-07
144,88,6365972767687775,discover,100000,10000.0,0.1669,200.0,2025-08-02,active,2025-07-09,2028-07-09
145,89,391953808842672,amex,32500,0.0,0.199,25,2025-07-16,active,2023-01-20,2026-01-20
146,90,4011139154804423,visa,28000,2800.0,0.1849,56.0,2025-07-21,active,2024-02-29,2028-02-29
147,90,4108616479049915,visa,20500,6150.0,0.1889,123.0,2025-08-14,active,2024-05-09,2027-05-09
148,91,5672096102372643,mastercard,38000,3800.0,0.1274,76.0,2025-08-01,active,2024-10-02,2027-10-02
149,92,359715579327701,amex,80500,8050.0,0.1636,161.0,2025-08-06,active,2022-01-12,2027-01-12
150,92,6326096856888861,discover,100000,30000.0,0.1646,600.0,2025-08-04,active,2021-07-31,2026-07-31
151,92,6943364470263276,discover,100000,30000.0,0.1752,600.0,2025-08-10,active,2024-02-24,2029-02-24
152,93,358766949471553,amex,19500,9750.0,0.2379,195.0,2025-08-12,active,2024-04-03,2028-04-03
153,94,337729084896539,amex,32500,3250.0,0.2341,65.0,2025-07-23,active,2024-08-16,2028-08-16
154,95,4780538338569329,visa,15500,7750.0,0.1729,155.0,2025-07-28,active,2023-04-01,2026-04-01
155,95,307373041506324,amex,32500,0.0,0.1334,25,2025-08-10,active,2022-09-26,2026-09-26
156,96,6963346746466033,discover,16500,1650.0,0.1456,33.0,2025-08-10,active,2022-01-15,2026-01-15
157,97,4941010276078195,visa,8000,2400.0,0.1589,48.0,2025-08-01,active,2022-07-01,2026-07-01
158,98,5833061443575478,mastercard,24000,7200.0,0.2312,144.0,2025-07-16,blocked,2024-08-16,2027-08-16
159,98,5602706875670718,mastercard,41000,12300.0,0.2424,246.0,2025-08-04,active,2025-02-17,2028-02-17
160,99,5912377459984133,mastercard,13500,0.0,0.2416,25,2025-07-30,active,2024-02-28,2028-02-28
161,99,4791065106407078,visa,26500,7950.0,0.2085,159.0,2025-07-25,active,2022-07-07,2027-07-07
162,100,4348573654044927,visa,12500,1250.0,0.1275,25,2025-07-16,active,2022-11-01,2027-11-01
163,101,5643167859844408,mastercard,61500,30750.0,0.1944,615.0,2025-07-26,expired,2024-11-24,2029-11-24
164,101,5075605269901523,mastercard,64500,0.0,0.2369,25,2025-08-04,blocked,2025-05-22,2028-05-22
165,101,5309235654030799,mastercard,70500,21150.0,0.1558,423.0,2025-08-10,active,2022-05-29,2026-05-29
166,102,5012953185004231,mastercard,52000,5200.0,0.1382,104.0,2025-07-17,active,2024-11-20,2029-11-20
167,102,5048109305484738,mastercard,52500,5250.0,0.2183,105.0,2025-07-31,active,2023-03-06,2027-03-06
168,103,5455381518272382,mastercard,29500,8850.0,0.2308,177.0,2025-08-03,active,2024-11-16,2028-11-16
169,103,5557688155903081,mastercard,44500,13350.0,0.2146,267.0,2025-08-12,active,2025-01-26,2029-01-26
170,104,6615048849150892,discover,25500,7650.0,0.1729,153.0,2025-07-25,active,2023-05-24,2027-05-24
171,105,6955593558810822,discover,5000,4000.0,0.2209,80.0,2025-07-25,active,2024-05-25,2028-05-25
172,105,6459254123872493,discover,29000,8700.0,0.1811,174.0,2025-07-17,active,2024-07-01,2029-07-01
173,106,394849674166239,amex,14000,1400.0,0.2057,28.0,2025-07-31,active,2023-09-24,2027-09-24
174,107,4276749064122727,visa,40000,4000.0,0.1457,80.0,2025-07-18,blocked,2024-12-07,2028-12-07
175,108,5417005455834559,mastercard,43000,12900.0,0.2401,258.0,2025-08-10,active,2023-01-01,2027-01-01
176,108,5357668089504910,mastercard,10500,9975.0,0.2187,199.5,2025-07-17,active,2023-12-08,2027-12-08
177,109,6852197933686093,discover,13000,10400.0,0.2069,208.0,2025-07-29,active,2025-07-10,2028-07-10
178,110,301055839111532,amex,35000,10500.0,0.1728,210.0,2025-07-17,active,2022-12-07,2025-12-07
179,111,5963790203887821,mastercard,14500,4350.0,0.1999,87.0,2025-08-01,active,2024-04-25,2029-04-25
180,112,6766342083481242,discover,23500,0.0,0.158,25,2025-07-24,active,2025-06-18,2029-06-18
181,112,4478327966379581,visa,38000,3800.0,0.1777,76.0,2025-08-12,active,2025-07-07,2029-07-07
182,113,6144693995315566,discover,12000,1200.0,0.1387,25,2025-08-04,active,2024-04-06,2029-04-06
183,114,4896496668118229,visa,100000,50000.0,0.2064,1000.0,2025-08-05,active,2023-02-03,2026-02-03
184,114,6872203733784061,discover,100000,10000.0,0.1738,200.0,2025-08-14,active,2023-06-02,2028-06-02
185,114,378304559657657,amex,100000,30000.0,0.193,600.0,2025-07-16,active,2025-02-02,2029-02-02
186,114,5676449436327056,mastercard,69000,0.0,0.2451,25,2025-07-27,active,2022-11-16,2026-11-16
187,115,321867471520351,amex,24000,0.0,0.132,25,2025-08-01,active,2024-10-19,2029-10-19
188,116,313358508143229,amex,10500,1050.0,0.2369,25,2025-07-29,active,2025-03-21,2029-03-21
189,116,4423381060891700,visa,21500,10750.0,0.1365,215.0,2025-07-18,active,2025-01-10,2028-01-10
190,116,396599052702599,amex,31000,24800.0,0.2445,496.0,2025-08-10,active,2025-02-12,2028-02-12
191,117,4407751306109221,visa,100000,50000.0,0.1964,1000.0,2025-07-25,active,2024-12-03,2029-12-03
192,117,4473204319274312,visa,99500,49750.0,0.1735,995.0,2025-07-28,active,2024-12-15,2028-12-15
193,118,6558062475552672,discover,21500,0.0,0.1515,25,2025-08-05,active,2025-07-11,2030-07-11
194,119,4005687069057112,visa,10000,3000.0,0.1879,60.0,2025-08-12,active,2024-03-05,2029-03-05
195,119,5353933054849516,mastercard,35500,10650.0,0.2263,213.0,2025-08-13,active,2024-11-13,2028-11-13
196,120,5024264685519020,mastercard,25500,2550.0,0.2313,51.0,2025-08-05,blocked,2023-09-30,2026-09-30
197,120,4510933465336330,visa,41000,4100.0,0.2121,82.0,2025-07-27,active,2023-10-23,2027-10-23
198,122,316437702170470,amex,18000,5400.0,0.1643,108.0,2025-08-07,active,2023-11-11,2026-11-11
199,122,5397178568176975,mastercard,28500,14250.0,0.1986,285.0,2025-07-31,expired,2023-08-27,2027-08-27
200,122,5010559169833179,mastercard,35000,10500.0,0.1574,210.0,2025-07-31,active,2024-02-22,2028-02-22
201,123,4654525935707650,visa,16500,4950.0,0.1434,99.0,2025-07-16,active,2024-03-03,2028-03-03
202,124,5719260261186801,mastercard,25500,2550.0,0.2352,51.0,2025-08-10,active,2021-10-21,2026-10-21
203,124,4949081700327628,visa,54500,16350.0,0.2408,327.0,2025-08-10,active,2021-10-16,2025-10-16
204,125,6014972682119569,discover,17500,8750.0,0.1598,175.0,2025-07-16,expired,2025-04-16,2029-04-16
205,126,369192205135639,amex,43500,34800.0,0.215,696.0,2025-08-10,active,2025-02-06,2029-02-06
206,126,6516748673581821,discover,17500,0.0,0.1846,25,2025-08-01,active,2025-03-09,2030-03-09
207,127,399584383569997,amex,52000,15600.0,0.1656,312.0,2025-08-09,active,2025-03-26,2028-03-26
208,127,6469126719196993,discover,18000,1800.0,0.1511,36.0,2025-07-17,active,2025-04-17,2029-04-17
209,127,6830568287533552,discover,18000,9000.0,0.1423,180.0,2025-07-20,active,2025-06-11,2030-06-11
210,127,6478112826993451,discover,34000,10200.0,0.1942,204.0,2025-07-21,active,2025-06-18,2028-06-18
211,129,6503947505577791,discover,22500,6750.0,0.1465,135.0,2025-08-14,active,2024-06-29,2028-06-29
212,130,338115750927209,amex,15500,1550.0,0.1245,31.0,2025-08-10,active,2025-04-27,2030-04-27
213,131,362943391686708,amex,52000,15600.0,0.1622,312.0,2025-07-28,active,2025-03-12,2029-03-12
214,131,341010427974935,amex,21500,10750.0,0.1395,215.0,2025-08-14,expired,2024-10-31,2029-10-31
215,132,6991329357538481,discover,18500,0.0,0.1622,25,2025-07-31,active,2024-07-02,2027-07-02
216,133,4642624554620213,visa,16000,1600.0,0.1526,32.0,2025-07-28,active,2025-02-27,2030-02-27
217,134,307173434660954,amex,24500,2450.0,0.1264,49.0,2025-08-06,active,2025-03-30,2030-03-30
218,134,4079516352141202,visa,16500,8250.0,0.2023,165.0,2025-07-31,active,2024-05-20,2028-05-20
219,134,364185413336650,amex,18000,5400.0,0.1643,108.0,2025-08-04,active,2024-04-24,2029-04-24
220,135,381791578290524,amex,100000,30000.0,0.1421,600.0,2025-08-11,active,2025-06-21,2028-06-21
221,135,329994814140138,amex,37000,11100.0,0.2114,222.0,2025-08-13,active,2025-02-23,2030-02-23
222,136,6520120174020984,discover,8500,4250.0,0.1767,85.0,2025-08-01,active,2024-10-02,2028-10-02
223,137,4827291367591644,visa,17000,5100.0,0.195,102.0,2025-08-14,expired,2025-03-06,2030-03-06
224,138,4113085231568234,visa,9000,900.0,0.1526,25,2025-08-07,expired,2022-04-25,2027-04-25
225,139,362671320253423,amex,12000,3600.0,0.1773,72.0,2025-07-17,active,2025-03-28,2029-03-28
226,139,5939876674087721,mastercard,26000,0.0,0.2045,25,2025-07-21,active,2024-07-17,2028-07-17
227,140,5051097247254265,mastercard,16000,1600.0,0.1768,32.0,2025-08-10,active,2024-10-05,2027-10-05
228,140,5763985238182893,mastercard,56000,16800.0,0.1449,336.0,2025-08-06,active,2024-11-21,2029-11-21
229,140,6807042357318995,discover,76500,22950.0,0.1292,459.0,2025-07-18,active,2025-03-02,2028-03-02
230,141,5534705070775088,mastercard,37500,11250.0,0.1567,225.0,2025-08-03,active,2025-04-10,2030-04-10
231,141,376866213805951,amex,48000,4800.0,0.1918,96.0,2025-08-08,active,2025-06-29,2029-06-29
232,142,351330591541963,amex,6000,600.0,0.2397,25,2025-08-07,blocked,2024-02-19,2027-02-19
233,143,313636590504173,amex,43500,13050.0,0.1383,261.0,2025-07-24,active,2024-01-15,2027-01-15
234,144,6032381281718993,discover,17500,5250.0,0.2077,105.0,2025-08-08,active,2023-07-31,2027-07-31
235,144,4127596373114933,visa,25000,12500.0,0.2495,250.0,2025-08-01,active,2022-03-10,2025-03-10
236,145,394003818036485,amex,10000,3000.0,0.1249,60.0,2025-07-17,active,2024-10-27,2029-10-27
237,145,308170284616878,amex,33000,3300.0,0.223,66.0,2025-07-22,active,2025-04-26,2030-04-26
238,145,6032043474334421,discover,10500,3150.0,0.167,63.0,2025-08-12,active,2024-10-02,2028-10-02
239,146,4413135557942072,visa,40000,0.0,0.1366,25,2025-07-23,active,2025-03-15,2030-03-15
240,147,6217618989878776,discover,31000,29450.0,0.1769,589.0,2025-07-27,active,2024-03-01,2029-03-01
241,148,5398189397204873,mastercard,25000,7500.0,0.167,150.0,2025-08-03,active,2022-12-08,2026-12-08
242,149,4734188079640315,visa,19000,15200.0,0.1863,304.0,2025-08-04,active,2025-04-13,2029-04-13
243,150,336205449339271,amex,30000,9000.0,0.1527,180.0,2025-07-29,active,2025-07-03,2029-07-03
244,151,5071537842055553,mastercard,22500,6750.0,0.1547,135.0,2025-08-14,active,2024-09-30,2028-09-30
245,152,6778889221007204,discover,75500,60400.0,0.1603,1208.0,2025-08-09,expired,2025-03-21,2030-03-21
246,152,361757804104866,amex,94500,47250.0,0.1878,945.0,2025-07-24,expired,2025-05-19,2028-05-19
247,153,370498671101877,amex,32500,16250.0,0.15,325.0,2025-07-21,active,2025-02-04,2028-02-04
248,154,5073246689974903,mastercard,12500,3750.0,0.2238,75.0,2025-07-23,active,2024-04-11,2028-04-11
249,155,5469247048113018,mastercard,36500,10950.0,0.1519,219.0,2025-07-23,active,2024-07-20,2028-07-20
250,156,318127591700343,amex,26500,2650.0,0.1552,53.0,2025-08-08,active,2025-05-08,2029-05-08
251,157,305362512311541,amex,17500,5250.0,0.1348,105.0,2025-08-11,blocked,2024-07-29,2027-07-29
252,158,6136930052214426,discover,10000,1000.0,0.205,25,2025-07-23,active,2025-06-23,2029-06-23
253,159,5561161599944261,mastercard,32000,3200.0,0.2306,64.0,2025-07-26,active,2025-05-29,2029-05-29
254,159,382682950814994,amex,54500,27250.0,0.2239,545.0,2025-07-20,active,2025-03-26,2028-03-26
255,160,4352880507507819,visa,45000,22500.0,0.2268,450.0,2025-08-10,active,2025-05-01,2030-05-01
256,160,325247777444964,amex,24500,12250.0,0.1519,245.0,2025-07-25,active,2025-05-29,2030-05-29
257,161,5648627553779385,mastercard,11000,0.0,0.2325,25,2025-08-05,active,2025-07-03,2030-07-03
258,161,4040725453960160,visa,9000,900.0,0.2311,25,2025-08-11,active,2025-04-09,2030-04-09
259,162,6926251743160325,discover,45000,13500.0,0.2273,270.0,2025-08-08,active,2022-11-21,2027-11-21
260,162,5988442789523617,mastercard,42500,12750.0,0.1738,255.0,2025-07-24,active,2024-01-16,2029-01-16
261,163,395781273174271,amex,12000,3600.0,0.1373,72.0,2025-07-20,blocked,2025-05-17,2028-05-17
262,164,5627617640404655,mastercard,13500,1350.0,0.1412,27.0,2025-07-28,active,2021-11-16,2024-11-16
263,164,4502289207459528,visa,18000,1800.0,0.1775,36.0,2025-08-14,active,2025-05-06,2028-05-06
264,165,5543373278396921,mastercard,29500,2950.0,0.1253,59.0,2025-07-20,active,2024-12-17,2027-12-17
265,166,5486965371557310,mastercard,19000,0.0,0.1206,25,2025-08-03,active,2024-12-08,2027-12-08
266,167,307933773129734,amex,22000,0.0,0.1605,25,2025-07-26,active,2022-02-21,2027-02-21
267,168,390826800907220,amex,18500,5550.0,0.2017,111.0,2025-07-18,active,2025-02-06,2030-02-06
268,168,352395960233159,amex,67000,6700.0,0.2138,134.0,2025-07-27,active,2025-06-15,2030-06-15
269,168,4323088806094175,visa,31000,15500.0,0.2441,310.0,2025-08-08,active,2022-01-09,2025-01-09
270,169,6758755850959145,discover,62000,0.0,0.2004,25,2025-08-14,active,2024-11-18,2028-11-18
271,169,362728651814204,amex,60000,6000.0,0.2047,120.0,2025-07-24,active,2025-05-29,2028-05-29
272,169,362176434939416,amex,27000,0.0,0.2178,25,2025-07-28,active,2025-05-26,2030-05-26
273,170,6985857491106672,discover,31000,15500.0,0.2435,310.0,2025-08-01,active,2025-04-30,2029-04-30
274,170,337701249316459,amex,20000,6000.0,0.2404,120.0,2025-07-24,expired,2025-06-17,2028-06-17
275,170,4470407936518756,visa,59500,17850.0,0.237,357.0,2025-08-13,active,2024-12-23,2028-12-23
276,171,5273571256721230,mastercard,60500,30250.0,0.2215,605.0,2025-07-30,active,2022-12-12,2027-12-12
277,171,4532425660098057,visa,62500,6250.0,0.1477,125.0,2025-08-05,active,2025-02-22,2030-02-22
278,172,313653298568499,amex,6000,600.0,0.2244,25,2025-08-11,expired,2023-05-28,2028-05-28
279,173,4746143370049174,visa,78500,23550.0,0.1704,471.0,2025-07-30,active,2023-06-07,2026-06-07
280,173,6387621577405458,discover,72500,36250.0,0.1359,725.0,2025-07-20,active,2024-04-16,2028-04-16
281,173,4427853141988726,visa,56500,16950.0,0.1536,339.0,2025-08-03,active,2023-01-01,2028-01-01
282,174,5159007132044845,mastercard,15000,4500.0,0.2401,90.0,2025-07-31,active,2024-01-18,2028-01-18
283,174,4766045689391164,visa,52000,15600.0,0.2049,312.0,2025-07-31,blocked,2023-10-09,2027-10-09
284,175,6576664760852085,discover,55000,27500.0,0.1767,550.0,2025-07-26,active,2023-07-03,2028-07-03
285,175,304998878298872,amex,54000,0.0,0.1589,25,2025-07-24,active,2025-05-05,2029-05-05
286,176,306929873864006,amex,12500,3750.0,0.1597,75.0,2025-08-12,expired,2023-11-18,2026-11-18
287,177,4430318393301118,visa,11000,1100.0,0.1228,25,2025-07-27,active,2023-08-20,2028-08-20
288,178,324529615143697,amex,18500,5550.0,0.1791,111.0,2025-08-01,active,2024-11-16,2028-11-16
289,179,5871355669633895,mastercard,18000,5400.0,0.1898,108.0,2025-08-06,active,2025-05-25,2030-05-25
290,180,6019991624694762,discover,18000,1800.0,0.2242,36.0,2025-08-06,blocked,2025-06-24,2029-06-24
291,181,4797367990102719,visa,20500,10250.0,0.2223,205.0,2025-08-04,active,2025-02-21,2030-02-21
292,182,4387212151904562,visa,18000,1800.0,0.1552,36.0,2025-08-07,active,2023-10-21,2028-10-21
293,182,6633935082432625,discover,4000,400.0,0.19,25,2025-07-24,active,2023-06-11,2028-06-11
294,184,314202484350745,amex,23500,11750.0,0.198,235.0,2025-08-08,active,2024-04-14,2029-04-14
295,184,6024404310907718,discover,55500,16650.0,0.2081,333.0,2025-08-07,active,2024-07-05,2027-07-05
296,185,6376554761727573,discover,25000,12500.0,0.1603,250.0,2025-08-14,active,2024-11-02,2028-11-02
297,185,6661539392942702,discover,56500,0.0,0.1277,25,2025-08-05,active,2024-06-18,2028-06-18
298,185,5390627989582477,mastercard,95500,47750.0,0.2116,955.0,2025-08-11,active,2024-08-18,2027-08-18
299,185,4371912759395571,visa,90500,27150.0,0.131,543.0,2025-08-08,active,2024-10-08,2027-10-08
300,186,6591004436436444,discover,8000,800.0,0.2173,25,2025-08-03,active,2024-07-03,2027-07-03
301,186,5200722768352780,mastercard,14000,0.0,0.1859,25,2025-08-13,blocked,2025-05-25,2030-05-25
302,187,4933853000900632,visa,8000,2400.0,0.215,48.0,2025-07-29,active,2023-09-23,2028-09-23
303,188,6586172847034463,discover,16500,1650.0,0.2125,33.0,2025-08-11,active,2023-07-14,2026-07-14
304,189,315463517573518,amex,41000,12300.0,0.2224,246.0,2025-08-11,expired,2025-04-01,2028-04-01
305,190,396560033752296,amex,31000,3100.0,0.1871,62.0,2025-08-05,active,2025-03-10,2029-03-10
306,191,5514557953723766,mastercard,19000,15200.0,0.1291,304.0,2025-07-20,blocked,2024-03-24,2028-03-24
307,192,6081372298210935,discover,17000,5100.0,0.1605,102.0,2025-08-06,active,2025-06-23,2028-06-23
308,192,301496284076953,amex,25500,7650.0,0.2397,153.0,2025-07-30,active,2025-06-21,2028-06-21
309,193,6679007824466669,discover,46500,4650.0,0.1931,93.0,2025-07-29,blocked,2024-03-31,2029-03-31
310,194,338682508559256,amex,48000,14400.0,0.182,288.0,2025-07-21,active,2025-03-09,2030-03-09
311,194,5257273468927047,mastercard,41500,20750.0,0.2215,415.0,2025-08-06,active,2025-03-12,2028-03-12
312,195,6610514961806862,discover,42000,33600.0,0.1702,672.0,2025-08-08,active,2025-05-12,2030-05-12
313,196,5449403951869561,mastercard,58500,46800.0,0.159,936.0,2025-07-17,active,2025-01-24,2030-01-24
314,196,5183801693476912,mastercard,59500,5950.0,0.2455,119.0,2025-08-04,expired,2025-01-11,2029-01-11
315,197,4122016318520023,visa,34000,10200.0,0.1397,204.0,2025-07-18,blocked,2023-02-12,2027-02-12
316,198,5140982127023189,mastercard,81500,24450.0,0.1443,489.0,2025-08-11,active,2023-03-11,2027-03-11
317,198,5177569000191765,mastercard,64500,19350.0,0.2267,387.0,2025-07-21,blocked,2025-07-11,2028-07-11
318,199,5871515474691170,mastercard,21000,2100.0,0.1918,42.0,2025-07-16,active,2025-05-12,2030-05-12
319,199,4400938083491232,visa,9000,7200.0,0.2066,144.0,2025-07-16,active,2023-09-03,2027-09-03
320,200,318325276252021,amex,19500,1950.0,0.1328,39.0,2025-07-30,active,2023-11-05,2026-11-05
321,201,5267011678116786,mastercard,17500,14000.0,0.1209,280.0,2025-07-26,active,2022-08-10,2027-08-10
322,201,326730220994175,amex,18500,1850.0,0.2314,37.0,2025-07-25,blocked,2023-01-07,2028-01-07
323,202,310507550848528,amex,46000,0.0,0.2408,25,2025-07-30,active,2022-12-21,2026-12-21
324,203,6008307644058355,discover,12500,3750.0,0.1309,75.0,2025-08-13,active,2025-04-05,2028-04-05
325,204,5282901832051121,mastercard,26500,25175.0,0.1236,503.5,2025-08-13,active,2022-03-20,2026-03-20
326,205,4502406511747117,visa,6500,3250.0,0.1711,65.0,2025-08-02,active,2021-01-15,2026-01-15
327,206,6312407904481388,discover,49000,14700.0,0.1281,294.0,2025-07-19,active,2024-11-26,2029-11-26
328,206,367677619524960,amex,75000,37500.0,0.1251,750.0,2025-07-20,active,2024-11-14,2028-11-14
329,206,4770223804534782,visa,49500,4950.0,0.2054,99.0,2025-07-26,active,2025-05-09,2029-05-09
330,207,5848987358727299,mastercard,3500,2800.0,0.2017,56.0,2025-07-26,active,2024-05-11,2027-05-11
331,208,309398663984648,amex,62500,6250.0,0.1376,125.0,2025-07-30,active,2024-07-23,2028-07-23
332,208,6523918867622735,discover,56500,5650.0,0.2314,113.0,2025-08-13,active,2024-05-23,2027-05-23
333,208,4663340142156345,visa,43000,4300.0,0.1475,86.0,2025-07-21,active,2024-04-03,2028-04-03
334,209,5570444551434421,mastercard,34000,17000.0,0.1807,340.0,2025-07-24,active,2022-08-18,2025-08-18
335,209,374218842463815,amex,24500,23275.0,0.2011,465.5,2025-07-19,expired,2022-08-12,2025-08-12
336,210,5464299872473539,mastercard,82000,24600.0,0.2347,492.0,2025-07-27,active,2025-04-30,2030-04-30
337,210,5007514518347923,mastercard,65000,6500.0,0.2445,130.0,2025-08-11,active,2023-09-24,2027-09-24
338,211,4081246437862430,visa,19000,1900.0,0.1292,38.0,2025-07-24,active,2025-07-13,2030-07-13
339,212,6106963749121879,discover,18000,5400.0,0.164,108.0,2025-07-29,active,2023-12-19,2027-12-19
340,213,4112502316004027,visa,33000,3300.0,0.2407,66.0,2025-08-04,active,2023-10-03,2028-10-03
341,213,5212086149842507,mastercard,53500,42800.0,0.2192,856.0,2025-08-04,active,2025-01-09,2029-01-09
342,214,320014144246073,amex,31000,9300.0,0.1521,186.0,2025-08-12,active,2024-02-09,2027-02-09
343,215,328599475763798,amex,71500,7150.0,0.1499,143.0,2025-07-26,active,2025-02-05,2030-02-05
344,215,5676074105939481,mastercard,51500,15450.0,0.2203,309.0,2025-08-11,active,2025-03-15,2028-03-15
345,216,6028586966096354,discover,39500,3950.0,0.2379,79.0,2025-07-28,active,2025-01-17,2029-01-17
346,217,4018426226441802,visa,27000,13500.0,0.1957,270.0,2025-07-17,active,2025-02-09,2029-02-09
347,218,6535243779507655,discover,26500,2650.0,0.1832,53.0,2025-08-12,active,2025-03-22,2028-03-22
348,218,325122584679017,amex,33500,16750.0,0.2308,335.0,2025-08-12,active,2025-01-13,2028-01-13
349,219,6523967499902038,discover,39500,11850.0,0.1249,237.0,2025-07-16,active,2025-04-04,2029-04-04
350,219,4242695753851397,visa,15000,0.0,0.1522,25,2025-07-21,active,2025-04-14,2030-04-14
351,220,5040852063346118,mastercard,16000,4800.0,0.1883,96.0,2025-07-22,active,2024-08-21,2028-08-21
352,221,5380419171603330,mastercard,30000,24000.0,0.1579,480.0,2025-07-18,active,2024-02-27,2028-02-27
353,222,6020931378802109,discover,47500,23750.0,0.1831,475.0,2025-08-08,blocked,2023-07-11,2027-07-11
354,222,6736576455459034,discover,54000,16200.0,0.1997,324.0,2025-08-10,active,2025-01-01,2028-01-01
355,223,4102693955330892,visa,15500,4650.0,0.1524,93.0,2025-08-05,blocked,2023-09-09,2028-09-09
356,224,4485507026406260,visa,12000,3600.0,0.1566,72.0,2025-07-19,active,2023-12-10,2027-12-10
357,225,6621648342797302,discover,55000,5500.0,0.127,110.0,2025-08-03,active,2025-07-13,2029-07-13
358,225,5023589377125828,mastercard,38500,3850.0,0.2482,77.0,2025-08-02,active,2025-06-02,2030-06-02
359,225,395165991945644,amex,14000,4200.0,0.2198,84.0,2025-07-20,active,2025-06-24,2029-06-24
360,226,324286785547018,amex,10500,0.0,0.2191,25,2025-08-04,active,2024-04-11,2028-04-11
361,226,367093672502800,amex,55000,5500.0,0.1602,110.0,2025-07-18,active,2025-06-14,2030-06-14
362,227,5460316134079921,mastercard,5500,1650.0,0.1655,33.0,2025-07-26,active,2025-03-21,2029-03-21
363,227,5832867851506688,mastercard,20000,2000.0,0.1666,40.0,2025-07-30,active,2024-12-30,2028-12-30
364,228,4668940936364605,visa,57500,17250.0,0.1608,345.0,2025-08-07,active,2025-03-17,2029-03-17
365,229,363224518256961,amex,9000,900.0,0.2433,25,2025-08-05,active,2024-11-25,2027-11-25
366,229,386978487989631,amex,44000,13200.0,0.2409,264.0,2025-07-17,active,2025-07-10,2029-07-10
367,230,6922591642301274,discover,7000,2100.0,0.2392,42.0,2025-08-09,active,2024-04-28,2029-04-28
368,231,4986370855360622,visa,17500,1750.0,0.1737,35.0,2025-07-27,active,2023-05-06,2026-05-06
369,231,6756942984104003,discover,18000,5400.0,0.1407,108.0,2025-07-22,active,2025-03-14,2030-03-14
370,232,6463523561188203,discover,42000,12600.0,0.2296,252.0,2025-08-12,active,2022-08-16,2027-08-16
371,232,6218531112817790,discover,79000,23700.0,0.1709,474.0,2025-07-28,active,2023-10-12,2028-10-12
372,232,372813265984503,amex,50000,15000.0,0.1839,300.0,2025-07-17,active,2023-09-25,2028-09-25
373,233,4375353132452756,visa,38500,36575.0,0.1957,731.5,2025-07-26,active,2025-05-16,2028-05-16
374,233,5056878071265249,mastercard,49000,24500.0,0.1985,490.0,2025-08-01,active,2025-02-23,2030-02-23
375,234,5015149777649136,mastercard,11000,3300.0,0.1731,66.0,2025-07-27,active,2024-09-21,2027-09-21
376,235,5261954902948494,mastercard,38500,30800.0,0.2308,616.0,2025-08-11,active,2023-08-25,2028-08-25
377,235,6613886550091595,discover,100000,30000.0,0.2168,600.0,2025-08-01,active,2025-02-18,2029-02-18
378,235,393601941270661,amex,100000,30000.0,0.2073,600.0,2025-07-29,active,2024-09-09,2028-09-09
379,236,6202033881120996,discover,27000,25650.0,0.1757,513.0,2025-07-23,active,2023-02-13,2027-02-13
380,237,348365670719056,amex,12000,3600.0,0.1837,72.0,2025-07-25,active,2025-01-08,2029-01-08
381,237,6705467393164909,discover,35000,10500.0,0.1552,210.0,2025-07-29,active,2025-06-28,2029-06-28
382,238,4588681025312926,visa,35500,28400.0,0.1611,568.0,2025-07-31,active,2024-07-29,2027-07-29
383,238,380401461597000,amex,58000,17400.0,0.2073,348.0,2025-08-13,blocked,2022-08-14,2027-08-14
384,239,367347436939089,amex,62000,49600.0,0.1474,992.0,2025-08-03,active,2025-02-06,2028-02-06
385,239,4832130542842511,visa,100000,10000.0,0.2053,200.0,2025-07-22,active,2024-11-01,2029-11-01
386,240,329412597999032,amex,35500,0.0,0.1905,25,2025-07-30,active,2022-08-06,2027-08-06
387,241,6289513403997838,discover,18500,5550.0,0.1577,111.0,2025-08-07,active,2025-05-16,2029-05-16
388,241,5632939702663820,mastercard,5500,0.0,0.1653,25,2025-07-25,active,2025-05-27,2028-05-27
389,242,4178605776771928,visa,7500,750.0,0.1375,25,2025-07-17,active,2024-06-29,2029-06-29
390,243,6574058923036067,discover,8500,6800.0,0.1827,136.0,2025-08-04,active,2024-01-03,2029-01-03
391,244,5655713649674514,mastercard,50500,15150.0,0.1788,303.0,2025-08-09,active,2025-03-10,2028-03-10
392,245,5526990185111567,mastercard,40000,20000.0,0.2224,400.0,2025-08-02,active,2025-07-14,2028-07-14
393,245,367050680983831,amex,19500,5850.0,0.149,117.0,2025-07-29,active,2025-07-13,2030-07-13
394,246,6034563338923495,discover,45000,4500.0,0.22,90.0,2025-07-30,active,2023-12-30,2027-12-30
395,247,6826388032427161,discover,54000,27000.0,0.2172,540.0,2025-07-28,active,2024-12-06,2029-12-06
396,248,6974762370385478,discover,50000,40000.0,0.2178,800.0,2025-08-07,active,2025-06-12,2029-06-12
397,248,5192294123280625,mastercard,40500,12150.0,0.1954,243.0,2025-08-12,active,2023-12-31,2028-12-31
398,249,318925883140035,amex,30000,3000.0,0.1236,60.0,2025-08-13,blocked,2024-09-18,2027-09-18
399,249,5549047986571689,mastercard,39000,11700.0,0.2051,234.0,2025-07-18,active,2025-02-25,2029-02-25
400,249,4862868564347608,visa,55500,27750.0,0.1427,555.0,2025-07-16,active,2025-04-22,2030-04-22
401,250,367363163308460,amex,98500,9850.0,0.1405,197.0,2025-07-28,expired,2025-05-08,2029-05-08
402,250,5364908474911634,mastercard,42500,21250.0,0.1245,425.0,2025-07-19,active,2025-05-23,2030-05-23
403,250,6366228455414085,discover,100000,0.0,0.2388,25,2025-08-12,expired,2025-06-22,2030-06-22
404,252,4084861066002604,visa,18000,9000.0,0.1223,180.0,2025-07-19,active,2024-06-02,2029-06-02
405,252,4624410667884573,visa,28000,2800.0,0.176,56.0,2025-07-17,active,2023-08-30,2026-08-30
406,253,5544071107298502,mastercard,22000,11000.0,0.2056,220.0,2025-07-27,active,2023-05-17,2028-05-17
407,253,6714853331714795,discover,47500,23750.0,0.2156,475.0,2025-07-18,active,2024-01-03,2028-01-03
408,253,5492202881520895,mastercard,56500,28250.0,0.2298,565.0,2025-08-12,active,2022-10-14,2025-10-14
409,254,6250507324913943,discover,29000,2900.0,0.2264,58.0,2025-08-07,active,2022-10-13,2025-10-13
410,255,396238384403765,amex,46500,4650.0,0.1975,93.0,2025-08-03,active,2023-10-12,2026-10-12
411,256,4330864148632908,visa,97000,9700.0,0.1633,194.0,2025-07-17,active,2024-02-07,2027-02-07
412,256,6159051823772109,discover,57000,17100.0,0.1529,342.0,2025-07-24,active,2022-08-09,2026-08-09
413,256,4717400345688486,visa,100000,30000.0,0.2413,600.0,2025-08-09,active,2024-02-28,2029-02-28
414,257,6072366047412081,discover,12000,1200.0,0.1767,25,2025-08-04,active,2022-08-03,2025-08-03
415,258,304393516026957,amex,45500,22750.0,0.1686,455.0,2025-08-07,blocked,2025-07-14,2029-07-14
416,258,4316367817524813,visa,51000,5100.0,0.1834,102.0,2025-08-13,active,2025-04-24,2028-04-24
417,258,5930395395260885,mastercard,68500,34250.0,0.198,685.0,2025-08-02,active,2025-04-05,2028-04-05
418,259,4149974754737704,visa,26500,13250.0,0.1252,265.0,2025-07-29,active,2025-01-18,2030-01-18
419,259,6597739610340573,discover,13000,1300.0,0.2375,26.0,2025-08-08,active,2024-01-01,2029-01-01
420,260,317569430721887,amex,37500,11250.0,0.2081,225.0,2025-07-29,expired,2025-04-21,2028-04-21
421,260,387236341104857,amex,41000,4100.0,0.1745,82.0,2025-08-14,blocked,2025-06-12,2030-06-12
422,260,6281829127898852,discover,61500,6150.0,0.2442,123.0,2025-08-03,active,2025-01-11,2030-01-11
423,261,4585537304376318,visa,16000,4800.0,0.1935,96.0,2025-07-31,active,2025-07-06,2029-07-06
424,261,348144000407560,amex,90500,27150.0,0.2206,543.0,2025-07-19,active,2025-06-30,2028-06-30
425,261,4797296822885427,visa,53000,42400.0,0.1548,848.0,2025-08-03,active,2025-07-02,2030-07-02
426,262,319736654758783,amex,100000,10000.0,0.2383,200.0,2025-08-11,active,2025-06-11,2028-06-11
427,262,5590677185360174,mastercard,47000,14100.0,0.1226,282.0,2025-07-17,expired,2024-09-18,2029-09-18
428,262,4041316677527071,visa,43000,4300.0,0.1948,86.0,2025-08-07,active,2024-07-10,2028-07-10
429,263,306427299043881,amex,20000,2000.0,0.1729,40.0,2025-07-28,active,2025-06-01,2030-06-01
430,264,5543163915846472,mastercard,58000,17400.0,0.127,348.0,2025-07-25,active,2024-11-03,2028-11-03
431,264,5036906155026134,mastercard,36000,18000.0,0.2011,360.0,2025-07-31,active,2024-05-31,2029-05-31
432,265,4667665405324216,visa,26000,13000.0,0.1488,260.0,2025-07-23,active,2024-12-27,2028-12-27
433,265,6178058138057321,discover,95000,28500.0,0.2208,570.0,2025-07-30,active,2024-01-12,2028-01-12
434,265,6455526151070557,discover,78500,62800.0,0.2453,1256.0,2025-07-21,active,2023-06-06,2027-06-06
435,266,341235998962586,amex,39000,11700.0,0.152,234.0,2025-07-29,active,2024-06-10,2028-06-10
436,267,4517975193784953,visa,30000,9000.0,0.1791,180.0,2025-07-22,active,2021-11-21,2024-11-21
437,267,380197621346164,amex,91500,45750.0,0.13,915.0,2025-07-20,blocked,2025-05-06,2029-05-06
438,268,5224708101481297,mastercard,8500,850.0,0.1926,25,2025-07-24,active,2021-10-22,2026-10-22
439,269,337481268179300,amex,41500,33200.0,0.1621,664.0,2025-08-02,active,2025-01-17,2028-01-17
440,269,4814033405081056,visa,42000,0.0,0.2444,25,2025-08-01,active,2024-03-16,2028-03-16
441,270,4213116694602124,visa,18000,5400.0,0.2278,108.0,2025-08-09,active,2024-04-19,2028-04-19
442,271,398362074988495,amex,16000,4800.0,0.2301,96.0,2025-07-28,active,2024-12-12,2027-12-12
443,271,5146565716657813,mastercard,39500,0.0,0.2474,25,2025-08-04,active,2023-05-02,2027-05-02
444,272,6416450862953223,discover,32000,9600.0,0.2495,192.0,2025-07-24,active,2022-12-25,2026-12-25
445,272,6641261395574586,discover,95500,28650.0,0.217,573.0,2025-08-07,active,2023-04-02,2028-04-02
446,273,4835442788598819,visa,27500,2750.0,0.1763,55.0,2025-07-28,active,2024-02-25,2027-02-25
447,274,6276223683127534,discover,27500,8250.0,0.1468,165.0,2025-08-08,active,2021-06-26,2026-06-26
448,274,378022801771062,amex,77500,7750.0,0.1672,155.0,2025-08-14,active,2023-12-17,2027-12-17
449,274,347353414391032,amex,77000,23100.0,0.211,462.0,2025-08-11,active,2022-02-18,2027-02-18
450,275,4667477201104083,visa,23000,18400.0,0.1521,368.0,2025-07-30,active,2025-06-10,2029-06-10
451,275,4877795334225393,visa,8000,0.0,0.1543,25,2025-07-27,active,2024-11-28,2027-11-28
452,276,6457502188521148,discover,36500,3650.0,0.2494,73.0,2025-07-23,active,2024-06-23,2028-06-23
453,276,6878842047598358,discover,20500,2050.0,0.1781,41.0,2025-07-31,active,2025-04-11,2029-04-11
454,277,5928532025461679,mastercard,30500,9150.0,0.217,183.0,2025-07-30,active,2023-12-09,2027-12-09
455,278,6361395945921185,discover,14500,4350.0,0.1499,87.0,2025-08-05,active,2024-10-11,2027-10-11
456,279,5779626389654997,mastercard,8000,800.0,0.1941,25,2025-08-07,active,2024-11-21,2028-11-21
457,280,5008100142866906,mastercard,10500,5250.0,0.1312,105.0,2025-07-31,active,2025-06-02,2029-06-02
458,281,4967108004587242,visa,33500,10050.0,0.1829,201.0,2025-08-06,active,2025-06-24,2028-06-24
459,281,6652948305171972,discover,37000,29600.0,0.1434,592.0,2025-07-22,active,2024-07-24,2027-07-24
460,282,5675777734265875,mastercard,84000,8400.0,0.2065,168.0,2025-07-16,active,2020-11-13,2023-11-13
461,282,4407712806199074,visa,73500,22050.0,0.2354,441.0,2025-07-29,active,2022-10-23,2026-10-23
462,283,4712435668303253,visa,68500,20550.0,0.1683,411.0,2025-07-20,active,2023-01-23,2028-01-23
463,283,6735078107283947,discover,39500,11850.0,0.2431,237.0,2025-07-29,active,2023-01-21,2027-01-21
464,284,4499363196275644,visa,7000,2100.0,0.2328,42.0,2025-07-17,active,2025-04-09,2030-04-09
465,284,366300636210516,amex,7000,2100.0,0.1779,42.0,2025-07-30,active,2025-04-14,2028-04-14
466,285,4481135373965272,visa,59500,29750.0,0.2174,595.0,2025-07-28,active,2024-04-18,2029-04-18
467,285,348990712996991,amex,38000,0.0,0.2115,25,2025-07-21,expired,2024-05-05,2028-05-05
468,285,5933132689374602,mastercard,67500,0.0,0.1765,25,2025-08-02,active,2022-11-17,2025-11-17
469,286,5918425195617655,mastercard,19500,5850.0,0.1403,117.0,2025-07-23,active,2024-07-20,2029-07-20
470,287,6063022829335287,discover,14000,4200.0,0.1847,84.0,2025-07-27,active,2025-05-25,2030-05-25
471,288,6472684746455072,discover,29500,8850.0,0.1334,177.0,2025-07-16,blocked,2025-05-11,2028-05-11
472,289,4880875645058105,visa,38500,3850.0,0.1342,77.0,2025-08-02,blocked,2024-12-24,2027-12-24
473,290,6447619378866364,discover,29500,8850.0,0.1515,177.0,2025-07-23,active,2024-12-02,2028-12-02
474,291,6337922628191502,discover,9500,2850.0,0.1577,57.0,2025-08-02,active,2024-03-05,2028-03-05
475,292,321940504726097,amex,39000,3900.0,0.1755,78.0,2025-08-04,active,2024-11-20,2029-11-20
476,292,6366098591981747,discover,45000,13500.0,0.1706,270.0,2025-07-27,active,2025-05-01,2028-05-01
477,293,6489557131984449,discover,34000,3400.0,0.1284,68.0,2025-07-29,active,2025-07-08,2029-07-08
478,293,6477743721238487,discover,36000,3600.0,0.1699,72.0,2025-08-11,active,2024-10-31,2028-10-31
479,294,6557983229000590,discover,68500,54800.0,0.1656,1096.0,2025-07-19,active,2023-08-31,2027-08-31
480,294,305919344246271,amex,47000,14100.0,0.1445,282.0,2025-07-23,active,2025-07-08,2028-07-08
481,294,6533535975980962,discover,92000,0.0,0.2149,25,2025-07-19,active,2024-03-06,2027-03-06
482,295,378827376309773,amex,27500,8250.0,0.2257,165.0,2025-08-08,active,2024-06-18,2029-06-18
483,295,4979785500445072,visa,23500,2350.0,0.1404,47.0,2025-08-04,active,2024-07-29,2028-07-29
484,296,4079322652782546,visa,35500,10650.0,0.1632,213.0,2025-07-25,active,2024-07-28,2027-07-28
485,296,4177539872458198,visa,28000,8400.0,0.1245,168.0,2025-08-01,active,2025-03-13,2030-03-13
486,297,5805365972683950,mastercard,12000,3600.0,0.2163,72.0,2025-07-16,active,2024-11-29,2028-11-29
487,298,6721281568387027,discover,60500,18150.0,0.2418,363.0,2025-07-23,active,2025-05-23,2030-05-23
488,298,5149241371730639,mastercard,62000,18600.0,0.1684,372.0,2025-07-22,active,2020-09-27,2025-09-27
489,299,6816723866560677,discover,17000,5100.0,0.1933,102.0,2025-07-30,active,2024-11-06,2028-11-06
490,300,4057725040258988,visa,100000,10000.0,0.2017,200.0,2025-08-14,active,2022-07-21,2025-07-21
491,300,5578457208024104,mastercard,67000,20100.0,0.1277,402.0,2025-07-30,active,2022-09-02,2026-09-02
492,300,5166081611556613,mastercard,100000,10000.0,0.2116,200.0,2025-07-30,active,2023-10-14,2026-10-14
493,301,358408922706990,amex,5000,2500.0,0.1603,50.0,2025-08-10,active,2024-12-12,2028-12-12
494,302,4363836472245581,visa,53000,5300.0,0.1881,106.0,2025-07-23,active,2024-11-13,2027-11-13
495,302,324496639000453,amex,19000,9500.0,0.1913,190.0,2025-07-24,active,2025-06-20,2030-06-20
496,303,6725140961709987,discover,49500,24750.0,0.1847,495.0,2025-07-16,expired,2024-12-16,2027-12-16
497,303,6688130384691281,discover,36500,3650.0,0.1331,73.0,2025-07-24,active,2025-03-05,2028-03-05
498,304,6312536127698762,discover,17500,1750.0,0.2223,35.0,2025-08-13,active,2025-02-04,2028-02-04
499,304,374508098971733,amex,35500,17750.0,0.2206,355.0,2025-07-19,blocked,2021-04-12,2025-04-12
500,305,4447165044152644,visa,15000,1500.0,0.2057,30.0,2025-08-08,active,2024-06-15,2029-06-15
501,306,354191378049876,amex,38000,11400.0,0.1984,228.0,2025-08-10,active,2024-03-05,2027-03-05
502,307,324276074146440,amex,13000,1300.0,0.2102,26.0,2025-07-22,active,2024-09-16,2028-09-16
503,308,4832621384155109,visa,17500,1750.0,0.1555,35.0,2025-07-20,active,2025-06-29,2029-06-29
504,309,305688084820727,amex,13000,6500.0,0.1709,130.0,2025-07-22,active,2021-04-12,2024-04-12
505,310,6813267273326277,discover,10000,3000.0,0.1579,60.0,2025-08-13,active,2025-02-20,2029-02-20
506,311,368774929449931,amex,57500,28750.0,0.1836,575.0,2025-08-05,active,2024-08-24,2028-08-24
507,311,6684905366783203,discover,18500,9250.0,0.136,185.0,2025-08-07,active,2024-04-17,2028-04-17
508,311,6905340388333151,discover,21500,2150.0,0.1337,43.0,2025-07-28,active,2025-07-08,2028-07-08
509,312,4193889531154397,visa,26500,7950.0,0.1667,159.0,2025-07-23,active,2025-03-23,2028-03-23
510,312,4066086236504602,visa,20000,2000.0,0.1427,40.0,2025-07-20,active,2024-06-22,2029-06-22
511,312,5251826135062108,mastercard,96500,28950.0,0.1301,579.0,2025-08-12,active,2023-10-18,2026-10-18
512,313,4629810997526866,visa,42000,33600.0,0.2475,672.0,2025-07-22,active,2025-02-22,2028-02-22
513,313,5140737308714390,mastercard,13500,1350.0,0.1213,27.0,2025-08-13,expired,2024-11-22,2029-11-22
514,314,6260702474857988,discover,6000,3000.0,0.1423,60.0,2025-07-23,active,2024-12-24,2029-12-24
515,315,5293229725401493,mastercard,6000,600.0,0.2436,25,2025-08-13,active,2025-06-25,2030-06-25
516,316,4886459478007924,visa,76000,7600.0,0.172,152.0,2025-08-04,active,2025-04-30,2028-04-30
517,316,350458387500770,amex,57500,28750.0,0.1445,575.0,2025-07-30,active,2024-04-12,2029-04-12
518,316,5598043331569640,mastercard,35500,17750.0,0.1308,355.0,2025-07-28,active,2024-06-14,2027-06-14
519,317,5520622609316426,mastercard,29500,28025.0,0.15,560.5,2025-07-28,active,2024-08-04,2027-08-04
520,317,5310171719945740,mastercard,7000,2100.0,0.1985,42.0,2025-08-05,active,2024-05-30,2027-05-30
521,318,4056735263595176,visa,19000,9500.0,0.1437,190.0,2025-07-19,active,2024-04-13,2028-04-13
522,318,5867106656024923,mastercard,96000,9600.0,0.1772,192.0,2025-07-25,active,2024-08-22,2028-08-22
523,319,6532279975261587,discover,7500,2250.0,0.226,45.0,2025-08-02,active,2024-12-27,2028-12-27
524,320,4114241248454673,visa,61500,6150.0,0.2416,123.0,2025-07-30,active,2023-04-16,2028-04-16
525,321,319066954508570,amex,55500,27750.0,0.121,555.0,2025-07-19,active,2022-12-03,2026-12-03
526,321,6170613011273831,discover,50000,40000.0,0.2277,800.0,2025-07-18,active,2024-10-09,2029-10-09
527,323,364001915426078,amex,15500,4650.0,0.2307,93.0,2025-07-18,active,2025-06-03,2028-06-03
528,324,5411475466248223,mastercard,12500,6250.0,0.1753,125.0,2025-08-13,active,2022-11-29,2027-11-29
529,324,6846038951592346,discover,31000,15500.0,0.1391,310.0,2025-08-12,active,2024-10-02,2028-10-02
530,325,5164950605411371,mastercard,34000,3400.0,0.2077,68.0,2025-08-05,active,2022-01-12,2027-01-12
531,325,4078907869576018,visa,88000,8800.0,0.1496,176.0,2025-07-16,active,2025-04-07,2030-04-07
532,326,347473343597369,amex,29000,14500.0,0.1322,290.0,2025-07-29,active,2025-04-24,2028-04-24
533,326,331750409370118,amex,31500,15750.0,0.1717,315.0,2025-08-03,active,2025-03-16,2030-03-16
534,327,5905509579281847,mastercard,5500,1650.0,0.1708,33.0,2025-08-01,active,2024-11-07,2027-11-07
535,328,5416119540627890,mastercard,30500,9150.0,0.2496,183.0,2025-08-08,active,2024-12-12,2029-12-12
536,328,4121795928223312,visa,18500,9250.0,0.1832,185.0,2025-07-20,active,2024-06-10,2028-06-10
537,329,361627141342773,amex,29000,2900.0,0.161,58.0,2025-07-31,active,2023-12-19,2026-12-19
538,329,4420942079374158,visa,21500,2150.0,0.2003,43.0,2025-08-04,active,2024-11-02,2027-11-02
539,330,5530955877993642,mastercard,44000,13200.0,0.1798,264.0,2025-07-27,active,2025-07-10,2028-07-10
540,331,4292135111330107,visa,16000,0.0,0.1685,25,2025-08-09,active,2024-11-09,2027-11-09
541,333,312322232087385,amex,100000,10000.0,0.2423,200.0,2025-08-09,active,2025-07-02,2028-07-02
542,333,4370858783792131,visa,66500,6650.0,0.192,133.0,2025-07-20,active,2025-06-07,2030-06-07
543,334,5715193178449883,mastercard,6000,5700.0,0.1457,114.0,2025-08-05,active,2025-05-03,2028-05-03
544,335,4133704946245540,visa,100000,50000.0,0.2347,1000.0,2025-07-16,active,2024-01-01,2028-01-01
545,335,388234811808293,amex,100000,80000.0,0.1275,1600.0,2025-08-14,active,2024-03-20,2028-03-20
546,335,6982587537156415,discover,100000,10000.0,0.1481,200.0,2025-07-17,active,2025-03-31,2028-03-31
547,337,6331191611955309,discover,69000,20700.0,0.1467,414.0,2025-07-19,active,2024-06-04,2028-06-04
548,337,6791703793061892,discover,33500,0.0,0.1573,25,2025-08-14,active,2023-11-19,2026-11-19
549,338,6247424684732550,discover,51000,25500.0,0.2429,510.0,2025-08-11,active,2025-06-14,2029-06-14
550,338,5679120720957890,mastercard,66000,0.0,0.1608,25,2025-08-07,active,2025-07-04,2028-07-04
551,339,6844565781744205,discover,38500,11550.0,0.2405,231.0,2025-08-05,active,2023-10-16,2026-10-16
552,339,356740920167599,amex,13000,6500.0,0.2402,130.0,2025-07-16,active,2023-09-10,2026-09-10
553,339,4405806709144654,visa,58500,29250.0,0.1207,585.0,2025-07-17,active,2025-03-29,2029-03-29
554,340,6454976834875256,discover,4500,450.0,0.2492,25,2025-08-02,active,2021-05-21,2025-05-21
555,340,6257601380795118,discover,7500,750.0,0.2068,25,2025-07-19,active,2021-11-28,2024-11-28
556,341,4815959043150717,visa,9500,2850.0,0.2022,57.0,2025-08-06,active,2024-06-18,2027-06-18
557,342,6310323197670254,discover,38500,19250.0,0.1737,385.0,2025-07-24,blocked,2024-06-11,2027-06-11
558,342,358924418328113,amex,25500,7650.0,0.1365,153.0,2025-08-08,active,2024-10-29,2029-10-29
559,342,5975914489400946,mastercard,25500,7650.0,0.1532,153.0,2025-07-28,active,2024-03-29,2029-03-29
560,343,388780737676497,amex,40500,12150.0,0.189,243.0,2025-07-26,active,2025-01-28,2029-01-28
561,343,4871628974767666,visa,56000,5600.0,0.1994,112.0,2025-08-03,active,2024-11-13,2029-11-13
562,343,6425993176970856,discover,18500,1850.0,0.1948,37.0,2025-07-16,active,2025-06-01,2029-06-01
563,344,6704477714057702,discover,9000,4500.0,0.1224,90.0,2025-07-18,active,2024-06-12,2029-06-12
564,345,375256374484555,amex,21500,2150.0,0.2425,43.0,2025-08-09,active,2024-10-14,2028-10-14
565,345,320509530727728,amex,19000,9500.0,0.1706,190.0,2025-07-26,active,2022-12-07,2026-12-07
566,345,326603669802764,amex,55000,16500.0,0.1424,330.0,2025-08-13,active,2023-08-13,2028-08-13
567,346,300796165377784,amex,52500,5250.0,0.1838,105.0,2025-07-29,expired,2023-06-16,2027-06-16
568,346,4636950725925016,visa,39000,0.0,0.1755,25,2025-07-31,active,2023-02-02,2027-02-02
569,346,5070081334902374,mastercard,34500,10350.0,0.2281,207.0,2025-07-29,active,2023-12-22,2026-12-22
570,347,318016959911294,amex,50500,5050.0,0.1251,101.0,2025-07-18,expired,2024-08-10,2028-08-10
571,347,4465951120339059,visa,38500,11550.0,0.2084,231.0,2025-08-05,active,2024-05-29,2028-05-29
572,348,5837542884637734,mastercard,22500,18000.0,0.2019,360.0,2025-07-26,active,2024-11-28,2029-11-28
573,349,6721793162505532,discover,30000,9000.0,0.2003,180.0,2025-07-20,active,2024-10-07,2028-10-07
574,350,5726877938894912,mastercard,13500,4050.0,0.1775,81.0,2025-08-01,active,2025-01-02,2029-01-02
575,351,4040762969652415,visa,20000,2000.0,0.1297,40.0,2025-08-01,active,2025-04-01,2028-04-01
576,353,6191294337026578,discover,8500,4250.0,0.1578,85.0,2025-07-28,active,2025-06-02,2028-06-02
577,354,331101584567313,amex,3500,1050.0,0.2103,25,2025-08-08,active,2025-07-15,2028-07-15
578,355,5175607302173733,mastercard,23500,7050.0,0.1825,141.0,2025-08-05,active,2025-07-14,2030-07-14
579,356,392621892240061,amex,59500,0.0,0.1696,25,2025-07-24,active,2022-08-23,2027-08-23
580,357,314358047118004,amex,53500,0.0,0.1308,25,2025-07-26,active,2024-01-08,2027-01-08
581,357,396027693477966,amex,53500,16050.0,0.1534,321.0,2025-08-01,active,2023-03-17,2027-03-17
582,358,4422464069486175,visa,9500,2850.0,0.216,57.0,2025-07-21,active,2024-03-14,2027-03-14
583,359,4605801975570826,visa,57000,5700.0,0.1913,114.0,2025-08-12,expired,2025-03-13,2030-03-13
584,359,314429426708805,amex,62500,6250.0,0.1284,125.0,2025-08-11,active,2025-06-13,2028-06-13
585,360,5684970424169814,mastercard,23000,6900.0,0.1779,138.0,2025-07-28,active,2024-01-04,2027-01-04
586,361,4436597239766105,visa,48000,0.0,0.2325,25,2025-08-10,active,2024-10-08,2027-10-08
587,362,4751800778428455,visa,76500,22950.0,0.1333,459.0,2025-08-05,active,2023-09-18,2027-09-18
588,362,6672192283491430,discover,51000,25500.0,0.2234,510.0,2025-07-19,active,2024-09-17,2029-09-17
589,363,6833674089120599,discover,11000,1100.0,0.2094,25,2025-08-05,active,2025-04-29,2029-04-29
590,364,4122562083610880,visa,35500,10650.0,0.1838,213.0,2025-08-06,active,2021-09-13,2025-09-13
591,365,4637035595915167,visa,33500,10050.0,0.1766,201.0,2025-07-29,active,2025-01-17,2028-01-17
592,366,6360253687320922,discover,61500,49200.0,0.1667,984.0,2025-08-10,active,2025-04-02,2029-04-02
593,366,309787387183410,amex,65500,0.0,0.1206,25,2025-07-28,active,2025-01-22,2030-01-22
594,367,5930046035608970,mastercard,12500,10000.0,0.1935,200.0,2025-08-12,active,2024-07-05,2028-07-05
595,368,379058304702789,amex,16500,0.0,0.2303,25,2025-07-29,active,2021-06-08,2024-06-08
596,369,4501985754738808,visa,20500,6150.0,0.183,123.0,2025-07-16,active,2024-07-27,2027-07-27
597,370,6255320528515501,discover,37000,18500.0,0.1404,370.0,2025-07-30,active,2024-10-04,2028-10-04
598,370,6505139184180514,discover,54000,16200.0,0.1229,324.0,2025-08-07,blocked,2024-08-21,2027-08-21
599,371,351569933276926,amex,22000,17600.0,0.2361,352.0,2025-08-03,active,2025-05-02,2030-05-02
600,372,4925239060563607,visa,18500,5550.0,0.1592,111.0,2025-08-11,active,2024-12-11,2027-12-11
601,373,4258193669436436,visa,18000,9000.0,0.2101,180.0,2025-07-18,active,2024-11-19,2029-11-19
602,374,356815089514631,amex,98000,29400.0,0.2003,588.0,2025-08-03,active,2025-02-20,2029-02-20
603,374,4230423338831960,visa,49000,4900.0,0.1235,98.0,2025-08-08,active,2022-12-17,2026-12-17
604,374,4043866684707260,visa,26000,0.0,0.1609,25,2025-08-08,active,2023-01-17,2027-01-17
605,374,6805373808823309,discover,49500,14850.0,0.1321,297.0,2025-08-10,expired,2024-09-22,2027-09-22
606,375,6518621098636782,discover,16500,4950.0,0.2045,99.0,2025-08-13,active,2025-02-28,2030-02-28
607,376,6881279042528465,discover,46000,0.0,0.1749,25,2025-08-09,active,2023-08-25,2026-08-25
608,376,319979703108083,amex,51500,5150.0,0.2142,103.0,2025-08-04,active,2022-04-22,2027-04-22
609,376,348789048334658,amex,86500,43250.0,0.1795,865.0,2025-08-08,active,2022-12-09,2027-12-09
610,376,5180666405997430,mastercard,46000,4600.0,0.2142,92.0,2025-07-16,active,2023-10-20,2027-10-20
611,377,337126887041557,amex,16000,12800.0,0.1328,256.0,2025-08-05,active,2025-03-28,2030-03-28
612,378,4756247994433178,visa,20000,10000.0,0.1494,200.0,2025-08-10,active,2023-04-14,2027-04-14
613,378,6620840784640157,discover,72500,21750.0,0.1728,435.0,2025-07-28,active,2024-11-28,2028-11-28
614,379,365255424586672,amex,76500,22950.0,0.1944,459.0,2025-07-17,expired,2024-07-15,2027-07-15
615,379,6794060154138273,discover,27500,26125.0,0.2072,522.5,2025-08-01,active,2024-03-28,2028-03-28
616,379,5898622546862966,mastercard,34500,3450.0,0.1495,69.0,2025-07-28,active,2021-08-08,2024-08-08
617,380,337149262735060,amex,36000,10800.0,0.13,216.0,2025-08-11,active,2021-09-22,2026-09-22
618,381,4961490910091665,visa,36000,10800.0,0.1602,216.0,2025-07-25,blocked,2025-07-10,2029-07-10
619,381,6846274205225898,discover,14000,0.0,0.241,25,2025-07-22,active,2025-02-21,2030-02-21
620,382,6569107086117134,discover,10500,1050.0,0.1391,25,2025-07-17,expired,2024-03-30,2029-03-30
621,382,6643494652650534,discover,16500,1650.0,0.2073,33.0,2025-07-24,active,2024-12-10,2028-12-10
622,383,338875598759204,amex,5000,1500.0,0.1648,30.0,2025-07-26,active,2022-01-31,2027-01-31
623,383,5301643032977444,mastercard,29000,8700.0,0.2208,174.0,2025-07-20,active,2022-12-20,2025-12-20
624,384,6404772464972834,discover,34000,10200.0,0.2234,204.0,2025-07-29,active,2023-03-10,2028-03-10
625,385,4997844298299316,visa,100000,0.0,0.137,25,2025-07-20,active,2024-08-07,2028-08-07
626,385,6024891055799915,discover,77500,23250.0,0.2166,465.0,2025-07-23,active,2024-12-19,2029-12-19
627,385,312343440708063,amex,100000,50000.0,0.1511,1000.0,2025-07-26,active,2023-01-06,2028-01-06
628,386,359073128211126,amex,24500,7350.0,0.1398,147.0,2025-08-06,active,2024-08-09,2029-08-09
629,387,5770705070950626,mastercard,24500,7350.0,0.1441,147.0,2025-07-28,active,2025-07-05,2028-07-05
630,388,5265720798047078,mastercard,26500,13250.0,0.2302,265.0,2025-07-23,active,2024-12-28,2029-12-28
631,389,5399963691845441,mastercard,16000,4800.0,0.2076,96.0,2025-08-01,blocked,2025-07-09,2030-07-09
632,389,5826290165159952,mastercard,15000,4500.0,0.178,90.0,2025-08-10,active,2025-05-16,2029-05-16
633,390,333317931347561,amex,39000,0.0,0.2174,25,2025-08-12,active,2025-07-08,2029-07-08
634,390,4000278649958700,visa,31000,0.0,0.2027,25,2025-07-26,active,2025-02-22,2028-02-22
635,391,6319053769328792,discover,7000,2100.0,0.2078,42.0,2025-08-10,active,2024-12-19,2028-12-19
636,391,6531152438720757,discover,11500,1150.0,0.1326,25,2025-08-12,active,2023-04-04,2028-04-04
637,392,4996459624384092,visa,42000,21000.0,0.2424,420.0,2025-07-18,active,2025-04-22,2029-04-22
638,393,6850705182511031,discover,56000,16800.0,0.1789,336.0,2025-07-16,active,2025-05-15,2029-05-15
639,393,366196676015043,amex,38000,3800.0,0.2199,76.0,2025-07-16,expired,2024-08-22,2027-08-22
640,394,375665732977410,amex,20500,6150.0,0.1763,123.0,2025-07-26,active,2022-09-23,2025-09-23
641,395,5094621470616537,mastercard,33000,3300.0,0.1619,66.0,2025-08-09,active,2023-12-01,2026-12-01
642,395,4781629309615071,visa,15500,4650.0,0.1718,93.0,2025-07-28,active,2022-12-19,2026-12-19
643,396,390411797796319,amex,100000,30000.0,0.1736,600.0,2025-07-17,active,2025-06-06,2029-06-06
644,396,6496122983087884,discover,100000,30000.0,0.2304,600.0,2025-08-02,active,2025-02-17,2029-02-17
645,397,396868627482300,amex,22000,2200.0,0.1772,44.0,2025-08-13,active,2023-10-21,2028-10-21
646,397,301336721156781,amex,34500,3450.0,0.1896,69.0,2025-08-14,active,2022-02-28,2025-02-28
647,398,4371650942315963,visa,53000,15900.0,0.1312,318.0,2025-07-23,active,2023-08-27,2028-08-27
648,398,318136900479046,amex,47000,14100.0,0.1566,282.0,2025-07-24,active,2025-02-19,2029-02-19
649,398,4519394278911926,visa,29000,14500.0,0.1975,290.0,2025-07-16,active,2025-06-14,2030-06-14
650,399,6814416661177294,discover,15500,4650.0,0.1732,93.0,2025-08-12,active,2024-12-19,2027-12-19
651,399,382404977957240,amex,19000,0.0,0.1276,25,2025-07-18,active,2024-11-16,2027-11-16
652,400,6598962249476419,discover,58500,17550.0,0.2455,351.0,2025-07-27,active,2024-01-21,2029-01-21
653,400,319901026334922,amex,94500,9450.0,0.2107,189.0,2025-07-31,active,2024-07-16,2028-07-16
654,400,5682395543448213,mastercard,41500,4150.0,0.1205,83.0,2025-07-19,active,2024-10-06,2029-10-06
655,401,4513985532375083,visa,23000,6900.0,0.1515,138.0,2025-07-30,active,2024-02-26,2028-02-26
656,401,5243421395796562,mastercard,11500,1150.0,0.1838,25,2025-08-13,active,2023-10-30,2026-10-30
657,402,358048294078286,amex,31000,3100.0,0.2155,62.0,2025-08-01,active,2024-04-14,2028-04-14
658,403,6062587360805582,discover,20000,6000.0,0.1377,120.0,2025-07-20,active,2025-07-10,2030-07-10
659,404,6501153270341477,discover,13000,10400.0,0.2307,208.0,2025-08-02,active,2024-11-30,2028-11-30
660,405,5799870805382898,mastercard,8000,2400.0,0.2238,48.0,2025-08-07,active,2025-07-03,2028-07-03
661,406,6575376445125622,discover,14500,4350.0,0.1904,87.0,2025-08-13,active,2024-07-22,2027-07-22
662,406,342996138071860,amex,37500,18750.0,0.1941,375.0,2025-08-10,active,2025-05-13,2029-05-13
663,407,6838292162986042,discover,25500,0.0,0.1685,25,2025-07-31,active,2024-03-22,2029-03-22
664,407,6305695625096941,discover,15500,0.0,0.1615,25,2025-08-02,active,2022-04-17,2025-04-17
665,408,6081107149236036,discover,67500,33750.0,0.186,675.0,2025-07-26,expired,2025-04-19,2028-04-19
666,408,337213267763831,amex,66500,6650.0,0.2399,133.0,2025-07-17,active,2022-11-09,2027-11-09
667,408,5097975684218180,mastercard,31000,15500.0,0.2303,310.0,2025-07-31,active,2022-10-19,2027-10-19
668,409,5112659746030231,mastercard,34000,27200.0,0.1836,544.0,2025-07-19,active,2022-01-29,2025-01-29
669,409,5275888118592063,mastercard,100000,10000.0,0.1351,200.0,2025-07-27,active,2021-06-20,2025-06-20
670,410,4095310017925136,visa,37000,0.0,0.1421,25,2025-07-22,active,2025-06-10,2030-06-10
671,411,4209819401469613,visa,33500,10050.0,0.2416,201.0,2025-07-31,active,2025-02-03,2028-02-03
672,411,350980635333501,amex,59500,0.0,0.1444,25,2025-07-20,active,2025-02-02,2030-02-02
673,412,361730515133209,amex,27500,13750.0,0.1464,275.0,2025-08-12,active,2025-02-13,2029-02-13
674,413,307413596653390,amex,66500,33250.0,0.1493,665.0,2025-08-01,expired,2024-08-10,2028-08-10
675,413,5919580008416267,mastercard,31000,3100.0,0.132,62.0,2025-07-25,active,2024-10-20,2027-10-20
676,414,4039455846420181,visa,6000,600.0,0.1228,25,2025-07-22,active,2025-03-28,2030-03-28
677,415,4609175075192677,visa,100000,10000.0,0.2243,200.0,2025-07-24,active,2025-07-12,2029-07-12
678,415,5843965688720204,mastercard,93500,28050.0,0.1304,561.0,2025-07-16,active,2025-07-07,2029-07-07
679,416,6641442719745314,discover,67000,6700.0,0.1679,134.0,2025-07-16,expired,2025-02-07,2030-02-07
680,416,4695473564272943,visa,90500,0.0,0.1321,25,2025-08-10,active,2025-03-29,2030-03-29
681,417,4814647023607417,visa,38500,3850.0,0.1217,77.0,2025-07-21,active,2024-02-03,2028-02-03
682,418,4341762280954175,visa,55500,5550.0,0.1241,111.0,2025-07-28,active,2025-01-03,2030-01-03
683,419,382817393396910,amex,65000,6500.0,0.1413,130.0,2025-08-03,active,2025-01-22,2030-01-22
684,419,4206464676478562,visa,69500,6950.0,0.1922,139.0,2025-08-14,active,2023-11-08,2026-11-08
685,419,339992570992861,amex,76500,0.0,0.1877,25,2025-08-05,active,2022-12-13,2025-12-13
686,419,5552032865918198,mastercard,84000,8400.0,0.1441,168.0,2025-08-12,active,2023-01-10,2027-01-10
687,420,330673083038840,amex,34500,0.0,0.176,25,2025-07-31,active,2021-08-20,2026-08-20
688,421,4910507197095744,visa,15000,4500.0,0.1561,90.0,2025-08-12,active,2022-07-02,2027-07-02
689,421,338767384315567,amex,57500,54625.0,0.1609,1092.5,2025-08-14,active,2022-12-05,2027-12-05
690,422,5273243703919056,mastercard,11500,3450.0,0.2088,69.0,2025-07-19,blocked,2024-07-25,2028-07-25
691,423,4768329876816051,visa,41500,4150.0,0.223,83.0,2025-07-21,active,2022-12-30,2026-12-30
692,424,6437380131843413,discover,9500,2850.0,0.1826,57.0,2025-07-19,active,2024-07-24,2029-07-24
693,425,4476207347873541,visa,11500,1150.0,0.2411,25,2025-08-10,blocked,2022-07-25,2026-07-25
694,425,5116885926637008,mastercard,40500,12150.0,0.2354,243.0,2025-07-24,active,2024-08-14,2029-08-14
695,426,378165608804189,amex,8000,2400.0,0.1369,48.0,2025-07-25,blocked,2022-09-12,2027-09-12
696,427,5617346087363149,mastercard,16000,4800.0,0.1322,96.0,2025-07-18,active,2024-05-31,2029-05-31
697,427,5804503083491164,mastercard,52000,26000.0,0.1532,520.0,2025-07-21,active,2025-03-29,2029-03-29
698,428,4337227818155392,visa,51500,15450.0,0.1855,309.0,2025-07-23,active,2023-06-02,2028-06-02
699,429,6033841787602874,discover,11000,3300.0,0.1408,66.0,2025-08-14,active,2022-05-25,2026-05-25
700,430,4391678128837939,visa,24000,0.0,0.2377,25,2025-08-03,active,2025-04-05,2029-04-05
701,431,5278146953953698,mastercard,5000,1500.0,0.1516,30.0,2025-08-09,active,2025-04-20,2028-04-20
702,431,6115623067801946,discover,15000,4500.0,0.2493,90.0,2025-07-24,active,2024-12-19,2027-12-19
703,432,4447120836248748,visa,17500,8750.0,0.1442,175.0,2025-08-11,active,2024-12-04,2028-12-04
704,433,6327760639513689,discover,21000,6300.0,0.1264,126.0,2025-07-27,active,2025-07-06,2030-07-06
705,434,336633756184535,amex,100000,30000.0,0.1826,600.0,2025-07-31,active,2023-04-23,2027-04-23
706,434,358361883744892,amex,73500,7350.0,0.2353,147.0,2025-07-28,active,2021-09-03,2026-09-03
707,435,367021782959881,amex,15500,0.0,0.214,25,2025-07-23,active,2025-05-13,2028-05-13
708,436,4380437412698086,visa,17000,5100.0,0.2316,102.0,2025-07-16,active,2023-04-23,2027-04-23
709,437,6078393132940275,discover,12500,6250.0,0.1436,125.0,2025-08-13,active,2023-12-27,2027-12-27
710,437,6555748632810705,discover,53500,16050.0,0.2333,321.0,2025-07-26,expired,2022-11-25,2025-11-25
711,438,310960066161531,amex,23000,6900.0,0.1728,138.0,2025-08-10,active,2023-05-21,2027-05-21
712,439,6918143369757554,discover,32500,3250.0,0.17,65.0,2025-07-22,active,2023-01-27,2026-01-27
713,440,5882499696608187,mastercard,17500,1750.0,0.1923,35.0,2025-07-25,active,2023-05-13,2028-05-13
714,440,5487451261937902,mastercard,24500,2450.0,0.2165,49.0,2025-08-04,active,2022-06-15,2027-06-15
715,441,5121345579990072,mastercard,41500,4150.0,0.1704,83.0,2025-08-12,active,2024-05-28,2028-05-28
716,442,6365783715104136,discover,16000,1600.0,0.1828,32.0,2025-07-28,expired,2023-12-01,2027-12-01
717,442,5224967371967557,mastercard,44000,22000.0,0.2252,440.0,2025-07-16,active,2024-06-17,2027-06-17
718,443,5894438826976941,mastercard,37000,0.0,0.1705,25,2025-07-31,active,2022-08-01,2027-08-01
719,443,6908786391418359,discover,63000,18900.0,0.2142,378.0,2025-08-04,active,2021-06-23,2026-06-23
720,445,5707254452786109,mastercard,22000,6600.0,0.1798,132.0,2025-08-05,active,2024-10-08,2028-10-08
721,446,4939146037828035,visa,21500,6450.0,0.2435,129.0,2025-08-04,active,2024-01-29,2029-01-29
722,447,387770750139939,amex,22500,6750.0,0.2481,135.0,2025-07-28,expired,2025-06-10,2028-06-10
723,447,6463177186266786,discover,83500,25050.0,0.2373,501.0,2025-08-10,active,2025-03-30,2029-03-30
724,447,4303262498640946,visa,99000,9900.0,0.2252,198.0,2025-07-24,active,2025-05-11,2029-05-11
725,448,343495412176208,amex,30500,3050.0,0.2302,61.0,2025-08-07,active,2025-07-02,2028-07-02
726,449,5800920536504568,mastercard,12000,1200.0,0.1744,25,2025-07-17,active,2025-05-28,2030-05-28
727,450,4524041575842768,visa,28000,2800.0,0.2047,56.0,2025-07-21,active,2025-01-08,2028-01-08
728,450,5333569420184457,mastercard,85000,25500.0,0.1309,510.0,2025-08-12,active,2024-12-27,2028-12-27
729,451,306410318417326,amex,5500,1650.0,0.1476,33.0,2025-08-05,expired,2023-10-26,2026-10-26
730,452,6120384672644019,discover,60500,6050.0,0.2003,121.0,2025-08-07,expired,2025-07-09,2030-07-09
731,453,5535425628607813,mastercard,13000,1300.0,0.1569,26.0,2025-08-07,active,2025-07-14,2030-07-14
732,453,307491850582405,amex,24000,0.0,0.2199,25,2025-07-29,active,2025-06-15,2029-06-15
733,454,6119597372530315,discover,8000,2400.0,0.1692,48.0,2025-07-23,expired,2025-04-21,2029-04-21
734,455,5805400923195078,mastercard,11500,5750.0,0.122,115.0,2025-08-12,active,2025-07-09,2028-07-09
735,456,332926205555628,amex,10500,0.0,0.1847,25,2025-07-28,active,2024-10-03,2029-10-03
736,457,5939943109518885,mastercard,84000,25200.0,0.1772,504.0,2025-08-14,active,2024-12-20,2029-12-20
737,457,4957283978301898,visa,100000,80000.0,0.2021,1600.0,2025-08-03,active,2024-11-24,2028-11-24
738,457,4745625670327188,visa,100000,10000.0,0.1877,200.0,2025-08-11,active,2024-12-24,2028-12-24
739,458,5075204690743906,mastercard,20500,0.0,0.1527,25,2025-07-31,active,2023-10-28,2028-10-28
740,458,340731971890112,amex,9000,900.0,0.2185,25,2025-07-31,blocked,2022-09-10,2025-09-10
741,459,6942616664710793,discover,65500,0.0,0.1776,25,2025-07-29,active,2023-01-16,2026-01-16
742,459,5130016183215290,mastercard,66500,19950.0,0.1584,399.0,2025-08-10,active,2021-06-07,2025-06-07
743,460,4860428316723246,visa,33500,3350.0,0.1816,67.0,2025-07-17,active,2023-06-11,2027-06-11
744,460,6377889214181007,discover,37000,0.0,0.1233,25,2025-08-06,active,2022-12-06,2027-12-06
745,461,4117056476585757,visa,100000,30000.0,0.2352,600.0,2025-08-10,active,2024-08-05,2027-08-05
746,461,394791099993784,amex,79000,23700.0,0.2309,474.0,2025-07-26,active,2024-06-12,2029-06-12
747,461,353343049820700,amex,100000,30000.0,0.171,600.0,2025-08-09,active,2023-01-01,2026-01-01
748,462,6416382511723035,discover,33000,3300.0,0.1317,66.0,2025-08-10,expired,2025-06-25,2028-06-25
749,463,4804808861125804,visa,100000,30000.0,0.2344,600.0,2025-07-17,active,2023-08-06,2028-08-06
750,463,6721127168109817,discover,43000,21500.0,0.2466,430.0,2025-08-14,active,2024-03-21,2028-03-21
751,463,6737110706868646,discover,21500,2150.0,0.1578,43.0,2025-08-13,active,2023-08-12,2026-08-12
752,463,6895374252577689,discover,95500,47750.0,0.2103,955.0,2025-08-07,active,2025-01-30,2030-01-30
753,464,4660323701409507,visa,46000,13800.0,0.1656,276.0,2025-08-09,active,2025-07-02,2028-07-02
754,464,5230477259611595,mastercard,42000,4200.0,0.1499,84.0,2025-08-09,active,2025-05-28,2028-05-28
755,465,4628815660309805,visa,18000,14400.0,0.1879,288.0,2025-07-24,blocked,2021-03-04,2026-03-04
756,466,368087793472441,amex,66000,19800.0,0.1803,396.0,2025-07-20,active,2025-04-17,2029-04-17
757,466,5096474293268348,mastercard,63500,19050.0,0.1985,381.0,2025-08-05,active,2024-12-25,2027-12-25
758,467,4845482627733125,visa,4500,1350.0,0.137,27.0,2025-08-09,expired,2025-05-13,2028-05-13
759,468,5404197447652246,mastercard,53500,50825.0,0.1721,1016.5,2025-08-10,active,2025-03-14,2030-03-14
760,468,5175171352845470,mastercard,79500,23850.0,0.2284,477.0,2025-07-16,active,2024-10-28,2029-10-28
761,468,358076648784138,amex,44000,22000.0,0.1355,440.0,2025-07-30,active,2024-09-12,2027-09-12
762,469,382245248816035,amex,55000,5500.0,0.1602,110.0,2025-07-31,active,2025-03-08,2028-03-08
763,469,4411910147391298,visa,58500,5850.0,0.1506,117.0,2025-08-10,active,2025-04-03,2030-04-03
764,470,4127712771568539,visa,57000,28500.0,0.1325,570.0,2025-07-30,active,2022-09-29,2027-09-29
765,470,308030892290641,amex,51000,40800.0,0.1923,816.0,2025-07-25,active,2024-11-24,2028-11-24
766,471,326587280238656,amex,55000,16500.0,0.1257,330.0,2025-07-16,active,2025-04-12,2029-04-12
767,471,4888003005378286,visa,72500,21750.0,0.1823,435.0,2025-07-21,active,2025-07-10,2030-07-10
768,471,4307108169223976,visa,100000,30000.0,0.1347,600.0,2025-07-24,active,2025-06-06,2028-06-06
769,472,4702729294286358,visa,31500,25200.0,0.1959,504.0,2025-08-07,active,2024-12-17,2028-12-17
770,472,6495591092335588,discover,13000,3900.0,0.2299,78.0,2025-07-20,active,2025-02-12,2029-02-12
771,473,4619055875302961,visa,24000,7200.0,0.1961,144.0,2025-08-06,active,2024-07-13,2029-07-13
772,473,316795202798914,amex,66500,33250.0,0.2399,665.0,2025-07-18,active,2024-09-09,2028-09-09
773,474,5845848749400926,mastercard,30000,3000.0,0.2385,60.0,2025-08-01,expired,2025-04-22,2030-04-22
774,475,6200805701974357,discover,20500,0.0,0.1391,25,2025-08-14,active,2023-10-24,2028-10-24
775,476,368084690015812,amex,42500,34000.0,0.1694,680.0,2025-07-20,active,2025-06-03,2028-06-03
776,477,370025190672446,amex,30000,28500.0,0.242,570.0,2025-08-10,expired,2024-09-07,2029-09-07
777,478,6747630835728909,discover,39000,19500.0,0.1274,390.0,2025-08-07,active,2021-10-25,2026-10-25
778,479,4804202230597573,visa,59500,17850.0,0.249,357.0,2025-08-09,active,2023-10-13,2027-10-13
779,479,6657555258685685,discover,48000,14400.0,0.2443,288.0,2025-08-09,active,2023-04-02,2028-04-02
780,480,6487130002554645,discover,96500,28950.0,0.1571,579.0,2025-08-04,active,2022-12-11,2025-12-11
781,480,347041450563370,amex,42000,4200.0,0.2382,84.0,2025-08-05,active,2023-12-11,2028-12-11
782,480,6138759559422981,discover,31500,3150.0,0.152,63.0,2025-08-14,active,2025-04-11,2028-04-11
783,480,6711801677436048,discover,65000,19500.0,0.2326,390.0,2025-08-01,active,2025-01-16,2028-01-16
784,481,6947493476889386,discover,14000,1400.0,0.2021,28.0,2025-07-18,active,2023-07-27,2027-07-27
785,482,358084319652179,amex,55500,16650.0,0.2225,333.0,2025-08-12,active,2023-10-05,2028-10-05
786,482,6055740284595876,discover,71500,7150.0,0.1687,143.0,2025-08-12,active,2025-04-06,2029-04-06
787,482,4307837318359412,visa,69500,20850.0,0.2486,417.0,2025-07-26,active,2024-04-26,2029-04-26
788,483,4245571162743514,visa,19000,1900.0,0.1869,38.0,2025-07-29,active,2024-02-12,2027-02-12
789,484,6402810607634433,discover,29500,2950.0,0.174,59.0,2025-07-21,active,2024-06-25,2029-06-25
790,484,5356416298702521,mastercard,100000,30000.0,0.2139,600.0,2025-07-18,active,2024-09-15,2029-09-15
791,485,4723685044852602,visa,54500,43600.0,0.2489,872.0,2025-07-26,active,2025-07-06,2030-07-06
792,485,305530611390045,amex,38500,19250.0,0.2387,385.0,2025-07-20,active,2025-04-12,2030-04-12
793,486,6056833555638598,discover,7000,700.0,0.2201,25,2025-08-02,active,2024-04-26,2029-04-26
794,486,6486980055733807,discover,8000,2400.0,0.246,48.0,2025-07-28,active,2025-02-07,2030-02-07
795,487,375017505665589,amex,100000,0.0,0.2024,25,2025-08-08,active,2024-12-02,2029-12-02
796,487,6972232420430063,discover,79500,23850.0,0.1946,477.0,2025-08-12,active,2024-09-16,2027-09-16
797,488,4363591142028612,visa,26000,13000.0,0.1405,260.0,2025-07-29,active,2024-11-13,2027-11-13
798,489,5454224922430232,mastercard,38000,3800.0,0.1235,76.0,2025-07-22,active,2024-11-10,2027-11-10
799,489,5435097913532956,mastercard,28000,8400.0,0.2423,168.0,2025-07-29,active,2024-12-11,2029-12-11
800,490,6764089779536140,discover,28500,8550.0,0.12,171.0,2025-07-30,active,2024-12-10,2027-12-10
801,491,6027315672617362,discover,15000,12000.0,0.1579,240.0,2025-08-10,active,2024-04-06,2027-04-06
802,492,6382438214629222,discover,37500,11250.0,0.231,225.0,2025-07-22,active,2024-12-01,2029-12-01
803,492,322359062709401,amex,56500,5650.0,0.1297,113.0,2025-07-25,active,2025-01-30,2029-01-30
804,493,367089393504629,amex,23500,2350.0,0.2036,47.0,2025-07-30,active,2025-06-17,2028-06-17
805,494,5387895919053094,mastercard,10000,1000.0,0.1827,25,2025-08-03,active,2024-03-03,2029-03-03
806,495,6232300708618694,discover,47500,4750.0,0.1712,95.0,2025-07-30,active,2025-06-20,2029-06-20
807,496,4483565086922702,visa,100000,10000.0,0.2081,200.0,2025-07-27,active,2022-07-12,2025-07-12
808,496,4105562412667680,visa,100000,30000.0,0.2414,600.0,2025-08-11,active,2025-01-25,2030-01-25
809,496,6470336424532065,discover,26500,2650.0,0.2152,53.0,2025-07-20,expired,2022-03-07,2027-03-07
810,497,4371524310915683,visa,39500,3950.0,0.2005,79.0,2025-08-13,active,2024-10-06,2027-10-06
811,497,4225264974787067,visa,35000,28000.0,0.2068,560.0,2025-07-25,active,2024-10-06,2029-10-06
812,497,5070781010124480,mastercard,59000,17700.0,0.1988,354.0,2025-07-25,blocked,2023-03-15,2027-03-15
813,498,4044910072314920,visa,51500,15450.0,0.1981,309.0,2025-07-16,active,2022-03-27,2027-03-27
814,499,5107043105503158,mastercard,6000,600.0,0.1915,25,2025-07-17,active,2024-08-11,2028-08-11
815,500,314148351560951,amex,19000,15200.0,0.1371,304.0,2025-07-30,active,2025-03-18,2030-03-18
816,501,6115111627143593,discover,7000,3500.0,0.1246,70.0,2025-07-19,active,2023-05-02,2026-05-02
817,502,6255310737122072,discover,7000,2100.0,0.1241,42.0,2025-08-05,expired,2024-08-04,2029-08-04
818,503,4886096925336010,visa,31000,3100.0,0.2051,62.0,2025-08-03,active,2024-05-25,2029-05-25
819,504,300998129719228,amex,52000,49400.0,0.2315,988.0,2025-07-25,active,2024-10-17,2028-10-17
820,505,5543450266427386,mastercard,16500,13200.0,0.2311,264.0,2025-08-11,active,2024-07-10,2029-07-10
821,506,312927243067779,amex,12000,0.0,0.2062,25,2025-07-30,active,2025-06-19,2028-06-19
822,507,5408935133157920,mastercard,18000,5400.0,0.1524,108.0,2025-07-29,active,2024-08-22,2029-08-22
823,508,4729512660869611,visa,32500,3250.0,0.1921,65.0,2025-07-16,active,2025-06-05,2028-06-05
824,508,5767360863339950,mastercard,47000,14100.0,0.2113,282.0,2025-08-05,expired,2024-02-20,2028-02-20
825,509,4800509083069250,visa,84500,8450.0,0.1968,169.0,2025-08-01,active,2025-07-06,2030-07-06
826,509,364419941243616,amex,45000,36000.0,0.1217,720.0,2025-07-21,active,2023-09-16,2027-09-16
827,510,6619181498367849,discover,19500,15600.0,0.1374,312.0,2025-07-18,active,2021-03-29,2024-03-29
828,510,4176755004375315,visa,11000,5500.0,0.2038,110.0,2025-08-06,active,2023-08-29,2027-08-29
829,511,5860390367486756,mastercard,66000,0.0,0.2309,25,2025-08-09,active,2025-05-21,2029-05-21
830,511,5474392708120780,mastercard,94000,47000.0,0.184,940.0,2025-07-18,active,2025-01-27,2028-01-27
831,511,5082341609909757,mastercard,22500,2250.0,0.2249,45.0,2025-07-27,active,2025-06-03,2030-06-03
832,512,6444904394616222,discover,14000,0.0,0.2292,25,2025-07-30,active,2025-02-10,2030-02-10
833,512,4260284655921895,visa,15000,1500.0,0.1859,30.0,2025-07-28,blocked,2024-11-17,2029-11-17
834,513,5974539180238487,mastercard,45500,22750.0,0.222,455.0,2025-07-25,active,2024-11-29,2027-11-29
835,513,5736090857537947,mastercard,22000,6600.0,0.1336,132.0,2025-08-07,active,2024-10-23,2027-10-23
836,514,5492785234615121,mastercard,35000,0.0,0.184,25,2025-08-08,active,2025-06-28,2029-06-28
837,515,4665897824256582,visa,30000,0.0,0.1484,25,2025-08-11,active,2025-06-15,2030-06-15
838,516,345039863834669,amex,42500,12750.0,0.1356,255.0,2025-07-24,active,2022-05-18,2027-05-18
839,516,5965328315307079,mastercard,27000,25650.0,0.1255,513.0,2025-07-25,active,2022-11-01,2027-11-01
840,517,4508334512982945,visa,26000,20800.0,0.186,416.0,2025-07-22,active,2025-02-10,2028-02-10
841,518,325074382039500,amex,23500,7050.0,0.1756,141.0,2025-07-30,active,2024-04-30,2029-04-30
842,518,335760367336142,amex,45000,0.0,0.1565,25,2025-07-27,active,2023-04-07,2027-04-07
843,518,5295661482436485,mastercard,22500,6750.0,0.1886,135.0,2025-08-07,active,2022-04-07,2026-04-07
844,519,6146017419640009,discover,18500,1850.0,0.1736,37.0,2025-08-01,active,2024-02-10,2028-02-10
845,520,6278387776540234,discover,100000,80000.0,0.1568,1600.0,2025-07-19,active,2024-07-22,2027-07-22
846,520,4282656529367562,visa,88500,26550.0,0.219,531.0,2025-07-26,active,2024-06-18,2028-06-18
847,520,398939759553642,amex,60000,6000.0,0.1264,120.0,2025-08-03,active,2022-12-07,2027-12-07
848,520,376583901876927,amex,26500,2650.0,0.2315,53.0,2025-08-01,active,2022-04-07,2026-04-07
849,521,6158344302997385,discover,27000,13500.0,0.2335,270.0,2025-07-21,active,2022-06-02,2026-06-02
850,521,380468869890876,amex,19000,5700.0,0.242,114.0,2025-07-21,active,2021-10-17,2025-10-17
851,521,4157873781561621,visa,42000,21000.0,0.1475,420.0,2025-08-14,active,2024-10-29,2028-10-29
852,521,6314031916661624,discover,21500,6450.0,0.2059,129.0,2025-08-04,active,2024-11-11,2029-11-11
853,522,6621822479224768,discover,24500,7350.0,0.1255,147.0,2025-08-06,active,2023-11-12,2027-11-12
854,523,379257852352980,amex,82500,24750.0,0.1446,495.0,2025-08-09,active,2021-10-27,2026-10-27
855,523,342471155822181,amex,100000,10000.0,0.131,200.0,2025-07-18,active,2024-11-05,2028-11-05
856,524,6769313164538336,discover,32500,0.0,0.141,25,2025-07-26,expired,2025-04-27,2029-04-27
857,524,5321012546759149,mastercard,54500,43600.0,0.1987,872.0,2025-08-12,active,2024-06-22,2029-06-22
858,524,4317056825832014,visa,54000,16200.0,0.1629,324.0,2025-07-27,active,2025-01-26,2028-01-26
859,525,6988368636444981,discover,27000,2700.0,0.1725,54.0,2025-07-22,active,2023-06-07,2028-06-07
860,525,5920604294299211,mastercard,75000,37500.0,0.1546,750.0,2025-07-24,expired,2025-01-24,2028-01-24
861,525,306978209938721,amex,63500,31750.0,0.241,635.0,2025-07-22,active,2023-08-11,2026-08-11
862,525,5990150595476168,mastercard,70000,21000.0,0.214,420.0,2025-07-28,active,2025-06-15,2028-06-15
863,526,4054680131433605,visa,26500,7950.0,0.1455,159.0,2025-07-19,active,2024-03-30,2028-03-30
864,526,349599291791969,amex,36500,29200.0,0.1983,584.0,2025-07-18,active,2025-03-02,2028-03-02
865,526,6592059483609016,discover,63000,18900.0,0.134,378.0,2025-07-18,active,2024-05-23,2027-05-23
866,526,6096439453497320,discover,100000,30000.0,0.1738,600.0,2025-07-19,active,2021-06-30,2026-06-30
867,527,4532562488880497,visa,86500,82175.0,0.1735,1643.5,2025-08-02,active,2021-04-14,2025-04-14
868,527,4693240574119353,visa,43500,4350.0,0.2015,87.0,2025-07-23,active,2024-03-21,2027-03-21
869,528,6770952185868043,discover,3500,350.0,0.1388,25,2025-07-16,active,2025-04-26,2029-04-26
870,529,5585783980370377,mastercard,27000,8100.0,0.1399,162.0,2025-07-27,expired,2024-03-27,2027-03-27
871,529,385307487813409,amex,30500,9150.0,0.205,183.0,2025-08-14,active,2024-08-20,2029-08-20
872,530,5617000485412348,mastercard,51500,15450.0,0.2337,309.0,2025-08-03,active,2021-10-27,2024-10-27
873,531,6255614412987010,discover,42000,21000.0,0.206,420.0,2025-07-19,active,2024-03-06,2027-03-06
874,531,6111483240965261,discover,66500,6650.0,0.1704,133.0,2025-08-10,active,2021-06-26,2024-06-26
875,532,4011233016796556,visa,41500,0.0,0.1443,25,2025-08-02,active,2025-02-20,2028-02-20
876,532,6841434462280749,discover,89000,84550.0,0.2476,1691.0,2025-08-01,active,2023-12-30,2027-12-30
877,532,4595094281683625,visa,94500,28350.0,0.1433,567.0,2025-07-16,active,2025-02-01,2029-02-01
878,533,4059157981555184,visa,12000,9600.0,0.2134,192.0,2025-08-10,active,2024-08-06,2028-08-06
879,534,5217328424872980,mastercard,32500,9750.0,0.1229,195.0,2025-07-20,active,2024-07-10,2027-07-10
880,534,5651342045781314,mastercard,64000,19200.0,0.1378,384.0,2025-07-27,active,2022-11-03,2026-11-03
881,534,313001131464421,amex,29500,14750.0,0.1804,295.0,2025-07-31,active,2022-05-21,2025-05-21
882,535,392277026049769,amex,6500,3250.0,0.1959,65.0,2025-08-01,blocked,2025-01-14,2030-01-14
883,535,6411350764996727,discover,32000,3200.0,0.1483,64.0,2025-07-29,active,2024-08-24,2027-08-24
884,536,375052201127042,amex,30000,24000.0,0.168,480.0,2025-08-03,active,2025-03-27,2030-03-27
885,536,5381433161669744,mastercard,19500,5850.0,0.1833,117.0,2025-07-31,active,2025-06-08,2030-06-08
886,536,311157872390371,amex,38000,11400.0,0.168,228.0,2025-08-14,active,2025-05-16,2030-05-16
887,537,6245884693714787,discover,27500,2750.0,0.1875,55.0,2025-07-16,active,2025-03-03,2028-03-03
888,538,6844400274894244,discover,70000,0.0,0.199,25,2025-07-22,active,2024-08-25,2028-08-25
889,538,386711881618277,amex,51500,0.0,0.2271,25,2025-07-30,active,2024-08-14,2028-08-14
890,538,352733188156754,amex,51000,40800.0,0.2228,816.0,2025-07-24,active,2024-05-04,2027-05-04
891,539,6079077045530017,discover,20500,6150.0,0.2209,123.0,2025-07-24,active,2023-12-28,2026-12-28
892,539,5129856724055525,mastercard,25500,20400.0,0.181,408.0,2025-08-05,active,2023-09-26,2027-09-26
893,540,324374282202204,amex,9000,2700.0,0.1744,54.0,2025-08-13,active,2024-09-15,2027-09-15
894,541,4148760967372500,visa,9500,950.0,0.2489,25,2025-07-19,active,2024-10-12,2027-10-12
895,542,5205065069615884,mastercard,31500,29925.0,0.1657,598.5,2025-07-22,active,2024-11-23,2029-11-23
896,543,4020896760406232,visa,23000,2300.0,0.1356,46.0,2025-08-11,active,2023-05-11,2027-05-11
897,543,5960586531434220,mastercard,15000,1500.0,0.2373,30.0,2025-07-22,active,2024-06-23,2027-06-23
898,544,5287499589367428,mastercard,98500,29550.0,0.1307,591.0,2025-08-09,active,2023-12-03,2026-12-03
899,544,6388011130529238,discover,94500,28350.0,0.2401,567.0,2025-07-21,active,2022-12-09,2026-12-09
900,544,348063244896846,amex,56000,5600.0,0.2298,112.0,2025-08-14,blocked,2021-11-19,2025-11-19
901,545,354279339970214,amex,20000,6000.0,0.1301,120.0,2025-07-28,active,2024-06-18,2028-06-18
902,545,6610296544190437,discover,71500,0.0,0.1417,25,2025-08-06,active,2023-04-25,2026-04-25
903,546,362372464560485,amex,6000,0.0,0.1961,25,2025-07-17,blocked,2021-10-17,2024-10-17
904,546,5226791117851259,mastercard,15500,1550.0,0.2086,31.0,2025-07-21,active,2025-04-19,2028-04-19
905,547,5229253841875761,mastercard,28500,2850.0,0.1687,57.0,2025-07-31,active,2024-02-05,2028-02-05
906,547,388366079833408,amex,42000,21000.0,0.2258,420.0,2025-07-22,active,2022-06-23,2027-06-23
907,548,5668668080795653,mastercard,18000,1800.0,0.1264,36.0,2025-08-10,active,2022-06-23,2025-06-23
908,549,6047092803371421,discover,4500,450.0,0.1575,25,2025-08-11,active,2023-12-31,2027-12-31
909,549,5268949542762933,mastercard,28500,2850.0,0.1946,57.0,2025-08-01,active,2024-07-01,2029-07-01
910,550,4959816180980988,visa,16000,4800.0,0.1542,96.0,2025-08-04,active,2025-06-25,2028-06-25
911,550,5445227594267327,mastercard,49500,4950.0,0.2364,99.0,2025-07-19,active,2025-02-05,2028-02-05
912,550,301699329745116,amex,100000,10000.0,0.2485,200.0,2025-08-10,active,2025-03-18,2030-03-18
913,552,313396605752966,amex,22000,2200.0,0.1285,44.0,2025-08-06,active,2025-04-07,2029-04-07
914,553,4723919184655063,visa,30000,3000.0,0.2104,60.0,2025-08-12,active,2023-08-19,2028-08-19
915,554,6655999196697602,discover,17500,14000.0,0.1692,280.0,2025-07-25,active,2025-04-01,2028-04-01
916,555,337043424916263,amex,100000,30000.0,0.1808,600.0,2025-08-09,active,2024-03-02,2028-03-02
917,555,5124219738190347,mastercard,100000,10000.0,0.179,200.0,2025-07-19,active,2024-05-27,2027-05-27
918,555,5850833271045351,mastercard,46500,37200.0,0.2045,744.0,2025-08-08,active,2024-06-10,2028-06-10
919,556,6191633547154338,discover,26000,2600.0,0.1594,52.0,2025-07-31,active,2025-06-20,2029-06-20
920,556,5068299458028457,mastercard,41000,32800.0,0.1924,656.0,2025-08-03,expired,2025-06-17,2030-06-17
921,557,4625499314536513,visa,72500,21750.0,0.2456,435.0,2025-07-19,active,2025-02-04,2030-02-04
922,557,6161605433707367,discover,45000,13500.0,0.1848,270.0,2025-07-24,active,2024-12-31,2027-12-31
923,557,331217894069729,amex,45000,22500.0,0.2482,450.0,2025-08-12,active,2025-03-30,2029-03-30
924,557,5191678758647401,mastercard,18500,5550.0,0.203,111.0,2025-07-27,active,2025-05-15,2028-05-15
925,558,4461614384039726,visa,24000,2400.0,0.1566,48.0,2025-07-30,active,2024-07-16,2028-07-16
926,559,325095636038552,amex,12000,1200.0,0.1442,25,2025-07-19,blocked,2023-10-10,2028-10-10
927,559,6783435859919776,discover,17500,5250.0,0.1671,105.0,2025-08-14,active,2022-04-26,2027-04-26
928,560,337636628711716,amex,23500,2350.0,0.2455,47.0,2025-07-26,active,2023-03-29,2026-03-29
929,560,350698958294863,amex,15500,12400.0,0.1946,248.0,2025-07-30,active,2021-07-03,2026-07-03
930,561,4793943149142154,visa,14000,4200.0,0.2335,84.0,2025-08-12,active,2024-12-28,2029-12-28
931,562,5857404052770354,mastercard,28000,2800.0,0.1694,56.0,2025-08-11,active,2023-05-08,2027-05-08
932,563,6997510906519407,discover,42500,21250.0,0.1565,425.0,2025-08-10,active,2022-07-09,2025-07-09
933,564,4708292209251390,visa,3000,300.0,0.1961,25,2025-07-27,active,2023-05-20,2026-05-20
934,565,6299055523783904,discover,9000,2700.0,0.1648,54.0,2025-08-07,active,2024-06-25,2028-06-25
935,565,342633338846519,amex,17500,14000.0,0.1469,280.0,2025-07-25,active,2025-05-04,2028-05-04
936,566,5016064490359341,mastercard,22000,2200.0,0.1829,44.0,2025-08-13,active,2025-06-06,2030-06-06
937,566,5071821821606392,mastercard,10500,1050.0,0.1887,25,2025-07-28,active,2025-05-03,2028-05-03
938,567,4802388369702579,visa,62500,18750.0,0.2217,375.0,2025-07-29,active,2023-04-25,2026-04-25
939,567,5547286399624023,mastercard,75500,60400.0,0.1541,1208.0,2025-08-04,active,2024-05-09,2029-05-09
940,567,391450909039572,amex,35000,10500.0,0.2,210.0,2025-08-04,active,2024-06-17,2028-06-17
941,568,4067333827653480,visa,20500,16400.0,0.21,328.0,2025-08-03,active,2025-06-21,2028-06-21
942,569,385520101544484,amex,24000,2400.0,0.1384,48.0,2025-07-30,active,2025-07-12,2030-07-12
943,570,6032217759902549,discover,79500,39750.0,0.1946,795.0,2025-07-16,expired,2024-03-09,2027-03-09
944,570,310372810297295,amex,29500,0.0,0.2492,25,2025-08-13,expired,2023-09-24,2027-09-24
945,571,4796330225176668,visa,7500,0.0,0.2378,25,2025-07-31,active,2024-07-11,2027-07-11
946,573,382956562192959,amex,12500,1250.0,0.2365,25,2025-08-03,active,2020-11-04,2025-11-04
947,573,6537637825648586,discover,15500,7750.0,0.1768,155.0,2025-08-03,active,2022-05-29,2026-05-29
948,574,4518650679964511,visa,72000,21600.0,0.2034,432.0,2025-07-26,active,2024-09-29,2029-09-29
949,574,6870426469795080,discover,89000,44500.0,0.1717,890.0,2025-08-11,active,2024-04-29,2029-04-29
950,574,5850416275020922,mastercard,96000,9600.0,0.1343,192.0,2025-08-09,active,2024-07-10,2027-07-10
951,575,346276351487497,amex,4500,1350.0,0.161,27.0,2025-07-19,active,2025-05-11,2028-05-11
952,576,5853358499991695,mastercard,16000,1600.0,0.2399,32.0,2025-08-05,active,2025-06-16,2029-06-16
953,577,6512090181749731,discover,39500,11850.0,0.1573,237.0,2025-08-04,active,2022-02-23,2025-02-23
954,577,4050459619740059,visa,48500,24250.0,0.221,485.0,2025-07-22,active,2024-03-19,2028-03-19
955,577,321042084182865,amex,100000,10000.0,0.1247,200.0,2025-07-30,active,2022-12-25,2027-12-25
956,578,315190937577079,amex,15000,4500.0,0.2374,90.0,2025-08-12,active,2024-03-30,2029-03-30
957,579,4351284836955958,visa,48000,14400.0,0.1802,288.0,2025-07-17,active,2023-07-28,2027-07-28
958,580,6915694906082761,discover,36000,18000.0,0.1421,360.0,2025-07-23,active,2023-05-08,2026-05-08
959,581,359691573494385,amex,10500,8400.0,0.1466,168.0,2025-07-27,active,2025-05-30,2028-05-30
960,582,4387870188111337,visa,31000,9300.0,0.2417,186.0,2025-07-22,active,2024-12-28,2029-12-28
961,583,6071278796338790,discover,5500,0.0,0.1289,25,2025-08-06,blocked,2025-03-21,2030-03-21
962,584,5204484351978816,mastercard,18000,5400.0,0.1659,108.0,2025-07-19,active,2022-08-02,2027-08-02
963,584,5599002842241701,mastercard,16500,1650.0,0.2278,33.0,2025-07-23,active,2024-03-05,2029-03-05
964,585,334030579251733,amex,21500,6450.0,0.1877,129.0,2025-07-23,active,2025-01-18,2029-01-18
965,585,4529796854621167,visa,17500,1750.0,0.127,35.0,2025-07-21,active,2024-11-19,2029-11-19
966,586,4766453629213501,visa,14000,1400.0,0.1552,28.0,2025-08-14,active,2022-04-03,2025-04-03
967,587,309291848994549,amex,27000,25650.0,0.1972,513.0,2025-07-20,active,2024-01-07,2029-01-07
968,588,4474421756394904,visa,11500,5750.0,0.1331,115.0,2025-07-25,active,2024-05-05,2028-05-05
969,589,381452528886465,amex,31500,3150.0,0.235,63.0,2025-08-04,active,2025-07-11,2028-07-11
970,590,321391369975483,amex,12000,0.0,0.183,25,2025-08-13,expired,2024-09-19,2028-09-19
971,591,342241250383412,amex,92000,27600.0,0.1379,552.0,2025-07-23,expired,2023-09-30,2027-09-30
972,591,4741975370063239,visa,80500,64400.0,0.1924,1288.0,2025-08-05,active,2025-07-06,2030-07-06
973,591,5521085837558263,mastercard,51000,15300.0,0.1886,306.0,2025-07-24,active,2023-05-21,2026-05-21
974,592,4885899818119942,visa,47000,4700.0,0.1846,94.0,2025-08-13,active,2025-05-18,2028-05-18
975,592,4643395534334971,visa,34500,3450.0,0.2013,69.0,2025-07-24,active,2024-09-21,2027-09-21
976,592,5242430091731633,mastercard,97500,29250.0,0.2042,585.0,2025-07-16,active,2022-12-24,2026-12-24
977,593,5447839071212579,mastercard,100000,50000.0,0.2425,1000.0,2025-07-29,blocked,2025-04-02,2030-04-02
978,593,319827244952076,amex,100000,0.0,0.2017,25,2025-07-18,active,2024-07-30,2029-07-30
979,593,4197789516650180,visa,100000,30000.0,0.1559,600.0,2025-07-16,active,2023-02-15,2027-02-15
980,594,5316257510003668,mastercard,11500,1150.0,0.2319,25,2025-07-23,active,2024-09-30,2028-09-30
981,595,371845816302129,amex,35000,10500.0,0.1407,210.0,2025-07-29,active,2021-06-23,2026-06-23
982,595,311298031026237,amex,56500,45200.0,0.1248,904.0,2025-08-10,active,2021-03-06,2025-03-06
983,595,5522925465476316,mastercard,25000,7500.0,0.1586,150.0,2025-07-27,active,2024-05-31,2027-05-31
984,596,5542372466762267,mastercard,10500,1050.0,0.1841,25,2025-08-05,active,2024-01-04,2027-01-04
985,596,322420596425497,amex,8000,4000.0,0.1688,80.0,2025-07-23,active,2024-05-29,2027-05-29
986,596,6034897311601565,discover,40500,32400.0,0.1984,648.0,2025-07-21,blocked,2023-07-29,2028-07-29
987,597,342401504379086,amex,27500,8250.0,0.1891,165.0,2025-08-01,active,2024-11-17,2027-11-17
988,598,5645487597997425,mastercard,18500,9250.0,0.2022,185.0,2025-08-05,expired,2023-10-24,2026-10-24
989,599,5756849785078672,mastercard,35500,3550.0,0.1274,71.0,2025-08-01,active,2024-07-03,2027-07-03
990,599,6789451193246719,discover,24000,7200.0,0.1401,144.0,2025-07-26,active,2025-05-05,2030-05-05
991,600,5959635187570532,mastercard,9500,4750.0,0.2134,95.0,2025-07-28,active,2024-10-25,2029-10-25
992,601,6419729410367580,discover,13500,1350.0,0.2215,27.0,2025-07-23,active,2025-03-16,2030-03-16
993,601,301171303709718,amex,71500,35750.0,0.2284,715.0,2025-08-03,active,2025-01-12,2029-01-12
994,601,5731692759274601,mastercard,49500,24750.0,0.246,495.0,2025-08-05,active,2024-09-21,2027-09-21
995,602,4970183256618061,visa,24000,2400.0,0.2384,48.0,2025-08-10,active,2023-06-10,2028-06-10
996,603,4102221268390510,visa,8000,0.0,0.219,25,2025-08-13,active,2024-05-27,2027-05-27
997,603,5491067698710149,mastercard,11000,1100.0,0.1306,25,2025-08-10,blocked,2024-08-29,2027-08-29
998,604,5251964295861672,mastercard,13500,1350.0,0.2368,27.0,2025-07-31,active,2024-07-31,2027-07-31
999,604,349655024218254,amex,34000,17000.0,0.1266,340.0,2025-08-07,active,2025-04-27,2030-04-27
1000,605,5424263352317548,mastercard,52000,5200.0,0.2426,104.0,2025-08-12,active,2024-11-24,2028-11-24
1001,606,4392031867674482,visa,9000,0.0,0.2169,25,2025-08-02,active,2024-02-25,2029-02-25
1002,607,396309666762960,amex,22000,0.0,0.2432,25,2025-08-07,active,2025-05-13,2028-05-13
1003,607,4047164954584465,visa,16500,4950.0,0.2132,99.0,2025-07-19,active,2024-11-26,2028-11-26
1004,608,5427893287322766,mastercard,100000,10000.0,0.2183,200.0,2025-08-02,active,2024-04-24,2028-04-24
1005,608,364540300214366,amex,37000,18500.0,0.1582,370.0,2025-08-13,blocked,2024-05-06,2029-05-06
1006,608,5234533566822896,mastercard,95000,28500.0,0.2072,570.0,2025-07-25,active,2024-07-24,2028-07-24
1007,609,5980133761915770,mastercard,41500,33200.0,0.234,664.0,2025-07-19,blocked,2021-10-26,2025-10-26
1008,609,4623153942811587,visa,25500,12750.0,0.1639,255.0,2025-08-03,active,2025-04-24,2029-04-24
1009,610,305792151098100,amex,42500,12750.0,0.1487,255.0,2025-07-17,active,2024-10-24,2028-10-24
1010,611,6569427638082632,discover,39500,0.0,0.1742,25,2025-07-23,active,2024-02-19,2028-02-19
1011,611,4075398714142642,visa,34500,3450.0,0.124,69.0,2025-07-28,active,2025-03-31,2028-03-31
1012,612,338381674289540,amex,14500,7250.0,0.157,145.0,2025-07-31,active,2023-01-31,2028-01-31
1013,613,328972459798982,amex,100000,30000.0,0.1642,600.0,2025-08-07,active,2023-02-10,2027-02-10
1014,613,5100149961177854,mastercard,100000,80000.0,0.1936,1600.0,2025-08-11,active,2024-02-23,2027-02-23
1015,613,6626923395300255,discover,100000,30000.0,0.1635,600.0,2025-08-06,active,2023-02-27,2028-02-27
1016,614,6312524587013111,discover,46000,4600.0,0.1358,92.0,2025-07-23,active,2025-02-28,2029-02-28
1017,614,5492151569443878,mastercard,43000,4300.0,0.1795,86.0,2025-07-18,active,2025-03-16,2028-03-16
1018,614,5589105482562739,mastercard,92500,46250.0,0.1459,925.0,2025-08-09,active,2025-02-18,2029-02-18
1019,615,5868784277515367,mastercard,5000,500.0,0.2101,25,2025-07-30,active,2022-12-01,2025-12-01
1020,616,6991285685944164,discover,16500,8250.0,0.1467,165.0,2025-08-09,blocked,2024-09-03,2027-09-03
1021,616,340262180603632,amex,7500,750.0,0.168,25,2025-07-19,active,2022-10-05,2027-10-05
1022,617,6561307398714845,discover,6000,1800.0,0.2401,36.0,2025-07-22,active,2023-02-15,2027-02-15
1023,618,6774146518316332,discover,25500,2550.0,0.2317,51.0,2025-08-13,active,2023-07-31,2026-07-31
1024,618,6578660702507666,discover,34000,0.0,0.1948,25,2025-08-06,active,2021-10-09,2025-10-09
1025,619,4068965532647414,visa,46500,4650.0,0.2074,93.0,2025-07-16,active,2022-07-30,2025-07-30
1026,619,6848359600018208,discover,90500,9050.0,0.1704,181.0,2025-07-22,active,2024-12-14,2027-12-14
1027,619,5719189938198792,mastercard,64000,19200.0,0.1632,384.0,2025-07-19,active,2022-10-04,2026-10-04
1028,620,6018086752262491,discover,17000,1700.0,0.2092,34.0,2025-08-04,active,2024-12-04,2027-12-04
1029,620,6651773131974931,discover,18500,14800.0,0.1379,296.0,2025-08-10,active,2024-08-30,2028-08-30
1030,621,359376511825665,amex,17500,1750.0,0.1479,35.0,2025-07-19,active,2023-02-25,2027-02-25
1031,622,5628134135033460,mastercard,28500,2850.0,0.1605,57.0,2025-08-03,active,2024-12-31,2028-12-31
1032,623,346544821873982,amex,20000,2000.0,0.2363,40.0,2025-08-13,active,2024-11-10,2027-11-10
1033,624,4503151346508656,visa,11500,3450.0,0.2396,69.0,2025-08-07,active,2024-10-02,2029-10-02
1034,625,6134125383410657,discover,13500,1350.0,0.2149,27.0,2025-08-04,blocked,2023-08-12,2028-08-12
1035,626,5067039336777441,mastercard,20000,6000.0,0.2365,120.0,2025-08-06,active,2023-04-17,2028-04-17
1036,627,4820034093582717,visa,56500,5650.0,0.2149,113.0,2025-07-20,active,2022-06-21,2027-06-21
1037,627,4666465184788797,visa,97500,9750.0,0.1866,195.0,2025-07-25,active,2024-04-23,2029-04-23
1038,628,379711491794619,amex,43500,13050.0,0.1966,261.0,2025-08-14,blocked,2024-03-23,2028-03-23
1039,628,310832786686899,amex,48000,14400.0,0.139,288.0,2025-07-16,active,2024-11-19,2028-11-19
1040,629,5052411420765133,mastercard,24000,2400.0,0.2291,48.0,2025-07-25,active,2024-01-12,2027-01-12
1041,629,6108492970453868,discover,14000,0.0,0.1291,25,2025-08-07,active,2024-08-18,2028-08-18
1042,630,5545614315383489,mastercard,52500,5250.0,0.2326,105.0,2025-07-23,expired,2025-07-12,2030-07-12
1043,630,4085904002417036,visa,17500,8750.0,0.235,175.0,2025-08-10,active,2025-01-21,2028-01-21
1044,631,5414718976217794,mastercard,12500,1250.0,0.245,25,2025-08-05,active,2025-07-06,2028-07-06
1045,632,6482151750796313,discover,25500,7650.0,0.2094,153.0,2025-08-06,active,2024-09-24,2028-09-24
1046,633,6519662714570658,discover,68000,34000.0,0.1767,680.0,2025-08-11,active,2024-08-05,2029-08-05
1047,633,377171219993917,amex,92500,27750.0,0.2166,555.0,2025-07-16,active,2024-04-17,2029-04-17
1048,633,4022796244527843,visa,83500,25050.0,0.246,501.0,2025-07-23,active,2022-03-02,2027-03-02
1049,633,4646594918684987,visa,59500,17850.0,0.2123,357.0,2025-08-07,active,2023-09-09,2028-09-09
1050,634,6870375578545765,discover,38500,3850.0,0.1954,77.0,2025-07-24,active,2024-07-18,2027-07-18
1051,635,4322257504122664,visa,11000,8800.0,0.2237,176.0,2025-08-08,active,2024-11-05,2029-11-05
1052,636,6314926622477603,discover,19000,1900.0,0.2247,38.0,2025-08-01,active,2025-02-03,2028-02-03
1053,637,388641793996979,amex,13000,1300.0,0.2335,26.0,2025-08-10,active,2023-02-21,2028-02-21
1054,637,5383387688386898,mastercard,23000,11500.0,0.1867,230.0,2025-07-30,active,2022-08-11,2026-08-11
1055,637,4652235079937873,visa,63500,19050.0,0.1373,381.0,2025-08-03,active,2025-04-24,2029-04-24
1056,638,6033429950867226,discover,36500,3650.0,0.1895,73.0,2025-08-13,active,2024-06-24,2027-06-24
1057,639,6739718190597468,discover,35000,33250.0,0.1496,665.0,2025-07-17,active,2024-10-25,2029-10-25
1058,639,6242610332487736,discover,48500,4850.0,0.1887,97.0,2025-07-24,active,2023-07-25,2026-07-25
1059,640,6132940635724763,discover,57500,17250.0,0.1653,345.0,2025-08-09,active,2025-04-11,2030-04-11
1060,640,300728438580099,amex,45500,13650.0,0.1757,273.0,2025-08-13,active,2025-03-20,2030-03-20
1061,641,350514904873597,amex,17500,5250.0,0.1493,105.0,2025-07-25,expired,2024-01-13,2028-01-13
1062,641,399610779977222,amex,27000,25650.0,0.1758,513.0,2025-08-12,blocked,2022-09-22,2027-09-22
1063,642,5300270275076976,mastercard,9500,9025.0,0.2313,180.5,2025-08-07,active,2025-06-03,2028-06-03
1064,642,5869016812075000,mastercard,19500,1950.0,0.2316,39.0,2025-08-13,active,2024-07-09,2029-07-09
1065,643,393922445565232,amex,14500,4350.0,0.1595,87.0,2025-08-02,expired,2022-01-18,2025-01-18
1066,644,317699330381569,amex,30000,3000.0,0.2386,60.0,2025-07-31,active,2024-05-17,2029-05-17
1067,645,310636112874081,amex,29500,8850.0,0.2276,177.0,2025-07-16,active,2023-02-07,2027-02-07
1068,645,5145287899996289,mastercard,26000,7800.0,0.2215,156.0,2025-07-21,active,2023-08-01,2026-08-01
1069,646,4560831912604858,visa,16000,4800.0,0.1624,96.0,2025-08-04,blocked,2024-07-19,2028-07-19
1070,647,4938654719270548,visa,67000,6700.0,0.1888,134.0,2025-07-17,active,2024-11-22,2028-11-22
1071,648,4560944615012350,visa,14000,7000.0,0.2017,140.0,2025-08-12,active,2023-05-08,2027-05-08
1072,649,4590855765789379,visa,41000,20500.0,0.1959,410.0,2025-08-14,active,2025-01-29,2028-01-29
1073,649,5990352196091027,mastercard,26000,2600.0,0.1846,52.0,2025-08-14,active,2023-07-12,2027-07-12
1074,650,5211190266237738,mastercard,10500,3150.0,0.2433,63.0,2025-08-10,active,2024-08-04,2027-08-04
1075,650,5145237803463328,mastercard,23500,22325.0,0.2023,446.5,2025-08-10,active,2025-01-22,2029-01-22
1076,651,6680580005895381,discover,31500,25200.0,0.2282,504.0,2025-08-12,active,2023-03-03,2027-03-03
1077,652,378180779491488,amex,27000,2700.0,0.1652,54.0,2025-08-09,active,2025-07-14,2028-07-14
1078,652,346619954171006,amex,30500,15250.0,0.2296,305.0,2025-08-14,active,2025-03-06,2029-03-06
1079,653,353637766599599,amex,11500,1150.0,0.2062,25,2025-07-24,active,2023-06-25,2026-06-25
1080,654,4622664849186146,visa,8500,4250.0,0.1872,85.0,2025-07-28,active,2024-05-20,2029-05-20
1081,654,333151313561170,amex,15000,12000.0,0.1859,240.0,2025-07-31,active,2024-05-23,2028-05-23
1082,655,5722391761968225,mastercard,100000,30000.0,0.1643,600.0,2025-08-01,expired,2023-11-27,2028-11-27
1083,655,5135740874740739,mastercard,98000,9800.0,0.1947,196.0,2025-07-29,active,2023-08-26,2026-08-26
1084,656,4618344251180954,visa,31000,9300.0,0.1301,186.0,2025-08-13,blocked,2022-08-05,2026-08-05
1085,656,5863484016170649,mastercard,15000,1500.0,0.1598,30.0,2025-07-22,expired,2021-05-19,2025-05-19
1086,657,4156914616415733,visa,30000,15000.0,0.2364,300.0,2025-08-01,active,2024-09-04,2028-09-04
1087,658,6810907195714514,discover,13000,1300.0,0.1328,26.0,2025-08-03,active,2025-06-17,2029-06-17
1088,658,5873680729661808,mastercard,45500,4550.0,0.2363,91.0,2025-08-01,active,2024-07-19,2027-07-19
1089,659,6230990704644503,discover,12000,3600.0,0.1209,72.0,2025-08-06,active,2024-03-23,2029-03-23
1090,660,4818733002763272,visa,51500,15450.0,0.2217,309.0,2025-07-23,active,2024-03-09,2027-03-09
1091,661,5260590473535226,mastercard,13000,1300.0,0.1967,26.0,2025-07-17,expired,2024-10-18,2028-10-18
1092,662,6345135996426060,discover,9000,900.0,0.1993,25,2025-08-04,active,2024-10-17,2027-10-17
1093,663,314316411991365,amex,20500,0.0,0.2132,25,2025-08-05,expired,2024-09-26,2028-09-26
1094,664,5600628922384357,mastercard,31000,3100.0,0.1444,62.0,2025-08-05,active,2024-11-10,2029-11-10
1095,665,5251747529497756,mastercard,26500,13250.0,0.1333,265.0,2025-08-01,active,2024-12-15,2028-12-15
1096,665,363836766570310,amex,57000,17100.0,0.1366,342.0,2025-07-18,active,2024-02-24,2027-02-24
1097,665,6534214483545749,discover,47000,37600.0,0.2126,752.0,2025-07-23,active,2025-05-07,2030-05-07
1098,666,5525430935352151,mastercard,66500,19950.0,0.2084,399.0,2025-07-25,active,2025-03-23,2028-03-23
1099,666,6899247157561080,discover,33500,16750.0,0.1251,335.0,2025-07-22,active,2025-05-07,2028-05-07
1100,667,5955121698323285,mastercard,91500,27450.0,0.154,549.0,2025-07-20,blocked,2023-07-13,2026-07-13
1101,667,5621445371504519,mastercard,49000,4900.0,0.1907,98.0,2025-07-30,active,2024-04-11,2028-04-11
1102,668,4159132684232635,visa,6500,3250.0,0.1739,65.0,2025-08-06,active,2023-11-20,2027-11-20
1103,669,5105719732381545,mastercard,28000,8400.0,0.179,168.0,2025-08-02,active,2023-04-14,2026-04-14
1104,670,4235640930999868,visa,84500,25350.0,0.198,507.0,2025-07-27,active,2025-03-03,2028-03-03
1105,670,6999938191948746,discover,77000,23100.0,0.1505,462.0,2025-08-06,active,2022-06-05,2025-06-05
1106,671,4551758637353327,visa,6000,600.0,0.1856,25,2025-08-11,active,2022-06-05,2025-06-05
1107,672,384311621065149,amex,57500,17250.0,0.1469,345.0,2025-08-04,blocked,2023-08-27,2027-08-27
1108,672,331055771030275,amex,45500,13650.0,0.1254,273.0,2025-08-14,active,2024-07-20,2028-07-20
1109,673,6935843423149452,discover,48000,14400.0,0.1419,288.0,2025-08-07,active,2024-12-04,2027-12-04
1110,673,6209818040999151,discover,56500,16950.0,0.2169,339.0,2025-07-25,active,2025-01-31,2029-01-31
1111,673,4134742963641226,visa,49000,14700.0,0.1376,294.0,2025-08-07,active,2023-09-12,2027-09-12
1112,674,353960424081744,amex,44000,22000.0,0.2075,440.0,2025-08-14,active,2022-05-31,2026-05-31
1113,675,327682091881224,amex,100000,50000.0,0.1707,1000.0,2025-08-14,active,2025-07-08,2029-07-08
1114,675,4970209790963515,visa,43500,21750.0,0.1297,435.0,2025-07-26,active,2025-06-17,2028-06-17
1115,675,5533797086043775,mastercard,54500,16350.0,0.1434,327.0,2025-07-27,active,2025-06-08,2029-06-08
1116,676,333300325696474,amex,24000,7200.0,0.1448,144.0,2025-08-13,active,2025-07-09,2028-07-09
1117,676,6839484226631543,discover,91500,9150.0,0.2345,183.0,2025-08-04,active,2023-01-01,2028-01-01
1118,677,4315653667136463,visa,100000,80000.0,0.2171,1600.0,2025-07-25,active,2023-04-10,2026-04-10
1119,677,5325348529799349,mastercard,46000,23000.0,0.2466,460.0,2025-07-30,active,2023-09-16,2027-09-16
1120,678,4970640641231540,visa,13500,1350.0,0.154,27.0,2025-07-30,active,2021-06-23,2025-06-23
1121,679,4163270349141052,visa,54000,27000.0,0.2017,540.0,2025-07-22,active,2023-12-02,2028-12-02
1122,680,5126454367687967,mastercard,24000,7200.0,0.1707,144.0,2025-08-05,active,2024-12-17,2028-12-17
1123,680,6301333279882170,discover,18000,5400.0,0.2435,108.0,2025-08-06,active,2023-08-06,2028-08-06
1124,682,391851475616038,amex,5000,2500.0,0.2433,50.0,2025-08-07,active,2024-01-19,2029-01-19
1125,683,5879561410966159,mastercard,23500,11750.0,0.2344,235.0,2025-07-21,active,2022-09-14,2027-09-14
1126,684,306903034711202,amex,11500,3450.0,0.1232,69.0,2025-08-11,active,2024-11-08,2027-11-08
1127,685,395129207223033,amex,61500,18450.0,0.1919,369.0,2025-07-23,active,2025-04-03,2030-04-03
1128,685,4113997738792787,visa,41500,12450.0,0.2425,249.0,2025-08-11,active,2025-04-07,2029-04-07
1129,685,322966514448657,amex,32500,9750.0,0.1231,195.0,2025-07-28,active,2025-03-08,2028-03-08
1130,686,399198720298113,amex,39500,3950.0,0.1873,79.0,2025-07-23,blocked,2024-02-12,2027-02-12
1131,687,4981179633050749,visa,7500,750.0,0.2328,25,2025-07-25,active,2023-11-25,2026-11-25
1132,688,5980284416169362,mastercard,17500,8750.0,0.1876,175.0,2025-08-01,active,2023-12-01,2026-12-01
1133,688,6323813705741037,discover,33500,3350.0,0.1428,67.0,2025-08-12,active,2024-04-20,2027-04-20
1134,689,383851635781164,amex,9000,900.0,0.2129,25,2025-07-29,active,2025-04-08,2029-04-08
1135,690,5901029158511858,mastercard,35000,17500.0,0.2275,350.0,2025-07-17,active,2021-12-15,2024-12-15
1136,691,335968289014081,amex,15000,7500.0,0.1515,150.0,2025-07-29,active,2023-03-21,2028-03-21
1137,693,6168927888478718,discover,16000,0.0,0.1458,25,2025-08-02,active,2021-12-04,2026-12-04
1138,694,310473080282131,amex,60000,18000.0,0.2106,360.0,2025-08-11,active,2025-06-22,2028-06-22
1139,694,4430444697894259,visa,26000,13000.0,0.159,260.0,2025-08-14,active,2025-04-08,2028-04-08
1140,695,6689334500419511,discover,5000,0.0,0.1257,25,2025-07-16,active,2024-01-20,2029-01-20
1141,696,6166846482098728,discover,21000,6300.0,0.2394,126.0,2025-08-13,active,2024-08-08,2029-08-08
1142,697,5344405572477213,mastercard,16000,1600.0,0.2309,32.0,2025-08-05,expired,2025-07-04,2029-07-04
1143,698,6049417231901706,discover,48000,14400.0,0.2398,288.0,2025-07-23,active,2025-06-25,2030-06-25
1144,699,5584047057126565,mastercard,31000,15500.0,0.1562,310.0,2025-08-06,active,2022-10-14,2027-10-14
1145,700,6111207018058935,discover,16000,0.0,0.1838,25,2025-08-03,active,2024-07-21,2028-07-21
1146,701,325761503359848,amex,21000,2100.0,0.1743,42.0,2025-08-01,active,2024-01-30,2029-01-30
1147,702,5043422997853210,mastercard,24500,7350.0,0.1513,147.0,2025-08-13,active,2024-07-21,2029-07-21
1148,702,4400376584901405,visa,20500,2050.0,0.2157,41.0,2025-07-20,active,2025-01-25,2029-01-25
1149,703,4959027990463691,visa,19000,5700.0,0.2384,114.0,2025-08-01,active,2024-11-30,2029-11-30
1150,704,5626961636771775,mastercard,33500,3350.0,0.1734,67.0,2025-08-14,active,2023-09-20,2028-09-20
1151,704,5691548978814124,mastercard,51000,40800.0,0.2233,816.0,2025-08-09,active,2024-02-13,2027-02-13
1152,706,350562448188867,amex,37500,30000.0,0.213,600.0,2025-08-12,active,2025-01-17,2030-01-17
1153,707,5870741420134984,mastercard,26000,20800.0,0.248,416.0,2025-08-08,active,2024-07-14,2029-07-14
1154,708,304624786357236,amex,31000,24800.0,0.1826,496.0,2025-07-23,active,2025-03-29,2028-03-29
1155,709,344684321095496,amex,40500,4050.0,0.1332,81.0,2025-07-30,active,2024-04-23,2028-04-23
1156,709,6909919984676170,discover,45500,0.0,0.1684,25,2025-07-18,active,2024-07-03,2029-07-03
1157,710,5576210902805795,mastercard,31000,9300.0,0.1231,186.0,2025-07-17,active,2024-02-18,2027-02-18
1158,711,6305727562202175,discover,9000,2700.0,0.1433,54.0,2025-08-14,active,2025-01-10,2030-01-10
1159,712,4137607203248932,visa,8500,850.0,0.1805,25,2025-08-14,active,2025-04-02,2030-04-02
1160,712,366853241484268,amex,26000,7800.0,0.2464,156.0,2025-08-08,active,2025-07-07,2030-07-07
1161,713,365857856451924,amex,18500,9250.0,0.1938,185.0,2025-07-24,active,2022-02-03,2026-02-03
1162,714,316522873511877,amex,31000,9300.0,0.1513,186.0,2025-08-05,active,2024-12-24,2028-12-24
1163,715,6476397103188727,discover,38000,11400.0,0.2434,228.0,2025-07-17,active,2024-12-18,2029-12-18
1164,716,6742050578462216,discover,37500,11250.0,0.2203,225.0,2025-07-26,active,2025-03-19,2029-03-19
1165,716,4531214138298790,visa,49500,24750.0,0.228,495.0,2025-07-29,active,2025-06-10,2030-06-10
1166,717,366017059396701,amex,47000,37600.0,0.168,752.0,2025-08-12,active,2025-01-28,2029-01-28
1167,717,5465529578735168,mastercard,26500,0.0,0.1207,25,2025-08-11,active,2022-07-23,2025-07-23
1168,718,5180021498008475,mastercard,30500,3050.0,0.1781,61.0,2025-07-31,active,2025-04-16,2029-04-16
1169,718,5391321836694983,mastercard,41500,4150.0,0.1867,83.0,2025-07-16,active,2025-04-22,2030-04-22
1170,719,5297584562713702,mastercard,34000,17000.0,0.171,340.0,2025-08-04,active,2024-03-09,2028-03-09
1171,720,4906609478306264,visa,16000,4800.0,0.248,96.0,2025-08-01,active,2022-12-08,2027-12-08
1172,721,344631284209274,amex,63000,18900.0,0.1937,378.0,2025-07-17,active,2024-01-31,2029-01-31
1173,721,5021512851368405,mastercard,20000,0.0,0.213,25,2025-08-06,active,2024-05-02,2027-05-02
1174,721,4877751900322607,visa,98000,29400.0,0.2188,588.0,2025-07-30,active,2024-01-23,2028-01-23
1175,721,6484643103233854,discover,37000,3700.0,0.213,74.0,2025-08-13,active,2024-01-25,2028-01-25
1176,722,5196459968224312,mastercard,11500,1150.0,0.1662,25,2025-07-27,blocked,2022-12-23,2025-12-23
1177,723,5307814125706707,mastercard,25500,7650.0,0.2115,153.0,2025-08-08,expired,2024-12-01,2029-12-01
1178,724,345475971131568,amex,49000,24500.0,0.1352,490.0,2025-07-17,active,2025-03-13,2028-03-13
1179,724,396394684583109,amex,18500,9250.0,0.2314,185.0,2025-08-02,active,2024-07-14,2027-07-14
1180,725,5750271926421023,mastercard,38000,3800.0,0.2258,76.0,2025-08-14,active,2024-02-29,2028-02-29
1181,725,6366497069599019,discover,67000,20100.0,0.202,402.0,2025-07-24,active,2023-05-08,2028-05-08
1182,726,5395021118700008,mastercard,33000,3300.0,0.1366,66.0,2025-07-17,active,2021-07-14,2024-07-14
1183,727,5956089804661710,mastercard,7000,2100.0,0.1572,42.0,2025-08-12,active,2025-06-02,2028-06-02
1184,728,4173906650688857,visa,19500,1950.0,0.1438,39.0,2025-08-14,active,2024-12-18,2027-12-18
1185,729,4245063270524169,visa,19500,18525.0,0.2211,370.5,2025-08-05,active,2025-04-13,2029-04-13
1186,729,6676469142840000,discover,29000,2900.0,0.1343,58.0,2025-08-09,blocked,2025-05-06,2030-05-06
1187,730,6107382322583376,discover,10000,3000.0,0.2149,60.0,2025-08-12,expired,2022-09-19,2027-09-19
1188,731,341776578661000,amex,14000,0.0,0.1978,25,2025-08-12,expired,2024-06-23,2028-06-23
1189,731,379393348914026,amex,22500,2250.0,0.2078,45.0,2025-08-14,active,2025-04-11,2030-04-11
1190,732,380087575751318,amex,25500,7650.0,0.2156,153.0,2025-08-02,active,2025-07-13,2028-07-13
1191,733,344685013813854,amex,8000,2400.0,0.1914,48.0,2025-07-25,active,2025-07-09,2028-07-09
1192,734,370177337010653,amex,39500,11850.0,0.165,237.0,2025-08-10,active,2024-05-15,2027-05-15
1193,735,5108262775699906,mastercard,11500,3450.0,0.1591,69.0,2025-08-01,active,2024-10-05,2027-10-05
1194,735,366118289210758,amex,50000,0.0,0.1485,25,2025-08-02,active,2023-04-13,2027-04-13
1195,737,6314928969186175,discover,12500,1250.0,0.1909,25,2025-07-22,active,2024-11-03,2028-11-03
1196,738,6422069925583003,discover,39000,11700.0,0.1895,234.0,2025-08-06,active,2025-06-18,2029-06-18
1197,738,6344910885348831,discover,64500,19350.0,0.1773,387.0,2025-07-21,blocked,2024-05-22,2027-05-22
1198,739,5407932818167177,mastercard,24500,7350.0,0.1355,147.0,2025-07-23,active,2025-06-18,2028-06-18
1199,739,6361745741791848,discover,8000,6400.0,0.223,128.0,2025-07-16,active,2025-03-25,2028-03-25
1200,740,5148904011392158,mastercard,8500,850.0,0.1395,25,2025-08-09,active,2022-03-27,2027-03-27
1201,740,6645618468915833,discover,10500,1050.0,0.2007,25,2025-07-30,active,2024-01-10,2028-01-10
1202,741,4487192908338265,visa,40500,12150.0,0.1937,243.0,2025-08-02,active,2024-10-26,2027-10-26
1203,741,4266699169927708,visa,35000,3500.0,0.222,70.0,2025-07-27,active,2024-10-31,2029-10-31
1204,742,6597759776738007,discover,26000,7800.0,0.2152,156.0,2025-07-29,active,2023-03-27,2026-03-27
1205,742,6339347412678865,discover,19500,5850.0,0.1781,117.0,2025-08-05,active,2023-12-20,2026-12-20
1206,742,6052173213305878,discover,61500,6150.0,0.2239,123.0,2025-08-01,active,2024-09-21,2027-09-21
1207,743,5955769308883707,mastercard,10500,3150.0,0.1957,63.0,2025-07-18,active,2025-05-27,2030-05-27
1208,744,5315434491974708,mastercard,58500,0.0,0.2165,25,2025-07-31,active,2022-05-07,2027-05-07
1209,744,5498596343650941,mastercard,53500,26750.0,0.202,535.0,2025-08-09,active,2023-02-02,2026-02-02
1210,745,6287013215667019,discover,24500,2450.0,0.1805,49.0,2025-07-30,active,2025-06-04,2030-06-04
1211,746,5071898022131896,mastercard,15000,4500.0,0.1245,90.0,2025-08-14,active,2023-09-26,2027-09-26
1212,748,4741465545123355,visa,9500,950.0,0.2232,25,2025-08-09,active,2023-01-23,2027-01-23
1213,748,6630363386486500,discover,31500,3150.0,0.154,63.0,2025-07-26,active,2025-02-22,2029-02-22
1214,749,4653647066967781,visa,100000,0.0,0.1284,25,2025-08-10,active,2024-10-29,2028-10-29
1215,749,6491535090435184,discover,57000,28500.0,0.242,570.0,2025-08-04,active,2024-08-04,2028-08-04
1216,749,6513271004991264,discover,100000,30000.0,0.1545,600.0,2025-07-31,active,2024-11-12,2029-11-12
1217,750,5050916339236259,mastercard,29000,8700.0,0.2333,174.0,2025-07-29,active,2025-03-03,2028-03-03
1218,750,5491283006238183,mastercard,37000,3700.0,0.1421,74.0,2025-07-27,active,2025-06-22,2030-06-22
1219,751,4960791172923359,visa,9500,2850.0,0.2151,57.0,2025-07-27,active,2022-12-29,2025-12-29
1220,752,6245040941477168,discover,7500,2250.0,0.2066,45.0,2025-08-02,active,2025-01-24,2030-01-24
1221,753,5163629703864732,mastercard,14000,1400.0,0.1483,28.0,2025-07-20,expired,2025-01-05,2028-01-05
1222,753,5783681254145287,mastercard,20500,10250.0,0.182,205.0,2025-08-04,active,2024-01-12,2028-01-12
1223,754,6434410579406525,discover,22500,0.0,0.1953,25,2025-08-05,active,2022-06-19,2025-06-19
1224,755,5451995508977547,mastercard,33500,10050.0,0.1907,201.0,2025-07-19,active,2021-12-21,2026-12-21
1225,755,6625016220437714,discover,66000,0.0,0.1912,25,2025-07-31,active,2024-08-22,2028-08-22
1226,756,4528305682080820,visa,64000,6400.0,0.1853,128.0,2025-07-16,active,2025-04-26,2030-04-26
1227,756,4925210942354791,visa,58000,5800.0,0.2149,116.0,2025-07-31,active,2024-12-13,2027-12-13
1228,756,4251002279825799,visa,64000,19200.0,0.1522,384.0,2025-08-10,active,2025-05-16,2030-05-16
1229,757,5603224080770037,mastercard,49000,39200.0,0.1838,784.0,2025-08-10,active,2024-11-01,2027-11-01
1230,757,5460888959208515,mastercard,63000,18900.0,0.1382,378.0,2025-08-12,active,2022-04-25,2025-04-25
1231,758,6494117159036487,discover,45000,0.0,0.1364,25,2025-07-27,active,2025-04-12,2029-04-12
1232,758,4259968483432978,visa,38500,19250.0,0.1837,385.0,2025-07-26,active,2025-05-28,2030-05-28
1233,759,399571947700719,amex,68500,6850.0,0.2164,137.0,2025-08-07,active,2025-04-11,2028-04-11
1234,759,5635921723405155,mastercard,16000,1600.0,0.241,32.0,2025-08-05,expired,2024-06-29,2029-06-29
1235,759,4438706115421188,visa,48000,24000.0,0.1995,480.0,2025-08-04,active,2024-09-27,2028-09-27
1236,759,6595173366648143,discover,22000,2200.0,0.2226,44.0,2025-08-13,active,2023-04-01,2026-04-01
1237,760,4110638224432654,visa,30000,9000.0,0.1609,180.0,2025-08-06,active,2025-02-24,2030-02-24
1238,760,6855179154369803,discover,26000,7800.0,0.1983,156.0,2025-07-24,active,2024-04-24,2028-04-24
1239,761,308091006956981,amex,2500,2375.0,0.2112,47.5,2025-07-22,blocked,2025-07-15,2030-07-15
1240,762,5664030750599906,mastercard,10500,1050.0,0.1871,25,2025-07-17,active,2025-01-20,2028-01-20
1241,762,6965105920865374,discover,8000,2400.0,0.166,48.0,2025-07-27,active,2025-06-23,2029-06-23
1242,763,6654934781268881,discover,18500,5550.0,0.2016,111.0,2025-08-10,active,2021-05-07,2025-05-07
1243,764,5201970307817623,mastercard,44500,42275.0,0.1636,845.5,2025-08-01,active,2025-05-29,2029-05-29
1244,764,4277615180784424,visa,19500,5850.0,0.1765,117.0,2025-08-07,active,2025-06-25,2029-06-25
1245,764,5597657125445847,mastercard,14000,1400.0,0.1974,28.0,2025-07-18,active,2025-06-21,2028-06-21
1246,765,4409054449625216,visa,29000,23200.0,0.1917,464.0,2025-08-11,active,2024-06-15,2027-06-15
1247,765,5907666752442031,mastercard,36500,29200.0,0.1966,584.0,2025-07-31,active,2024-04-17,2028-04-17
1248,766,4245077836350968,visa,26000,7800.0,0.1939,156.0,2025-07-20,active,2021-05-09,2024-05-09
1249,766,5393526017726558,mastercard,48000,14400.0,0.1365,288.0,2025-07-29,active,2021-06-16,2024-06-16
1250,766,5701823320025304,mastercard,25500,12750.0,0.1812,255.0,2025-07-25,active,2025-02-18,2029-02-18
1251,767,333115648356287,amex,98500,49250.0,0.2092,985.0,2025-08-09,active,2024-12-03,2027-12-03
1252,767,5364921529645871,mastercard,98000,78400.0,0.1452,1568.0,2025-08-04,active,2024-12-23,2028-12-23
1253,768,6880701821557412,discover,28500,2850.0,0.1331,57.0,2025-07-19,active,2025-07-13,2029-07-13
1254,769,4179194455766962,visa,60000,6000.0,0.1734,120.0,2025-08-11,active,2024-01-06,2027-01-06
1255,770,357417565923002,amex,47000,0.0,0.2471,25,2025-07-20,active,2024-12-20,2028-12-20
1256,770,6433351999721115,discover,58000,0.0,0.141,25,2025-08-09,active,2024-12-07,2029-12-07
1257,771,5067642011731010,mastercard,17000,13600.0,0.124,272.0,2025-08-06,active,2025-03-08,2028-03-08
1258,772,4495668651038953,visa,5500,550.0,0.2023,25,2025-07-20,active,2024-06-24,2029-06-24
1259,773,5902532448880769,mastercard,33500,16750.0,0.2124,335.0,2025-07-27,active,2025-03-27,2030-03-27
1260,773,5959289146312453,mastercard,46500,4650.0,0.154,93.0,2025-08-07,active,2022-02-08,2026-02-08
1261,774,4847818222344944,visa,19500,0.0,0.2235,25,2025-08-02,active,2024-10-11,2029-10-11
1262,774,345142157299142,amex,47000,14100.0,0.1272,282.0,2025-07-18,active,2024-05-12,2029-05-12
1263,774,5827646123955452,mastercard,88000,0.0,0.1942,25,2025-07-19,active,2024-02-11,2029-02-11
1264,775,6773097803993468,discover,33500,0.0,0.1266,25,2025-07-31,active,2024-06-27,2027-06-27
1265,776,4938289183507398,visa,9000,900.0,0.203,25,2025-07-26,active,2024-04-25,2029-04-25
1266,776,4511462785662176,visa,13000,1300.0,0.1801,26.0,2025-08-07,active,2023-07-10,2028-07-10
1267,777,345651499753014,amex,13500,1350.0,0.2174,27.0,2025-07-23,active,2025-05-01,2029-05-01
1268,778,4222198848131205,visa,26500,13250.0,0.1273,265.0,2025-08-03,active,2025-06-12,2028-06-12
1269,779,5220241766970683,mastercard,10000,3000.0,0.1414,60.0,2025-08-07,active,2023-07-16,2028-07-16
1270,779,4097735496259590,visa,26000,7800.0,0.1318,156.0,2025-07-27,active,2023-04-18,2026-04-18
1271,780,336466937067564,amex,7000,700.0,0.1474,25,2025-07-18,active,2022-12-14,2025-12-14
1272,781,357205553216855,amex,15500,4650.0,0.14,93.0,2025-08-11,blocked,2024-10-28,2027-10-28
1273,782,5607228849939288,mastercard,29500,2950.0,0.1728,59.0,2025-07-28,active,2025-07-14,2030-07-14
1274,783,328544305236141,amex,3500,350.0,0.2048,25,2025-07-16,active,2024-12-05,2027-12-05
1275,784,4050294079939778,visa,93500,28050.0,0.1261,561.0,2025-07-24,active,2025-04-19,2028-04-19
1276,784,4542487840414714,visa,64500,51600.0,0.1866,1032.0,2025-08-09,blocked,2023-11-18,2028-11-18
1277,785,315699229137901,amex,35000,10500.0,0.1881,210.0,2025-08-06,active,2023-09-19,2028-09-19
1278,785,5309947914159284,mastercard,46500,23250.0,0.2343,465.0,2025-07-28,active,2022-04-05,2026-04-05
1279,786,5746678563716436,mastercard,14000,4200.0,0.2478,84.0,2025-07-19,active,2023-02-12,2028-02-12
1280,786,324171687478256,amex,18000,5400.0,0.1555,108.0,2025-08-08,active,2024-09-18,2027-09-18
1281,787,4288314914101120,visa,6000,3000.0,0.1789,60.0,2025-07-25,active,2025-04-16,2030-04-16
1282,788,6961942380212458,discover,8000,800.0,0.2313,25,2025-07-31,active,2025-05-22,2029-05-22
1283,788,6092785743642542,discover,22500,0.0,0.18,25,2025-07-21,active,2025-06-11,2030-06-11
1284,789,366692072972231,amex,45500,22750.0,0.2042,455.0,2025-07-16,active,2024-08-10,2029-08-10
1285,789,5445397508290385,mastercard,32500,9750.0,0.2314,195.0,2025-08-01,active,2022-10-03,2027-10-03
1286,790,5783626849414790,mastercard,16500,0.0,0.1792,25,2025-07-18,active,2023-07-23,2027-07-23
1287,791,4608238200029780,visa,100000,10000.0,0.1826,200.0,2025-08-10,active,2025-02-27,2030-02-27
1288,791,330922221288169,amex,100000,30000.0,0.2233,600.0,2025-07-26,active,2024-01-14,2027-01-14
1289,791,5232723442416083,mastercard,100000,50000.0,0.2414,1000.0,2025-08-06,active,2025-07-15,2030-07-15
1290,792,5233228466199971,mastercard,23500,7050.0,0.2119,141.0,2025-08-09,active,2024-04-11,2029-04-11
1291,792,4337521455447227,visa,11000,8800.0,0.1267,176.0,2025-07-24,expired,2024-04-02,2029-04-02
1292,793,6442259730374850,discover,22500,6750.0,0.2218,135.0,2025-07-30,active,2024-07-25,2027-07-25
1293,793,4060830773667585,visa,21000,2100.0,0.1774,42.0,2025-07-31,expired,2024-11-19,2029-11-19
1294,794,5335383790238940,mastercard,58000,5800.0,0.1972,116.0,2025-07-25,active,2024-05-03,2028-05-03
1295,794,5781207962480995,mastercard,33000,16500.0,0.1541,330.0,2025-07-20,active,2023-05-25,2026-05-25
1296,795,5720170117555677,mastercard,8000,2400.0,0.1522,48.0,2025-07-19,active,2025-03-03,2029-03-03
1297,796,399890716778803,amex,51000,25500.0,0.247,510.0,2025-08-09,active,2023-10-05,2026-10-05
1298,796,4083341871550393,visa,16500,4950.0,0.1862,99.0,2025-08-12,blocked,2023-11-12,2026-11-12
1299,797,5731295048881987,mastercard,16500,1650.0,0.1935,33.0,2025-08-03,active,2025-05-12,2029-05-12
1300,798,6809928398639106,discover,10000,3000.0,0.1559,60.0,2025-07-29,active,2024-02-18,2027-02-18
1301,799,5816919486707698,mastercard,54000,43200.0,0.1554,864.0,2025-07-24,active,2024-12-20,2028-12-20
1302,799,4154272557301808,visa,13500,1350.0,0.1639,27.0,2025-07-25,active,2025-03-20,2028-03-20
1303,800,6275215272311434,discover,17000,5100.0,0.1702,102.0,2025-08-12,active,2021-06-25,2026-06-25
1304,801,6277719846053465,discover,19000,9500.0,0.1572,190.0,2025-08-09,active,2025-06-10,2029-06-10
1305,802,6987164629291773,discover,58500,5850.0,0.1623,117.0,2025-08-09,active,2022-11-19,2025-11-19
1306,802,4100077831826374,visa,9000,7200.0,0.1902,144.0,2025-08-06,active,2021-02-04,2026-02-04
1307,803,4933922744545447,visa,11500,1150.0,0.1874,25,2025-07-31,active,2025-02-23,2029-02-23
1308,804,6174066867994206,discover,16500,8250.0,0.1814,165.0,2025-08-04,expired,2022-01-30,2025-01-30
1309,804,6182593087879091,discover,39000,3900.0,0.2478,78.0,2025-07-21,blocked,2022-05-25,2027-05-25
1310,805,4567102622519335,visa,92500,9250.0,0.2236,185.0,2025-08-09,active,2025-01-23,2028-01-23
1311,805,5828401252004320,mastercard,38500,3850.0,0.1404,77.0,2025-08-09,active,2023-02-07,2028-02-07
1312,805,6667830317294099,discover,26500,7950.0,0.1655,159.0,2025-07-22,active,2023-12-04,2027-12-04
1313,805,381419679918451,amex,91500,27450.0,0.1861,549.0,2025-07-24,expired,2023-07-29,2026-07-29
1314,806,319405684593401,amex,25500,12750.0,0.1673,255.0,2025-07-21,active,2025-07-04,2029-07-04
1315,806,6225750225931227,discover,44500,35600.0,0.155,712.0,2025-07-25,active,2025-07-06,2029-07-06
1316,807,4307958254677239,visa,29000,2900.0,0.2067,58.0,2025-08-01,active,2023-10-30,2027-10-30
1317,807,4638066267940990,visa,9000,2700.0,0.1807,54.0,2025-07-20,active,2024-04-19,2027-04-19
1318,808,4361454402919565,visa,6000,600.0,0.2277,25,2025-08-08,active,2024-05-23,2029-05-23
1319,808,392283560229351,amex,16000,0.0,0.1834,25,2025-07-25,active,2024-06-24,2029-06-24
1320,809,5805846070435175,mastercard,12500,1250.0,0.1305,25,2025-07-21,active,2024-12-18,2027-12-18
1321,810,356314796126508,amex,60000,0.0,0.2496,25,2025-08-01,active,2025-04-25,2029-04-25
1322,810,6881668096511988,discover,20000,6000.0,0.2037,120.0,2025-08-07,active,2025-01-31,2029-01-31
1323,811,345747706085588,amex,8500,2550.0,0.1606,51.0,2025-08-10,active,2024-07-26,2027-07-26
1324,811,5275411565277015,mastercard,21000,10500.0,0.141,210.0,2025-07-28,active,2025-05-23,2029-05-23
1325,812,327920085463164,amex,17000,5100.0,0.172,102.0,2025-08-06,active,2024-06-23,2027-06-23
1326,813,5755838833314932,mastercard,20000,10000.0,0.1865,200.0,2025-08-14,active,2025-02-12,2029-02-12
1327,814,5066653479710900,mastercard,32500,26000.0,0.2413,520.0,2025-07-16,active,2024-05-19,2029-05-19
1328,815,6178088644991627,discover,16000,4800.0,0.1649,96.0,2025-07-20,active,2025-02-07,2029-02-07
1329,816,301229153537592,amex,17500,8750.0,0.2447,175.0,2025-07-30,active,2024-09-13,2027-09-13
1330,817,329338010701774,amex,56000,5600.0,0.1226,112.0,2025-07-23,active,2025-03-09,2029-03-09
1331,817,4750783123315349,visa,37500,3750.0,0.1425,75.0,2025-08-11,active,2025-04-27,2029-04-27
1332,818,5751416486689823,mastercard,5500,2750.0,0.179,55.0,2025-08-12,active,2025-05-18,2030-05-18
1333,819,4284963555012199,visa,10000,3000.0,0.2402,60.0,2025-08-03,active,2025-05-07,2029-05-07
1334,819,395301965497059,amex,17500,1750.0,0.1669,35.0,2025-08-06,active,2025-06-03,2029-06-03
1335,820,4020388707136042,visa,11500,5750.0,0.2443,115.0,2025-07-19,active,2021-10-15,2024-10-15
1336,821,6521008486542556,discover,15500,4650.0,0.1872,93.0,2025-08-11,active,2025-05-25,2030-05-25
1337,822,344171056739293,amex,29500,8850.0,0.1735,177.0,2025-08-03,active,2025-01-17,2030-01-17
1338,822,6487235838951752,discover,91000,0.0,0.1804,25,2025-07-16,active,2021-06-09,2025-06-09
1339,823,6627325538274383,discover,47500,14250.0,0.2265,285.0,2025-08-09,active,2023-01-12,2028-01-12
1340,823,6348373230146467,discover,57000,5700.0,0.1524,114.0,2025-07-17,active,2024-03-12,2027-03-12
1341,824,4852039710104433,visa,80500,40250.0,0.2193,805.0,2025-08-03,active,2024-01-22,2028-01-22
1342,824,5409600876848655,mastercard,87500,26250.0,0.1594,525.0,2025-07-21,active,2025-06-02,2030-06-02
1343,824,375564429277501,amex,90500,27150.0,0.2245,543.0,2025-07-20,active,2024-07-19,2027-07-19
1344,824,322216609523814,amex,88000,8800.0,0.1298,176.0,2025-07-25,active,2025-06-29,2029-06-29
1345,825,377793124049386,amex,100000,10000.0,0.1391,200.0,2025-07-23,expired,2025-07-06,2029-07-06
1346,825,333734776306585,amex,100000,10000.0,0.2347,200.0,2025-07-29,expired,2025-07-04,2029-07-04
1347,826,4589730378581442,visa,38000,19000.0,0.231,380.0,2025-07-22,active,2023-11-22,2028-11-22
1348,827,305611555107498,amex,8500,0.0,0.1878,25,2025-08-10,active,2021-04-08,2026-04-08
1349,828,4171872970126831,visa,60000,0.0,0.1419,25,2025-08-12,active,2024-03-06,2028-03-06
1350,828,4169769054352682,visa,12000,0.0,0.2266,25,2025-07-25,active,2022-07-23,2027-07-23
1351,829,5271073257592123,mastercard,71500,21450.0,0.2249,429.0,2025-07-22,active,2025-02-17,2028-02-17
1352,829,4564317210463118,visa,53000,15900.0,0.2191,318.0,2025-08-08,active,2024-10-17,2028-10-17
1353,831,5505445931813125,mastercard,42000,12600.0,0.1205,252.0,2025-08-14,active,2023-11-25,2027-11-25
1354,832,305407647186294,amex,14000,1400.0,0.1913,28.0,2025-07-19,active,2025-05-18,2029-05-18
1355,833,5948072078458458,mastercard,19500,15600.0,0.143,312.0,2025-07-21,active,2025-06-05,2028-06-05
1356,834,4806672527934445,visa,30000,0.0,0.2246,25,2025-07-17,active,2022-06-28,2027-06-28
1357,834,4083063443710842,visa,36500,10950.0,0.2338,219.0,2025-07-27,expired,2023-08-30,2027-08-30
1358,835,334972486898322,amex,13000,12350.0,0.2303,247.0,2025-08-12,active,2025-07-10,2029-07-10
1359,836,6746903384713705,discover,18500,14800.0,0.2344,296.0,2025-08-07,active,2025-02-23,2029-02-23
1360,837,5004023420338738,mastercard,26000,13000.0,0.2395,260.0,2025-08-11,active,2022-07-28,2026-07-28
1361,837,5156383666943658,mastercard,84000,42000.0,0.201,840.0,2025-07-25,active,2022-12-26,2027-12-26
1362,838,313445532967737,amex,25500,7650.0,0.1605,153.0,2025-08-13,active,2022-11-13,2027-11-13
1363,839,6166633428091154,discover,25500,7650.0,0.1864,153.0,2025-07-25,active,2024-03-24,2028-03-24
1364,840,391140654765126,amex,8500,850.0,0.2033,25,2025-08-05,active,2025-06-17,2030-06-17
1365,840,6535138345629334,discover,63500,31750.0,0.23,635.0,2025-07-19,active,2025-03-28,2029-03-28
1366,841,5094760596765612,mastercard,10500,8400.0,0.239,168.0,2025-08-06,active,2024-10-09,2029-10-09
1367,842,6796938925291493,discover,13500,0.0,0.218,25,2025-08-05,active,2024-12-21,2027-12-21
1368,842,5116867447868732,mastercard,9000,0.0,0.1282,25,2025-07-18,expired,2024-04-24,2028-04-24
1369,843,5697187015398740,mastercard,14500,7250.0,0.13,145.0,2025-07-18,active,2023-12-25,2027-12-25
1370,844,311742614227404,amex,63500,6350.0,0.2481,127.0,2025-08-11,active,2022-11-09,2025-11-09
1371,844,5708103574318910,mastercard,72000,36000.0,0.204,720.0,2025-08-03,blocked,2021-01-06,2025-01-06
1372,844,4285499726315081,visa,35000,0.0,0.1765,25,2025-07-30,active,2020-11-23,2025-11-23
1373,845,379035406428235,amex,25500,2550.0,0.1564,51.0,2025-08-02,active,2025-04-06,2030-04-06
1374,846,6484121234960593,discover,36000,10800.0,0.1255,216.0,2025-07-28,active,2025-06-13,2029-06-13
1375,847,5611388705716298,mastercard,28500,2850.0,0.2153,57.0,2025-08-14,active,2023-09-15,2027-09-15
1376,848,6461469948385601,discover,3000,1500.0,0.1854,30.0,2025-08-02,blocked,2024-12-20,2028-12-20
1377,849,332497539303619,amex,69500,20850.0,0.1471,417.0,2025-07-28,active,2025-01-06,2030-01-06
1378,849,6157423683780371,discover,24000,7200.0,0.1915,144.0,2025-07-26,active,2024-06-09,2027-06-09
1379,850,4204654565663636,visa,20500,16400.0,0.1917,328.0,2025-08-09,active,2023-09-23,2028-09-23
1380,851,5230421037998204,mastercard,8000,2400.0,0.178,48.0,2025-08-07,active,2025-05-14,2030-05-14
1381,851,4233579377590129,visa,18500,0.0,0.2283,25,2025-08-04,active,2025-01-03,2030-01-03
1382,852,6045740850749113,discover,6500,650.0,0.19,25,2025-07-22,active,2025-01-13,2028-01-13
1383,853,5826831380033833,mastercard,23500,2350.0,0.1793,47.0,2025-08-09,active,2023-01-08,2028-01-08
1384,854,4476194561581811,visa,28500,0.0,0.2109,25,2025-08-04,active,2022-05-02,2026-05-02
1385,855,5231978958932010,mastercard,8000,6400.0,0.2231,128.0,2025-08-07,active,2025-05-17,2030-05-17
1386,856,5747830194410883,mastercard,42500,4250.0,0.1525,85.0,2025-07-26,active,2022-07-15,2026-07-15
1387,856,317858477023928,amex,61500,6150.0,0.1447,123.0,2025-07-17,active,2024-07-28,2029-07-28
1388,857,4043979234102425,visa,34500,10350.0,0.1989,207.0,2025-07-28,active,2023-05-31,2027-05-31
1389,858,341877689617687,amex,18500,1850.0,0.1932,37.0,2025-07-29,active,2025-07-15,2028-07-15
1390,859,6581014100825923,discover,61500,30750.0,0.1648,615.0,2025-07-19,active,2022-08-14,2026-08-14
1391,859,315288004960546,amex,97000,48500.0,0.1685,970.0,2025-07-17,active,2025-07-07,2028-07-07
1392,859,317042047308788,amex,100000,30000.0,0.2407,600.0,2025-07-28,active,2024-10-29,2028-10-29
1393,860,313335802103770,amex,75500,37750.0,0.151,755.0,2025-07-22,active,2024-01-30,2027-01-30
1394,860,4627415708832860,visa,24000,2400.0,0.1695,48.0,2025-07-25,active,2024-09-28,2027-09-28
1395,861,4892455746433304,visa,11500,3450.0,0.2371,69.0,2025-07-17,active,2022-09-21,2025-09-21
1396,861,4815853506292580,visa,31500,9450.0,0.1282,189.0,2025-08-03,active,2024-03-07,2029-03-07
1397,862,5331293865568502,mastercard,32500,9750.0,0.203,195.0,2025-07-16,active,2024-10-13,2027-10-13
1398,862,6927951324651835,discover,24500,2450.0,0.1532,49.0,2025-07-19,active,2025-06-04,2028-06-04
1399,863,6983400771601083,discover,24500,0.0,0.2311,25,2025-07-30,active,2025-05-21,2028-05-21
1400,864,5215533975317528,mastercard,62500,18750.0,0.2235,375.0,2025-08-14,active,2023-05-17,2026-05-17
1401,864,4025937581835002,visa,33000,0.0,0.1815,25,2025-08-08,active,2022-01-30,2027-01-30
1402,865,6842351802642149,discover,10500,3150.0,0.2122,63.0,2025-07-25,active,2024-03-29,2029-03-29
1403,866,377927969392055,amex,59500,17850.0,0.2163,357.0,2025-07-30,active,2024-04-28,2028-04-28
1404,866,5304349481598826,mastercard,21500,2150.0,0.1578,43.0,2025-07-23,active,2025-06-01,2029-06-01
1405,867,4290300810391114,visa,18500,14800.0,0.1648,296.0,2025-08-03,active,2024-01-22,2028-01-22
1406,867,6348443053447550,discover,49500,4950.0,0.2364,99.0,2025-08-02,active,2025-06-20,2028-06-20
1407,867,6137195880732714,discover,41000,12300.0,0.1653,246.0,2025-07-25,active,2025-02-02,2028-02-02
1408,868,5872032383227049,mastercard,33000,16500.0,0.234,330.0,2025-07-20,active,2025-06-07,2028-06-07
1409,869,385924580233108,amex,8500,850.0,0.1661,25,2025-07-24,active,2025-06-15,2030-06-15
1410,869,4438827374909944,visa,44000,22000.0,0.1894,440.0,2025-08-14,active,2025-07-10,2028-07-10
1411,870,5406214613354733,mastercard,41000,12300.0,0.1419,246.0,2025-08-09,active,2024-10-23,2027-10-23
1412,870,6348141577180749,discover,20000,10000.0,0.2177,200.0,2025-08-05,blocked,2023-11-13,2026-11-13
1413,871,328514190827457,amex,30500,9150.0,0.1735,183.0,2025-08-12,active,2024-11-13,2028-11-13
1414,871,307633736435371,amex,32000,9600.0,0.158,192.0,2025-07-23,active,2024-08-09,2027-08-09
1415,872,383042863231026,amex,31500,9450.0,0.1616,189.0,2025-07-31,active,2023-04-26,2028-04-26
1416,873,6735216083402897,discover,13000,1300.0,0.2003,26.0,2025-08-09,active,2025-03-21,2028-03-21
1417,874,6479353956215426,discover,58000,46400.0,0.1791,928.0,2025-07-18,expired,2023-03-02,2027-03-02
1418,874,5670136191667322,mastercard,97000,48500.0,0.2157,970.0,2025-07-30,active,2023-02-17,2028-02-17
1419,874,314477204533769,amex,100000,95000.0,0.1978,1900.0,2025-08-07,active,2024-12-28,2028-12-28
1420,875,5960630079823389,mastercard,15500,7750.0,0.185,155.0,2025-08-09,active,2024-02-10,2028-02-10
1421,875,5921187816269877,mastercard,40500,20250.0,0.2162,405.0,2025-07-19,blocked,2024-07-06,2028-07-06
1422,876,6344685009479479,discover,46500,23250.0,0.1504,465.0,2025-08-05,active,2024-07-06,2029-07-06
1423,877,6290879296863677,discover,59500,0.0,0.2011,25,2025-07-28,active,2023-07-12,2026-07-12
1424,877,6007550408413838,discover,31000,9300.0,0.1327,186.0,2025-07-30,active,2024-05-06,2027-05-06
1425,877,5079077988618256,mastercard,17500,5250.0,0.1738,105.0,2025-07-24,active,2025-02-02,2028-02-02
1426,878,4222446616517586,visa,27000,2700.0,0.2491,54.0,2025-08-12,active,2024-12-09,2028-12-09
1427,879,5883392384099126,mastercard,52500,5250.0,0.1792,105.0,2025-08-09,active,2025-06-13,2028-06-13
1428,879,327359840705472,amex,38500,11550.0,0.1373,231.0,2025-07-24,active,2025-04-04,2030-04-04
1429,879,5967947189166807,mastercard,29500,2950.0,0.1349,59.0,2025-07-17,active,2025-04-27,2030-04-27
1430,880,6600220036423822,discover,88500,26550.0,0.1615,531.0,2025-07-20,active,2024-06-14,2028-06-14
1431,880,356212025409411,amex,68000,6800.0,0.2223,136.0,2025-07-26,active,2024-04-14,2029-04-14
1432,881,6569836495092628,discover,19500,0.0,0.1682,25,2025-07-31,active,2025-06-29,2029-06-29
1433,882,4430614328858994,visa,71500,7150.0,0.198,143.0,2025-08-03,active,2025-03-06,2028-03-06
1434,882,4892371044907113,visa,14500,4350.0,0.153,87.0,2025-08-02,expired,2025-04-28,2029-04-28
1435,882,6858039127790538,discover,17500,14000.0,0.1633,280.0,2025-08-08,active,2025-05-20,2029-05-20
1436,882,5429703977338004,mastercard,74500,22350.0,0.1533,447.0,2025-08-11,active,2025-06-30,2028-06-30
1437,883,341042320086586,amex,61000,18300.0,0.238,366.0,2025-07-22,blocked,2024-10-31,2029-10-31
1438,883,4934211474675732,visa,23500,7050.0,0.2121,141.0,2025-07-24,active,2025-01-12,2028-01-12
1439,884,4243219792476174,visa,8500,6800.0,0.1626,136.0,2025-08-07,active,2020-11-25,2023-11-25
1440,884,6841727340697541,discover,7000,3500.0,0.1699,70.0,2025-08-07,active,2021-11-26,2024-11-26
1441,885,308922983092213,amex,60500,48400.0,0.124,968.0,2025-08-06,active,2025-06-22,2029-06-22
1442,885,6072943062873451,discover,51000,5100.0,0.168,102.0,2025-07-19,active,2025-06-20,2030-06-20
1443,885,358679316027863,amex,49500,47025.0,0.1585,940.5,2025-08-14,active,2025-07-09,2030-07-09
1444,886,4280695521109531,visa,85500,25650.0,0.1634,513.0,2025-08-10,active,2025-06-13,2028-06-13
1445,886,6134112928810423,discover,72000,21600.0,0.1435,432.0,2025-07-30,active,2025-05-26,2030-05-26
1446,887,308554885980690,amex,54000,5400.0,0.1953,108.0,2025-08-02,active,2022-05-16,2025-05-16
1447,888,398440602690959,amex,42000,12600.0,0.1649,252.0,2025-08-05,active,2025-04-05,2028-04-05
1448,889,5077730881530293,mastercard,24500,7350.0,0.244,147.0,2025-08-10,blocked,2024-02-14,2027-02-14
1449,889,6925384127913253,discover,21500,2150.0,0.2114,43.0,2025-08-01,active,2024-03-28,2027-03-28
1450,890,4416274221211544,visa,38000,11400.0,0.2397,228.0,2025-08-09,active,2024-09-21,2029-09-21
1451,890,6101681071377973,discover,27000,2700.0,0.2024,54.0,2025-07-26,blocked,2023-11-24,2028-11-24
1452,890,6073720403240440,discover,80000,24000.0,0.1298,480.0,2025-08-02,active,2024-02-22,2027-02-22
1453,891,5436145501290431,mastercard,100000,30000.0,0.247,600.0,2025-08-02,active,2022-11-06,2027-11-06
1454,891,6469836332094816,discover,80000,24000.0,0.1448,480.0,2025-08-13,active,2024-10-19,2028-10-19
1455,892,6014618702739246,discover,46500,13950.0,0.2215,279.0,2025-07-18,active,2023-12-09,2028-12-09
1456,892,5508823243969647,mastercard,52000,5200.0,0.1477,104.0,2025-07-20,active,2025-02-24,2029-02-24
1457,893,5921332406186946,mastercard,100000,30000.0,0.1715,600.0,2025-08-11,blocked,2022-01-18,2026-01-18
1458,893,305695826169134,amex,100000,10000.0,0.2187,200.0,2025-08-06,active,2023-03-08,2028-03-08
1459,894,5562197476044042,mastercard,25500,20400.0,0.1575,408.0,2025-08-07,active,2024-03-03,2027-03-03
1460,895,6046430072476605,discover,6500,0.0,0.2292,25,2025-08-04,active,2023-01-13,2026-01-13
1461,896,6693777242427841,discover,18000,1800.0,0.2067,36.0,2025-08-05,active,2024-01-01,2029-01-01
1462,896,5826124998779994,mastercard,54000,27000.0,0.1295,540.0,2025-07-25,active,2025-05-09,2030-05-09
1463,897,6561040867325868,discover,30000,3000.0,0.1293,60.0,2025-07-28,active,2022-07-30,2027-07-30
1464,898,369386512054152,amex,20500,16400.0,0.2148,328.0,2025-08-01,active,2025-07-14,2028-07-14
1465,898,6016962023362706,discover,84000,25200.0,0.2076,504.0,2025-07-18,active,2025-07-12,2028-07-12
1466,899,5354351290458963,mastercard,64500,51600.0,0.2291,1032.0,2025-08-14,active,2025-07-10,2029-07-10
1467,899,300451066605880,amex,38000,19000.0,0.1403,380.0,2025-07-24,active,2024-03-14,2029-03-14
1468,900,5225702116866028,mastercard,74000,0.0,0.2422,25,2025-07-21,active,2024-03-10,2029-03-10
1469,900,6569178154836115,discover,92500,9250.0,0.1487,185.0,2025-07-28,active,2022-02-16,2027-02-16
1470,900,393474303426784,amex,73000,36500.0,0.2242,730.0,2025-07-29,active,2025-04-30,2029-04-30
1471,901,368160964057876,amex,23000,2300.0,0.2191,46.0,2025-08-08,expired,2024-09-05,2027-09-05
1472,901,6147307480279727,discover,56000,16800.0,0.1345,336.0,2025-08-03,active,2023-06-22,2026-06-22
1473,901,365217456589884,amex,52000,26000.0,0.1751,520.0,2025-07-25,active,2023-06-08,2028-06-08
1474,902,6841457955738156,discover,46500,0.0,0.2421,25,2025-07-31,active,2025-04-03,2030-04-03
1475,902,6130232763916949,discover,37500,3750.0,0.2464,75.0,2025-08-11,active,2025-07-09,2028-07-09
1476,903,396471817534096,amex,87000,26100.0,0.1947,522.0,2025-08-05,active,2023-11-03,2028-11-03
1477,903,4175634406021091,visa,100000,50000.0,0.1763,1000.0,2025-07-29,active,2024-08-11,2027-08-11
1478,904,6833226373196824,discover,90500,45250.0,0.1956,905.0,2025-07-18,active,2022-03-07,2026-03-07
1479,904,6897267156914701,discover,100000,0.0,0.2275,25,2025-08-02,active,2021-12-23,2026-12-23
1480,905,341646071500665,amex,24000,12000.0,0.1631,240.0,2025-07-22,active,2021-06-30,2026-06-30
1481,906,6859222200659774,discover,29500,8850.0,0.1586,177.0,2025-07-20,active,2025-04-03,2028-04-03
1482,907,320687217046687,amex,70000,0.0,0.2447,25,2025-08-10,active,2025-04-28,2028-04-28
1483,907,6962116712304658,discover,71500,7150.0,0.2249,143.0,2025-08-04,active,2024-09-27,2028-09-27
1484,908,4665813662220861,visa,52500,15750.0,0.1381,315.0,2025-07-23,active,2025-07-05,2028-07-05
1485,909,6399478348814608,discover,20500,10250.0,0.2105,205.0,2025-07-25,active,2021-07-22,2025-07-22
1486,909,334441756661962,amex,35500,10650.0,0.1421,213.0,2025-07-23,active,2021-03-26,2024-03-26
1487,911,6610321658087267,discover,15500,4650.0,0.1632,93.0,2025-07-18,active,2022-09-11,2027-09-11
1488,912,4904581672919304,visa,81000,24300.0,0.1314,486.0,2025-08-02,active,2025-06-13,2028-06-13
1489,912,6311876567224128,discover,16500,1650.0,0.2146,33.0,2025-08-07,active,2025-06-29,2029-06-29
1490,912,4195992224924440,visa,81000,8100.0,0.2404,162.0,2025-08-13,active,2025-06-30,2029-06-30
1491,913,5097648618382559,mastercard,73000,21900.0,0.1485,438.0,2025-08-10,active,2024-09-29,2028-09-29
1492,913,356051820808617,amex,24500,7350.0,0.1884,147.0,2025-08-14,active,2025-04-19,2028-04-19
1493,914,6324205703659592,discover,98500,29550.0,0.1233,591.0,2025-08-08,active,2025-04-03,2029-04-03
1494,914,5904699811721370,mastercard,91500,45750.0,0.176,915.0,2025-07-18,active,2025-01-24,2030-01-24
1495,915,6022410262108308,discover,53500,16050.0,0.1224,321.0,2025-08-10,expired,2023-11-14,2026-11-14
1496,916,4938415311892307,visa,17000,1700.0,0.1499,34.0,2025-07-30,active,2023-11-25,2026-11-25
1497,917,6713042387680900,discover,21500,2150.0,0.2257,43.0,2025-08-08,active,2025-03-15,2029-03-15
1498,918,6097852539913854,discover,11000,3300.0,0.1359,66.0,2025-08-07,active,2024-12-25,2027-12-25
1499,919,319544233440258,amex,36500,10950.0,0.244,219.0,2025-08-10,active,2025-04-26,2030-04-26
1500,919,5171087485315996,mastercard,19000,5700.0,0.2271,114.0,2025-08-07,active,2023-04-09,2028-04-09
1501,919,347775388176835,amex,82500,24750.0,0.1558,495.0,2025-08-01,active,2022-09-21,2025-09-21
1502,920,4621989744693168,visa,13500,6750.0,0.2248,135.0,2025-08-12,active,2024-09-26,2027-09-26
1503,920,4649190704451964,visa,44000,13200.0,0.2334,264.0,2025-07-23,active,2025-02-15,2030-02-15
1504,921,4174842524671930,visa,92000,0.0,0.2388,25,2025-08-05,active,2023-03-02,2028-03-02
1505,921,5908753589832435,mastercard,81500,24450.0,0.2406,489.0,2025-08-08,active,2024-10-04,2029-10-04
1506,922,5331695432324693,mastercard,88000,70400.0,0.136,1408.0,2025-08-04,active,2025-06-06,2029-06-06
1507,922,6772043971888427,discover,54000,5400.0,0.1689,108.0,2025-08-04,active,2025-04-06,2030-04-06
1508,923,5928403476964544,mastercard,34500,3450.0,0.1711,69.0,2025-08-04,active,2024-05-30,2028-05-30
1509,924,5693080118721398,mastercard,15000,1500.0,0.1222,30.0,2025-07-21,active,2024-05-10,2029-05-10
1510,925,372386160186191,amex,45000,13500.0,0.2405,270.0,2025-08-09,expired,2024-09-21,2029-09-21
1511,925,4695805184047735,visa,89500,26850.0,0.225,537.0,2025-08-01,active,2024-02-21,2027-02-21
1512,926,6322855633660235,discover,19000,1900.0,0.2224,38.0,2025-07-31,active,2023-05-30,2028-05-30
1513,927,5891305102719058,mastercard,39500,3950.0,0.1798,79.0,2025-08-12,active,2022-12-04,2026-12-04
1514,928,5330947976885434,mastercard,11500,1150.0,0.1622,25,2025-07-20,active,2024-10-31,2028-10-31
1515,928,6333003047166234,discover,24000,12000.0,0.1522,240.0,2025-08-05,active,2023-08-30,2027-08-30
1516,929,4940011295207818,visa,58000,17400.0,0.2054,348.0,2025-07-19,active,2024-05-25,2029-05-25
1517,929,5707043737514353,mastercard,27000,13500.0,0.2165,270.0,2025-07-29,active,2023-06-04,2027-06-04
1518,929,376600974909126,amex,15000,4500.0,0.1494,90.0,2025-08-02,active,2022-03-24,2027-03-24
1519,930,394004896560846,amex,9000,4500.0,0.2071,90.0,2025-08-04,active,2024-09-13,2028-09-13
1520,931,6755612340015229,discover,48500,38800.0,0.1233,776.0,2025-07-18,active,2021-04-12,2025-04-12
1521,931,320121722094342,amex,34000,3400.0,0.1873,68.0,2025-07-20,active,2022-03-08,2025-03-08
1522,931,377873413723073,amex,55000,0.0,0.1329,25,2025-07-22,active,2022-11-25,2026-11-25
1523,933,335258535599515,amex,13000,3900.0,0.246,78.0,2025-07-23,active,2023-07-14,2026-07-14
1524,934,330884860641442,amex,20500,6150.0,0.2251,123.0,2025-08-07,active,2025-02-23,2030-02-23
1525,935,6579015508806395,discover,19000,1900.0,0.1632,38.0,2025-07-27,active,2025-07-04,2029-07-04
1526,935,5965370476809856,mastercard,16500,4950.0,0.127,99.0,2025-07-19,active,2025-02-08,2029-02-08
1527,936,6554701429503369,discover,11000,0.0,0.1907,25,2025-07-25,active,2023-12-28,2027-12-28
1528,937,398046065349309,amex,15000,1500.0,0.2327,30.0,2025-08-14,blocked,2025-06-27,2029-06-27
1529,937,6055773904554362,discover,25500,2550.0,0.1305,51.0,2025-08-05,expired,2025-06-14,2028-06-14
1530,938,4811038773800778,visa,26500,7950.0,0.1322,159.0,2025-08-03,active,2025-05-25,2030-05-25
1531,939,6668843316509833,discover,89500,71600.0,0.1286,1432.0,2025-07-21,active,2025-04-05,2030-04-05
1532,939,4140543934698984,visa,78000,23400.0,0.1519,468.0,2025-08-13,active,2024-01-30,2029-01-30
1533,939,6258015358496200,discover,61500,30750.0,0.2292,615.0,2025-07-17,active,2023-04-25,2026-04-25
1534,940,6017385555505181,discover,80500,8050.0,0.2303,161.0,2025-08-14,active,2025-01-30,2029-01-30
1535,940,6624436770411080,discover,94500,9450.0,0.2353,189.0,2025-08-05,active,2021-06-08,2026-06-08
1536,941,397489564252753,amex,29500,2950.0,0.1835,59.0,2025-08-03,blocked,2024-04-30,2028-04-30
1537,941,6256563373434889,discover,6000,3000.0,0.1279,60.0,2025-08-09,active,2024-04-13,2029-04-13
1538,942,5012776066259578,mastercard,55500,5550.0,0.1588,111.0,2025-07-19,active,2025-04-06,2029-04-06
1539,942,5172742194047891,mastercard,33500,10050.0,0.1824,201.0,2025-07-29,active,2023-10-01,2027-10-01
1540,943,4263827941455097,visa,39500,19750.0,0.1454,395.0,2025-07-17,active,2024-06-02,2027-06-02
1541,944,5429852704973444,mastercard,8000,4000.0,0.2248,80.0,2025-07-25,active,2024-08-07,2027-08-07
1542,945,4311015221815958,visa,39000,19500.0,0.1413,390.0,2025-07-29,active,2023-07-18,2026-07-18
1543,945,6088232351139522,discover,48000,14400.0,0.1544,288.0,2025-08-06,active,2022-05-14,2027-05-14
1544,946,6810132470730814,discover,15000,0.0,0.1435,25,2025-07-23,active,2023-09-12,2027-09-12
1545,946,345173301654876,amex,53000,5300.0,0.189,106.0,2025-08-11,active,2024-07-05,2028-07-05
1546,947,351728642136017,amex,20500,16400.0,0.1595,328.0,2025-07-31,blocked,2025-07-01,2028-07-01
1547,948,5945319651644180,mastercard,25500,12750.0,0.2312,255.0,2025-07-16,active,2023-02-17,2027-02-17
1548,949,4942079619909798,visa,10000,5000.0,0.1628,100.0,2025-08-03,active,2024-11-08,2028-11-08
1549,950,4878157491671656,visa,20000,10000.0,0.2078,200.0,2025-08-01,active,2023-10-05,2026-10-05
1550,950,316820385285794,amex,46500,23250.0,0.2331,465.0,2025-07-26,blocked,2021-06-14,2024-06-14
1551,951,4689851188116787,visa,72500,21750.0,0.1865,435.0,2025-07-17,active,2023-06-08,2027-06-08
1552,951,6675716954023134,discover,40000,12000.0,0.17,240.0,2025-07-22,active,2023-05-23,2028-05-23
1553,952,6139570016845122,discover,16500,4950.0,0.235,99.0,2025-07-17,active,2025-03-03,2029-03-03
1554,952,5038147604096262,mastercard,21000,6300.0,0.245,126.0,2025-07-20,active,2025-05-31,2030-05-31
1555,953,5762109853272720,mastercard,27000,8100.0,0.1802,162.0,2025-07-24,active,2023-02-05,2027-02-05
1556,953,6303753745088306,discover,23000,2300.0,0.1933,46.0,2025-08-01,active,2023-10-26,2026-10-26
1557,954,6729427919163798,discover,63500,6350.0,0.155,127.0,2025-08-14,active,2025-03-17,2028-03-17
1558,954,5397970877015242,mastercard,9000,2700.0,0.1523,54.0,2025-07-17,blocked,2025-05-17,2029-05-17
1559,955,4036740092542709,visa,29000,14500.0,0.134,290.0,2025-08-12,active,2024-07-10,2027-07-10
1560,956,330714883054508,amex,21000,2100.0,0.2028,42.0,2025-08-06,active,2024-11-21,2028-11-21
1561,957,4974884674822328,visa,35000,10500.0,0.1415,210.0,2025-07-26,active,2025-07-15,2029-07-15
1562,958,6426588406612450,discover,44000,0.0,0.1763,25,2025-07-17,active,2024-11-18,2027-11-18
1563,959,4811607621096926,visa,32000,9600.0,0.132,192.0,2025-08-02,active,2025-02-03,2028-02-03
1564,960,5141092443295405,mastercard,8500,0.0,0.2113,25,2025-07-25,active,2024-09-04,2029-09-04
1565,961,6247273188970604,discover,17500,1750.0,0.1385,35.0,2025-07-22,active,2022-03-02,2026-03-02
1566,962,4673421421140781,visa,27500,8250.0,0.2063,165.0,2025-08-11,active,2022-01-31,2026-01-31
1567,962,6038394271342470,discover,8500,2550.0,0.237,51.0,2025-08-06,active,2023-02-14,2028-02-14
1568,963,6164004895241434,discover,100000,10000.0,0.2128,200.0,2025-07-27,active,2025-07-01,2030-07-01
1569,963,6180120633575997,discover,79000,7900.0,0.1977,158.0,2025-07-26,active,2025-06-10,2029-06-10
1570,964,6766749134816940,discover,34000,3400.0,0.1592,68.0,2025-07-20,active,2024-03-02,2027-03-02
1571,964,332442146100498,amex,34000,10200.0,0.2428,204.0,2025-07-17,active,2024-02-10,2028-02-10
1572,965,5651469059183765,mastercard,36500,18250.0,0.1794,365.0,2025-08-09,active,2024-06-28,2029-06-28
1573,966,310807509503545,amex,25000,2500.0,0.2384,50.0,2025-07-24,active,2024-05-26,2027-05-26
1574,967,5085950312155959,mastercard,31000,3100.0,0.1679,62.0,2025-08-09,active,2024-01-03,2029-01-03
1575,967,6166553601811703,discover,17000,5100.0,0.1257,102.0,2025-07-23,active,2021-04-16,2026-04-16
1576,968,349179216514811,amex,36000,3600.0,0.2367,72.0,2025-07-29,active,2024-07-14,2028-07-14
1577,969,5702153845035599,mastercard,12500,1250.0,0.1491,25,2025-07-22,active,2025-05-02,2029-05-02
1578,969,4243466629136215,visa,7000,700.0,0.1559,25,2025-08-12,active,2025-02-04,2030-02-04
1579,970,361205849844753,amex,13500,6750.0,0.1753,135.0,2025-07-17,active,2024-09-04,2027-09-04
1580,970,5353336941751800,mastercard,41000,4100.0,0.1655,82.0,2025-07-27,active,2023-09-21,2028-09-21
1581,970,5868612358790507,mastercard,44500,4450.0,0.2113,89.0,2025-08-04,active,2022-05-12,2025-05-12
1582,971,363666731396286,amex,26500,21200.0,0.1908,424.0,2025-07-30,active,2023-12-27,2026-12-27
1583,971,4214359393942728,visa,23500,2350.0,0.2384,47.0,2025-08-02,active,2025-05-21,2028-05-21
1584,972,6040287447706481,discover,18000,5400.0,0.1638,108.0,2025-08-01,expired,2023-10-29,2026-10-29
1585,973,342350688439393,amex,29500,14750.0,0.171,295.0,2025-07-20,active,2024-07-14,2027-07-14
1586,974,4929478745456031,visa,50000,5000.0,0.1856,100.0,2025-08-11,active,2025-02-14,2029-02-14
1587,975,381296454827719,amex,25000,12500.0,0.1305,250.0,2025-08-05,active,2024-11-19,2029-11-19
1588,976,5644772911884401,mastercard,7000,3500.0,0.2213,70.0,2025-07-16,active,2023-03-24,2027-03-24
1589,977,6172588284427180,discover,14000,4200.0,0.1624,84.0,2025-08-14,active,2025-03-06,2029-03-06
1590,977,312174475636518,amex,19000,5700.0,0.1231,114.0,2025-07-30,active,2025-02-22,2029-02-22
1591,977,4250682120358139,visa,18500,9250.0,0.1778,185.0,2025-08-04,active,2025-06-08,2030-06-08
1592,978,6245240558972359,discover,24500,23275.0,0.2484,465.5,2025-08-04,active,2021-04-05,2026-04-05
1593,979,5292977025984585,mastercard,40500,32400.0,0.1377,648.0,2025-08-11,active,2023-05-28,2027-05-28
1594,979,6291298967335370,discover,39000,31200.0,0.217,624.0,2025-07-20,active,2025-03-09,2029-03-09
1595,979,4955763295166215,visa,13000,0.0,0.2026,25,2025-08-11,active,2025-07-07,2029-07-07
1596,980,370303663860268,amex,100000,10000.0,0.2085,200.0,2025-07-26,blocked,2023-11-02,2026-11-02
1597,980,331886585228876,amex,58000,46400.0,0.178,928.0,2025-07-30,active,2025-05-26,2028-05-26
1598,980,310588287035171,amex,81500,0.0,0.155,25,2025-08-08,active,2024-08-03,2029-08-03
1599,981,4970644071253461,visa,17500,8750.0,0.2299,175.0,2025-07-26,active,2025-02-05,2029-02-05
1600,982,5782015811308395,mastercard,61500,18450.0,0.1297,369.0,2025-07-29,active,2022-01-06,2025-01-06
1601,983,322345089607137,amex,31000,15500.0,0.225,310.0,2025-07-16,active,2025-02-24,2029-02-24
1602,984,6050640511832840,discover,8500,4250.0,0.1326,85.0,2025-07-25,active,2025-04-14,2030-04-14
1603,985,5531732461552241,mastercard,22000,2200.0,0.2411,44.0,2025-07-18,active,2025-04-02,2028-04-02
1604,986,5658352738396885,mastercard,37500,3750.0,0.2131,75.0,2025-07-29,expired,2024-09-02,2027-09-02
1605,987,370931957996591,amex,22500,11250.0,0.1517,225.0,2025-08-08,active,2023-04-09,2028-04-09
1606,987,393078457844902,amex,22000,11000.0,0.1824,220.0,2025-08-13,active,2023-07-27,2026-07-27
1607,987,6502860118376910,discover,56000,28000.0,0.2221,560.0,2025-08-13,active,2025-02-13,2028-02-13
1608,988,5780110470844445,mastercard,9000,2700.0,0.1374,54.0,2025-07-28,active,2024-04-14,2029-04-14
1609,989,311094526582165,amex,60500,18150.0,0.159,363.0,2025-07-29,active,2023-12-02,2026-12-02
1610,990,6641437722285569,discover,9500,0.0,0.2293,25,2025-07-24,active,2025-03-23,2028-03-23
1611,990,4073276199037773,visa,31000,9300.0,0.1212,186.0,2025-07-21,active,2025-02-25,2028-02-25
1612,991,393358515149400,amex,86500,43250.0,0.24,865.0,2025-07-29,active,2023-12-03,2027-12-03
1613,991,6988118821076059,discover,56000,5600.0,0.1896,112.0,2025-08-05,active,2023-03-09,2027-03-09
1614,992,337769673254966,amex,28000,2800.0,0.222,56.0,2025-07-21,active,2021-11-09,2025-11-09
1615,993,5380571216629668,mastercard,55000,27500.0,0.1436,550.0,2025-07-23,active,2024-12-04,2029-12-04
1616,993,326854460688958,amex,33500,16750.0,0.2218,335.0,2025-07-23,expired,2024-10-13,2029-10-13
1617,994,5304421795348564,mastercard,12000,6000.0,0.1218,120.0,2025-07-25,active,2023-11-19,2028-11-19
1618,995,316316641700033,amex,38500,3850.0,0.1221,77.0,2025-08-11,active,2024-03-17,2029-03-17
1619,996,4660580856902891,visa,24000,2400.0,0.1268,48.0,2025-08-13,active,2025-05-29,2029-05-29
1620,996,320753087722696,amex,14000,7000.0,0.241,140.0,2025-07-23,active,2025-07-06,2029-07-06
1621,997,6015008585491465,discover,28500,8550.0,0.2365,171.0,2025-08-10,active,2022-02-21,2026-02-21
1622,998,326171867096837,amex,8500,2550.0,0.2498,51.0,2025-08-09,active,2024-09-25,2027-09-25
1623,999,6133258196348130,discover,36500,29200.0,0.2084,584.0,2025-07-23,active,2022-10-17,2026-10-17
1624,1000,6915393058187624,discover,35500,10650.0,0.2399,213.0,2025-07-28,active,2024-07-05,2028-07-05
1625,1000,4958161893298653,visa,31000,0.0,0.2206,25,2025-07-25,active,2025-02-08,2029-02-08
1626,1001,303743612514261,amex,18500,5550.0,0.208,111.0,2025-07-20,active,2025-03-27,2030-03-27
1627,1002,4933873006032897,visa,14000,0.0,0.1666,25,2025-07-30,active,2025-05-19,2030-05-19
1628,1003,310894520725940,amex,33500,10050.0,0.1701,201.0,2025-08-03,active,2025-05-27,2029-05-27
1629,1003,4984552255494228,visa,12500,10000.0,0.1537,200.0,2025-08-13,active,2025-06-15,2028-06-15
1630,1004,386133330561311,amex,10000,1000.0,0.2053,25,2025-07-23,active,2025-01-06,2030-01-06
1631,1005,6790821352211118,discover,27000,13500.0,0.2428,270.0,2025-08-02,active,2025-06-06,2028-06-06
1632,1005,5330913891986020,mastercard,28000,8400.0,0.193,168.0,2025-07-29,active,2025-05-18,2028-05-18
1633,1006,4433586283588058,visa,40000,4000.0,0.1832,80.0,2025-08-11,active,2024-06-01,2028-06-01
1634,1006,6902446442359864,discover,39500,11850.0,0.1237,237.0,2025-08-08,blocked,2024-05-11,2028-05-11
1635,1007,5907542248980147,mastercard,24000,7200.0,0.195,144.0,2025-08-09,active,2024-05-10,2029-05-10
1636,1008,4596586681403484,visa,13000,3900.0,0.1622,78.0,2025-07-29,active,2023-11-13,2027-11-13
1637,1009,5633457081175966,mastercard,38000,11400.0,0.2438,228.0,2025-07-25,active,2025-05-28,2028-05-28
1638,1009,390895710706114,amex,22000,2200.0,0.1417,44.0,2025-07-22,active,2023-03-10,2026-03-10
1639,1010,4658552295094436,visa,89000,26700.0,0.1553,534.0,2025-08-01,active,2023-06-08,2028-06-08
1640,1010,6181745757682636,discover,39000,11700.0,0.2083,234.0,2025-08-05,active,2025-01-21,2030-01-21
1641,1011,5036590774674334,mastercard,100000,80000.0,0.2119,1600.0,2025-07-30,active,2022-06-14,2027-06-14
1642,1011,4333431727496318,visa,67000,33500.0,0.1505,670.0,2025-07-24,active,2025-04-03,2029-04-03
1643,1011,4158526323107857,visa,40500,20250.0,0.2094,405.0,2025-07-25,active,2025-01-26,2030-01-26
1644,1012,4118668272634018,visa,18500,1850.0,0.1568,37.0,2025-07-30,active,2024-06-17,2027-06-17
1645,1012,4827151319482882,visa,20500,2050.0,0.2108,41.0,2025-07-24,active,2024-01-08,2028-01-08
1646,1013,4886835473745714,visa,22000,2200.0,0.2473,44.0,2025-07-30,active,2025-06-19,2030-06-19
1647,1014,5198071233678121,mastercard,100000,30000.0,0.1551,600.0,2025-08-10,active,2025-01-30,2029-01-30
1648,1014,6704145886136432,discover,100000,30000.0,0.1933,600.0,2025-08-13,blocked,2024-12-16,2028-12-16
1649,1015,6755484004210997,discover,9500,4750.0,0.1876,95.0,2025-07-26,active,2025-02-04,2030-02-04
1650,1016,6679399278360798,discover,9000,2700.0,0.2305,54.0,2025-07-31,active,2022-06-17,2027-06-17
1651,1016,5079833810136240,mastercard,45000,36000.0,0.1448,720.0,2025-08-04,active,2025-01-25,2030-01-25
1652,1017,367445632250546,amex,50000,15000.0,0.1879,300.0,2025-08-01,active,2024-09-06,2029-09-06
1653,1017,4595474200289234,visa,25000,12500.0,0.1789,250.0,2025-07-19,expired,2023-12-30,2028-12-30
1654,1018,4137249288409696,visa,58000,5800.0,0.149,116.0,2025-08-06,active,2025-05-02,2029-05-02
1655,1018,4220721598056022,visa,22000,6600.0,0.1845,132.0,2025-07-17,active,2025-03-20,2029-03-20
1656,1019,5780068409642938,mastercard,32500,0.0,0.1676,25,2025-07-30,active,2024-03-05,2028-03-05
1657,1020,4082244913061085,visa,81500,40750.0,0.2252,815.0,2025-07-17,active,2022-11-03,2027-11-03
1658,1020,4641511822241329,visa,63500,19050.0,0.1301,381.0,2025-07-20,active,2023-02-24,2026-02-24
1659,1021,4399285814273502,visa,46500,13950.0,0.2127,279.0,2025-08-10,blocked,2023-03-01,2026-03-01
1660,1022,4995321059784281,visa,74000,0.0,0.2412,25,2025-08-12,active,2025-07-06,2029-07-06
1661,1022,319979817630191,amex,64500,6450.0,0.1559,129.0,2025-08-14,active,2025-04-08,2029-04-08
1662,1022,6014104882064562,discover,35500,10650.0,0.1239,213.0,2025-07-16,active,2025-06-16,2030-06-16
1663,1023,6529397252056567,discover,28000,8400.0,0.1323,168.0,2025-08-09,active,2025-02-18,2030-02-18
1664,1023,5794401305972533,mastercard,95000,0.0,0.1415,25,2025-08-09,active,2025-03-06,2030-03-06
1665,1024,4686887861920228,visa,7000,2100.0,0.1576,42.0,2025-07-24,active,2025-04-22,2029-04-22
1666,1025,350156225848190,amex,3500,1750.0,0.1578,35.0,2025-08-11,active,2024-03-01,2027-03-01
1667,1026,4470564971729126,visa,10000,3000.0,0.1608,60.0,2025-07-23,active,2025-05-09,2028-05-09
1668,1027,330926978833102,amex,10000,1000.0,0.1643,25,2025-07-20,active,2025-06-01,2030-06-01
1669,1028,4344058565951974,visa,7000,2100.0,0.2202,42.0,2025-07-17,active,2023-01-16,2028-01-16
1670,1029,392095455491283,amex,25500,24225.0,0.2248,484.5,2025-08-13,active,2024-06-16,2027-06-16
1671,1029,342283299587427,amex,28000,22400.0,0.2164,448.0,2025-07-16,active,2025-03-13,2029-03-13
1672,1030,4947864163882810,visa,28000,8400.0,0.2288,168.0,2025-08-09,active,2025-04-01,2030-04-01
1673,1030,362311665563630,amex,15000,1500.0,0.1584,30.0,2025-08-06,active,2024-11-04,2029-11-04
1674,1031,4564075569414673,visa,20500,10250.0,0.2441,205.0,2025-07-20,active,2024-09-03,2029-09-03
1675,1032,5577416165665764,mastercard,77000,23100.0,0.1476,462.0,2025-07-28,active,2021-01-15,2025-01-15
1676,1032,4106967969392496,visa,61000,6100.0,0.1605,122.0,2025-07-22,active,2021-10-31,2024-10-31
1677,1033,362837947741733,amex,26000,2600.0,0.2161,52.0,2025-07-17,active,2025-06-03,2029-06-03
1678,1033,6760534503581654,discover,44500,35600.0,0.2384,712.0,2025-07-17,active,2025-07-11,2030-07-11
1679,1034,387608576460363,amex,97500,9750.0,0.1369,195.0,2025-08-09,active,2024-12-23,2028-12-23
1680,1034,5173665667390607,mastercard,48000,14400.0,0.2085,288.0,2025-08-09,active,2024-12-18,2028-12-18
1681,1035,6614766571640226,discover,11500,1150.0,0.2057,25,2025-07-20,active,2022-01-11,2027-01-11
1682,1035,357244917648261,amex,14000,11200.0,0.2027,224.0,2025-07-16,active,2023-02-06,2028-02-06
1683,1036,4833807033156670,visa,39000,11700.0,0.2272,234.0,2025-08-05,expired,2024-10-06,2027-10-06
1684,1036,319838606962498,amex,65500,19650.0,0.1742,393.0,2025-08-03,active,2025-02-18,2029-02-18
1685,1036,6586380404416166,discover,15000,1500.0,0.2482,30.0,2025-07-19,active,2025-03-06,2030-03-06
1686,1036,385396104808805,amex,12000,1200.0,0.1822,25,2025-07-24,expired,2025-06-21,2030-06-21
1687,1037,384024938713899,amex,38000,11400.0,0.1939,228.0,2025-07-23,active,2023-04-04,2027-04-04
1688,1037,345890573019952,amex,24000,12000.0,0.2196,240.0,2025-08-07,active,2024-09-04,2027-09-04
1689,1038,356636305128163,amex,72500,7250.0,0.1961,145.0,2025-07-23,active,2025-04-01,2030-04-01
1690,1038,5856836957001503,mastercard,100000,10000.0,0.1355,200.0,2025-08-12,active,2024-10-11,2027-10-11
1691,1038,362134335712057,amex,70000,7000.0,0.1367,140.0,2025-07-18,active,2024-11-21,2029-11-21
1692,1039,6287024564531076,discover,7500,2250.0,0.2112,45.0,2025-07-31,active,2025-03-07,2030-03-07
1693,1039,6089674435934571,discover,46000,13800.0,0.2075,276.0,2025-08-12,active,2023-11-16,2028-11-16
1694,1040,6061013231230367,discover,36000,3600.0,0.1855,72.0,2025-07-30,active,2023-10-05,2027-10-05
1695,1041,4350342062895804,visa,39000,11700.0,0.236,234.0,2025-08-02,active,2024-06-16,2028-06-16
1696,1041,4688392114367858,visa,63500,0.0,0.1452,25,2025-08-10,active,2024-11-25,2027-11-25
1697,1041,6668293007370387,discover,63500,6350.0,0.1578,127.0,2025-07-29,active,2025-05-20,2029-05-20
1698,1042,5570445542835887,mastercard,13000,1300.0,0.1424,26.0,2025-07-17,active,2024-08-01,2028-08-01
1699,1043,379489830186080,amex,99000,9900.0,0.1678,198.0,2025-08-07,blocked,2025-07-15,2029-07-15
1700,1043,367600427098396,amex,100000,10000.0,0.2158,200.0,2025-08-12,active,2025-07-12,2029-07-12
1701,1044,5380536347167804,mastercard,64500,6450.0,0.2048,129.0,2025-08-10,expired,2024-12-28,2028-12-28
1702,1044,345292582491480,amex,13000,3900.0,0.1537,78.0,2025-08-03,active,2024-05-14,2028-05-14
1703,1045,4587686946184165,visa,17000,0.0,0.1538,25,2025-08-06,active,2025-06-05,2028-06-05
1704,1046,4056632624630257,visa,33000,3300.0,0.1739,66.0,2025-08-12,active,2024-10-22,2029-10-22
1705,1046,6736032112458615,discover,34500,3450.0,0.1995,69.0,2025-08-01,active,2023-04-22,2027-04-22
1706,1047,319968327628908,amex,10500,3150.0,0.183,63.0,2025-07-16,active,2024-05-19,2027-05-19
1707,1048,4473272243758116,visa,45000,4500.0,0.1945,90.0,2025-08-14,active,2024-05-12,2028-05-12
1708,1049,4851147771631593,visa,16500,4950.0,0.1972,99.0,2025-07-28,active,2025-04-06,2028-04-06
1709,1050,4189192834402608,visa,83500,41750.0,0.206,835.0,2025-08-13,active,2022-05-27,2026-05-27
1710,1050,5540858420495492,mastercard,100000,30000.0,0.1705,600.0,2025-07-30,active,2023-12-19,2027-12-19
1711,1050,6688145392413373,discover,79500,7950.0,0.2453,159.0,2025-08-06,active,2022-03-13,2025-03-13
1712,1051,348902084273599,amex,7500,2250.0,0.2441,45.0,2025-07-18,active,2021-12-20,2026-12-20
1713,1052,348296120528700,amex,22000,11000.0,0.1262,220.0,2025-07-21,expired,2022-11-02,2027-11-02
1714,1052,5122562443762920,mastercard,19000,9500.0,0.2401,190.0,2025-07-24,active,2024-07-16,2028-07-16
1715,1053,6037070109557538,discover,16000,4800.0,0.1368,96.0,2025-07-26,active,2024-10-05,2029-10-05
1716,1054,4171856911781887,visa,22000,2200.0,0.219,44.0,2025-07-27,active,2023-08-12,2028-08-12
1717,1054,6239378408719571,discover,51500,15450.0,0.2483,309.0,2025-08-13,active,2023-09-13,2027-09-13
1718,1055,371940656859003,amex,57500,28750.0,0.2355,575.0,2025-08-14,active,2023-05-20,2026-05-20
1719,1056,6391027423783762,discover,17500,16625.0,0.1344,332.5,2025-08-12,active,2025-06-24,2028-06-24
1720,1056,5605629266923620,mastercard,53000,50350.0,0.1576,1007.0,2025-08-12,active,2024-11-30,2027-11-30
1721,1056,6302986281180319,discover,74000,37000.0,0.1877,740.0,2025-07-26,active,2025-02-14,2030-02-14
1722,1056,382637478882459,amex,63000,6300.0,0.199,126.0,2025-07-31,active,2025-06-22,2028-06-22
1723,1057,6232882392754138,discover,22000,2200.0,0.1684,44.0,2025-07-26,active,2025-06-05,2028-06-05
1724,1057,347553241369070,amex,26500,13250.0,0.2033,265.0,2025-08-03,active,2025-04-26,2030-04-26
1725,1058,6178789675360045,discover,46500,0.0,0.1848,25,2025-07-25,active,2024-02-11,2028-02-11
1726,1059,5269537244497122,mastercard,15500,1550.0,0.1609,31.0,2025-07-18,active,2025-03-18,2030-03-18
1727,1059,6920091258534029,discover,42000,21000.0,0.186,420.0,2025-08-03,active,2025-05-12,2028-05-12
1728,1060,4640137489678263,visa,57000,17100.0,0.1991,342.0,2025-07-24,active,2024-11-11,2028-11-11
1729,1060,5180447940505159,mastercard,9000,2700.0,0.1217,54.0,2025-08-09,active,2023-08-24,2028-08-24
1730,1061,5706105009171953,mastercard,48000,24000.0,0.1923,480.0,2025-07-19,active,2023-12-13,2026-12-13
1731,1061,379753115451643,amex,97000,9700.0,0.2033,194.0,2025-08-01,active,2022-11-05,2027-11-05
1732,1061,6009741886828757,discover,58000,5800.0,0.2076,116.0,2025-08-02,active,2022-01-06,2027-01-06
1733,1061,5075578616584130,mastercard,82500,24750.0,0.2301,495.0,2025-07-22,blocked,2021-09-07,2026-09-07
1734,1062,4667298361941028,visa,27000,8100.0,0.2107,162.0,2025-07-21,active,2024-11-25,2029-11-25
1735,1063,5649280315122658,mastercard,81000,24300.0,0.2219,486.0,2025-07-30,active,2024-10-17,2029-10-17
1736,1063,378363681230532,amex,100000,30000.0,0.1753,600.0,2025-07-17,active,2025-02-18,2028-02-18
1737,1064,5073888012212436,mastercard,25500,12750.0,0.2435,255.0,2025-07-19,active,2025-01-14,2028-01-14
1738,1065,5050099119715808,mastercard,55500,5550.0,0.136,111.0,2025-08-07,active,2025-05-25,2030-05-25
1739,1066,312250112875082,amex,19000,1900.0,0.2243,38.0,2025-07-22,active,2024-08-20,2028-08-20
1740,1067,4493719104514146,visa,15000,0.0,0.2224,25,2025-07-26,active,2025-06-17,2028-06-17
1741,1068,383591275362479,amex,21500,6450.0,0.1273,129.0,2025-07-21,active,2025-03-05,2030-03-05
1742,1069,375091783563640,amex,90500,27150.0,0.207,543.0,2025-08-01,blocked,2024-08-07,2029-08-07
1743,1069,357717077576627,amex,54000,0.0,0.2306,25,2025-08-07,active,2021-06-19,2024-06-19
1744,1069,4307353868281597,visa,91000,9100.0,0.1212,182.0,2025-07-30,blocked,2024-01-27,2027-01-27
1745,1070,6900853475507481,discover,22000,11000.0,0.2404,220.0,2025-07-23,active,2023-08-19,2027-08-19
1746,1071,6626395198138334,discover,31000,9300.0,0.1615,186.0,2025-07-26,blocked,2025-03-19,2028-03-19
1747,1072,6777135899616001,discover,50000,15000.0,0.1352,300.0,2025-08-11,expired,2024-08-05,2027-08-05
1748,1072,6871879789293090,discover,53500,16050.0,0.2437,321.0,2025-07-20,active,2025-05-26,2029-05-26
1749,1073,4625094666050689,visa,16500,8250.0,0.2259,165.0,2025-08-08,active,2021-09-02,2024-09-02
1750,1073,6378407041902416,discover,26000,7800.0,0.1845,156.0,2025-07-20,active,2025-05-01,2028-05-01
1751,1073,5090533019251864,mastercard,56000,16800.0,0.1536,336.0,2025-07-27,active,2024-01-14,2027-01-14
1752,1074,6447156503715007,discover,9000,0.0,0.1869,25,2025-08-13,active,2024-02-05,2029-02-05
1753,1075,5021526207679575,mastercard,10500,0.0,0.2149,25,2025-08-01,active,2024-12-08,2027-12-08
1754,1076,4069736587949231,visa,24000,2400.0,0.1343,48.0,2025-08-13,blocked,2025-06-18,2028-06-18
1755,1077,5135719093661765,mastercard,8000,2400.0,0.1312,48.0,2025-08-10,active,2025-06-25,2030-06-25
1756,1078,6061712550758493,discover,32000,9600.0,0.1822,192.0,2025-08-02,active,2023-04-25,2028-04-25
1757,1078,4834443402885599,visa,81500,24450.0,0.1865,489.0,2025-07-30,active,2023-02-19,2026-02-19
1758,1078,5579038186832007,mastercard,38000,11400.0,0.2154,228.0,2025-07-28,active,2023-10-21,2028-10-21
1759,1079,5699289722497619,mastercard,17500,1750.0,0.1485,35.0,2025-08-11,active,2025-01-10,2030-01-10
1760,1080,5109862453115718,mastercard,25500,0.0,0.1636,25,2025-07-21,active,2023-07-05,2027-07-05
1761,1081,6665658404291037,discover,13500,4050.0,0.2424,81.0,2025-07-22,active,2024-08-30,2029-08-30
1762,1081,4212498764155721,visa,45000,13500.0,0.2445,270.0,2025-07-18,active,2025-03-29,2028-03-29
1763,1082,5902829767220711,mastercard,14500,13775.0,0.1236,275.5,2025-08-05,active,2024-10-02,2028-10-02
1764,1083,394927836774473,amex,19000,9500.0,0.1631,190.0,2025-07-19,expired,2022-09-13,2026-09-13
1765,1084,396847276041281,amex,27000,13500.0,0.1343,270.0,2025-07-18,active,2024-06-06,2028-06-06
1766,1084,344283963247004,amex,41500,33200.0,0.2086,664.0,2025-07-27,expired,2023-07-24,2028-07-24
1767,1085,6120073168080682,discover,45000,4500.0,0.1519,90.0,2025-08-05,active,2022-04-10,2025-04-10
1768,1085,6532999839187599,discover,40500,4050.0,0.1853,81.0,2025-07-25,blocked,2021-01-17,2025-01-17
1769,1085,382464118803467,amex,37500,11250.0,0.1223,225.0,2025-07-19,active,2021-01-06,2026-01-06
1770,1086,5810637072185082,mastercard,56000,5600.0,0.1284,112.0,2025-07-23,active,2021-05-14,2025-05-14
1771,1086,390175240017550,amex,40000,4000.0,0.2065,80.0,2025-07-26,active,2022-03-29,2027-03-29
1772,1086,6701533879283929,discover,21000,0.0,0.2271,25,2025-08-01,active,2021-04-18,2024-04-18
1773,1087,6400743262843237,discover,6500,1950.0,0.2444,39.0,2025-08-05,active,2024-04-07,2027-04-07
1774,1087,5944247222647283,mastercard,13000,3900.0,0.1485,78.0,2025-08-08,active,2024-12-27,2027-12-27
1775,1088,5222756175834417,mastercard,6500,3250.0,0.201,65.0,2025-08-10,active,2023-07-07,2026-07-07
1776,1089,4924241296359752,visa,21000,10500.0,0.2105,210.0,2025-07-23,active,2022-02-03,2027-02-03
1777,1089,6498009293677851,discover,83500,8350.0,0.1647,167.0,2025-08-09,active,2022-11-13,2026-11-13
1778,1089,329737268323348,amex,42000,4200.0,0.1831,84.0,2025-07-27,active,2022-07-08,2025-07-08
1779,1090,5785139311653126,mastercard,25000,12500.0,0.2419,250.0,2025-08-07,active,2023-08-05,2027-08-05
1780,1091,4571715918333356,visa,30500,15250.0,0.2049,305.0,2025-07-27,active,2023-05-30,2028-05-30
1781,1092,4034113732022017,visa,24000,7200.0,0.2498,144.0,2025-08-12,active,2025-07-05,2030-07-05
1782,1093,6868663070996488,discover,90500,72400.0,0.2399,1448.0,2025-08-08,active,2025-05-30,2028-05-30
1783,1093,6819299591102984,discover,81000,8100.0,0.147,162.0,2025-08-12,active,2025-07-13,2030-07-13
1784,1094,6532969486320130,discover,42000,4200.0,0.2214,84.0,2025-07-22,active,2024-02-13,2028-02-13
1785,1095,4186641151644659,visa,67000,53600.0,0.2008,1072.0,2025-08-09,active,2023-06-19,2026-06-19
1786,1095,5690080047032260,mastercard,66000,19800.0,0.1855,396.0,2025-08-12,active,2022-09-17,2027-09-17
1787,1096,4349731053888931,visa,13000,10400.0,0.2114,208.0,2025-07-25,active,2022-06-18,2027-06-18
1788,1097,5361601097289382,mastercard,18000,9000.0,0.23,180.0,2025-08-11,active,2024-03-27,2027-03-27
1789,1097,4060978497042097,visa,11000,8800.0,0.2284,176.0,2025-07-28,active,2025-01-30,2029-01-30
1790,1098,4094531942236532,visa,57500,5750.0,0.1536,115.0,2025-08-12,active,2023-10-08,2026-10-08
1791,1098,307623327509444,amex,50000,15000.0,0.1308,300.0,2025-08-14,blocked,2024-01-01,2027-01-01
1792,1099,5601616876307372,mastercard,45500,4550.0,0.1611,91.0,2025-07-27,active,2024-06-15,2029-06-15
1793,1099,4701389881029578,visa,38000,11400.0,0.1425,228.0,2025-08-06,active,2025-06-27,2028-06-27
1794,1100,386234223422641,amex,100000,50000.0,0.1536,1000.0,2025-07-24,expired,2023-12-28,2026-12-28
1795,1100,366577606125174,amex,42000,21000.0,0.1424,420.0,2025-07-16,active,2024-08-10,2028-08-10
1796,1100,5903169646680268,mastercard,55500,16650.0,0.2166,333.0,2025-07-27,active,2025-04-10,2029-04-10
1797,1100,6612476859766469,discover,100000,30000.0,0.1678,600.0,2025-08-06,active,2024-05-20,2028-05-20
1798,1101,6746948254576344,discover,20500,16400.0,0.1926,328.0,2025-07-21,active,2025-01-26,2030-01-26
1799,1101,6835281372420465,discover,16000,4800.0,0.1406,96.0,2025-08-05,active,2024-10-03,2028-10-03
1800,1101,6267798300203043,discover,13000,1300.0,0.2397,26.0,2025-07-31,active,2024-09-19,2027-09-19
1801,1102,5153238840995550,mastercard,25000,7500.0,0.2284,150.0,2025-07-31,active,2025-06-30,2029-06-30
1802,1102,4985448066764629,visa,7500,750.0,0.2452,25,2025-08-06,active,2025-06-28,2030-06-28
1803,1103,312654737042141,amex,32000,0.0,0.1506,25,2025-07-30,active,2024-10-06,2027-10-06
1804,1103,4009854506935763,visa,53500,16050.0,0.2321,321.0,2025-07-19,active,2024-04-28,2029-04-28
1805,1104,5360620376020707,mastercard,81000,64800.0,0.1509,1296.0,2025-07-28,active,2022-02-24,2026-02-24
1806,1104,6976079046600559,discover,56500,5650.0,0.2161,113.0,2025-08-03,active,2025-01-08,2028-01-08
1807,1104,349916159028798,amex,59500,5950.0,0.2053,119.0,2025-07-20,blocked,2021-08-15,2025-08-15
1808,1105,4945089066036340,visa,40000,20000.0,0.1315,400.0,2025-08-09,active,2025-06-02,2030-06-02
1809,1105,5133363452804332,mastercard,94500,75600.0,0.1535,1512.0,2025-07-24,active,2025-06-22,2029-06-22
1810,1106,361528681591567,amex,8000,800.0,0.2177,25,2025-08-05,active,2023-11-16,2028-11-16
1811,1106,4790608125706029,visa,31500,3150.0,0.1415,63.0,2025-07-20,active,2025-02-28,2030-02-28
1812,1107,370675965000219,amex,22000,6600.0,0.1779,132.0,2025-08-09,active,2025-04-06,2030-04-06
1813,1108,386016561246625,amex,52000,15600.0,0.1651,312.0,2025-07-20,active,2024-11-19,2029-11-19
1814,1108,5802614228474697,mastercard,11500,5750.0,0.2352,115.0,2025-07-22,active,2025-01-13,2029-01-13
1815,1109,4446358002729171,visa,11000,5500.0,0.1337,110.0,2025-07-19,expired,2024-03-24,2027-03-24
1816,1110,319362631349460,amex,36500,3650.0,0.129,73.0,2025-08-01,active,2024-06-19,2029-06-19
1817,1111,5852229311423115,mastercard,15000,1500.0,0.2263,30.0,2025-08-03,active,2025-05-20,2029-05-20
1818,1112,5120605395432845,mastercard,53000,0.0,0.2284,25,2025-08-06,active,2022-06-14,2025-06-14
1819,1112,331074914876427,amex,18500,5550.0,0.234,111.0,2025-08-03,active,2023-03-29,2026-03-29
1820,1113,6069832924011628,discover,13000,3900.0,0.2209,78.0,2025-08-02,active,2020-12-13,2023-12-13
1821,1113,5819750772188906,mastercard,57000,17100.0,0.2036,342.0,2025-08-06,active,2023-03-10,2027-03-10
1822,1114,4026716172775399,visa,17500,1750.0,0.2341,35.0,2025-08-06,active,2025-05-01,2029-05-01
1823,1115,4869814218592930,visa,20000,0.0,0.2079,25,2025-07-24,active,2024-12-15,2028-12-15
1824,1116,6616611857001092,discover,39500,11850.0,0.15,237.0,2025-08-02,blocked,2022-02-27,2026-02-27
1825,1117,6195572903413865,discover,13000,3900.0,0.17,78.0,2025-07-31,expired,2023-08-25,2027-08-25
1826,1118,5727259063593121,mastercard,11500,3450.0,0.1297,69.0,2025-08-14,active,2024-09-13,2028-09-13
1827,1119,5486131103580771,mastercard,55000,5500.0,0.132,110.0,2025-07-17,blocked,2023-11-25,2028-11-25
1828,1119,5879596384535468,mastercard,19500,1950.0,0.1743,39.0,2025-07-21,active,2024-01-22,2029-01-22
1829,1120,5736375708151807,mastercard,51500,0.0,0.1494,25,2025-08-09,active,2024-01-10,2029-01-10
1830,1120,364557531002668,amex,19500,0.0,0.1776,25,2025-08-12,blocked,2024-08-31,2029-08-31
1831,1121,4255291653979447,visa,12500,0.0,0.1285,25,2025-08-14,active,2025-07-06,2028-07-06
1832,1122,6849272545283240,discover,74500,37250.0,0.1242,745.0,2025-08-01,active,2023-04-27,2026-04-27
1833,1122,5294397150102394,mastercard,99000,29700.0,0.2062,594.0,2025-08-06,active,2023-03-12,2027-03-12
1834,1123,4774919283249511,visa,41500,4150.0,0.213,83.0,2025-08-13,active,2020-12-06,2025-12-06
1835,1124,391169934787762,amex,10500,5250.0,0.1555,105.0,2025-08-14,active,2025-06-24,2029-06-24
1836,1124,6217821927900684,discover,44500,35600.0,0.1431,712.0,2025-07-31,blocked,2024-11-16,2028-11-16
1837,1125,5587311135492586,mastercard,100000,80000.0,0.1616,1600.0,2025-08-10,expired,2024-12-01,2028-12-01
1838,1125,4328156136823329,visa,59500,56525.0,0.2121,1130.5,2025-07-29,active,2025-04-03,2028-04-03
1839,1126,6407248018799971,discover,16000,4800.0,0.2395,96.0,2025-08-02,active,2025-06-28,2030-06-28
1840,1127,5771152750736132,mastercard,18500,5550.0,0.1274,111.0,2025-08-12,active,2025-03-17,2029-03-17
1841,1128,5628197991113073,mastercard,78000,39000.0,0.1317,780.0,2025-08-09,active,2023-11-24,2027-11-24
1842,1128,4979697816266714,visa,72000,21600.0,0.2234,432.0,2025-07-21,active,2021-11-24,2025-11-24
1843,1128,4073212712151970,visa,70500,21150.0,0.2181,423.0,2025-07-30,active,2024-12-09,2028-12-09
1844,1129,5842678617840548,mastercard,19500,9750.0,0.1347,195.0,2025-07-16,active,2024-08-27,2029-08-27
1845,1129,6370144987715892,discover,8500,850.0,0.2237,25,2025-08-08,active,2025-01-22,2030-01-22
1846,1130,4979368642151126,visa,18500,1850.0,0.1964,37.0,2025-07-18,active,2022-03-04,2025-03-04
1847,1131,6539983767326426,discover,9000,2700.0,0.2203,54.0,2025-07-30,active,2025-06-11,2029-06-11
1848,1132,327943407162766,amex,59000,29500.0,0.1887,590.0,2025-08-12,active,2025-05-12,2029-05-12
1849,1133,313106660297294,amex,3000,300.0,0.1463,25,2025-08-08,active,2024-12-15,2027-12-15
1850,1134,380681065950363,amex,61500,0.0,0.1423,25,2025-07-23,active,2024-02-06,2028-02-06
1851,1134,332260278462406,amex,13500,12825.0,0.2437,256.5,2025-08-11,active,2025-02-19,2028-02-19
1852,1135,6023071056400674,discover,21000,2100.0,0.1882,42.0,2025-07-31,active,2022-12-28,2026-12-28
1853,1135,4874155075764496,visa,42500,4250.0,0.1437,85.0,2025-07-25,active,2023-10-14,2028-10-14
1854,1136,304365451916002,amex,48500,4850.0,0.1397,97.0,2025-08-06,expired,2025-04-16,2028-04-16
1855,1136,6992662434178148,discover,43000,12900.0,0.1255,258.0,2025-08-04,active,2025-03-15,2030-03-15
1856,1137,6146921193687574,discover,61000,18300.0,0.2379,366.0,2025-08-07,active,2024-03-28,2027-03-28
1857,1138,371869413904080,amex,22500,2250.0,0.1383,45.0,2025-08-08,active,2024-11-17,2028-11-17
1858,1138,371427093191212,amex,100000,10000.0,0.1958,200.0,2025-07-26,active,2024-08-21,2029-08-21
1859,1139,312666206856609,amex,15000,4500.0,0.1398,90.0,2025-08-02,active,2023-06-23,2028-06-23
1860,1140,4201502615542771,visa,13000,0.0,0.1284,25,2025-07-17,active,2025-02-25,2029-02-25
1861,1141,6468809049526051,discover,55000,16500.0,0.2281,330.0,2025-08-08,active,2024-12-19,2028-12-19
1862,1142,5811223144886366,mastercard,35000,3500.0,0.1428,70.0,2025-07-26,active,2023-05-29,2026-05-29
1863,1142,6526570056284432,discover,100000,10000.0,0.1242,200.0,2025-08-14,active,2024-01-25,2029-01-25
1864,1143,6293956136151003,discover,12000,0.0,0.2016,25,2025-08-12,active,2023-06-16,2027-06-16
1865,1144,6986007757155562,discover,55000,52250.0,0.2089,1045.0,2025-07-31,active,2024-08-02,2029-08-02
1866,1145,4457859095198095,visa,17500,5250.0,0.2205,105.0,2025-07-17,active,2024-05-30,2029-05-30
1867,1146,6251031530870330,discover,32500,3250.0,0.1733,65.0,2025-08-14,active,2022-06-02,2026-06-02
1868,1146,6064108091072996,discover,73000,21900.0,0.1429,438.0,2025-08-09,expired,2024-04-14,2027-04-14
1869,1147,6034349171003570,discover,36500,18250.0,0.1495,365.0,2025-07-23,expired,2023-05-09,2028-05-09
1870,1147,337475063685399,amex,100000,10000.0,0.1859,200.0,2025-08-08,active,2025-05-03,2028-05-03
1871,1148,5411525641650643,mastercard,26500,21200.0,0.1649,424.0,2025-07-17,active,2023-01-16,2026-01-16
1872,1148,4482682725639300,visa,18500,5550.0,0.1392,111.0,2025-08-06,active,2025-01-10,2030-01-10
1873,1149,4553673174211521,visa,7500,2250.0,0.2398,45.0,2025-07-21,active,2025-06-25,2030-06-25
1874,1149,6099707399551310,discover,30000,15000.0,0.2304,300.0,2025-08-02,active,2022-12-08,2027-12-08
1875,1150,394123075674537,amex,34500,10350.0,0.199,207.0,2025-07-24,expired,2025-02-28,2028-02-28
1876,1151,316031219144238,amex,51500,15450.0,0.1631,309.0,2025-07-24,active,2022-06-21,2026-06-21
1877,1151,4546422559227192,visa,26000,7800.0,0.1593,156.0,2025-07-18,active,2022-01-30,2026-01-30
1878,1152,6832845381291660,discover,25500,2550.0,0.1216,51.0,2025-08-07,active,2024-04-17,2029-04-17
1879,1153,5687017215184744,mastercard,2500,750.0,0.1279,25,2025-07-24,active,2022-09-20,2025-09-20
1880,1154,5226492327244503,mastercard,7500,6000.0,0.2368,120.0,2025-07-25,active,2024-08-18,2029-08-18
1881,1155,5325377422671648,mastercard,100000,30000.0,0.2188,600.0,2025-07-19,active,2024-09-01,2027-09-01
1882,1155,6260553855588599,discover,97000,29100.0,0.2372,582.0,2025-08-05,active,2024-03-24,2029-03-24
1883,1155,377449958539111,amex,83000,0.0,0.2247,25,2025-08-11,active,2024-07-30,2027-07-30
1884,1156,4617625197310298,visa,16000,8000.0,0.1484,160.0,2025-07-19,active,2025-04-23,2028-04-23
1885,1157,4007498887105484,visa,16000,4800.0,0.2218,96.0,2025-08-12,blocked,2022-02-21,2026-02-21
1886,1158,6665815393622339,discover,10500,3150.0,0.1559,63.0,2025-07-29,active,2022-04-21,2026-04-21
1887,1158,6592054888507325,discover,22000,6600.0,0.1314,132.0,2025-07-21,active,2023-09-20,2028-09-20
1888,1159,6269252320996627,discover,10500,3150.0,0.2226,63.0,2025-07-31,active,2022-02-17,2026-02-17
1889,1159,307588222724859,amex,15000,0.0,0.2347,25,2025-07-31,active,2024-11-03,2027-11-03
1890,1160,6340538676770373,discover,17500,8750.0,0.2262,175.0,2025-08-14,active,2025-03-21,2030-03-21
1891,1161,6199946501235782,discover,27500,2750.0,0.2032,55.0,2025-07-24,expired,2023-03-29,2026-03-29
1892,1162,5406262953644148,mastercard,9000,0.0,0.1772,25,2025-08-05,active,2024-06-28,2028-06-28
1893,1163,5680898809320796,mastercard,22500,2250.0,0.2142,45.0,2025-08-09,active,2024-08-01,2028-08-01
1894,1164,5539125525003089,mastercard,10500,5250.0,0.2399,105.0,2025-08-08,active,2025-04-03,2029-04-03
1895,1165,6033215836303928,discover,48000,14400.0,0.2155,288.0,2025-07-29,active,2024-03-13,2029-03-13
1896,1165,6048988336281750,discover,24500,19600.0,0.2094,392.0,2025-07-25,active,2024-06-11,2027-06-11
1897,1166,4695131914296730,visa,21500,6450.0,0.1708,129.0,2025-08-10,active,2024-11-24,2028-11-24
1898,1167,361078127794917,amex,12000,9600.0,0.2307,192.0,2025-07-26,expired,2023-07-10,2027-07-10
1899,1168,4627049141856233,visa,11500,1150.0,0.2294,25,2025-08-06,active,2024-10-28,2029-10-28
1900,1169,5724709419513074,mastercard,5000,0.0,0.1391,25,2025-08-04,active,2022-06-22,2026-06-22
1901,1170,4570839226303078,visa,20000,10000.0,0.1846,200.0,2025-08-11,active,2022-12-20,2027-12-20
1902,1171,6125798123316030,discover,24500,7350.0,0.1996,147.0,2025-07-21,active,2023-12-04,2028-12-04
1903,1171,4140215308040276,visa,69500,20850.0,0.236,417.0,2025-08-02,blocked,2021-04-21,2025-04-21
1904,1171,5323454223177816,mastercard,26500,7950.0,0.2147,159.0,2025-07-21,active,2021-11-23,2024-11-23
1905,1172,4762141635021421,visa,52500,15750.0,0.2046,315.0,2025-07-19,active,2023-02-10,2027-02-10
1906,1172,6455820094124451,discover,93000,88350.0,0.2483,1767.0,2025-07-25,active,2024-02-06,2027-02-06
1907,1173,5387983232367709,mastercard,48000,0.0,0.2266,25,2025-07-22,active,2025-01-10,2030-01-10
1908,1174,6013588121555248,discover,28000,14000.0,0.2338,280.0,2025-08-01,active,2024-10-27,2027-10-27
1909,1174,6188041121261090,discover,19500,9750.0,0.1354,195.0,2025-08-07,active,2025-04-25,2030-04-25
1910,1174,6746977803493163,discover,49000,24500.0,0.2291,490.0,2025-08-02,active,2024-09-22,2029-09-22
1911,1175,374717715564896,amex,11000,0.0,0.1398,25,2025-08-07,active,2023-12-20,2026-12-20
1912,1176,4589960993263430,visa,13000,1300.0,0.176,26.0,2025-07-16,active,2024-09-20,2027-09-20
1913,1177,321738101897332,amex,8000,800.0,0.1328,25,2025-08-06,active,2022-08-21,2026-08-21
1914,1178,6739031697281885,discover,88500,44250.0,0.1525,885.0,2025-07-30,active,2024-11-02,2029-11-02
1915,1178,4857346986758970,visa,81000,8100.0,0.213,162.0,2025-08-08,active,2023-04-18,2027-04-18
1916,1178,6095577200536889,discover,24000,7200.0,0.1949,144.0,2025-07-24,active,2023-03-07,2028-03-07
1917,1179,5018776712944115,mastercard,55000,5500.0,0.1203,110.0,2025-08-04,active,2025-02-06,2030-02-06
1918,1179,6366206272447099,discover,52000,15600.0,0.1538,312.0,2025-07-16,active,2025-05-23,2029-05-23
1919,1179,5526555757681120,mastercard,35000,3500.0,0.1745,70.0,2025-07-26,active,2024-11-03,2028-11-03
1920,1180,307439387270759,amex,34500,10350.0,0.1658,207.0,2025-08-05,active,2024-03-03,2027-03-03
1921,1180,348232890171063,amex,38000,3800.0,0.2422,76.0,2025-08-07,active,2024-12-07,2029-12-07
1922,1181,5839543457128403,mastercard,22500,11250.0,0.1542,225.0,2025-07-17,active,2025-07-13,2030-07-13
1923,1182,391931873233519,amex,42000,21000.0,0.2,420.0,2025-07-20,active,2022-08-17,2025-08-17
1924,1182,393898333378733,amex,24500,2450.0,0.1882,49.0,2025-07-26,active,2022-08-12,2027-08-12
1925,1183,398148805951556,amex,23000,11500.0,0.1724,230.0,2025-07-20,active,2024-08-22,2028-08-22
1926,1184,6364704870428048,discover,56500,0.0,0.1341,25,2025-07-20,active,2025-06-03,2030-06-03
1927,1184,6337799380470130,discover,97500,9750.0,0.1759,195.0,2025-07-16,blocked,2023-06-18,2027-06-18
1928,1184,4799705797310802,visa,68500,20550.0,0.1291,411.0,2025-07-23,expired,2024-04-09,2029-04-09
1929,1185,378419032221138,amex,42500,34000.0,0.2001,680.0,2025-08-14,active,2023-10-02,2027-10-02
1930,1186,6094195724168584,discover,20500,0.0,0.2234,25,2025-08-08,active,2025-03-18,2030-03-18
1931,1187,4534053474923081,visa,41500,0.0,0.2143,25,2025-08-03,blocked,2024-01-21,2028-01-21
1932,1187,6513907267453396,discover,37000,3700.0,0.2146,74.0,2025-08-03,active,2024-04-13,2028-04-13
1933,1188,5715227372263861,mastercard,20500,0.0,0.1694,25,2025-07-18,active,2024-06-20,2027-06-20
1934,1189,4781052450357835,visa,48000,4800.0,0.1293,96.0,2025-07-19,blocked,2024-04-20,2027-04-20
1935,1189,379614440057997,amex,50000,25000.0,0.1308,500.0,2025-07-26,active,2024-04-04,2027-04-04
1936,1189,4107465506530200,visa,31000,24800.0,0.2174,496.0,2025-08-10,active,2024-12-07,2029-12-07
1937,1190,4422470428485013,visa,10500,1050.0,0.1379,25,2025-07-26,active,2022-12-17,2026-12-17
1938,1191,4858752193269446,visa,8500,0.0,0.1329,25,2025-07-20,active,2023-12-27,2026-12-27
1939,1192,6658357178620892,discover,21500,0.0,0.195,25,2025-08-04,active,2024-11-19,2029-11-19
1940,1193,4742689017501775,visa,17500,1750.0,0.23,35.0,2025-07-17,active,2024-01-02,2028-01-02
1941,1193,4573664096801200,visa,12000,3600.0,0.1227,72.0,2025-08-12,active,2023-08-17,2028-08-17
1942,1194,4476595440888850,visa,100000,30000.0,0.1411,600.0,2025-08-14,active,2023-08-13,2027-08-13
1943,1194,4808482960462087,visa,48000,4800.0,0.1596,96.0,2025-07-20,active,2023-10-24,2028-10-24
1944,1194,339768252381547,amex,70000,7000.0,0.2115,140.0,2025-08-10,active,2024-03-25,2027-03-25
1945,1194,6553835065413907,discover,100000,80000.0,0.1523,1600.0,2025-08-03,active,2024-01-18,2028-01-18
1946,1195,5212370322888970,mastercard,34500,3450.0,0.2494,69.0,2025-08-08,active,2025-01-17,2028-01-17
1947,1196,4084106977753238,visa,28000,0.0,0.2064,25,2025-07-31,active,2024-11-23,2027-11-23
1948,1197,6857228043691742,discover,20000,2000.0,0.2381,40.0,2025-08-09,expired,2022-08-21,2027-08-21
1949,1197,4918098174552753,visa,15500,4650.0,0.2356,93.0,2025-07-24,blocked,2024-03-24,2027-03-24
1950,1198,6286411692770389,discover,17500,1750.0,0.2137,35.0,2025-08-06,active,2025-01-31,2030-01-31
1951,1198,6490365716889729,discover,47000,37600.0,0.1294,752.0,2025-07-16,active,2025-05-18,2028-05-18
1952,1198,340574487038171,amex,59500,17850.0,0.1829,357.0,2025-08-04,active,2025-04-05,2029-04-05
1953,1199,5328533736230576,mastercard,57500,17250.0,0.1265,345.0,2025-08-12,active,2021-12-30,2026-12-30
1954,1200,5185852186253956,mastercard,23000,18400.0,0.1543,368.0,2025-08-06,active,2025-07-02,2030-07-02
1955,1201,390934269263444,amex,15500,1550.0,0.1526,31.0,2025-08-14,active,2023-10-22,2026-10-22
1956,1202,6019377286756680,discover,39000,11700.0,0.1453,234.0,2025-07-26,active,2025-06-14,2029-06-14
1957,1202,4071780655026472,visa,76500,22950.0,0.13,459.0,2025-08-13,active,2023-08-12,2026-08-12
1958,1203,6657966758134344,discover,41500,4150.0,0.2285,83.0,2025-07-28,active,2025-06-26,2029-06-26
1959,1203,6637861204597767,discover,52500,15750.0,0.1528,315.0,2025-07-27,blocked,2025-05-30,2028-05-30
1960,1204,5519115565292781,mastercard,76500,61200.0,0.1387,1224.0,2025-08-06,active,2023-07-18,2027-07-18
1961,1204,6793383950278626,discover,75000,7500.0,0.2329,150.0,2025-07-24,blocked,2023-08-12,2028-08-12
1962,1205,6851412011906773,discover,54000,0.0,0.1615,25,2025-08-06,active,2024-09-13,2029-09-13
1963,1206,6611558497384008,discover,27000,2700.0,0.2277,54.0,2025-07-27,active,2025-04-27,2028-04-27
1964,1206,6667861986645338,discover,8000,800.0,0.1495,25,2025-07-19,active,2025-05-08,2029-05-08
1965,1207,6031077735339641,discover,14000,1400.0,0.1318,28.0,2025-07-31,active,2023-09-14,2027-09-14
1966,1208,4272099352512098,visa,50500,15150.0,0.1643,303.0,2025-08-14,active,2024-11-08,2028-11-08
1967,1209,6587012808703411,discover,81500,0.0,0.19,25,2025-07-18,active,2024-03-26,2027-03-26
1968,1209,4535278005608863,visa,14500,1450.0,0.2241,29.0,2025-07-18,active,2025-03-01,2030-03-01
1969,1210,4944746905792321,visa,33500,3350.0,0.1943,67.0,2025-07-31,active,2025-07-08,2028-07-08
1970,1211,5356241951786318,mastercard,35000,3500.0,0.1874,70.0,2025-08-04,active,2024-06-03,2028-06-03
1971,1212,6737995688085966,discover,22500,6750.0,0.1354,135.0,2025-07-28,active,2024-09-14,2027-09-14
1972,1213,6864801051184264,discover,100000,30000.0,0.1206,600.0,2025-07-20,active,2025-04-16,2030-04-16
1973,1213,395788083526273,amex,28500,8550.0,0.1434,171.0,2025-07-28,expired,2025-06-25,2030-06-25
1974,1214,6250917926119809,discover,19500,5850.0,0.2385,117.0,2025-08-07,active,2025-04-17,2029-04-17
1975,1215,5323673654019731,mastercard,29500,2950.0,0.2201,59.0,2025-07-16,active,2021-03-17,2024-03-17
1976,1216,6317419938927334,discover,32500,3250.0,0.1988,65.0,2025-07-26,active,2025-06-06,2028-06-06
1977,1217,5266242996639074,mastercard,6500,1950.0,0.1701,39.0,2025-07-22,active,2023-06-06,2028-06-06
1978,1218,4023706093141733,visa,25500,2550.0,0.1408,51.0,2025-08-03,active,2025-03-15,2028-03-15
1979,1218,354975152385897,amex,23000,6900.0,0.1227,138.0,2025-08-10,active,2025-01-13,2029-01-13
1980,1219,5370903134644390,mastercard,71500,7150.0,0.1628,143.0,2025-08-12,active,2024-07-01,2027-07-01
1981,1219,5326509012818489,mastercard,60500,6050.0,0.1704,121.0,2025-07-26,active,2021-10-21,2026-10-21
1982,1220,4067991346806065,visa,34500,17250.0,0.1388,345.0,2025-08-06,blocked,2024-04-07,2027-04-07
1983,1220,6723406887727538,discover,86500,25950.0,0.1914,519.0,2025-08-07,active,2024-05-22,2028-05-22
1984,1220,321808931698237,amex,17500,5250.0,0.2166,105.0,2025-07-23,expired,2025-04-12,2030-04-12
1985,1221,366807352675652,amex,19000,15200.0,0.2114,304.0,2025-08-14,active,2024-07-08,2029-07-08
1986,1222,5610046051001995,mastercard,100000,0.0,0.2012,25,2025-08-10,active,2021-09-10,2024-09-10
1987,1222,6271675205935415,discover,57500,5750.0,0.1405,115.0,2025-08-03,active,2024-06-18,2029-06-18
1988,1223,5589199597465198,mastercard,24500,23275.0,0.2086,465.5,2025-07-27,active,2024-06-26,2028-06-26
1989,1224,5288894897894172,mastercard,13000,1300.0,0.2099,26.0,2025-07-27,active,2025-06-04,2028-06-04
1990,1224,4823143025200298,visa,36000,18000.0,0.1577,360.0,2025-08-06,active,2025-06-28,2028-06-28
1991,1224,6825346709978506,discover,43500,0.0,0.1288,25,2025-07-19,active,2025-04-19,2029-04-19
1992,1225,4626669874223384,visa,22000,6600.0,0.172,132.0,2025-07-18,active,2024-07-11,2028-07-11
1993,1225,395711704944153,amex,32000,25600.0,0.1535,512.0,2025-08-12,active,2024-10-03,2027-10-03
1994,1226,5132181670491561,mastercard,29500,14750.0,0.2402,295.0,2025-07-20,active,2022-05-13,2025-05-13
1995,1227,316406400584451,amex,13000,3900.0,0.1853,78.0,2025-07-21,expired,2025-02-10,2028-02-10
1996,1228,5898116649724832,mastercard,15000,1500.0,0.1618,30.0,2025-07-25,active,2025-01-09,2030-01-09
1997,1228,5375993345823881,mastercard,26500,2650.0,0.1345,53.0,2025-08-03,active,2025-04-15,2029-04-15
1998,1229,5924768072579751,mastercard,28000,8400.0,0.1621,168.0,2025-07-24,active,2025-05-05,2028-05-05
1999,1229,5136062949447272,mastercard,17500,5250.0,0.1619,105.0,2025-07-31,active,2025-05-20,2029-05-20
2000,1230,311948933363996,amex,19000,15200.0,0.1605,304.0,2025-07-24,active,2021-11-22,2024-11-22
2001,1231,6719445959614097,discover,32000,9600.0,0.1309,192.0,2025-08-01,active,2025-06-09,2029-06-09
2002,1232,4535293227697305,visa,9500,950.0,0.1435,25,2025-08-01,active,2025-07-02,2029-07-02
2003,1232,5261691749939452,mastercard,16500,13200.0,0.2122,264.0,2025-08-03,active,2025-01-24,2029-01-24
2004,1233,370068873029620,amex,7500,750.0,0.1731,25,2025-07-23,active,2025-03-19,2030-03-19
2005,1233,6628271288263109,discover,27000,2700.0,0.1792,54.0,2025-07-21,active,2025-04-19,2030-04-19
2006,1234,388168204328127,amex,10500,3150.0,0.1347,63.0,2025-07-30,active,2023-05-06,2026-05-06
2007,1234,5789437887242758,mastercard,24000,12000.0,0.1555,240.0,2025-08-07,active,2025-01-02,2028-01-02
2008,1234,4953164705948875,visa,53000,15900.0,0.1552,318.0,2025-07-31,active,2021-09-11,2026-09-11
2009,1235,356889322817108,amex,11000,3300.0,0.2417,66.0,2025-08-11,active,2023-07-09,2026-07-09
2010,1236,6759336783588454,discover,7500,750.0,0.2074,25,2025-07-29,active,2025-04-08,2028-04-08
2011,1237,5311967647583356,mastercard,4500,1350.0,0.1874,27.0,2025-08-06,active,2025-07-08,2028-07-08
2012,1238,6069777730842985,discover,62000,6200.0,0.228,124.0,2025-07-17,active,2021-12-18,2025-12-18
2013,1238,4463632015461214,visa,21000,6300.0,0.2154,126.0,2025-08-05,active,2024-11-29,2027-11-29
2014,1239,5194194926511858,mastercard,26500,7950.0,0.1208,159.0,2025-08-05,active,2021-08-16,2024-08-16
2015,1239,5180961249201843,mastercard,16000,8000.0,0.2136,160.0,2025-07-31,active,2023-02-18,2028-02-18
2016,1240,372738016584563,amex,22500,0.0,0.1526,25,2025-07-27,active,2023-04-12,2028-04-12
2017,1241,6568154098521772,discover,24500,7350.0,0.1369,147.0,2025-07-20,active,2025-06-28,2029-06-28
2018,1242,6718446173274307,discover,24500,7350.0,0.2072,147.0,2025-08-06,active,2024-12-06,2029-12-06
2019,1243,4184766995359607,visa,42000,12600.0,0.1556,252.0,2025-08-14,blocked,2021-10-15,2024-10-15
2020,1243,6652056224718038,discover,10500,9975.0,0.2248,199.5,2025-08-11,active,2024-04-04,2027-04-04
2021,1244,358260960075079,amex,56000,0.0,0.2211,25,2025-07-20,active,2025-07-04,2029-07-04
2022,1244,6677481893016368,discover,20500,6150.0,0.2331,123.0,2025-08-14,active,2025-06-28,2028-06-28
2023,1244,5618913559657272,mastercard,98500,9850.0,0.2277,197.0,2025-07-19,active,2025-07-07,2029-07-07
2024,1245,376238026709461,amex,65500,19650.0,0.1801,393.0,2025-07-31,active,2024-09-13,2028-09-13
2025,1245,318146049912936,amex,55500,27750.0,0.1391,555.0,2025-07-16,active,2023-09-13,2026-09-13
2026,1246,4134720967386675,visa,16500,4950.0,0.176,99.0,2025-07-22,active,2024-06-07,2029-06-07
2027,1247,5749914383975053,mastercard,82000,0.0,0.2401,25,2025-07-22,active,2024-06-23,2029-06-23
2028,1247,4146715118888270,visa,71000,67450.0,0.2164,1349.0,2025-07-21,active,2024-10-17,2027-10-17
2029,1248,337455766394081,amex,6000,600.0,0.1846,25,2025-08-01,active,2025-04-27,2028-04-27
2030,1249,6594792270192467,discover,15000,1500.0,0.1609,30.0,2025-08-11,active,2022-11-11,2027-11-11
2031,1250,4935170871650817,visa,15000,1500.0,0.2243,30.0,2025-07-30,active,2025-04-25,2028-04-25
2032,1251,4694538455427244,visa,17500,1750.0,0.2188,35.0,2025-08-10,active,2025-04-26,2029-04-26
2033,1252,5014829237925996,mastercard,15000,4500.0,0.2463,90.0,2025-07-26,active,2025-04-20,2029-04-20
2034,1253,6558651150355581,discover,11000,8800.0,0.2081,176.0,2025-08-06,expired,2025-02-24,2030-02-24
2035,1254,4567721360084380,visa,4000,400.0,0.1753,25,2025-07-23,active,2023-02-05,2028-02-05
2036,1255,5691099787219163,mastercard,5500,1650.0,0.2058,33.0,2025-08-04,active,2024-09-06,2029-09-06
2037,1256,4472153570093587,visa,7500,2250.0,0.2378,45.0,2025-08-13,active,2021-06-05,2025-06-05
2038,1257,301878900529942,amex,100000,80000.0,0.1662,1600.0,2025-08-06,active,2024-10-13,2027-10-13
2039,1257,392321243025833,amex,100000,30000.0,0.1483,600.0,2025-08-05,active,2025-06-09,2028-06-09
2040,1258,4474473098110780,visa,31500,15750.0,0.2272,315.0,2025-07-31,active,2025-04-30,2029-04-30
2041,1259,5357843701180336,mastercard,34500,3450.0,0.1709,69.0,2025-07-31,active,2024-08-08,2027-08-08
2042,1260,5351163784573625,mastercard,22500,2250.0,0.1519,45.0,2025-08-06,active,2022-10-04,2025-10-04
2043,1261,6322699272870229,discover,49000,0.0,0.1218,25,2025-08-03,active,2022-03-30,2027-03-30
2044,1261,4029394099656789,visa,25000,12500.0,0.1694,250.0,2025-08-13,active,2022-07-22,2027-07-22
2045,1262,4713032928442213,visa,45500,13650.0,0.2157,273.0,2025-07-22,active,2025-07-03,2029-07-03
2046,1262,5000429560302930,mastercard,51000,25500.0,0.1837,510.0,2025-07-21,active,2025-03-20,2030-03-20
2047,1263,4255693186062314,visa,30000,3000.0,0.1824,60.0,2025-07-25,active,2023-01-23,2028-01-23
2048,1264,396276300976325,amex,4500,450.0,0.2054,25,2025-08-04,active,2024-12-28,2028-12-28
2049,1264,388139142037569,amex,16500,13200.0,0.2234,264.0,2025-07-23,active,2025-02-10,2028-02-10
2050,1265,6842953371894284,discover,14500,4350.0,0.2107,87.0,2025-08-02,active,2023-02-19,2028-02-19
2051,1266,5802852120041648,mastercard,27000,8100.0,0.1321,162.0,2025-08-13,active,2024-03-25,2029-03-25
2052,1266,6032187039508888,discover,29500,8850.0,0.2227,177.0,2025-08-06,active,2023-10-13,2026-10-13
2053,1267,4698068135636224,visa,8000,2400.0,0.1763,48.0,2025-07-21,expired,2025-04-16,2029-04-16
2054,1267,377235517274847,amex,25000,7500.0,0.1441,150.0,2025-07-17,active,2024-10-14,2029-10-14
2055,1268,361735360684470,amex,7500,3750.0,0.2105,75.0,2025-07-25,active,2025-05-10,2030-05-10
2056,1269,5870071106480232,mastercard,16000,1600.0,0.218,32.0,2025-07-28,active,2024-03-23,2029-03-23
2057,1270,4881484894654112,visa,39500,31600.0,0.1427,632.0,2025-07-20,active,2024-09-15,2029-09-15
2058,1270,4382172952186678,visa,43000,0.0,0.2238,25,2025-08-06,active,2024-05-01,2027-05-01
2059,1271,394863787855971,amex,17500,5250.0,0.2007,105.0,2025-07-31,active,2021-10-05,2026-10-05
2060,1272,6063378747267326,discover,41000,4100.0,0.1342,82.0,2025-07-29,active,2024-12-01,2029-12-01
2061,1273,307620282074959,amex,30500,3050.0,0.2163,61.0,2025-07-24,active,2024-04-08,2027-04-08
2062,1273,359123141421582,amex,13500,6750.0,0.2445,135.0,2025-07-26,active,2024-01-31,2028-01-31
2063,1274,5825008699205103,mastercard,9500,950.0,0.2209,25,2025-07-27,active,2025-05-21,2030-05-21
2064,1275,5834942835270607,mastercard,22000,11000.0,0.2146,220.0,2025-07-18,active,2025-02-15,2030-02-15
2065,1275,5369170324223417,mastercard,28000,2800.0,0.2457,56.0,2025-08-09,active,2024-12-26,2029-12-26
2066,1276,6005245960901271,discover,7500,2250.0,0.2293,45.0,2025-08-03,active,2023-09-06,2026-09-06
2067,1277,4943152119971786,visa,4500,1350.0,0.1649,27.0,2025-08-05,expired,2025-05-20,2028-05-20
2068,1278,6886465045696062,discover,22000,6600.0,0.1496,132.0,2025-08-11,active,2025-04-05,2029-04-05
2069,1278,392818711363543,amex,75000,22500.0,0.1517,450.0,2025-07-19,active,2024-12-24,2027-12-24
2070,1278,4645478399049791,visa,26500,21200.0,0.1252,424.0,2025-07-22,active,2024-11-28,2027-11-28
2071,1279,302976706440930,amex,100000,30000.0,0.1772,600.0,2025-08-11,active,2024-01-09,2028-01-09
2072,1279,6926005428635740,discover,32500,26000.0,0.232,520.0,2025-07-26,active,2025-05-09,2030-05-09
2073,1280,5882582355263733,mastercard,37500,30000.0,0.2487,600.0,2025-07-28,active,2025-01-07,2028-01-07
2074,1280,4438100631059507,visa,54500,16350.0,0.1532,327.0,2025-08-06,active,2024-08-24,2027-08-24
2075,1281,6907338210920091,discover,51000,25500.0,0.1984,510.0,2025-08-01,active,2023-04-18,2027-04-18
2076,1281,309894793983646,amex,22000,2200.0,0.2017,44.0,2025-07-29,active,2024-08-27,2027-08-27
2077,1282,5822382235375572,mastercard,34000,3400.0,0.1248,68.0,2025-08-04,active,2024-05-03,2029-05-03
2078,1283,6206965776778871,discover,4000,0.0,0.1866,25,2025-07-24,active,2024-09-25,2027-09-25
2079,1284,4663295689865748,visa,28500,2850.0,0.219,57.0,2025-07-23,active,2025-03-29,2030-03-29
2080,1285,4975003814043880,visa,25500,7650.0,0.2306,153.0,2025-07-18,active,2022-02-23,2026-02-23
2081,1285,383534858425561,amex,34500,0.0,0.2497,25,2025-07-30,blocked,2023-03-14,2026-03-14
2082,1286,6601832579816953,discover,37000,18500.0,0.1539,370.0,2025-08-08,active,2025-01-06,2028-01-06
2083,1287,4425990401939589,visa,28500,8550.0,0.2119,171.0,2025-08-01,active,2025-07-02,2028-07-02
2084,1287,357434259512286,amex,32500,3250.0,0.1385,65.0,2025-08-09,active,2025-07-11,2029-07-11
2085,1287,5106286852100735,mastercard,87000,26100.0,0.1299,522.0,2025-07-21,active,2025-07-13,2028-07-13
2086,1288,341482243025958,amex,53500,16050.0,0.1674,321.0,2025-08-14,active,2023-09-29,2028-09-29
2087,1288,5974260855026259,mastercard,56500,5650.0,0.1546,113.0,2025-08-06,expired,2024-03-30,2027-03-30
2088,1289,395691720703679,amex,39000,3900.0,0.198,78.0,2025-07-22,active,2024-05-13,2029-05-13
2089,1289,4152773748118448,visa,21000,10500.0,0.1954,210.0,2025-07-16,active,2024-01-05,2029-01-05
2090,1290,4900255878257313,visa,18500,1850.0,0.1403,37.0,2025-08-10,active,2023-04-14,2026-04-14
2091,1291,340533401647850,amex,30500,3050.0,0.2012,61.0,2025-08-08,active,2024-11-06,2027-11-06
2092,1292,310214654819322,amex,71500,7150.0,0.2414,143.0,2025-07-18,active,2022-01-09,2026-01-09
2093,1292,4917798795047006,visa,77500,38750.0,0.1619,775.0,2025-08-11,blocked,2022-12-05,2025-12-05
2094,1293,4748909239360447,visa,35500,10650.0,0.2464,213.0,2025-08-09,active,2023-04-25,2027-04-25
2095,1294,6527398311259822,discover,8000,800.0,0.187,25,2025-08-04,active,2025-07-12,2028-07-12
2096,1295,344516961370340,amex,14500,11600.0,0.1566,232.0,2025-07-31,active,2025-03-31,2030-03-31
2097,1295,4274393919165459,visa,21500,2150.0,0.1231,43.0,2025-07-20,active,2024-07-07,2029-07-07
2098,1296,6958607250933302,discover,28000,8400.0,0.2202,168.0,2025-07-21,active,2024-08-26,2028-08-26
2099,1297,352813497857523,amex,53500,26750.0,0.169,535.0,2025-07-17,active,2023-05-21,2027-05-21
2100,1297,6205025513099962,discover,45000,4500.0,0.1434,90.0,2025-08-10,active,2024-09-07,2028-09-07
2101,1298,6070345621555274,discover,40000,12000.0,0.1719,240.0,2025-08-14,active,2024-06-12,2027-06-12
2102,1298,394190454906547,amex,52000,26000.0,0.2281,520.0,2025-08-04,active,2025-06-29,2030-06-29
2103,1299,6611870074989006,discover,45000,13500.0,0.1251,270.0,2025-08-12,active,2024-12-03,2029-12-03
2104,1300,6752163592444507,discover,19000,5700.0,0.1599,114.0,2025-08-01,expired,2024-02-21,2028-02-21
2105,1301,393989775142580,amex,13500,1350.0,0.1585,27.0,2025-07-21,active,2024-02-21,2029-02-21
2106,1301,6360014523232914,discover,8000,800.0,0.2377,25,2025-07-24,active,2022-02-06,2027-02-06
2107,1302,5843071846609035,mastercard,5500,1650.0,0.155,33.0,2025-07-17,active,2024-09-06,2029-09-06
2108,1303,5605720731156762,mastercard,10000,0.0,0.2301,25,2025-07-27,active,2025-07-06,2030-07-06
2109,1304,6180303879426340,discover,35500,17750.0,0.1583,355.0,2025-07-31,active,2025-03-25,2029-03-25
2110,1305,5229918128091917,mastercard,57000,17100.0,0.1237,342.0,2025-08-03,active,2024-12-22,2029-12-22
2111,1306,4795678587661217,visa,61500,18450.0,0.2157,369.0,2025-07-25,expired,2024-12-18,2029-12-18
2112,1306,6574375982481328,discover,25000,2500.0,0.2452,50.0,2025-08-10,active,2022-11-15,2027-11-15
2113,1307,345735264071491,amex,17500,1750.0,0.1254,35.0,2025-07-29,blocked,2023-07-14,2026-07-14
2114,1308,356454312903826,amex,91500,0.0,0.1399,25,2025-08-03,active,2023-09-09,2026-09-09
2115,1308,6337009511391222,discover,47000,14100.0,0.2436,282.0,2025-07-29,active,2024-05-14,2029-05-14
2116,1309,4187422318583132,visa,79500,7950.0,0.1838,159.0,2025-07-22,active,2025-03-22,2029-03-22
2117,1309,4814854362748187,visa,89000,26700.0,0.1822,534.0,2025-08-02,active,2024-05-26,2027-05-26
2118,1309,6428468519261758,discover,39500,11850.0,0.1393,237.0,2025-08-07,active,2024-12-26,2029-12-26
2119,1310,4391610281111704,visa,31500,15750.0,0.2125,315.0,2025-07-31,active,2023-02-04,2027-02-04
2120,1311,380521702073970,amex,49000,4900.0,0.1741,98.0,2025-07-23,expired,2025-06-20,2028-06-20
2121,1311,4077196767416606,visa,29000,8700.0,0.164,174.0,2025-08-02,expired,2025-03-20,2030-03-20
2122,1312,344245049886453,amex,75500,22650.0,0.1927,453.0,2025-08-08,active,2023-08-30,2027-08-30
2123,1312,5766731552541783,mastercard,21000,6300.0,0.1302,126.0,2025-07-28,expired,2021-11-13,2024-11-13
2124,1312,306345856977104,amex,91500,27450.0,0.2462,549.0,2025-08-01,expired,2022-11-27,2027-11-27
2125,1313,5424235928870052,mastercard,15500,4650.0,0.2235,93.0,2025-07-28,active,2024-05-22,2027-05-22
2126,1313,386182114084874,amex,23500,11750.0,0.1348,235.0,2025-08-05,active,2023-04-20,2027-04-20
2127,1314,6275733200611936,discover,76000,0.0,0.1649,25,2025-07-20,active,2025-02-05,2030-02-05
2128,1314,380233523584596,amex,65500,19650.0,0.1479,393.0,2025-08-06,active,2023-04-26,2028-04-26
2129,1315,4698155561396047,visa,7000,700.0,0.2385,25,2025-07-19,active,2025-03-16,2029-03-16
2130,1317,365899333571768,amex,34500,3450.0,0.186,69.0,2025-08-13,active,2025-07-10,2028-07-10
2131,1318,377279728092771,amex,23500,0.0,0.2488,25,2025-08-12,active,2024-05-19,2027-05-19
2132,1319,6981736188575245,discover,87000,0.0,0.1708,25,2025-08-13,active,2022-07-28,2025-07-28
2133,1319,4180829548521121,visa,14500,11600.0,0.2353,232.0,2025-08-10,active,2023-09-17,2028-09-17
2134,1319,6984276901770690,discover,27000,8100.0,0.238,162.0,2025-07-30,active,2023-07-08,2026-07-08
2135,1320,6514364629690545,discover,100000,10000.0,0.1966,200.0,2025-08-10,active,2022-08-28,2025-08-28
2136,1320,384047608307354,amex,76500,7650.0,0.122,153.0,2025-07-31,active,2024-01-02,2027-01-02
2137,1321,6685644925593348,discover,6000,3000.0,0.1938,60.0,2025-07-25,active,2025-05-16,2029-05-16
2138,1321,4976465317595962,visa,6000,600.0,0.1366,25,2025-07-22,active,2025-04-15,2029-04-15
2139,1322,5437037526968575,mastercard,23000,11500.0,0.1284,230.0,2025-08-05,active,2022-10-11,2027-10-11
2140,1322,5327661639848117,mastercard,28500,2850.0,0.164,57.0,2025-07-21,active,2022-05-07,2025-05-07
2141,1322,332460639818085,amex,54000,16200.0,0.1423,324.0,2025-08-09,active,2023-06-19,2027-06-19
2142,1322,5960078949350617,mastercard,65000,19500.0,0.2422,390.0,2025-08-13,active,2024-01-15,2027-01-15
2143,1323,386579681032022,amex,15500,1550.0,0.1329,31.0,2025-07-23,active,2022-04-14,2025-04-14
2144,1324,343124674009404,amex,11000,3300.0,0.1913,66.0,2025-08-12,active,2024-09-17,2028-09-17
2145,1325,5606340513005723,mastercard,27500,8250.0,0.1468,165.0,2025-07-30,expired,2024-07-16,2028-07-16
2146,1326,4671629968175481,visa,25500,2550.0,0.2262,51.0,2025-08-05,active,2025-01-03,2029-01-03
2147,1326,5156023247468792,mastercard,29500,14750.0,0.1916,295.0,2025-07-27,active,2025-04-18,2028-04-18
2148,1327,6978087841786793,discover,18000,5400.0,0.1766,108.0,2025-07-23,active,2025-03-30,2028-03-30
2149,1327,372020352104811,amex,80500,40250.0,0.1888,805.0,2025-07-18,active,2024-03-30,2028-03-30
2150,1328,5313863492352493,mastercard,58500,46800.0,0.2245,936.0,2025-07-17,blocked,2024-07-15,2029-07-15
2151,1328,310301640403976,amex,13000,1300.0,0.1344,26.0,2025-08-14,active,2022-07-13,2025-07-13
2152,1329,4148219912062441,visa,7500,750.0,0.2176,25,2025-07-18,active,2024-10-12,2028-10-12
2153,1330,4509957568113431,visa,31000,3100.0,0.2283,62.0,2025-08-04,active,2024-10-27,2027-10-27
2154,1330,5822359634726247,mastercard,13000,3900.0,0.2192,78.0,2025-07-23,active,2024-06-29,2029-06-29
2155,1331,6308724036480025,discover,97500,9750.0,0.1573,195.0,2025-07-29,active,2025-05-01,2030-05-01
2156,1331,6765172775329123,discover,98500,29550.0,0.1622,591.0,2025-07-26,active,2024-10-21,2028-10-21
2157,1332,4159038240309228,visa,35500,3550.0,0.1462,71.0,2025-07-24,expired,2025-06-10,2029-06-10
2158,1332,4906695804940664,visa,45000,13500.0,0.2306,270.0,2025-07-18,active,2025-06-21,2029-06-21
2159,1333,5002883492844550,mastercard,49000,4900.0,0.2294,98.0,2025-08-11,active,2025-07-03,2029-07-03
2160,1334,4379440001056897,visa,22000,11000.0,0.1266,220.0,2025-08-08,active,2025-07-12,2030-07-12
2161,1335,322169689286979,amex,55000,5500.0,0.1504,110.0,2025-07-25,active,2024-04-23,2029-04-23
2162,1336,5572231526057948,mastercard,43000,34400.0,0.1794,688.0,2025-08-01,active,2024-12-02,2028-12-02
2163,1336,344751245737984,amex,9500,0.0,0.1274,25,2025-08-10,active,2024-11-16,2029-11-16
2164,1336,6078961783225091,discover,46500,4650.0,0.2269,93.0,2025-07-30,active,2025-05-04,2030-05-04
2165,1337,5601754269883209,mastercard,6500,650.0,0.1304,25,2025-07-24,active,2025-01-06,2030-01-06
2166,1338,4618456727857302,visa,27000,8100.0,0.1473,162.0,2025-08-08,active,2025-06-03,2030-06-03
2167,1338,6146733909213701,discover,35500,3550.0,0.2274,71.0,2025-07-31,active,2025-04-16,2028-04-16
2168,1339,6947434188157651,discover,57500,46000.0,0.1385,920.0,2025-08-01,active,2023-03-21,2026-03-21
2169,1339,5194151763861890,mastercard,24500,2450.0,0.1591,49.0,2025-07-16,active,2024-03-13,2028-03-13
2170,1339,5535559953972056,mastercard,22000,0.0,0.2027,25,2025-08-07,active,2021-03-18,2024-03-18
2171,1340,5597396707106011,mastercard,6000,1800.0,0.202,36.0,2025-07-16,active,2025-05-01,2028-05-01
2172,1341,343374536560267,amex,45500,4550.0,0.2347,91.0,2025-08-12,active,2024-12-15,2028-12-15
2173,1342,359622397248439,amex,11500,3450.0,0.2157,69.0,2025-08-08,active,2023-03-12,2028-03-12
2174,1342,4793910515071081,visa,33500,3350.0,0.146,67.0,2025-08-12,active,2023-02-09,2027-02-09
2175,1343,4532092835342495,visa,41500,12450.0,0.1304,249.0,2025-07-21,active,2023-12-26,2028-12-26
2176,1343,4648615779932469,visa,50500,40400.0,0.1546,808.0,2025-08-12,active,2025-01-29,2030-01-29
2177,1344,6801266993005476,discover,45500,4550.0,0.2161,91.0,2025-08-04,active,2023-08-16,2026-08-16
2178,1344,4832551266917827,visa,17500,5250.0,0.1796,105.0,2025-07-21,active,2023-04-12,2028-04-12
2179,1345,6022963165012404,discover,44000,13200.0,0.2082,264.0,2025-07-25,expired,2025-06-08,2030-06-08
2180,1345,4971377793864047,visa,12500,3750.0,0.2271,75.0,2025-07-20,active,2025-06-09,2029-06-09
2181,1346,378635943012269,amex,29000,14500.0,0.1622,290.0,2025-08-06,active,2025-05-15,2028-05-15
2182,1347,4509822162593224,visa,11000,3300.0,0.2214,66.0,2025-08-11,active,2025-04-11,2030-04-11
2183,1347,4749383416232528,visa,40000,4000.0,0.1601,80.0,2025-08-13,active,2025-06-12,2029-06-12
2184,1348,5760392191658064,mastercard,100000,10000.0,0.1866,200.0,2025-08-10,active,2024-03-06,2029-03-06
2185,1348,6631805830976904,discover,19000,5700.0,0.2288,114.0,2025-07-16,active,2024-08-19,2027-08-19
2186,1348,393775335940953,amex,34500,10350.0,0.2038,207.0,2025-08-06,active,2024-02-14,2027-02-14
2187,1349,306984433890254,amex,66000,33000.0,0.1316,660.0,2025-08-14,active,2024-10-09,2029-10-09
2188,1350,6448567868926855,discover,5000,2500.0,0.1824,50.0,2025-08-13,active,2023-07-10,2026-07-10
2189,1350,5606370554565154,mastercard,8000,2400.0,0.2288,48.0,2025-07-21,blocked,2024-12-19,2027-12-19
2190,1351,350941382258140,amex,55000,0.0,0.1212,25,2025-07-19,active,2025-05-15,2030-05-15
2191,1351,342816458081063,amex,58500,5850.0,0.1331,117.0,2025-07-31,active,2025-06-16,2029-06-16
2192,1351,355658247682584,amex,44000,4400.0,0.1848,88.0,2025-07-20,active,2025-06-19,2030-06-19
2193,1352,4268496777619202,visa,24500,2450.0,0.1722,49.0,2025-07-30,active,2025-07-12,2029-07-12
2194,1353,331936671162535,amex,17500,8750.0,0.2477,175.0,2025-08-11,active,2024-06-21,2027-06-21
2195,1354,4879375937275131,visa,27500,13750.0,0.1876,275.0,2025-07-28,active,2025-03-02,2029-03-02
2196,1354,5894778540794539,mastercard,8500,0.0,0.131,25,2025-07-21,blocked,2023-07-30,2027-07-30
2197,1355,5850696720647405,mastercard,10500,3150.0,0.1221,63.0,2025-07-31,active,2024-11-20,2029-11-20
2198,1355,6055704787123728,discover,6500,5200.0,0.1508,104.0,2025-07-31,active,2025-03-01,2030-03-01
2199,1356,6539990954717741,discover,19000,1900.0,0.1749,38.0,2025-07-25,active,2025-03-10,2030-03-10
2200,1356,4516008044358351,visa,25500,7650.0,0.1742,153.0,2025-08-11,active,2024-01-04,2027-01-04
2201,1357,4345300734152742,visa,29500,8850.0,0.2486,177.0,2025-08-02,active,2025-07-11,2028-07-11
2202,1357,338018087537412,amex,12000,0.0,0.1223,25,2025-08-14,active,2025-06-25,2029-06-25
2203,1358,358618942062488,amex,29000,8700.0,0.1369,174.0,2025-08-06,blocked,2023-02-27,2028-02-27
2204,1358,5536552205384803,mastercard,36500,18250.0,0.244,365.0,2025-07-19,active,2020-08-22,2023-08-22
2205,1359,4954672390441850,visa,21500,10750.0,0.2277,215.0,2025-07-18,active,2024-08-27,2027-08-27
2206,1359,314635476584885,amex,44500,22250.0,0.2145,445.0,2025-07-29,active,2023-11-04,2028-11-04
2207,1360,386737021976174,amex,57500,5750.0,0.2231,115.0,2025-07-25,active,2025-03-11,2028-03-11
2208,1360,5551458850182999,mastercard,18500,1850.0,0.1321,37.0,2025-08-14,active,2025-01-22,2030-01-22
2209,1361,4019907394883403,visa,15500,12400.0,0.175,248.0,2025-07-16,active,2023-12-25,2026-12-25
2210,1362,6297034505882024,discover,36500,0.0,0.2071,25,2025-08-03,active,2022-07-01,2026-07-01
2211,1363,6422577983042145,discover,18500,5550.0,0.1408,111.0,2025-08-10,active,2023-10-05,2028-10-05
2212,1363,4193868226723561,visa,16500,1650.0,0.2336,33.0,2025-07-22,active,2023-05-14,2028-05-14
2213,1364,6882355318444690,discover,78000,7800.0,0.1883,156.0,2025-07-26,active,2024-10-01,2029-10-01
2214,1364,6880177108696540,discover,88500,26550.0,0.2405,531.0,2025-07-17,active,2025-01-08,2029-01-08
2215,1365,307714210543513,amex,22000,11000.0,0.1859,220.0,2025-08-07,active,2023-09-05,2026-09-05
2216,1366,5291080778585991,mastercard,30500,9150.0,0.1869,183.0,2025-08-06,active,2025-04-28,2028-04-28
2217,1366,6960383478626461,discover,11000,5500.0,0.1631,110.0,2025-08-05,active,2024-02-01,2027-02-01
2218,1367,309078611407670,amex,9000,0.0,0.2447,25,2025-07-30,active,2024-07-15,2028-07-15
2219,1367,5746462250747621,mastercard,36000,3600.0,0.2289,72.0,2025-08-08,active,2025-06-21,2030-06-21
2220,1368,393016849707199,amex,28000,8400.0,0.1828,168.0,2025-07-19,active,2021-10-30,2025-10-30
2221,1368,4342875673110176,visa,7000,700.0,0.2401,25,2025-07-21,active,2023-04-10,2026-04-10
2222,1369,340985691039348,amex,26000,7800.0,0.1277,156.0,2025-07-22,active,2023-06-24,2026-06-24
2223,1369,5174221659811579,mastercard,45500,22750.0,0.242,455.0,2025-07-28,active,2025-04-03,2028-04-03
2224,1370,337928063968248,amex,38500,11550.0,0.2255,231.0,2025-08-05,active,2024-05-24,2028-05-24
2225,1371,4582508434211218,visa,36000,3600.0,0.1883,72.0,2025-08-10,active,2023-06-14,2028-06-14
2226,1372,6054332125954324,discover,24500,12250.0,0.148,245.0,2025-08-04,active,2025-01-27,2030-01-27
2227,1373,4050898940816723,visa,24500,19600.0,0.196,392.0,2025-07-27,active,2022-11-18,2026-11-18
2228,1374,4534356794154094,visa,24000,7200.0,0.1778,144.0,2025-07-27,active,2023-11-29,2026-11-29
2229,1374,4187151300634096,visa,13500,4050.0,0.2342,81.0,2025-08-14,active,2022-02-07,2025-02-07
2230,1375,5618157977642378,mastercard,13000,1300.0,0.1248,26.0,2025-08-14,active,2025-07-13,2029-07-13
2231,1376,352303350123290,amex,23000,2300.0,0.218,46.0,2025-08-07,active,2023-07-21,2026-07-21
2232,1377,382212151108809,amex,9000,900.0,0.1647,25,2025-07-17,active,2025-05-20,2030-05-20
2233,1378,5561400814528606,mastercard,37500,11250.0,0.1403,225.0,2025-07-18,active,2025-05-03,2030-05-03
2234,1378,4749522499498976,visa,22500,6750.0,0.1357,135.0,2025-07-16,active,2024-06-23,2029-06-23
2235,1379,387015295063541,amex,21500,6450.0,0.2467,129.0,2025-07-30,active,2024-08-18,2029-08-18
2236,1380,367598186324335,amex,21500,2150.0,0.2408,43.0,2025-07-27,active,2022-09-01,2027-09-01
2237,1380,381626985205660,amex,15000,12000.0,0.1948,240.0,2025-08-03,active,2024-06-28,2029-06-28
2238,1381,6465638256902876,discover,58500,17550.0,0.2008,351.0,2025-08-07,active,2023-04-09,2028-04-09
2239,1382,4020874028993650,visa,14500,4350.0,0.2068,87.0,2025-07-23,active,2024-10-22,2029-10-22
2240,1383,5584220865207748,mastercard,15500,4650.0,0.1434,93.0,2025-08-09,active,2023-09-30,2026-09-30
2241,1384,4690972732855779,visa,52500,42000.0,0.1923,840.0,2025-07-24,active,2023-08-28,2027-08-28
2242,1385,5861982726065768,mastercard,47000,23500.0,0.2005,470.0,2025-08-04,active,2023-03-16,2028-03-16
2243,1385,319786804288789,amex,57500,17250.0,0.2245,345.0,2025-08-01,active,2023-03-21,2027-03-21
2244,1386,341571762696728,amex,27000,2700.0,0.1668,54.0,2025-07-29,active,2025-07-02,2028-07-02
2245,1386,4465998314309953,visa,44500,22250.0,0.1904,445.0,2025-08-12,active,2023-03-20,2026-03-20
2246,1387,5058654833880671,mastercard,39000,3900.0,0.1841,78.0,2025-07-21,active,2024-09-05,2027-09-05
2247,1388,6566717524097586,discover,31000,9300.0,0.2051,186.0,2025-08-09,active,2021-06-27,2024-06-27
2248,1389,300441850060307,amex,16000,4800.0,0.1974,96.0,2025-07-25,active,2025-06-08,2030-06-08
2249,1390,4565887934048693,visa,61500,18450.0,0.146,369.0,2025-07-31,active,2024-10-30,2027-10-30
2250,1391,5014118260606821,mastercard,6000,3000.0,0.1773,60.0,2025-07-29,active,2023-10-07,2028-10-07
2251,1392,374205008000182,amex,15500,0.0,0.2096,25,2025-07-21,active,2025-01-02,2028-01-02
2252,1392,4688709090423266,visa,7500,2250.0,0.1565,45.0,2025-07-28,active,2023-11-30,2028-11-30
2253,1393,6942592202139520,discover,26000,13000.0,0.2372,260.0,2025-08-06,active,2025-02-08,2029-02-08
2254,1394,4837015774416621,visa,30500,3050.0,0.1623,61.0,2025-08-03,active,2022-03-11,2027-03-11
2255,1394,371693617568268,amex,70000,21000.0,0.2342,420.0,2025-07-24,active,2025-05-01,2028-05-01
2256,1395,4457004017337591,visa,15500,0.0,0.1421,25,2025-08-05,active,2021-03-29,2026-03-29
2257,1395,5955701601619959,mastercard,7000,700.0,0.1652,25,2025-07-23,active,2022-04-30,2025-04-30
2258,1396,320659995440809,amex,25000,7500.0,0.1988,150.0,2025-08-05,active,2025-04-11,2030-04-11
2259,1397,396308397725188,amex,9500,950.0,0.1929,25,2025-08-05,active,2024-06-17,2027-06-17
2260,1398,4263986493544997,visa,89500,85025.0,0.1641,1700.5,2025-07-26,active,2020-12-21,2024-12-21
2261,1398,5234091708957438,mastercard,31000,9300.0,0.1846,186.0,2025-07-20,active,2021-09-18,2025-09-18
2262,1399,6680798105131469,discover,28000,8400.0,0.228,168.0,2025-07-23,active,2021-12-15,2026-12-15
2263,1400,358723636285849,amex,7500,2250.0,0.1338,45.0,2025-08-05,active,2025-01-28,2028-01-28
2264,1401,5868805074511524,mastercard,72000,21600.0,0.2463,432.0,2025-08-08,active,2024-08-21,2027-08-21
2265,1401,4030035275172863,visa,32500,26000.0,0.2012,520.0,2025-08-10,active,2022-10-07,2026-10-07
2266,1402,5600298455828146,mastercard,14000,4200.0,0.1805,84.0,2025-08-08,active,2025-06-21,2028-06-21
2267,1403,4388721728360696,visa,4500,1350.0,0.2482,27.0,2025-08-09,active,2025-06-20,2030-06-20
2268,1403,393173322062480,amex,23000,6900.0,0.2338,138.0,2025-07-25,active,2025-06-22,2028-06-22
2269,1404,5287434205024090,mastercard,26500,2650.0,0.1927,53.0,2025-07-22,active,2023-11-18,2026-11-18
2270,1404,4373509269252617,visa,35000,3500.0,0.1676,70.0,2025-07-24,active,2023-12-07,2026-12-07
2271,1405,5870021361399923,mastercard,40000,20000.0,0.1963,400.0,2025-08-01,active,2023-03-19,2026-03-19
2272,1405,351227607866076,amex,49000,4900.0,0.2043,98.0,2025-07-20,active,2023-08-05,2027-08-05
2273,1405,6135992331289985,discover,53000,0.0,0.186,25,2025-07-29,active,2023-02-08,2026-02-08
2274,1406,5112625748946674,mastercard,7500,750.0,0.1623,25,2025-07-16,active,2024-10-28,2029-10-28
2275,1406,334254825085115,amex,23000,0.0,0.2393,25,2025-07-30,active,2024-08-07,2029-08-07
2276,1406,4465342542288032,visa,49000,24500.0,0.1421,490.0,2025-07-31,active,2024-12-03,2027-12-03
2277,1407,4579687335201889,visa,44500,4450.0,0.2324,89.0,2025-07-18,active,2024-12-16,2028-12-16
2278,1407,6302866535818985,discover,41500,12450.0,0.2365,249.0,2025-08-06,active,2025-01-06,2030-01-06
2279,1408,5385515109346673,mastercard,32500,9750.0,0.2257,195.0,2025-07-16,active,2021-12-17,2026-12-17
2280,1409,6274600111566311,discover,19500,1950.0,0.2379,39.0,2025-08-01,active,2025-06-04,2030-06-04
2281,1410,5938124014766964,mastercard,35000,10500.0,0.1761,210.0,2025-08-11,active,2024-05-11,2028-05-11
2282,1411,6173043113875093,discover,36500,3650.0,0.1204,73.0,2025-07-29,active,2022-02-25,2027-02-25
2283,1411,5559971777216640,mastercard,100000,95000.0,0.2464,1900.0,2025-07-26,active,2022-03-09,2026-03-09
2284,1412,6280893725956168,discover,12000,1200.0,0.2071,25,2025-07-16,active,2024-09-12,2028-09-12
2285,1413,5703646576105272,mastercard,9000,2700.0,0.2364,54.0,2025-08-11,active,2024-05-07,2029-05-07
2286,1414,6801526074869935,discover,15500,1550.0,0.1444,31.0,2025-07-31,active,2025-05-26,2030-05-26
2287,1415,6659144450323124,discover,23000,2300.0,0.2357,46.0,2025-08-03,expired,2025-02-23,2030-02-23
2288,1415,6425891596545827,discover,35500,17750.0,0.2113,355.0,2025-07-16,active,2023-07-04,2027-07-04
2289,1416,324185048900606,amex,18500,1850.0,0.2313,37.0,2025-08-07,active,2023-07-19,2026-07-19
2290,1417,5833009273385289,mastercard,16500,0.0,0.23,25,2025-07-31,active,2025-05-07,2028-05-07
2291,1418,5182571577317536,mastercard,89000,26700.0,0.1778,534.0,2025-08-09,active,2022-03-08,2027-03-08
2292,1418,4843968229833691,visa,60000,6000.0,0.1774,120.0,2025-07-31,active,2024-03-13,2028-03-13
2293,1419,4564415896897482,visa,6000,1800.0,0.1789,36.0,2025-08-13,active,2025-06-16,2030-06-16
2294,1419,5183902157320836,mastercard,34500,27600.0,0.1691,552.0,2025-07-21,active,2023-11-24,2028-11-24
2295,1420,4109820481611336,visa,15000,1500.0,0.1914,30.0,2025-08-11,active,2023-04-20,2028-04-20
2296,1421,389671965263026,amex,15000,0.0,0.1883,25,2025-08-10,active,2022-12-13,2027-12-13
2297,1422,5996662909137412,mastercard,33000,16500.0,0.2136,330.0,2025-08-14,active,2025-07-01,2028-07-01
2298,1422,6735082204730192,discover,44500,4450.0,0.2075,89.0,2025-08-12,active,2025-04-20,2030-04-20
2299,1423,4833567207190147,visa,62000,6200.0,0.156,124.0,2025-08-14,active,2022-04-24,2027-04-24
2300,1423,4895809015174898,visa,17500,8750.0,0.1365,175.0,2025-07-29,active,2023-05-11,2026-05-11
2301,1423,338941523598202,amex,31000,3100.0,0.1254,62.0,2025-07-28,active,2024-04-06,2029-04-06
2302,1424,6477234366647984,discover,59000,5900.0,0.2382,118.0,2025-08-10,active,2024-02-26,2028-02-26
2303,1424,368015276509603,amex,20500,2050.0,0.2273,41.0,2025-07-27,active,2020-10-24,2024-10-24
2304,1425,5963229919457634,mastercard,18500,5550.0,0.1978,111.0,2025-08-09,active,2022-08-06,2025-08-06
2305,1426,6193770619878018,discover,15000,14250.0,0.1286,285.0,2025-08-13,active,2024-05-07,2029-05-07
2306,1427,4055672427420784,visa,35000,3500.0,0.1801,70.0,2025-08-09,active,2023-08-30,2028-08-30
2307,1427,364867143648936,amex,40000,4000.0,0.1609,80.0,2025-08-14,active,2023-05-25,2027-05-25
2308,1428,6002518828160253,discover,54500,16350.0,0.1579,327.0,2025-08-12,active,2022-08-23,2026-08-23
2309,1428,5201392160922893,mastercard,78000,62400.0,0.2164,1248.0,2025-08-04,active,2023-11-23,2026-11-23
2310,1429,5329330023285212,mastercard,43500,34800.0,0.1253,696.0,2025-08-11,active,2025-07-08,2028-07-08
2311,1429,386006498824769,amex,17000,5100.0,0.2323,102.0,2025-07-21,active,2025-06-30,2030-06-30
2312,1430,4450820269278297,visa,10000,3000.0,0.2365,60.0,2025-07-22,active,2021-12-06,2026-12-06
2313,1430,353740126849085,amex,10500,8400.0,0.1458,168.0,2025-08-05,active,2023-05-12,2027-05-12
2314,1431,5124838279065457,mastercard,25000,7500.0,0.2073,150.0,2025-08-08,active,2023-12-31,2027-12-31
2315,1431,5366162523081973,mastercard,14000,7000.0,0.145,140.0,2025-08-07,active,2025-04-02,2030-04-02
2316,1432,352420526738890,amex,17000,8500.0,0.2141,170.0,2025-07-23,active,2025-06-23,2029-06-23
2317,1433,5954002202678869,mastercard,26000,7800.0,0.1404,156.0,2025-08-08,expired,2023-11-16,2026-11-16
2318,1434,5730382000039011,mastercard,63000,0.0,0.1264,25,2025-08-03,expired,2023-04-02,2028-04-02
2319,1434,4038878151417892,visa,100000,50000.0,0.1571,1000.0,2025-07-17,active,2024-04-09,2028-04-09
2320,1435,329555387097915,amex,61500,6150.0,0.2465,123.0,2025-07-21,blocked,2025-06-04,2028-06-04
2321,1435,5283715875449632,mastercard,52000,0.0,0.2497,25,2025-08-14,blocked,2025-05-30,2028-05-30
2322,1436,384220900143101,amex,25000,2500.0,0.1279,50.0,2025-07-30,active,2024-01-27,2029-01-27
2323,1436,4430241935080542,visa,48500,14550.0,0.2207,291.0,2025-07-31,active,2023-06-06,2026-06-06
2324,1437,4342881514739905,visa,28500,14250.0,0.1954,285.0,2025-08-05,active,2024-12-03,2028-12-03
2325,1438,372876841816282,amex,14500,1450.0,0.2251,29.0,2025-07-22,active,2025-03-21,2028-03-21
2326,1438,319173959329544,amex,16500,1650.0,0.1237,33.0,2025-08-08,active,2025-06-15,2030-06-15
2327,1439,4827006268610844,visa,75500,22650.0,0.2455,453.0,2025-08-05,active,2024-08-01,2028-08-01
2328,1439,6286743339898525,discover,91000,27300.0,0.1276,546.0,2025-08-03,active,2025-01-20,2030-01-20
2329,1439,358031539531313,amex,100000,10000.0,0.1287,200.0,2025-08-08,active,2023-12-08,2026-12-08
2330,1440,331926219731457,amex,61000,0.0,0.2045,25,2025-07-25,active,2024-05-03,2028-05-03
2331,1440,6019461160810745,discover,58000,17400.0,0.1596,348.0,2025-08-11,active,2024-04-11,2028-04-11
2332,1441,308551108030615,amex,15000,12000.0,0.1322,240.0,2025-07-26,active,2024-08-20,2028-08-20
2333,1441,5713119427100366,mastercard,35500,28400.0,0.1764,568.0,2025-07-20,active,2024-10-28,2027-10-28
2334,1441,4594560695599152,visa,52000,15600.0,0.1434,312.0,2025-08-07,active,2025-04-11,2029-04-11
2335,1443,336443162300300,amex,46500,13950.0,0.1656,279.0,2025-08-05,active,2022-06-13,2027-06-13
2336,1443,5350968888311496,mastercard,100000,30000.0,0.1861,600.0,2025-07-31,active,2021-10-31,2026-10-31
2337,1444,5191706221789426,mastercard,37500,3750.0,0.1396,75.0,2025-07-16,active,2024-10-16,2027-10-16
2338,1445,4542594283981121,visa,71500,0.0,0.1968,25,2025-08-12,active,2022-07-27,2026-07-27
2339,1445,342360256732291,amex,99500,9950.0,0.1413,199.0,2025-08-08,active,2024-11-30,2027-11-30
2340,1445,354093436886914,amex,90500,27150.0,0.1479,543.0,2025-07-28,active,2025-06-21,2028-06-21
2341,1446,5009038755676134,mastercard,79000,23700.0,0.137,474.0,2025-07-22,expired,2025-06-08,2030-06-08
2342,1446,4471427205139541,visa,82500,8250.0,0.2335,165.0,2025-08-09,active,2025-06-15,2030-06-15
2343,1447,325619623268625,amex,43000,0.0,0.1808,25,2025-07-20,active,2024-07-14,2027-07-14
2344,1448,390848310344694,amex,44500,4450.0,0.239,89.0,2025-07-25,blocked,2023-08-25,2026-08-25
2345,1448,5097681278889012,mastercard,64500,19350.0,0.2346,387.0,2025-08-03,active,2023-04-06,2027-04-06
2346,1448,6294420520306571,discover,65000,19500.0,0.1848,390.0,2025-08-07,active,2023-04-02,2028-04-02
2347,1449,4136049474214254,visa,24000,7200.0,0.2264,144.0,2025-08-02,active,2024-11-10,2029-11-10
2348,1449,4457692296258470,visa,5500,2750.0,0.1403,55.0,2025-07-31,active,2023-06-01,2028-06-01
2349,1450,390530443197406,amex,60000,18000.0,0.2297,360.0,2025-07-27,active,2023-11-26,2028-11-26
2350,1450,4974073397351090,visa,11000,10450.0,0.1474,209.0,2025-07-18,active,2023-08-21,2028-08-21
2351,1451,391469366639189,amex,38500,11550.0,0.1957,231.0,2025-08-01,active,2022-08-17,2025-08-17
2352,1452,4895141973486071,visa,9000,900.0,0.1833,25,2025-07-25,active,2025-03-30,2030-03-30
2353,1452,368680477900138,amex,21500,6450.0,0.1893,129.0,2025-08-03,active,2025-06-24,2030-06-24
2354,1453,4392117059466961,visa,89500,26850.0,0.1816,537.0,2025-08-11,active,2022-08-04,2027-08-04
2355,1453,5694813352954005,mastercard,59000,29500.0,0.1629,590.0,2025-07-16,active,2025-04-29,2029-04-29
2356,1453,5166518999403640,mastercard,85000,8500.0,0.1903,170.0,2025-07-18,active,2021-12-03,2026-12-03
2357,1454,5326210038589472,mastercard,49500,14850.0,0.1682,297.0,2025-07-26,active,2023-05-22,2027-05-22
2358,1454,5623081726076124,mastercard,12500,3750.0,0.1601,75.0,2025-07-18,active,2023-06-09,2026-06-09
2359,1455,4727999949940189,visa,9500,2850.0,0.2308,57.0,2025-07-28,active,2024-10-18,2029-10-18
2360,1456,5674086560022957,mastercard,48000,24000.0,0.1588,480.0,2025-08-13,expired,2023-09-03,2026-09-03
2361,1456,317607987679936,amex,25500,2550.0,0.1361,51.0,2025-08-04,active,2025-02-24,2030-02-24
2362,1457,5477741546334419,mastercard,91000,9100.0,0.143,182.0,2025-07-16,expired,2022-11-08,2025-11-08
2363,1457,320748015597205,amex,66500,6650.0,0.1378,133.0,2025-07-30,active,2024-10-22,2028-10-22
2364,1458,4750096708338880,visa,56000,16800.0,0.2238,336.0,2025-08-14,active,2024-05-15,2029-05-15
2365,1458,6899172352881513,discover,61000,18300.0,0.2208,366.0,2025-07-21,active,2024-05-19,2029-05-19
2366,1459,5977043134551638,mastercard,32500,0.0,0.1855,25,2025-08-04,active,2024-10-25,2027-10-25
2367,1460,349811180981660,amex,7500,750.0,0.1916,25,2025-08-13,active,2025-06-23,2030-06-23
2368,1460,4281471438401154,visa,33500,31825.0,0.239,636.5,2025-08-09,blocked,2025-04-18,2030-04-18
2369,1461,4070553096277186,visa,15500,12400.0,0.1733,248.0,2025-08-13,active,2025-04-17,2030-04-17
2370,1462,4949274537956968,visa,18500,1850.0,0.225,37.0,2025-08-07,active,2023-05-13,2027-05-13
2371,1463,4417958830335003,visa,16500,8250.0,0.1711,165.0,2025-07-17,active,2024-12-05,2028-12-05
2372,1463,4384710689731736,visa,38500,3850.0,0.1524,77.0,2025-07-18,active,2024-12-07,2027-12-07
2373,1464,397513012073081,amex,52000,15600.0,0.2459,312.0,2025-08-01,active,2024-08-04,2027-08-04
2374,1464,5725772619584361,mastercard,10000,1000.0,0.1447,25,2025-07-27,active,2023-05-25,2027-05-25
2375,1465,382280857623623,amex,50500,5050.0,0.1733,101.0,2025-07-19,active,2024-11-04,2027-11-04
2376,1465,4248552568708806,visa,72000,7200.0,0.1655,144.0,2025-08-11,blocked,2025-07-08,2028-07-08
2377,1466,5054137282912716,mastercard,55000,16500.0,0.1344,330.0,2025-07-28,active,2024-08-16,2027-08-16
2378,1466,4068411602012212,visa,62500,18750.0,0.2477,375.0,2025-08-10,active,2024-10-28,2029-10-28
2379,1467,6484893698022509,discover,23500,2350.0,0.1686,47.0,2025-08-14,active,2024-04-17,2027-04-17
2380,1467,4374214157099521,visa,22000,6600.0,0.1725,132.0,2025-07-16,active,2024-03-26,2028-03-26
2381,1468,4044761494340501,visa,11000,3300.0,0.2411,66.0,2025-07-19,active,2022-09-20,2026-09-20
2382,1469,375452355897295,amex,42500,34000.0,0.1656,680.0,2025-07-27,expired,2024-11-03,2027-11-03
2383,1470,4540992293466297,visa,7000,2100.0,0.2135,42.0,2025-07-25,active,2023-05-10,2027-05-10
2384,1471,372634855002309,amex,85000,25500.0,0.1974,510.0,2025-07-28,active,2024-10-05,2027-10-05
2385,1471,6619828590406209,discover,83500,41750.0,0.2238,835.0,2025-07-19,active,2023-11-21,2026-11-21
2386,1472,4130113263398868,visa,14000,11200.0,0.173,224.0,2025-07-29,active,2023-10-22,2028-10-22
2387,1473,4539122190436056,visa,89500,8950.0,0.1548,179.0,2025-07-23,active,2025-04-05,2028-04-05
2388,1473,346944211067099,amex,83500,8350.0,0.2437,167.0,2025-07-22,active,2025-05-09,2028-05-09
2389,1474,4518710404464638,visa,17000,8500.0,0.1953,170.0,2025-07-20,active,2025-01-02,2030-01-02
2390,1475,397905735805416,amex,31000,3100.0,0.1865,62.0,2025-08-07,active,2024-06-29,2027-06-29
2391,1475,4069215390050674,visa,100000,80000.0,0.2404,1600.0,2025-08-05,blocked,2025-03-24,2030-03-24
2392,1476,4330393758130121,visa,100000,30000.0,0.1994,600.0,2025-08-07,active,2025-05-19,2028-05-19
2393,1476,4813410290616918,visa,100000,50000.0,0.174,1000.0,2025-07-18,active,2025-03-15,2028-03-15
2394,1477,6702589127177326,discover,23000,2300.0,0.2438,46.0,2025-08-05,active,2024-06-15,2029-06-15
2395,1478,5894168631855256,mastercard,18500,9250.0,0.2115,185.0,2025-08-02,active,2024-01-30,2028-01-30
2396,1478,311669115340524,amex,69000,0.0,0.245,25,2025-08-04,active,2022-04-16,2026-04-16
2397,1478,6976869900782816,discover,47500,38000.0,0.1349,760.0,2025-07-23,active,2021-07-30,2025-07-30
2398,1479,4497038341031115,visa,28500,2850.0,0.2178,57.0,2025-08-12,active,2025-04-03,2029-04-03
2399,1479,6849082456094320,discover,7500,750.0,0.2474,25,2025-07-20,active,2025-02-01,2028-02-01
2400,1480,5540357133844727,mastercard,23000,6900.0,0.137,138.0,2025-07-19,active,2025-07-01,2028-07-01
2401,1480,373515496066076,amex,90000,27000.0,0.183,540.0,2025-07-20,active,2025-06-13,2029-06-13
2402,1480,5485497515798005,mastercard,37000,11100.0,0.1392,222.0,2025-08-05,active,2025-06-26,2028-06-26
2403,1481,5017982109592783,mastercard,51500,15450.0,0.2396,309.0,2025-07-21,active,2025-01-24,2030-01-24
2404,1481,5451161065151382,mastercard,72000,21600.0,0.1414,432.0,2025-07-20,active,2025-05-03,2028-05-03
2405,1481,5499605204882526,mastercard,32000,16000.0,0.2086,320.0,2025-07-18,active,2024-11-06,2028-11-06
2406,1482,6940948718829917,discover,38000,0.0,0.2368,25,2025-07-31,active,2024-08-23,2027-08-23
2407,1482,358061870013651,amex,33500,26800.0,0.1211,536.0,2025-07-29,active,2022-06-23,2025-06-23
2408,1483,372598568421228,amex,31000,3100.0,0.1612,62.0,2025-08-09,active,2025-06-06,2030-06-06
2409,1484,4942673632515310,visa,5500,550.0,0.2041,25,2025-07-16,active,2025-04-12,2029-04-12
2410,1485,4259047547691713,visa,21000,0.0,0.1618,25,2025-08-05,expired,2024-10-31,2029-10-31
2411,1486,4728471271992724,visa,68500,34250.0,0.2273,685.0,2025-08-07,active,2023-01-04,2028-01-04
2412,1486,5306559761355220,mastercard,60500,30250.0,0.2396,605.0,2025-07-30,active,2023-05-24,2026-05-24
2413,1486,4012808551729488,visa,15000,4500.0,0.2116,90.0,2025-07-19,active,2023-12-01,2026-12-01
2414,1487,305256406056432,amex,11000,1100.0,0.1264,25,2025-08-02,active,2024-09-23,2027-09-23
2415,1488,6275063622982250,discover,49000,0.0,0.1862,25,2025-07-26,active,2025-03-21,2028-03-21
2416,1488,384209418444620,amex,12500,1250.0,0.16,25,2025-08-08,active,2025-03-01,2028-03-01
2417,1488,6313921180829380,discover,53000,15900.0,0.1479,318.0,2025-08-14,active,2025-04-19,2029-04-19
2418,1489,4321651556733761,visa,17000,1700.0,0.2489,34.0,2025-08-10,active,2023-12-24,2027-12-24
2419,1489,6659732460570502,discover,22500,6750.0,0.1978,135.0,2025-07-26,active,2024-02-05,2027-02-05
2420,1490,5682517024552674,mastercard,37500,18750.0,0.2084,375.0,2025-08-12,active,2024-11-07,2029-11-07
2421,1490,5228372130273220,mastercard,24500,2450.0,0.1911,49.0,2025-07-16,active,2024-02-06,2028-02-06
2422,1491,362279281727243,amex,28500,2850.0,0.1808,57.0,2025-07-21,active,2023-02-21,2027-02-21
2423,1492,343762825599484,amex,29000,14500.0,0.2171,290.0,2025-07-31,active,2024-09-13,2027-09-13
2424,1493,6941300871062359,discover,8500,2550.0,0.1713,51.0,2025-07-22,active,2025-01-26,2028-01-26
2425,1494,364956656602076,amex,68500,6850.0,0.1564,137.0,2025-08-08,active,2025-02-14,2028-02-14
2426,1494,4961273485794941,visa,96000,9600.0,0.2095,192.0,2025-07-21,active,2024-08-13,2028-08-13
2427,1494,337057549415874,amex,69000,20700.0,0.1359,414.0,2025-08-06,active,2023-01-06,2028-01-06
2428,1495,389768116550891,amex,27000,2700.0,0.128,54.0,2025-08-01,active,2024-08-08,2029-08-08
2429,1496,380048690802678,amex,13000,1300.0,0.1531,26.0,2025-07-16,active,2021-11-15,2024-11-15
2430,1496,327497847522815,amex,38000,36100.0,0.1611,722.0,2025-07-21,active,2022-12-16,2025-12-16
2431,1497,5995204301604263,mastercard,44000,13200.0,0.1681,264.0,2025-08-04,active,2024-11-18,2028-11-18
2432,1498,368585760505759,amex,49000,4900.0,0.2125,98.0,2025-08-08,active,2025-01-03,2029-01-03
2433,1498,4881940548465291,visa,18000,5400.0,0.2487,108.0,2025-07-27,active,2025-05-12,2030-05-12
2434,1499,6820542602442117,discover,35500,0.0,0.2176,25,2025-08-01,active,2024-08-19,2027-08-19
2435,1500,6848507013422355,discover,48000,4800.0,0.1559,96.0,2025-08-07,active,2025-03-17,2028-03-17
2436,1501,4620802011041258,visa,32000,3200.0,0.2095,64.0,2025-07-25,active,2025-07-09,2029-07-09
2437,1502,4920119885526172,visa,6000,600.0,0.1377,25,2025-07-17,active,2023-09-01,2028-09-01
2438,1503,5797604027183010,mastercard,8500,850.0,0.207,25,2025-07-24,expired,2023-06-28,2028-06-28
2439,1504,4035188934576494,visa,17000,13600.0,0.206,272.0,2025-08-14,active,2024-12-18,2029-12-18
2440,1504,4161646663266318,visa,17500,5250.0,0.1976,105.0,2025-07-30,active,2025-03-30,2028-03-30
2441,1505,5458485166263575,mastercard,48500,4850.0,0.1863,97.0,2025-07-25,active,2025-07-08,2030-07-08
2442,1505,316833142147238,amex,23500,11750.0,0.1404,235.0,2025-07-17,blocked,2025-07-04,2028-07-04
2443,1506,312432058920790,amex,23000,2300.0,0.2044,46.0,2025-07-28,blocked,2025-03-19,2029-03-19
2444,1507,5676348528529580,mastercard,21500,6450.0,0.209,129.0,2025-08-14,active,2022-03-02,2027-03-02
2445,1507,5796855965211778,mastercard,9500,2850.0,0.1418,57.0,2025-07-19,active,2021-02-04,2024-02-04
2446,1508,4306416702149290,visa,25500,20400.0,0.1867,408.0,2025-07-22,active,2025-05-08,2029-05-08
2447,1509,302109859306084,amex,37000,11100.0,0.2025,222.0,2025-08-11,active,2025-05-03,2030-05-03
2448,1510,311872742933175,amex,58000,29000.0,0.1446,580.0,2025-07-22,active,2023-03-03,2026-03-03
2449,1511,354917808855763,amex,25000,2500.0,0.2174,50.0,2025-07-29,active,2024-11-02,2027-11-02
2450,1512,5373930457412986,mastercard,97000,9700.0,0.2059,194.0,2025-07-23,active,2023-02-18,2028-02-18
2451,1512,342531702777217,amex,95500,47750.0,0.1931,955.0,2025-08-13,active,2024-12-10,2029-12-10
2452,1513,5650031235483662,mastercard,38500,11550.0,0.2003,231.0,2025-07-31,active,2025-04-28,2028-04-28
2453,1513,5953021559522393,mastercard,63500,50800.0,0.1977,1016.0,2025-08-06,active,2025-03-05,2029-03-05
2454,1514,307972281089188,amex,30500,0.0,0.2355,25,2025-08-04,active,2023-05-12,2026-05-12
2455,1514,5889113203609603,mastercard,11500,9200.0,0.1559,184.0,2025-07-28,active,2022-02-21,2026-02-21
2456,1514,4728079344696909,visa,68500,20550.0,0.1403,411.0,2025-07-18,active,2021-07-03,2024-07-03
2457,1515,4446007919492359,visa,65500,32750.0,0.2058,655.0,2025-07-17,active,2024-09-25,2029-09-25
2458,1515,4499780550144301,visa,91500,73200.0,0.2014,1464.0,2025-07-29,active,2023-02-01,2026-02-01
2459,1516,4075353542365375,visa,50500,5050.0,0.1544,101.0,2025-07-19,active,2023-06-29,2028-06-29
2460,1516,324914859618946,amex,34000,3400.0,0.2226,68.0,2025-07-26,active,2023-03-19,2028-03-19
2461,1517,5016127924262811,mastercard,12000,3600.0,0.1784,72.0,2025-07-29,active,2023-12-22,2026-12-22
2462,1518,4711467530157055,visa,46000,4600.0,0.1247,92.0,2025-07-19,active,2025-03-14,2030-03-14
2463,1518,5767991824404283,mastercard,40000,20000.0,0.142,400.0,2025-07-16,active,2024-12-22,2028-12-22
2464,1519,329796764263331,amex,33000,26400.0,0.1664,528.0,2025-08-11,active,2024-07-06,2027-07-06
2465,1519,314055162977291,amex,100000,30000.0,0.2075,600.0,2025-08-14,active,2025-01-29,2028-01-29
2466,1520,6174648782079520,discover,100000,10000.0,0.1814,200.0,2025-07-24,active,2024-07-31,2028-07-31
2467,1520,5715303763174816,mastercard,100000,10000.0,0.1494,200.0,2025-08-10,active,2024-06-20,2028-06-20
2468,1520,5725967347531784,mastercard,41000,12300.0,0.2465,246.0,2025-07-29,active,2025-02-19,2028-02-19
2469,1521,6091575415796142,discover,92000,9200.0,0.15,184.0,2025-07-20,active,2025-07-04,2028-07-04
2470,1521,6223534221328687,discover,28000,8400.0,0.2372,168.0,2025-07-22,active,2025-07-07,2030-07-07
2471,1522,6099394758598934,discover,37000,11100.0,0.1398,222.0,2025-08-01,active,2024-10-21,2027-10-21
2472,1522,309451779017154,amex,53500,0.0,0.154,25,2025-08-12,active,2025-06-26,2030-06-26
2473,1523,6236076826374068,discover,11500,9200.0,0.1768,184.0,2025-07-29,active,2024-10-27,2029-10-27
2474,1524,6248956654643989,discover,63500,6350.0,0.2092,127.0,2025-07-22,active,2024-12-26,2028-12-26
2475,1525,6660522612471305,discover,4500,0.0,0.1713,25,2025-08-07,active,2021-07-12,2024-07-12
2476,1526,4706693548910211,visa,35000,0.0,0.1237,25,2025-08-03,active,2025-03-24,2030-03-24
2477,1526,6738339970498356,discover,22500,6750.0,0.1818,135.0,2025-07-17,active,2025-03-17,2028-03-17
2478,1527,6525768752643797,discover,50500,5050.0,0.1839,101.0,2025-07-26,active,2025-06-06,2030-06-06
2479,1528,4684959826349459,visa,9000,2700.0,0.2106,54.0,2025-08-12,active,2023-03-11,2027-03-11
2480,1529,399049511410108,amex,64500,19350.0,0.2259,387.0,2025-07-21,active,2025-07-05,2029-07-05
2481,1529,371373926669598,amex,67500,6750.0,0.1889,135.0,2025-08-09,active,2022-11-29,2027-11-29
2482,1529,6312549707514976,discover,12000,3600.0,0.1278,72.0,2025-07-20,active,2025-04-16,2029-04-16
2483,1530,4731985047882556,visa,51500,15450.0,0.1336,309.0,2025-08-13,active,2025-07-13,2029-07-13
2484,1530,308287274064708,amex,63500,31750.0,0.1244,635.0,2025-07-25,active,2025-01-29,2029-01-29
2485,1531,5027587943205000,mastercard,33000,9900.0,0.2229,198.0,2025-07-24,active,2025-02-14,2030-02-14
2486,1532,6545422336069434,discover,70000,21000.0,0.196,420.0,2025-07-29,active,2024-01-02,2027-01-02
2487,1532,4529959617088548,visa,76000,7600.0,0.1928,152.0,2025-07-20,active,2025-07-03,2028-07-03
2488,1533,4941254724633034,visa,16000,4800.0,0.2101,96.0,2025-07-25,active,2024-09-06,2029-09-06
2489,1534,4894366647054719,visa,31500,3150.0,0.1353,63.0,2025-08-09,active,2025-04-04,2029-04-04
2490,1535,370713080287852,amex,58500,0.0,0.1373,25,2025-07-24,active,2025-05-02,2030-05-02
2491,1535,335171711882213,amex,10500,3150.0,0.1389,63.0,2025-07-28,active,2024-04-14,2028-04-14
2492,1536,4001959408749503,visa,19000,5700.0,0.1737,114.0,2025-07-16,active,2023-05-08,2027-05-08
2493,1537,4402269562094846,visa,50500,15150.0,0.1925,303.0,2025-07-20,active,2022-09-03,2027-09-03
2494,1537,337721183185175,amex,43000,4300.0,0.2462,86.0,2025-08-04,active,2023-07-30,2026-07-30
2495,1537,4486818204129250,visa,45500,43225.0,0.1923,864.5,2025-08-12,active,2024-07-21,2029-07-21
2496,1538,356863146870411,amex,42000,4200.0,0.1745,84.0,2025-07-29,active,2024-09-23,2027-09-23
2497,1539,4124648807889907,visa,39000,19500.0,0.184,390.0,2025-07-16,active,2023-11-20,2027-11-20
2498,1540,5282102152348417,mastercard,100000,80000.0,0.2463,1600.0,2025-08-03,active,2025-07-11,2030-07-11
2499,1540,6177918506419773,discover,100000,10000.0,0.1482,200.0,2025-07-16,active,2023-11-25,2026-11-25
2500,1540,398703784457676,amex,100000,10000.0,0.1354,200.0,2025-07-25,active,2025-06-07,2028-06-07
2501,1540,5993223947800050,mastercard,51500,5150.0,0.135,103.0,2025-08-11,active,2024-09-25,2028-09-25
2502,1541,6880109997348290,discover,13000,3900.0,0.1214,78.0,2025-07-27,active,2022-12-14,2026-12-14
2503,1542,4562597223709144,visa,30500,3050.0,0.2045,61.0,2025-08-01,active,2024-06-11,2029-06-11
2504,1543,6049609133077262,discover,38500,3850.0,0.1857,77.0,2025-07-27,active,2025-02-22,2028-02-22
2505,1544,5824858025769985,mastercard,20000,10000.0,0.145,200.0,2025-07-31,active,2023-08-22,2028-08-22
2506,1545,6417288551895539,discover,9500,2850.0,0.165,57.0,2025-07-24,active,2025-03-06,2029-03-06
2507,1546,5146111055979422,mastercard,57500,17250.0,0.1336,345.0,2025-07-20,active,2025-05-30,2029-05-30
2508,1547,5651956545603566,mastercard,41000,12300.0,0.1841,246.0,2025-08-03,active,2024-04-11,2029-04-11
2509,1548,6570779491200325,discover,63000,0.0,0.1695,25,2025-07-22,active,2025-06-19,2030-06-19
2510,1549,6091266717382337,discover,32500,9750.0,0.1478,195.0,2025-07-16,active,2025-01-15,2028-01-15
2511,1550,313326901873637,amex,22000,6600.0,0.1826,132.0,2025-07-25,active,2025-02-11,2028-02-11
2512,1550,4219124164479688,visa,19500,1950.0,0.1909,39.0,2025-07-23,active,2024-12-17,2028-12-17
2513,1551,387415203147548,amex,48000,14400.0,0.188,288.0,2025-08-10,active,2025-06-17,2030-06-17
2514,1551,373836694718344,amex,92500,74000.0,0.1888,1480.0,2025-07-28,active,2024-06-18,2029-06-18
2515,1551,5655560592338925,mastercard,49500,4950.0,0.2375,99.0,2025-08-03,active,2023-01-15,2027-01-15
2516,1552,6831292850341359,discover,44000,35200.0,0.217,704.0,2025-08-12,active,2021-11-13,2025-11-13
2517,1553,386217008781329,amex,9000,900.0,0.1322,25,2025-07-19,active,2025-03-03,2028-03-03
2518,1554,6984058273459986,discover,52500,5250.0,0.2008,105.0,2025-08-03,expired,2024-05-29,2029-05-29
2519,1554,5085824550316307,mastercard,45500,22750.0,0.165,455.0,2025-08-08,active,2023-10-01,2026-10-01
2520,1555,4225376984828241,visa,66000,33000.0,0.1555,660.0,2025-07-20,active,2025-01-22,2030-01-22
2521,1556,363391807576449,amex,100000,0.0,0.1425,25,2025-08-12,active,2023-10-22,2028-10-22
2522,1556,6423289310498806,discover,47500,0.0,0.1552,25,2025-07-29,expired,2024-10-25,2028-10-25
2523,1557,5661592822496382,mastercard,38500,30800.0,0.198,616.0,2025-07-19,active,2024-10-19,2028-10-19
2524,1557,354133081511300,amex,100000,30000.0,0.2403,600.0,2025-07-26,active,2023-12-31,2026-12-31
2525,1557,4144342494156135,visa,100000,30000.0,0.169,600.0,2025-08-03,active,2024-08-20,2028-08-20
2526,1558,361911294904012,amex,59500,5950.0,0.2447,119.0,2025-07-25,active,2023-12-31,2026-12-31
2527,1558,6502887338174549,discover,69500,55600.0,0.166,1112.0,2025-07-21,expired,2024-04-27,2029-04-27
2528,1559,6832186733726568,discover,16000,4800.0,0.1421,96.0,2025-07-17,active,2023-07-09,2027-07-09
2529,1560,391517827335021,amex,18500,9250.0,0.133,185.0,2025-07-20,active,2025-05-06,2028-05-06
2530,1561,5372242823442907,mastercard,54500,27250.0,0.2475,545.0,2025-08-08,active,2021-05-07,2024-05-07
2531,1561,4072324844440513,visa,15500,1550.0,0.2331,31.0,2025-08-05,active,2024-05-20,2028-05-20
2532,1562,4057252944930998,visa,16500,1650.0,0.1456,33.0,2025-08-10,active,2024-06-27,2027-06-27
2533,1563,5823320186162645,mastercard,15500,12400.0,0.1962,248.0,2025-07-17,active,2025-04-09,2028-04-09
2534,1563,4384704022749300,visa,18000,5400.0,0.2064,108.0,2025-08-10,active,2025-01-19,2030-01-19
2535,1564,336315737038857,amex,63000,31500.0,0.2052,630.0,2025-07-29,active,2025-04-22,2028-04-22
2536,1564,6063599990670231,discover,19500,1950.0,0.1258,39.0,2025-08-01,active,2025-05-08,2029-05-08
2537,1564,4622965221198644,visa,25500,2550.0,0.1451,51.0,2025-07-23,active,2025-05-26,2028-05-26
2538,1565,6860625361381848,discover,10500,0.0,0.2238,25,2025-07-28,active,2024-11-04,2029-11-04
2539,1566,4933207625731695,visa,7000,0.0,0.192,25,2025-08-03,active,2024-04-06,2027-04-06
2540,1567,382091003667580,amex,20500,6150.0,0.1435,123.0,2025-07-31,active,2025-03-18,2030-03-18
2541,1568,6931589365748586,discover,14000,7000.0,0.1903,140.0,2025-07-31,active,2023-10-23,2027-10-23
2542,1569,333872341429399,amex,18000,1800.0,0.1304,36.0,2025-08-07,active,2024-11-02,2027-11-02
2543,1570,6211375964887206,discover,39000,11700.0,0.2342,234.0,2025-08-06,active,2025-03-10,2030-03-10
2544,1570,4826954900103801,visa,27500,2750.0,0.2446,55.0,2025-08-03,active,2024-04-19,2027-04-19
2545,1571,5302973995992740,mastercard,33000,9900.0,0.224,198.0,2025-07-21,active,2024-09-02,2027-09-02
2546,1572,4684005156393513,visa,36500,18250.0,0.1991,365.0,2025-07-25,active,2021-08-03,2024-08-03
2547,1573,5303422899518243,mastercard,11000,10450.0,0.2405,209.0,2025-07-28,active,2022-09-12,2026-09-12
2548,1574,6455699033654531,discover,36000,10800.0,0.1821,216.0,2025-07-23,active,2024-12-24,2028-12-24
2549,1574,332733299960432,amex,61500,6150.0,0.1751,123.0,2025-08-10,active,2023-05-13,2028-05-13
2550,1574,4437965084337241,visa,22000,11000.0,0.16,220.0,2025-07-17,active,2025-01-06,2029-01-06
2551,1575,4716420743751777,visa,36500,10950.0,0.2433,219.0,2025-07-20,active,2025-02-11,2029-02-11
2552,1575,6588787119674775,discover,10000,3000.0,0.1698,60.0,2025-08-06,blocked,2024-09-14,2027-09-14
2553,1575,6699955154032892,discover,32000,9600.0,0.1579,192.0,2025-07-26,active,2025-01-04,2028-01-04
2554,1576,4289461455451175,visa,10000,3000.0,0.1678,60.0,2025-07-22,expired,2025-07-14,2030-07-14
2555,1577,370956462956723,amex,40500,0.0,0.1626,25,2025-07-24,active,2023-09-27,2028-09-27
2556,1577,349374790887688,amex,26500,7950.0,0.2185,159.0,2025-08-06,blocked,2024-04-19,2029-04-19
2557,1578,6157628948063351,discover,52500,0.0,0.1384,25,2025-07-28,active,2025-05-04,2029-05-04
2558,1578,4936766177200231,visa,33000,9900.0,0.1985,198.0,2025-07-21,active,2025-06-21,2028-06-21
2559,1578,350162444009037,amex,58500,29250.0,0.1594,585.0,2025-07-21,active,2024-10-13,2027-10-13
2560,1579,6058082300679928,discover,33500,3350.0,0.1461,67.0,2025-08-13,active,2025-03-29,2029-03-29
2561,1579,5260817597011908,mastercard,44000,4400.0,0.246,88.0,2025-08-04,active,2025-01-25,2029-01-25
2562,1579,4515848882581202,visa,40500,20250.0,0.1625,405.0,2025-08-09,active,2025-05-14,2028-05-14
2563,1580,306573132851552,amex,8000,800.0,0.1544,25,2025-07-20,active,2025-05-30,2029-05-30
2564,1581,4233682878089707,visa,34000,10200.0,0.1602,204.0,2025-07-21,blocked,2024-11-19,2029-11-19
2565,1581,4775086392776984,visa,27000,21600.0,0.1361,432.0,2025-07-21,active,2025-05-12,2028-05-12
2566,1582,6043668995704118,discover,72500,36250.0,0.1624,725.0,2025-07-24,active,2024-03-10,2027-03-10
2567,1582,321963461087598,amex,19500,9750.0,0.1779,195.0,2025-08-10,blocked,2024-05-03,2027-05-03
2568,1583,5405792682483751,mastercard,47500,23750.0,0.1713,475.0,2025-07-18,active,2025-01-05,2028-01-05
2569,1583,5519573009746524,mastercard,32000,0.0,0.1589,25,2025-07-22,active,2025-05-10,2028-05-10
2570,1584,6453349569240138,discover,51500,5150.0,0.2282,103.0,2025-08-02,expired,2024-02-09,2029-02-09
2571,1585,380852282487432,amex,18000,5400.0,0.2336,108.0,2025-08-05,active,2024-08-15,2028-08-15
2572,1586,311406840006794,amex,39000,11700.0,0.2415,234.0,2025-07-19,active,2024-08-22,2029-08-22
2573,1586,4111628205564199,visa,18500,14800.0,0.2047,296.0,2025-08-08,active,2025-03-03,2028-03-03
2574,1586,6097049221056121,discover,98000,49000.0,0.2026,980.0,2025-08-03,active,2025-01-01,2030-01-01
2575,1587,6078835994472512,discover,26000,13000.0,0.2315,260.0,2025-07-16,active,2025-06-11,2028-06-11
2576,1587,309907019430584,amex,46500,23250.0,0.1721,465.0,2025-08-13,active,2024-09-25,2027-09-25
2577,1588,6124036012782709,discover,12500,1250.0,0.1754,25,2025-07-21,blocked,2024-01-21,2028-01-21
2578,1589,6356887955299100,discover,15000,1500.0,0.2232,30.0,2025-07-18,active,2024-04-20,2027-04-20
2579,1590,5238782508340017,mastercard,33500,0.0,0.1783,25,2025-07-25,active,2021-02-18,2025-02-18
2580,1590,4606032612443374,visa,21000,6300.0,0.1746,126.0,2025-08-01,active,2024-01-25,2028-01-25
2581,1591,5470724625999798,mastercard,10500,3150.0,0.1885,63.0,2025-07-29,active,2025-01-23,2029-01-23
2582,1592,6728236083523391,discover,86000,8600.0,0.2265,172.0,2025-08-10,active,2024-03-02,2029-03-02
2583,1592,6702874892823131,discover,89500,8950.0,0.238,179.0,2025-08-13,active,2024-08-14,2029-08-14
2584,1593,6553351749646846,discover,9500,950.0,0.2164,25,2025-07-25,active,2025-04-09,2028-04-09
2585,1595,316172405394772,amex,50500,15150.0,0.2291,303.0,2025-07-23,active,2024-05-14,2027-05-14
2586,1595,4434564867115395,visa,100000,10000.0,0.2444,200.0,2025-08-07,active,2024-10-23,2028-10-23
2587,1595,4604629070950142,visa,47500,4750.0,0.1673,95.0,2025-08-08,active,2023-06-21,2027-06-21
2588,1595,4570136324938457,visa,75000,7500.0,0.1958,150.0,2025-08-09,active,2021-04-13,2025-04-13
2589,1596,5504616171327147,mastercard,7500,750.0,0.1908,25,2025-07-28,active,2022-05-04,2025-05-04
2590,1597,6613121298874668,discover,35000,28000.0,0.1333,560.0,2025-07-28,active,2024-04-26,2028-04-26
2591,1597,361192633930906,amex,54500,27250.0,0.2463,545.0,2025-08-05,active,2025-06-27,2029-06-27
2592,1598,363481869559616,amex,37000,0.0,0.2091,25,2025-08-05,active,2025-04-19,2030-04-19
2593,1599,5120308273636567,mastercard,15000,4500.0,0.1724,90.0,2025-07-28,active,2025-01-20,2029-01-20
2594,1599,382275044656701,amex,8500,0.0,0.2206,25,2025-08-06,active,2025-05-25,2029-05-25
2595,1600,384916584914416,amex,30500,15250.0,0.1224,305.0,2025-07-21,active,2025-06-11,2029-06-11
2596,1600,399850308389244,amex,18500,5550.0,0.216,111.0,2025-08-11,active,2025-07-04,2030-07-04
2597,1601,322184323074874,amex,34500,27600.0,0.1547,552.0,2025-08-06,active,2024-07-23,2027-07-23
2598,1602,6490257359728046,discover,4000,1200.0,0.1583,25,2025-08-11,active,2024-08-08,2028-08-08
2599,1603,399874270189723,amex,15500,1550.0,0.1631,31.0,2025-07-30,active,2025-06-26,2030-06-26
2600,1603,6655248853034686,discover,36500,34675.0,0.1232,693.5,2025-08-11,active,2025-05-31,2028-05-31
2601,1603,336567372926876,amex,59000,0.0,0.2437,25,2025-08-09,active,2024-11-18,2029-11-18
2602,1604,5533602869088775,mastercard,16000,1600.0,0.1891,32.0,2025-07-31,active,2025-07-03,2029-07-03
2603,1604,363428535746206,amex,20000,10000.0,0.1644,200.0,2025-07-31,active,2025-05-24,2029-05-24
2604,1605,5898001769666715,mastercard,13000,1300.0,0.2019,26.0,2025-08-13,active,2024-11-05,2029-11-05
2605,1606,5579776680002731,mastercard,64500,6450.0,0.1379,129.0,2025-07-29,active,2024-01-11,2028-01-11
2606,1606,358579925234021,amex,71000,56800.0,0.1996,1136.0,2025-07-17,active,2023-09-12,2028-09-12
2607,1607,6794477492050318,discover,17000,5100.0,0.1827,102.0,2025-07-23,active,2025-03-04,2028-03-04
2608,1608,4916771086694793,visa,41000,32800.0,0.2162,656.0,2025-07-20,active,2025-07-06,2030-07-06
2609,1608,4789527869030045,visa,37000,18500.0,0.1962,370.0,2025-08-14,active,2024-11-15,2027-11-15
2610,1609,6716137018110735,discover,42000,33600.0,0.2296,672.0,2025-08-01,active,2023-09-02,2026-09-02
2611,1609,4053883498778941,visa,48500,4850.0,0.1819,97.0,2025-07-30,active,2023-08-31,2027-08-31
2612,1610,376259967233461,amex,10000,3000.0,0.1865,60.0,2025-07-19,active,2025-01-12,2029-01-12
2613,1610,5037864118947471,mastercard,36500,0.0,0.1943,25,2025-08-01,active,2023-09-19,2028-09-19
2614,1611,6382469871685513,discover,64000,51200.0,0.183,1024.0,2025-08-06,active,2024-11-24,2027-11-24
2615,1611,5815904361291516,mastercard,21000,10500.0,0.248,210.0,2025-08-07,active,2024-12-27,2029-12-27
2616,1611,389130898179115,amex,21500,2150.0,0.1864,43.0,2025-07-20,active,2025-04-07,2030-04-07
2617,1612,4674167123988913,visa,81000,8100.0,0.2454,162.0,2025-07-31,active,2025-07-15,2030-07-15
2618,1612,6243724367523563,discover,62000,18600.0,0.1221,372.0,2025-08-05,active,2025-02-26,2028-02-26
2619,1612,6335613085247195,discover,60000,18000.0,0.2459,360.0,2025-07-17,expired,2024-06-27,2028-06-27
2620,1612,6218716345784839,discover,100000,50000.0,0.2176,1000.0,2025-07-25,active,2025-06-08,2030-06-08
2621,1613,5469297837012471,mastercard,11000,3300.0,0.229,66.0,2025-08-11,active,2025-06-27,2028-06-27
2622,1614,5311297974452769,mastercard,24500,7350.0,0.2091,147.0,2025-08-05,blocked,2025-05-24,2029-05-24
2623,1614,6663788313066712,discover,11000,1100.0,0.2101,25,2025-08-02,active,2025-06-22,2028-06-22
2624,1615,5836454827395481,mastercard,87000,43500.0,0.1322,870.0,2025-08-03,active,2024-05-20,2028-05-20
2625,1615,4829682924590947,visa,53000,15900.0,0.2356,318.0,2025-08-12,active,2023-08-22,2026-08-22
2626,1615,325888582124023,amex,41500,4150.0,0.1525,83.0,2025-08-10,active,2024-08-17,2027-08-17
2627,1616,4987313312568096,visa,21500,10750.0,0.2221,215.0,2025-08-01,active,2023-08-14,2028-08-14
2628,1616,355701727853987,amex,30000,3000.0,0.222,60.0,2025-08-07,active,2023-09-27,2028-09-27
2629,1617,392864018101290,amex,100000,10000.0,0.2146,200.0,2025-08-08,expired,2024-10-24,2027-10-24
2630,1617,5669020510932821,mastercard,23500,7050.0,0.1662,141.0,2025-08-02,active,2024-12-29,2029-12-29
2631,1618,5981352833882855,mastercard,95500,76400.0,0.2258,1528.0,2025-07-31,active,2024-10-04,2029-10-04
2632,1618,5359886000004683,mastercard,79000,23700.0,0.2123,474.0,2025-08-12,active,2024-01-19,2027-01-19
2633,1619,5335701916509298,mastercard,11000,3300.0,0.1725,66.0,2025-08-07,active,2025-02-21,2028-02-21
2634,1619,6012740129676424,discover,60000,6000.0,0.216,120.0,2025-07-25,blocked,2024-08-25,2029-08-25
2635,1620,5478221325880761,mastercard,9000,900.0,0.1962,25,2025-07-20,active,2024-11-29,2027-11-29
2636,1621,5661211237928148,mastercard,50000,25000.0,0.1413,500.0,2025-08-04,active,2021-09-22,2024-09-22
2637,1622,374412404384288,amex,15500,4650.0,0.2278,93.0,2025-08-08,active,2021-12-28,2024-12-28
2638,1622,5702452859234463,mastercard,31000,0.0,0.1423,25,2025-07-18,active,2024-08-23,2027-08-23
2639,1623,4723963190107623,visa,54500,0.0,0.1686,25,2025-07-29,active,2024-11-20,2029-11-20
2640,1623,4167430212066326,visa,27500,8250.0,0.1963,165.0,2025-08-01,active,2024-08-30,2027-08-30
2641,1623,6464126630596832,discover,57500,46000.0,0.1504,920.0,2025-07-18,active,2025-01-26,2028-01-26
2642,1624,5354681755795878,mastercard,34500,10350.0,0.1691,207.0,2025-08-05,active,2024-05-01,2028-05-01
2643,1624,6850756638623388,discover,82500,24750.0,0.2201,495.0,2025-07-17,active,2024-08-22,2027-08-22
2644,1625,4495660356238025,visa,31000,24800.0,0.1825,496.0,2025-08-02,active,2023-10-13,2027-10-13
2645,1626,314674702375619,amex,40500,4050.0,0.2495,81.0,2025-07-21,active,2025-06-30,2028-06-30
2646,1627,316749748995839,amex,48000,4800.0,0.2224,96.0,2025-08-13,active,2025-04-07,2028-04-07
2647,1627,4821181485061879,visa,47000,14100.0,0.1529,282.0,2025-08-13,active,2025-04-28,2028-04-28
2648,1628,5479222978309917,mastercard,21000,0.0,0.2084,25,2025-08-07,active,2025-02-25,2028-02-25
2649,1629,4855327777055037,visa,14500,7250.0,0.1298,145.0,2025-08-06,active,2024-10-26,2029-10-26
2650,1629,6665905349757445,discover,30500,3050.0,0.134,61.0,2025-08-06,active,2024-10-19,2027-10-19
2651,1630,362321791401864,amex,18500,1850.0,0.1648,37.0,2025-07-31,active,2022-12-24,2027-12-24
2652,1631,6272029455469726,discover,6000,600.0,0.1385,25,2025-07-25,active,2023-07-13,2027-07-13
2653,1632,372308961269446,amex,12000,3600.0,0.132,72.0,2025-08-08,active,2024-11-14,2028-11-14
2654,1632,5823892565846637,mastercard,8000,800.0,0.2111,25,2025-08-10,active,2025-05-16,2029-05-16
2655,1633,5594373591815808,mastercard,89500,71600.0,0.1966,1432.0,2025-08-06,active,2025-03-18,2029-03-18
2656,1633,6627387248863592,discover,63500,6350.0,0.2287,127.0,2025-07-29,active,2021-11-30,2024-11-30
2657,1634,336143269953768,amex,100000,10000.0,0.14,200.0,2025-07-17,active,2024-09-06,2029-09-06
2658,1634,312295470348993,amex,100000,30000.0,0.1963,600.0,2025-07-21,active,2025-05-18,2028-05-18
2659,1634,5898217449459867,mastercard,64500,32250.0,0.1363,645.0,2025-07-19,active,2023-10-10,2028-10-10
2660,1635,5001029271822909,mastercard,73500,22050.0,0.1695,441.0,2025-07-31,active,2024-04-02,2028-04-02
2661,1635,361224714116739,amex,100000,10000.0,0.1598,200.0,2025-07-17,active,2024-12-10,2029-12-10
2662,1636,6117769693911098,discover,9500,950.0,0.2098,25,2025-08-04,active,2025-05-25,2028-05-25
2663,1636,327367413045047,amex,42000,4200.0,0.1558,84.0,2025-08-11,active,2023-10-07,2028-10-07
2664,1637,5900713659106183,mastercard,25500,12750.0,0.1537,255.0,2025-07-29,active,2022-11-19,2026-11-19
2665,1638,4792359551072545,visa,24000,19200.0,0.1417,384.0,2025-08-06,active,2023-07-11,2026-07-11
2666,1638,5147622898992428,mastercard,18500,5550.0,0.2358,111.0,2025-08-05,active,2021-01-22,2024-01-22
2667,1639,361759265993878,amex,20000,16000.0,0.2373,320.0,2025-08-02,active,2024-12-20,2029-12-20
2668,1639,4889667271850814,visa,18500,5550.0,0.2399,111.0,2025-08-09,active,2024-10-24,2027-10-24
2669,1640,6916339282981186,discover,81000,8100.0,0.2122,162.0,2025-08-02,active,2023-06-11,2027-06-11
2670,1640,4386503066655751,visa,85500,0.0,0.2118,25,2025-07-20,active,2024-07-07,2028-07-07
2671,1641,4066632258160223,visa,100000,10000.0,0.2124,200.0,2025-08-03,active,2025-03-21,2029-03-21
2672,1641,349522249867942,amex,58500,46800.0,0.167,936.0,2025-08-01,active,2023-03-14,2026-03-14
2673,1641,6751309373297291,discover,100000,10000.0,0.1281,200.0,2025-07-21,active,2024-10-19,2028-10-19
2674,1642,363550666540791,amex,14000,4200.0,0.2278,84.0,2025-08-14,active,2022-09-08,2027-09-08
2675,1643,5272356625783216,mastercard,22000,11000.0,0.1566,220.0,2025-08-10,expired,2024-12-31,2028-12-31
2676,1643,4332057371940207,visa,40500,4050.0,0.1825,81.0,2025-08-12,active,2024-06-01,2027-06-01
2677,1644,6460828219272657,discover,39000,0.0,0.1425,25,2025-07-23,active,2023-06-10,2027-06-10
2678,1644,6330229308485111,discover,49500,14850.0,0.246,297.0,2025-08-08,active,2023-10-25,2026-10-25
2679,1644,4649420278183252,visa,40000,4000.0,0.1897,80.0,2025-08-13,active,2023-04-23,2027-04-23
2680,1645,5682155671920124,mastercard,100000,30000.0,0.2308,600.0,2025-07-19,active,2024-05-21,2028-05-21
2681,1645,339618907831523,amex,100000,10000.0,0.1974,200.0,2025-08-10,active,2023-01-02,2028-01-02
2682,1645,6269951913205853,discover,100000,50000.0,0.2229,1000.0,2025-08-13,active,2024-05-03,2028-05-03
2683,1645,5764233693909147,mastercard,91500,9150.0,0.1214,183.0,2025-08-12,active,2022-08-02,2025-08-02
2684,1646,5105673380665256,mastercard,17500,1750.0,0.1646,35.0,2025-08-11,active,2025-04-17,2028-04-17
2685,1647,6502671534557404,discover,48000,4800.0,0.2004,96.0,2025-07-31,active,2023-12-19,2028-12-19
2686,1647,5790879804186567,mastercard,26500,7950.0,0.2468,159.0,2025-08-12,active,2023-08-31,2028-08-31
2687,1648,4012539053215963,visa,63500,50800.0,0.2233,1016.0,2025-07-16,active,2025-07-03,2028-07-03
2688,1648,317194945283153,amex,15500,1550.0,0.1973,31.0,2025-07-16,active,2025-06-22,2030-06-22
2689,1649,5753495875674436,mastercard,12000,3600.0,0.238,72.0,2025-07-21,active,2025-01-17,2028-01-17
2690,1650,367781732265711,amex,13500,4050.0,0.187,81.0,2025-07-22,active,2023-10-28,2026-10-28
2691,1650,6784265979843620,discover,33000,9900.0,0.2361,198.0,2025-07-19,active,2022-07-21,2026-07-21
2692,1651,4818372603463178,visa,91000,9100.0,0.1522,182.0,2025-08-11,active,2024-09-20,2027-09-20
2693,1651,6369969178700174,discover,69500,34750.0,0.1899,695.0,2025-08-01,active,2025-03-08,2028-03-08
2694,1652,302823164303590,amex,20500,6150.0,0.1293,123.0,2025-07-18,expired,2024-09-29,2029-09-29
2695,1652,4502538120446979,visa,26500,2650.0,0.1627,53.0,2025-07-23,active,2025-02-18,2030-02-18
2696,1653,352180859544863,amex,21000,2100.0,0.1829,42.0,2025-08-01,active,2022-10-12,2027-10-12
2697,1654,4810998452761988,visa,61000,0.0,0.1541,25,2025-08-11,active,2024-11-22,2027-11-22
2698,1654,4842435048148539,visa,33500,3350.0,0.2347,67.0,2025-07-22,active,2025-05-14,2029-05-14
2699,1655,5473725773063855,mastercard,5000,500.0,0.2073,25,2025-08-12,active,2024-04-12,2027-04-12
2700,1656,387977262576229,amex,13000,1300.0,0.1411,26.0,2025-07-24,active,2025-06-13,2030-06-13
2701,1657,353724200929969,amex,59000,29500.0,0.19,590.0,2025-07-31,expired,2025-05-29,2028-05-29
2702,1657,6188158582279356,discover,53000,15900.0,0.1665,318.0,2025-07-18,active,2025-05-03,2029-05-03
2703,1657,6709738939112811,discover,95500,9550.0,0.1928,191.0,2025-07-17,active,2025-04-17,2028-04-17
2704,1658,4520635724344048,visa,100000,30000.0,0.1432,600.0,2025-07-18,active,2025-02-25,2028-02-25
2705,1658,6447227643911722,discover,100000,10000.0,0.2197,200.0,2025-08-11,active,2025-02-24,2028-02-24
2706,1659,5870485959389787,mastercard,39000,11700.0,0.1337,234.0,2025-08-12,active,2024-02-23,2028-02-23
2707,1660,4687754118476297,visa,53000,15900.0,0.2289,318.0,2025-08-04,active,2023-07-12,2028-07-12
2708,1660,4710276309015730,visa,37500,11250.0,0.1392,225.0,2025-08-14,active,2023-09-23,2027-09-23
2709,1660,5757467665420986,mastercard,12000,1200.0,0.2246,25,2025-07-27,expired,2024-03-11,2028-03-11
2710,1662,4442102090167443,visa,11500,9200.0,0.1316,184.0,2025-07-23,active,2025-05-01,2030-05-01
2711,1663,4685889381352462,visa,54500,5450.0,0.1771,109.0,2025-08-13,active,2025-04-15,2029-04-15
2712,1663,6025383697791099,discover,17500,5250.0,0.2456,105.0,2025-07-20,active,2023-11-10,2028-11-10
2713,1663,382517491455925,amex,12500,3750.0,0.1588,75.0,2025-07-16,active,2023-11-21,2028-11-21
2714,1664,323613775342459,amex,92000,0.0,0.1393,25,2025-07-27,active,2025-07-03,2028-07-03
2715,1664,386433114593920,amex,34500,3450.0,0.2326,69.0,2025-07-31,active,2025-07-03,2030-07-03
2716,1664,306351609841454,amex,82000,24600.0,0.1268,492.0,2025-07-22,active,2025-06-06,2028-06-06
2717,1665,4281218407667390,visa,30500,9150.0,0.239,183.0,2025-07-30,active,2024-08-17,2029-08-17
2718,1666,4606302583668240,visa,36000,3600.0,0.216,72.0,2025-08-05,active,2023-06-13,2026-06-13
2719,1666,6117495387679897,discover,34500,10350.0,0.1594,207.0,2025-07-22,active,2024-10-26,2028-10-26
2720,1666,6560800793762241,discover,68500,6850.0,0.1294,137.0,2025-08-02,active,2023-01-03,2028-01-03
2721,1666,5507853733502067,mastercard,70500,35250.0,0.2084,705.0,2025-08-11,active,2025-05-03,2030-05-03
2722,1667,4469676714983864,visa,9500,2850.0,0.2096,57.0,2025-08-05,expired,2025-07-12,2030-07-12
2723,1668,5812946576024912,mastercard,34000,17000.0,0.1936,340.0,2025-07-16,active,2023-09-01,2027-09-01
2724,1668,4664017489090130,visa,40500,4050.0,0.1829,81.0,2025-08-13,active,2022-12-21,2027-12-21
2725,1669,6714670312869132,discover,7000,2100.0,0.2407,42.0,2025-08-08,active,2022-04-07,2026-04-07
2726,1670,338632221705075,amex,16500,4950.0,0.1919,99.0,2025-07-24,active,2024-07-23,2029-07-23
2727,1671,5642887970532686,mastercard,25500,2550.0,0.1976,51.0,2025-07-19,active,2024-11-24,2028-11-24
2728,1672,4476222147119526,visa,26500,2650.0,0.1444,53.0,2025-07-16,active,2024-06-04,2028-06-04
2729,1672,5954475568254277,mastercard,29500,8850.0,0.219,177.0,2025-08-05,active,2022-11-25,2027-11-25
2730,1672,6001848456480356,discover,29000,8700.0,0.1752,174.0,2025-07-18,active,2024-08-27,2029-08-27
2731,1673,5422253861817314,mastercard,17000,5100.0,0.2006,102.0,2025-08-09,expired,2023-12-17,2026-12-17
2732,1673,6818369124897137,discover,74000,0.0,0.1906,25,2025-07-31,active,2023-11-21,2028-11-21
2733,1674,4243240504911380,visa,5500,1650.0,0.2439,33.0,2025-08-05,active,2025-02-19,2030-02-19
2734,1675,6241742265488510,discover,8500,2550.0,0.2347,51.0,2025-07-18,active,2023-06-27,2026-06-27
2735,1676,307814266327593,amex,28500,8550.0,0.1816,171.0,2025-07-27,active,2023-07-31,2028-07-31
2736,1676,6879963238664297,discover,33500,10050.0,0.1402,201.0,2025-07-20,active,2023-07-24,2028-07-24
2737,1677,339677536210273,amex,95000,28500.0,0.2157,570.0,2025-07-17,active,2024-11-15,2029-11-15
2738,1677,375670770214745,amex,77500,0.0,0.2377,25,2025-08-05,active,2024-10-26,2027-10-26
2739,1678,379931845754317,amex,28000,2800.0,0.1844,56.0,2025-08-02,active,2021-08-03,2025-08-03
2740,1679,4696879928630825,visa,24000,7200.0,0.2041,144.0,2025-08-10,active,2025-01-17,2028-01-17
2741,1681,6040492224066606,discover,11500,5750.0,0.2437,115.0,2025-07-24,active,2025-02-18,2028-02-18
2742,1682,6638003313758780,discover,100000,50000.0,0.1704,1000.0,2025-07-30,active,2024-06-20,2028-06-20
2743,1682,5129785529648939,mastercard,100000,80000.0,0.2235,1600.0,2025-08-07,active,2024-12-18,2029-12-18
2744,1683,5955434054162558,mastercard,11000,3300.0,0.2321,66.0,2025-07-18,expired,2024-11-16,2029-11-16
2745,1684,6728873605110353,discover,41500,12450.0,0.2423,249.0,2025-08-04,expired,2025-02-13,2030-02-13
2746,1684,4009631800986331,visa,23000,2300.0,0.2237,46.0,2025-07-27,active,2025-03-10,2029-03-10
2747,1685,4103800619587301,visa,14000,7000.0,0.2273,140.0,2025-08-06,active,2024-06-09,2027-06-09
2748,1685,5348222471551515,mastercard,10000,5000.0,0.247,100.0,2025-08-12,active,2024-08-11,2027-08-11
2749,1686,6119690213868611,discover,29500,2950.0,0.1934,59.0,2025-08-08,active,2025-07-08,2028-07-08
2750,1687,4290424082746198,visa,17000,5100.0,0.2269,102.0,2025-07-25,active,2024-11-18,2028-11-18
2751,1687,4090629913904104,visa,45500,4550.0,0.1502,91.0,2025-07-19,active,2024-10-14,2028-10-14
2752,1688,4646191585308967,visa,21000,0.0,0.1516,25,2025-08-10,blocked,2023-05-02,2027-05-02
2753,1688,5362190361654384,mastercard,23500,2350.0,0.2446,47.0,2025-07-20,active,2023-05-07,2026-05-07
2754,1689,5763459626353522,mastercard,28000,8400.0,0.1795,168.0,2025-08-12,active,2024-01-06,2029-01-06
2755,1690,4965459254495176,visa,16500,4950.0,0.2422,99.0,2025-08-09,active,2024-05-22,2027-05-22
2756,1691,6610059482706908,discover,9000,900.0,0.1345,25,2025-07-22,active,2024-07-19,2029-07-19
2757,1692,380208206460288,amex,9500,7600.0,0.1455,152.0,2025-08-01,active,2025-05-05,2030-05-05
2758,1693,4439398818696750,visa,6000,0.0,0.1748,25,2025-07-24,active,2022-06-19,2026-06-19
2759,1694,4780282739809988,visa,11000,3300.0,0.1823,66.0,2025-07-25,active,2024-07-01,2027-07-01
2760,1695,310583784986005,amex,30000,0.0,0.1668,25,2025-08-01,active,2023-04-02,2026-04-02
2761,1695,350778843995091,amex,31000,9300.0,0.1576,186.0,2025-08-08,active,2024-07-23,2027-07-23
2762,1696,4265287905973077,visa,35500,3550.0,0.1343,71.0,2025-08-02,active,2025-05-01,2030-05-01
2763,1696,6541003169962139,discover,8500,0.0,0.1891,25,2025-07-19,active,2025-02-11,2028-02-11
2764,1697,5294292840645338,mastercard,60000,18000.0,0.1411,360.0,2025-07-25,active,2023-11-15,2027-11-15
2765,1698,319735718828533,amex,82000,65600.0,0.1463,1312.0,2025-08-10,active,2025-03-27,2028-03-27
2766,1698,4215487897087467,visa,22000,6600.0,0.2298,132.0,2025-07-16,active,2023-09-05,2026-09-05
2767,1698,363108232111508,amex,23000,2300.0,0.2085,46.0,2025-08-12,active,2023-06-19,2027-06-19
2768,1698,316355578841457,amex,71500,21450.0,0.1514,429.0,2025-07-27,active,2023-09-29,2027-09-29
2769,1699,6716344779873311,discover,44500,4450.0,0.246,89.0,2025-08-13,active,2024-10-22,2028-10-22
2770,1699,353707471314396,amex,22500,18000.0,0.2296,360.0,2025-07-18,active,2025-07-11,2028-07-11
2771,1701,6930750475709741,discover,12000,3600.0,0.1844,72.0,2025-08-13,active,2025-04-25,2028-04-25
2772,1701,4595931857197516,visa,9000,4500.0,0.2226,90.0,2025-07-30,active,2025-04-26,2029-04-26
2773,1702,339762108974854,amex,42000,4200.0,0.185,84.0,2025-08-11,active,2024-12-16,2027-12-16
2774,1702,4395190477186730,visa,53000,15900.0,0.2168,318.0,2025-08-05,active,2025-06-16,2029-06-16
2775,1703,315134017497136,amex,31500,9450.0,0.1367,189.0,2025-08-08,active,2024-08-06,2027-08-06
2776,1703,318950816487739,amex,88500,44250.0,0.193,885.0,2025-07-28,active,2024-11-25,2029-11-25
2777,1704,325274704657173,amex,31500,9450.0,0.2025,189.0,2025-08-06,active,2024-12-07,2028-12-07
2778,1704,6293060898192093,discover,84500,42250.0,0.1953,845.0,2025-07-22,active,2025-04-18,2028-04-18
2779,1705,387887022124464,amex,74500,7450.0,0.1752,149.0,2025-07-19,active,2023-01-12,2028-01-12
2780,1705,359483074139914,amex,46500,13950.0,0.1538,279.0,2025-08-09,active,2024-09-01,2028-09-01
2781,1706,376296117139608,amex,24000,2400.0,0.1968,48.0,2025-07-18,active,2024-08-01,2029-08-01
2782,1706,5416567386805610,mastercard,29000,8700.0,0.1362,174.0,2025-08-06,blocked,2024-11-05,2027-11-05
2783,1707,5383312467677379,mastercard,51000,48450.0,0.2486,969.0,2025-07-16,active,2025-03-02,2030-03-02
2784,1707,5848515969813221,mastercard,72000,21600.0,0.194,432.0,2025-07-24,active,2023-02-06,2027-02-06
2785,1708,5536144380515895,mastercard,59000,0.0,0.1436,25,2025-07-31,active,2025-02-02,2030-02-02
2786,1708,304665046382823,amex,75500,7550.0,0.1741,151.0,2025-07-17,active,2022-04-15,2026-04-15
2787,1708,327177674662035,amex,43500,13050.0,0.1693,261.0,2025-08-03,active,2023-08-23,2028-08-23
2788,1709,350047962625789,amex,18000,5400.0,0.1357,108.0,2025-07-28,active,2024-05-17,2028-05-17
2789,1709,4928108717682156,visa,7000,2100.0,0.1865,42.0,2025-07-28,active,2025-04-26,2029-04-26
2790,1710,6141136317762601,discover,36000,3600.0,0.1667,72.0,2025-07-31,expired,2025-02-06,2028-02-06
2791,1711,6087014506580469,discover,31000,15500.0,0.2433,310.0,2025-07-27,active,2022-06-19,2026-06-19
2792,1712,315570991907984,amex,51500,15450.0,0.1301,309.0,2025-07-24,blocked,2024-12-10,2029-12-10
2793,1713,4804009563944532,visa,39500,11850.0,0.2255,237.0,2025-07-31,active,2024-07-30,2027-07-30
2794,1713,316617596313643,amex,24500,12250.0,0.1954,245.0,2025-07-28,active,2024-10-24,2029-10-24
2795,1714,6403932727514214,discover,65500,52400.0,0.1772,1048.0,2025-07-18,active,2025-03-22,2029-03-22
2796,1714,352086207669421,amex,56500,16950.0,0.1215,339.0,2025-07-17,active,2025-05-21,2028-05-21
2797,1714,375786218081636,amex,57500,17250.0,0.1209,345.0,2025-08-08,active,2024-10-24,2027-10-24
2798,1714,6044099975706185,discover,87500,26250.0,0.1863,525.0,2025-08-05,active,2024-11-23,2028-11-23
2799,1715,6881581410882652,discover,42500,40375.0,0.1666,807.5,2025-08-14,active,2025-02-21,2029-02-21
2800,1715,5394480487340571,mastercard,69500,20850.0,0.2121,417.0,2025-08-11,active,2025-06-07,2030-06-07
2801,1716,363431520825802,amex,19500,5850.0,0.1383,117.0,2025-07-18,active,2025-04-25,2030-04-25
2802,1717,4672796641001283,visa,52000,5200.0,0.2413,104.0,2025-07-21,active,2023-12-17,2027-12-17
2803,1717,4083708905377998,visa,32000,3200.0,0.1993,64.0,2025-07-28,expired,2024-04-08,2027-04-08
2804,1717,340649776897990,amex,15000,1500.0,0.2145,30.0,2025-08-14,active,2023-09-01,2026-09-01
2805,1718,4001596935419893,visa,13000,1300.0,0.2353,26.0,2025-08-02,blocked,2023-01-17,2026-01-17
2806,1719,352366264377157,amex,21000,2100.0,0.1941,42.0,2025-07-31,active,2025-04-13,2030-04-13
2807,1720,6217882931448794,discover,19500,1950.0,0.198,39.0,2025-08-14,active,2025-06-01,2029-06-01
2808,1721,4449092522803909,visa,44000,4400.0,0.2216,88.0,2025-07-16,active,2024-03-18,2029-03-18
2809,1722,384712449778726,amex,61500,6150.0,0.1734,123.0,2025-08-12,active,2024-12-24,2028-12-24
2810,1722,328430443424645,amex,51000,0.0,0.1251,25,2025-08-04,active,2024-06-26,2027-06-26
2811,1723,5185437826259458,mastercard,19500,15600.0,0.2211,312.0,2025-08-05,active,2023-07-22,2028-07-22
2812,1724,379576760244011,amex,10500,1050.0,0.1433,25,2025-07-17,active,2022-12-15,2025-12-15
2813,1725,5721788784415056,mastercard,61000,0.0,0.2187,25,2025-08-02,expired,2025-07-01,2030-07-01
2814,1725,4748529867554228,visa,49000,14700.0,0.1422,294.0,2025-07-31,active,2025-04-11,2030-04-11
2815,1725,4817275525893942,visa,99500,29850.0,0.1702,597.0,2025-08-09,active,2025-05-07,2030-05-07
2816,1725,4121395116737497,visa,54000,5400.0,0.2304,108.0,2025-08-05,active,2025-05-30,2028-05-30
2817,1726,323899347584374,amex,15000,7500.0,0.2034,150.0,2025-08-05,active,2022-05-02,2025-05-02
2818,1727,4922751589552304,visa,4500,1350.0,0.2052,27.0,2025-08-10,active,2022-07-25,2027-07-25
2819,1727,6371099964124956,discover,11500,1150.0,0.1898,25,2025-08-10,active,2025-01-04,2030-01-04
2820,1728,4974269411172346,visa,16000,8000.0,0.1503,160.0,2025-07-16,active,2025-07-02,2028-07-02
2821,1728,6187180363134792,discover,16000,8000.0,0.1256,160.0,2025-08-07,active,2025-06-23,2030-06-23
2822,1729,6185606714898153,discover,22500,6750.0,0.2111,135.0,2025-07-16,active,2022-05-23,2025-05-23
2823,1730,383106212889169,amex,80000,24000.0,0.1527,480.0,2025-07-28,active,2025-04-28,2028-04-28
2824,1730,4882903118609091,visa,48500,24250.0,0.2396,485.0,2025-07-29,active,2025-05-11,2029-05-11
2825,1730,362455538109042,amex,75500,0.0,0.1671,25,2025-07-26,active,2025-06-01,2030-06-01
2826,1731,6275458143023459,discover,23000,6900.0,0.1939,138.0,2025-08-12,active,2025-03-02,2030-03-02
2827,1732,6216785557605878,discover,54500,16350.0,0.1789,327.0,2025-07-22,active,2025-03-08,2028-03-08
2828,1733,5184958064599631,mastercard,40000,4000.0,0.1836,80.0,2025-07-19,active,2025-03-05,2030-03-05
2829,1734,5351960958605055,mastercard,43500,13050.0,0.1589,261.0,2025-07-30,active,2023-10-04,2026-10-04
2830,1734,315753809158849,amex,48500,4850.0,0.1886,97.0,2025-08-14,active,2021-04-10,2024-04-10
2831,1734,4097929362584040,visa,12000,0.0,0.1463,25,2025-07-23,active,2025-02-17,2030-02-17
2832,1735,4808287238856566,visa,83500,8350.0,0.2078,167.0,2025-07-29,active,2024-06-27,2028-06-27
2833,1735,6369580004891685,discover,17000,5100.0,0.211,102.0,2025-07-18,blocked,2025-07-08,2030-07-08
2834,1736,4639931973308689,visa,88000,70400.0,0.1828,1408.0,2025-07-30,active,2023-06-24,2028-06-24
2835,1736,4995290306956945,visa,37500,3750.0,0.1597,75.0,2025-08-05,blocked,2024-06-25,2028-06-25
2836,1737,5651585434592021,mastercard,22000,6600.0,0.234,132.0,2025-07-20,active,2024-01-02,2028-01-02
2837,1738,5280287353941173,mastercard,32500,9750.0,0.2286,195.0,2025-07-30,active,2025-05-13,2029-05-13
2838,1738,386285743311647,amex,45500,13650.0,0.1719,273.0,2025-07-18,active,2025-01-17,2030-01-17
2839,1740,333989980907504,amex,5500,1650.0,0.149,33.0,2025-07-27,active,2023-02-02,2028-02-02
2840,1741,6046281593368830,discover,38500,11550.0,0.2471,231.0,2025-08-08,active,2021-10-27,2026-10-27
2841,1741,6416681357631197,discover,29500,0.0,0.2135,25,2025-08-14,active,2024-06-25,2027-06-25
2842,1741,6088745351878638,discover,21000,10500.0,0.1572,210.0,2025-07-30,active,2023-01-29,2028-01-29
2843,1742,303558890533255,amex,90000,27000.0,0.1992,540.0,2025-07-31,active,2025-01-23,2029-01-23
2844,1742,6697042202445890,discover,79000,39500.0,0.1487,790.0,2025-07-31,active,2024-08-10,2029-08-10
2845,1743,4241879878592868,visa,13500,10800.0,0.2203,216.0,2025-07-19,active,2025-04-08,2029-04-08
2846,1743,6801598851011842,discover,36000,18000.0,0.144,360.0,2025-07-24,active,2025-03-20,2030-03-20
2847,1744,5191759521462097,mastercard,11000,1100.0,0.2189,25,2025-07-19,active,2022-11-16,2027-11-16
2848,1745,6400720322585728,discover,81000,24300.0,0.1616,486.0,2025-08-04,active,2023-10-21,2028-10-21
2849,1745,350486804987509,amex,23500,2350.0,0.2105,47.0,2025-07-28,active,2024-03-06,2027-03-06
2850,1745,6679771759300617,discover,86500,0.0,0.204,25,2025-08-11,active,2024-10-04,2029-10-04
2851,1745,4703036873391158,visa,33000,16500.0,0.2321,330.0,2025-07-17,active,2024-01-27,2027-01-27
2852,1746,6422749935241439,discover,10500,9975.0,0.1225,199.5,2025-07-16,active,2024-04-13,2028-04-13
2853,1746,6448801927637862,discover,22000,6600.0,0.2184,132.0,2025-07-21,active,2025-04-23,2030-04-23
2854,1747,324145299991430,amex,23000,6900.0,0.155,138.0,2025-07-16,active,2025-05-15,2028-05-15
2855,1748,375951865614035,amex,20000,6000.0,0.1542,120.0,2025-08-10,active,2025-04-17,2030-04-17
2856,1748,332589748697121,amex,12500,0.0,0.2011,25,2025-08-08,active,2025-03-14,2029-03-14
2857,1749,6834127083457307,discover,11000,1100.0,0.1276,25,2025-07-21,active,2024-02-07,2027-02-07
2858,1750,373873341720504,amex,11500,3450.0,0.1776,69.0,2025-07-24,active,2024-05-01,2028-05-01
2859,1751,6131240132653733,discover,99500,9950.0,0.1895,199.0,2025-07-17,active,2025-03-20,2029-03-20
2860,1751,5355499208675019,mastercard,54500,5450.0,0.203,109.0,2025-08-13,active,2024-04-20,2027-04-20
2861,1751,4532763956851423,visa,33500,10050.0,0.1558,201.0,2025-08-01,active,2024-12-26,2027-12-26
2862,1752,5843661135888457,mastercard,13000,3900.0,0.2074,78.0,2025-07-16,expired,2024-10-17,2029-10-17
2863,1753,4011181950528589,visa,13500,1350.0,0.2306,27.0,2025-08-02,active,2024-10-07,2029-10-07
2864,1755,6798087456347372,discover,26500,7950.0,0.1248,159.0,2025-07-22,active,2024-10-07,2027-10-07
2865,1756,4602227421782771,visa,11000,1100.0,0.2188,25,2025-08-07,active,2025-06-06,2028-06-06
2866,1757,5255121383083393,mastercard,29500,8850.0,0.1762,177.0,2025-07-21,active,2022-01-08,2026-01-08
2867,1758,4742591447383336,visa,24000,12000.0,0.1779,240.0,2025-07-21,active,2024-04-12,2027-04-12
2868,1759,360524408477100,amex,23500,11750.0,0.1643,235.0,2025-07-31,active,2022-03-29,2026-03-29
2869,1759,6781164902483896,discover,99000,29700.0,0.145,594.0,2025-07-28,blocked,2023-07-25,2027-07-25
2870,1759,6307287275731829,discover,90000,72000.0,0.1296,1440.0,2025-07-23,active,2022-01-14,2025-01-14
2871,1760,6462222544639639,discover,17500,5250.0,0.1693,105.0,2025-08-03,active,2025-02-17,2028-02-17
2872,1760,6330241598449679,discover,53500,26750.0,0.206,535.0,2025-08-10,active,2023-11-26,2028-11-26
2873,1761,369485648309889,amex,54500,16350.0,0.1915,327.0,2025-07-26,active,2025-06-20,2028-06-20
2874,1762,5356264085955149,mastercard,50500,0.0,0.138,25,2025-08-05,active,2022-11-18,2026-11-18
2875,1762,4596052671697781,visa,40500,4050.0,0.1707,81.0,2025-08-08,active,2024-03-02,2028-03-02
2876,1763,5479560502065157,mastercard,11000,3300.0,0.1434,66.0,2025-08-05,active,2024-06-15,2027-06-15
2877,1763,4536263963856905,visa,41500,12450.0,0.14,249.0,2025-07-29,active,2024-08-28,2028-08-28
2878,1764,4117078211764399,visa,18000,1800.0,0.1715,36.0,2025-07-27,active,2022-12-31,2025-12-31
2879,1765,4297258871322875,visa,27000,0.0,0.2047,25,2025-08-13,active,2025-02-06,2028-02-06
2880,1766,5943050448391730,mastercard,47500,4750.0,0.1711,95.0,2025-07-26,active,2025-02-19,2030-02-19
2881,1766,6041574299432159,discover,55000,16500.0,0.2374,330.0,2025-08-02,active,2025-06-01,2029-06-01
2882,1767,6393707348567584,discover,36000,0.0,0.1205,25,2025-07-17,active,2025-05-11,2030-05-11
2883,1768,6579270855316650,discover,9500,2850.0,0.247,57.0,2025-08-11,active,2025-05-23,2028-05-23
2884,1769,4177162302482981,visa,31500,15750.0,0.2328,315.0,2025-07-17,active,2023-08-12,2028-08-12
2885,1770,375226255483152,amex,18000,9000.0,0.194,180.0,2025-07-17,active,2025-06-05,2028-06-05
2886,1771,314508549124866,amex,15000,1500.0,0.2094,30.0,2025-07-19,active,2023-10-18,2026-10-18
2887,1772,6014389204463585,discover,11000,1100.0,0.222,25,2025-07-18,blocked,2022-07-14,2025-07-14
2888,1774,5077057729753335,mastercard,25000,7500.0,0.1787,150.0,2025-08-11,active,2025-02-19,2029-02-19
2889,1774,5884529693389472,mastercard,15000,0.0,0.1962,25,2025-08-08,active,2025-07-07,2029-07-07
2890,1775,6908733381697507,discover,31000,3100.0,0.21,62.0,2025-08-01,active,2024-12-14,2027-12-14
2891,1776,4354665228975339,visa,38500,11550.0,0.193,231.0,2025-07-29,active,2025-02-02,2029-02-02
2892,1776,369829976997146,amex,7000,700.0,0.1895,25,2025-07-28,active,2024-04-06,2029-04-06
2893,1777,6754055508348403,discover,8500,850.0,0.192,25,2025-08-04,active,2025-02-04,2028-02-04
2894,1777,6928970926898121,discover,10500,5250.0,0.1902,105.0,2025-08-02,active,2024-04-07,2029-04-07
2895,1778,5957865095256308,mastercard,24500,7350.0,0.238,147.0,2025-07-17,active,2024-05-10,2027-05-10
2896,1779,6412600910312807,discover,13000,6500.0,0.1385,130.0,2025-08-07,active,2025-07-01,2030-07-01
2897,1779,374622696407638,amex,42500,4250.0,0.2018,85.0,2025-08-01,active,2025-06-13,2028-06-13
2898,1780,370607805407129,amex,17000,1700.0,0.1972,34.0,2025-08-14,active,2025-06-13,2030-06-13
2899,1781,5158873145033152,mastercard,11000,3300.0,0.142,66.0,2025-08-07,active,2023-06-02,2027-06-02
2900,1782,4274993919001128,visa,10500,3150.0,0.2213,63.0,2025-08-11,active,2024-08-23,2027-08-23
2901,1782,367795268908268,amex,10000,1000.0,0.1542,25,2025-07-23,active,2024-05-21,2028-05-21
2902,1783,4491981700159197,visa,21500,6450.0,0.2213,129.0,2025-07-25,active,2023-08-09,2026-08-09
2903,1784,6821738914550564,discover,41000,32800.0,0.2069,656.0,2025-07-21,active,2024-08-22,2029-08-22
2904,1785,5859525292420904,mastercard,48500,38800.0,0.2028,776.0,2025-08-02,expired,2023-09-03,2028-09-03
2905,1785,4378077224414633,visa,83500,8350.0,0.1875,167.0,2025-08-12,active,2023-10-04,2027-10-04
2906,1786,5050699875852572,mastercard,9500,4750.0,0.1402,95.0,2025-07-27,active,2024-06-13,2029-06-13
2907,1786,4069646901644237,visa,14500,4350.0,0.2201,87.0,2025-08-05,active,2023-09-17,2026-09-17
2908,1787,4517757861235876,visa,64000,0.0,0.1712,25,2025-07-17,active,2024-03-03,2027-03-03
2909,1788,5236253786307013,mastercard,34500,17250.0,0.2342,345.0,2025-07-19,active,2025-02-16,2030-02-16
2910,1789,6803323164958649,discover,20500,6150.0,0.1248,123.0,2025-08-02,active,2024-10-22,2028-10-22
2911,1789,6146010995872441,discover,13500,10800.0,0.1303,216.0,2025-07-23,blocked,2024-10-27,2029-10-27
2912,1790,5105196814691076,mastercard,34000,27200.0,0.2252,544.0,2025-08-13,expired,2022-12-11,2025-12-11
2913,1790,4424382244295153,visa,26500,13250.0,0.1324,265.0,2025-08-09,active,2024-07-13,2028-07-13
2914,1791,6066543113096377,discover,26000,2600.0,0.22,52.0,2025-08-05,active,2023-11-09,2026-11-09
2915,1792,5285220433006230,mastercard,5500,2750.0,0.2387,55.0,2025-08-13,active,2025-02-12,2028-02-12
2916,1792,5457346526749988,mastercard,7000,2100.0,0.2141,42.0,2025-07-18,active,2025-01-05,2029-01-05
2917,1793,6606259377245744,discover,52500,5250.0,0.1473,105.0,2025-07-28,blocked,2021-04-27,2025-04-27
2918,1793,6048994018514968,discover,94000,28200.0,0.244,564.0,2025-08-02,active,2023-03-29,2026-03-29
2919,1794,4891349316755031,visa,40500,4050.0,0.1459,81.0,2025-08-09,active,2024-11-29,2029-11-29
2920,1794,5797367898801962,mastercard,17500,1750.0,0.1324,35.0,2025-07-20,expired,2025-01-12,2028-01-12
2921,1795,5534044440721112,mastercard,100000,50000.0,0.1692,1000.0,2025-08-10,active,2025-02-25,2030-02-25
2922,1795,361139353019363,amex,100000,30000.0,0.1634,600.0,2025-07-31,blocked,2025-01-02,2030-01-02
2923,1796,6761276514924100,discover,10000,3000.0,0.1985,60.0,2025-07-16,active,2024-05-28,2028-05-28
2924,1797,5662066610201174,mastercard,65000,32500.0,0.2076,650.0,2025-08-08,active,2024-12-06,2027-12-06
2925,1798,377310110600308,amex,29500,8850.0,0.1816,177.0,2025-07-31,active,2023-11-26,2028-11-26
2926,1799,319513222665098,amex,34500,3450.0,0.1822,69.0,2025-08-11,active,2024-10-02,2027-10-02
2927,1800,390457884714351,amex,29000,2900.0,0.1261,58.0,2025-08-12,active,2024-01-03,2027-01-03
2928,1801,336568586974430,amex,8000,2400.0,0.1866,48.0,2025-07-19,active,2023-07-25,2027-07-25
2929,1801,6185120540483457,discover,25500,2550.0,0.1371,51.0,2025-07-26,active,2025-02-07,2030-02-07
2930,1802,5146077818439395,mastercard,100000,80000.0,0.1773,1600.0,2025-08-02,active,2025-07-06,2030-07-06
2931,1802,305476744531386,amex,56500,16950.0,0.1364,339.0,2025-07-29,active,2025-05-22,2030-05-22
2932,1803,323740517175732,amex,36000,10800.0,0.1451,216.0,2025-07-19,active,2023-08-26,2028-08-26
2933,1804,4287340362756295,visa,46000,13800.0,0.2149,276.0,2025-08-08,active,2024-02-03,2027-02-03
2934,1804,6452082607598173,discover,100000,10000.0,0.1768,200.0,2025-08-13,active,2023-11-18,2026-11-18
2935,1805,4360360827815758,visa,8500,6800.0,0.193,136.0,2025-07-27,active,2024-07-09,2029-07-09
2936,1806,4093199389635523,visa,29000,2900.0,0.1513,58.0,2025-07-26,active,2024-12-06,2027-12-06
2937,1806,303850448601016,amex,17000,5100.0,0.1392,102.0,2025-07-17,active,2025-05-01,2028-05-01
2938,1807,5960733125661420,mastercard,55500,5550.0,0.1346,111.0,2025-08-09,active,2025-02-23,2028-02-23
2939,1808,5421711522312841,mastercard,45500,13650.0,0.2024,273.0,2025-08-11,active,2025-01-10,2029-01-10
2940,1809,392532425475957,amex,21000,2100.0,0.159,42.0,2025-08-03,active,2023-12-28,2026-12-28
2941,1810,4875288281702624,visa,96500,28950.0,0.1665,579.0,2025-07-20,expired,2023-09-07,2028-09-07
2942,1810,6720838884610862,discover,100000,10000.0,0.224,200.0,2025-08-11,active,2022-12-12,2026-12-12
2943,1810,6694250556297559,discover,31000,3100.0,0.1921,62.0,2025-07-19,active,2023-03-14,2026-03-14
2944,1811,315538846975384,amex,9000,2700.0,0.1701,54.0,2025-07-26,active,2024-12-10,2027-12-10
2945,1813,5176158650487087,mastercard,19500,0.0,0.2031,25,2025-07-17,expired,2023-03-31,2028-03-31
2946,1813,6454056020187328,discover,5500,1650.0,0.1717,33.0,2025-08-13,active,2024-03-15,2029-03-15
2947,1814,4538053465032403,visa,59000,17700.0,0.249,354.0,2025-08-07,active,2022-11-01,2026-11-01
2948,1815,323489837638956,amex,39000,3900.0,0.1995,78.0,2025-08-12,expired,2023-11-17,2028-11-17
2949,1816,6547746011084399,discover,12000,3600.0,0.1749,72.0,2025-08-11,active,2024-04-12,2027-04-12
2950,1817,360025300958403,amex,9500,950.0,0.1547,25,2025-08-04,active,2025-01-01,2030-01-01
2951,1818,301774950354492,amex,66000,19800.0,0.2138,396.0,2025-07-26,active,2024-11-24,2027-11-24
2952,1818,4355126400893875,visa,81500,40750.0,0.2485,815.0,2025-08-02,active,2024-12-02,2029-12-02
2953,1819,6643067387502787,discover,39000,0.0,0.2322,25,2025-07-21,active,2025-06-30,2028-06-30
2954,1820,6455848911661734,discover,12000,0.0,0.1579,25,2025-07-21,active,2024-09-20,2028-09-20
2955,1821,309707102023492,amex,5500,550.0,0.1995,25,2025-08-07,active,2025-03-13,2028-03-13
2956,1822,6289818999328400,discover,21500,0.0,0.2298,25,2025-07-29,active,2025-02-12,2030-02-12
2957,1822,4324191002259163,visa,45000,4500.0,0.2437,90.0,2025-07-26,active,2024-10-06,2029-10-06
2958,1823,358911983103052,amex,19000,1900.0,0.1227,38.0,2025-07-24,active,2025-06-30,2029-06-30
2959,1823,304380755405558,amex,12500,3750.0,0.1545,75.0,2025-07-20,active,2023-03-22,2027-03-22
2960,1823,5313419162884483,mastercard,31500,0.0,0.2182,25,2025-07-23,active,2023-03-14,2027-03-14
2961,1824,4810262333296193,visa,25000,12500.0,0.1371,250.0,2025-07-30,active,2022-04-18,2025-04-18
2962,1824,5958008174411707,mastercard,19000,1900.0,0.1513,38.0,2025-07-16,expired,2023-01-23,2028-01-23
2963,1825,366629819978835,amex,58000,55100.0,0.22,1102.0,2025-07-22,active,2025-04-12,2030-04-12
2964,1825,303602919305127,amex,20000,6000.0,0.1889,120.0,2025-07-17,blocked,2022-10-13,2027-10-13
2965,1825,346524882652343,amex,77500,23250.0,0.1256,465.0,2025-08-12,active,2022-09-29,2026-09-29
2966,1826,6910352415447995,discover,33500,10050.0,0.2107,201.0,2025-07-26,expired,2025-04-18,2028-04-18
2967,1827,5892116347016541,mastercard,10000,9500.0,0.2074,190.0,2025-08-06,active,2025-07-15,2028-07-15
2968,1827,5631761973014111,mastercard,10500,3150.0,0.245,63.0,2025-08-06,active,2025-06-14,2030-06-14
2969,1828,6798586490796184,discover,38500,11550.0,0.1442,231.0,2025-07-19,active,2022-10-20,2026-10-20
2970,1828,301663313933736,amex,28500,2850.0,0.2464,57.0,2025-08-02,active,2022-12-07,2026-12-07
2971,1829,5587448531241759,mastercard,37000,29600.0,0.1743,592.0,2025-08-13,active,2024-12-11,2029-12-11
2972,1829,6046400149133709,discover,47000,23500.0,0.2403,470.0,2025-08-12,active,2025-03-04,2029-03-04
2973,1830,5157761574355136,mastercard,22500,2250.0,0.1512,45.0,2025-07-16,expired,2022-04-10,2027-04-10
2974,1830,352967243470149,amex,99000,9900.0,0.1945,198.0,2025-07-17,active,2021-10-16,2025-10-16
2975,1831,6428906690463643,discover,28000,14000.0,0.1555,280.0,2025-08-04,blocked,2021-04-15,2025-04-15
2976,1832,6715760670012800,discover,25000,20000.0,0.1455,400.0,2025-08-12,active,2023-07-12,2027-07-12
2977,1832,5533436594702816,mastercard,7500,0.0,0.1504,25,2025-07-26,active,2023-08-23,2028-08-23
2978,1833,6146857494528825,discover,21500,6450.0,0.2358,129.0,2025-08-09,active,2025-05-27,2028-05-27
2979,1833,6780922735587977,discover,13500,1350.0,0.187,27.0,2025-08-04,active,2024-12-23,2029-12-23
2980,1834,5746863984055372,mastercard,31000,15500.0,0.1884,310.0,2025-08-03,active,2025-07-05,2029-07-05
2981,1836,6073771506138064,discover,54500,5450.0,0.1266,109.0,2025-08-14,active,2024-12-25,2027-12-25
2982,1837,5830404794161236,mastercard,42500,12750.0,0.1902,255.0,2025-07-22,active,2025-04-16,2028-04-16
2983,1837,375744582574237,amex,18500,9250.0,0.124,185.0,2025-08-14,active,2025-05-06,2028-05-06
2984,1838,5951946878713950,mastercard,64000,6400.0,0.2342,128.0,2025-08-01,expired,2022-01-25,2027-01-25
2985,1839,4932096672162568,visa,17000,1700.0,0.1898,34.0,2025-07-24,active,2024-07-25,2028-07-25
2986,1840,4861057265284615,visa,64500,0.0,0.1617,25,2025-07-23,active,2025-01-13,2029-01-13
2987,1840,4656886738226559,visa,81000,8100.0,0.2129,162.0,2025-08-04,blocked,2025-01-25,2030-01-25
2988,1841,5152300516652343,mastercard,58500,29250.0,0.1558,585.0,2025-07-26,active,2024-08-17,2029-08-17
2989,1842,4648462431435603,visa,43500,13050.0,0.1291,261.0,2025-07-24,active,2024-11-04,2027-11-04
2990,1843,341280949305534,amex,35500,17750.0,0.1239,355.0,2025-07-25,active,2022-11-15,2027-11-15
2991,1844,4457533951574606,visa,14500,1450.0,0.1234,29.0,2025-08-02,active,2025-01-17,2030-01-17
2992,1844,330722995521572,amex,30500,9150.0,0.1536,183.0,2025-08-02,active,2023-10-02,2026-10-02
2993,1845,396841389288875,amex,17000,13600.0,0.2117,272.0,2025-08-04,active,2024-04-25,2029-04-25
2994,1846,6920283528767566,discover,74500,7450.0,0.2043,149.0,2025-07-27,active,2023-08-13,2026-08-13
2995,1846,6147968519907651,discover,56500,5650.0,0.1233,113.0,2025-08-09,active,2023-01-25,2026-01-25
2996,1846,6860678449641135,discover,14500,4350.0,0.2019,87.0,2025-08-10,active,2024-08-31,2029-08-31
2997,1847,4698219290245076,visa,25000,7500.0,0.1891,150.0,2025-07-24,active,2023-08-05,2027-08-05
2998,1847,4595177434021970,visa,28500,8550.0,0.1739,171.0,2025-07-23,active,2023-07-15,2026-07-15
2999,1848,6341521386741714,discover,21000,2100.0,0.1658,42.0,2025-08-04,active,2024-06-30,2029-06-30
3000,1848,356845861624843,amex,36500,3650.0,0.2358,73.0,2025-08-09,active,2025-03-11,2030-03-11
3001,1849,349818958123867,amex,7500,2250.0,0.1801,45.0,2025-07-28,active,2024-02-21,2029-02-21
3002,1850,4499033263125177,visa,53000,15900.0,0.189,318.0,2025-08-06,active,2025-06-01,2030-06-01
3003,1850,5908850854240128,mastercard,38000,3800.0,0.145,76.0,2025-07-27,active,2025-03-29,2029-03-29
3004,1851,6065702445209814,discover,22500,6750.0,0.1918,135.0,2025-08-13,active,2024-04-19,2027-04-19
3005,1851,4098516850529354,visa,56500,16950.0,0.1789,339.0,2025-08-12,active,2022-02-08,2025-02-08
3006,1852,5257465448063446,mastercard,6000,3000.0,0.1412,60.0,2025-07-25,active,2023-10-08,2026-10-08
3007,1852,6260188038145909,discover,5000,1500.0,0.1798,30.0,2025-08-01,active,2023-08-30,2026-08-30
3008,1853,341116496494897,amex,10500,0.0,0.1741,25,2025-07-25,active,2024-02-06,2029-02-06
3009,1854,4807350153484298,visa,29000,0.0,0.193,25,2025-07-31,active,2023-01-02,2027-01-02
3010,1855,4717029028013327,visa,16000,0.0,0.1349,25,2025-08-13,active,2022-10-04,2027-10-04
3011,1855,5773567194955682,mastercard,23500,2350.0,0.2169,47.0,2025-07-29,active,2023-02-14,2028-02-14
3012,1855,4387535966235467,visa,64000,6400.0,0.2201,128.0,2025-07-22,active,2024-09-02,2027-09-02
3013,1856,305793760288552,amex,13500,1350.0,0.2315,27.0,2025-08-01,active,2024-09-11,2029-09-11
3014,1857,6141225804849511,discover,56000,5600.0,0.1674,112.0,2025-07-28,active,2023-10-06,2027-10-06
3015,1858,6841856788632162,discover,46500,13950.0,0.1377,279.0,2025-07-27,active,2022-07-21,2027-07-21
3016,1858,344380774421495,amex,31000,3100.0,0.2075,62.0,2025-08-04,active,2021-08-10,2025-08-10
3017,1858,6644150795853266,discover,51500,25750.0,0.2214,515.0,2025-08-10,active,2022-01-31,2026-01-31
3018,1859,344249879635784,amex,100000,30000.0,0.1332,600.0,2025-08-13,active,2024-08-26,2027-08-26
3019,1859,5029990303720956,mastercard,59500,29750.0,0.2254,595.0,2025-08-12,active,2023-05-19,2027-05-19
3020,1859,4497421066467637,visa,100000,30000.0,0.2394,600.0,2025-07-30,active,2024-09-20,2027-09-20
3021,1860,5022258852384164,mastercard,16500,4950.0,0.1948,99.0,2025-08-05,active,2023-11-10,2027-11-10
3022,1860,4768130103561494,visa,22500,0.0,0.1417,25,2025-08-14,active,2024-10-14,2029-10-14
3023,1861,6477313341170272,discover,80000,24000.0,0.2162,480.0,2025-07-26,active,2025-05-11,2030-05-11
3024,1861,6871775024839912,discover,60500,6050.0,0.2072,121.0,2025-08-06,active,2024-08-14,2028-08-14
3025,1862,5775223565515192,mastercard,19500,5850.0,0.1629,117.0,2025-08-07,active,2025-06-06,2030-06-06
3026,1862,385883462580419,amex,28500,8550.0,0.1289,171.0,2025-08-09,active,2025-07-11,2028-07-11
3027,1863,4259542504344262,visa,12500,6250.0,0.1842,125.0,2025-08-08,active,2021-10-27,2025-10-27
3028,1863,4804947953433066,visa,37000,11100.0,0.1253,222.0,2025-07-26,active,2024-01-24,2028-01-24
3029,1863,6923822050258028,discover,25000,20000.0,0.1757,400.0,2025-08-09,active,2025-03-10,2029-03-10
3030,1863,337894098668198,amex,29000,0.0,0.2102,25,2025-08-10,active,2023-11-14,2027-11-14
3031,1864,393523857121227,amex,61500,18450.0,0.1353,369.0,2025-07-19,active,2025-07-04,2028-07-04
3032,1864,373739325019227,amex,100000,10000.0,0.2402,200.0,2025-07-29,active,2025-06-06,2028-06-06
3033,1865,4310537180982053,visa,60000,18000.0,0.2355,360.0,2025-08-13,active,2025-05-30,2029-05-30
3034,1865,379433152166444,amex,21500,2150.0,0.1215,43.0,2025-07-30,active,2025-06-18,2030-06-18
3035,1866,5005752575836492,mastercard,12500,3750.0,0.1987,75.0,2025-07-28,active,2024-12-17,2029-12-17
3036,1867,6300721826535382,discover,18000,0.0,0.1341,25,2025-08-02,blocked,2021-03-26,2026-03-26
3037,1868,5943214749354941,mastercard,36000,3600.0,0.1844,72.0,2025-07-27,active,2023-07-02,2028-07-02
3038,1869,6987960870999354,discover,53000,15900.0,0.1788,318.0,2025-07-29,active,2024-11-24,2027-11-24
3039,1869,6077230966941620,discover,36500,0.0,0.166,25,2025-08-03,active,2023-08-20,2026-08-20
3040,1870,5059616050503518,mastercard,13000,1300.0,0.2118,26.0,2025-07-17,active,2024-05-01,2029-05-01
3041,1870,4982228328006556,visa,34000,0.0,0.1556,25,2025-08-09,expired,2024-08-08,2027-08-08
3042,1871,5961242226167336,mastercard,42000,4200.0,0.1677,84.0,2025-08-01,active,2024-09-14,2027-09-14
3043,1871,5490541323715357,mastercard,41500,4150.0,0.1499,83.0,2025-08-07,active,2025-03-22,2029-03-22
3044,1872,5815154736531933,mastercard,100000,10000.0,0.1641,200.0,2025-08-06,active,2025-02-19,2029-02-19
3045,1872,4280543913225560,visa,64000,6400.0,0.1277,128.0,2025-07-25,active,2024-02-24,2027-02-24
3046,1872,5643748262329861,mastercard,62000,18600.0,0.243,372.0,2025-08-01,active,2025-06-03,2030-06-03
3047,1872,391247043124021,amex,100000,10000.0,0.2006,200.0,2025-07-19,active,2024-10-23,2027-10-23
3048,1873,317101915402248,amex,28000,2800.0,0.1739,56.0,2025-07-21,active,2024-12-24,2027-12-24
3049,1873,6332002683970073,discover,33000,26400.0,0.1633,528.0,2025-08-02,active,2023-09-09,2028-09-09
3050,1874,6115064756613961,discover,54500,27250.0,0.1824,545.0,2025-07-28,active,2023-12-28,2026-12-28
3051,1875,373403618406148,amex,52000,26000.0,0.1612,520.0,2025-08-13,active,2025-06-13,2030-06-13
3052,1875,4811846503207726,visa,48500,0.0,0.1761,25,2025-08-02,active,2023-11-24,2027-11-24
3053,1876,6684638834863018,discover,21000,6300.0,0.1605,126.0,2025-08-12,active,2025-06-08,2029-06-08
3054,1877,328431295431303,amex,92500,27750.0,0.2206,555.0,2025-08-12,active,2025-07-05,2028-07-05
3055,1877,4067282524423311,visa,28500,14250.0,0.1789,285.0,2025-07-31,active,2025-06-30,2028-06-30
3056,1877,6979709984522059,discover,25500,20400.0,0.1886,408.0,2025-08-06,active,2025-07-09,2030-07-09
3057,1877,354273058163081,amex,38000,11400.0,0.2249,228.0,2025-07-21,active,2025-07-14,2030-07-14
3058,1878,6768798760591279,discover,22500,6750.0,0.1851,135.0,2025-07-20,active,2025-03-06,2028-03-06
3059,1879,393210985565768,amex,36000,3600.0,0.1846,72.0,2025-07-20,blocked,2022-08-24,2025-08-24
3060,1879,6889851551965781,discover,26000,24700.0,0.1993,494.0,2025-08-09,active,2024-11-17,2029-11-17
3061,1880,4415354813702689,visa,27000,2700.0,0.1432,54.0,2025-08-11,active,2025-06-23,2030-06-23
3062,1881,5574418146950714,mastercard,22500,0.0,0.2183,25,2025-07-17,active,2024-02-27,2028-02-27
3063,1881,5118728843597903,mastercard,13000,1300.0,0.1648,26.0,2025-07-18,active,2025-01-03,2029-01-03
3064,1882,6840310595325085,discover,16000,0.0,0.2069,25,2025-07-28,active,2022-10-08,2026-10-08
3065,1883,5494746925976924,mastercard,40500,4050.0,0.1623,81.0,2025-08-14,active,2025-03-16,2030-03-16
3066,1884,4204078443710031,visa,28500,8550.0,0.1996,171.0,2025-07-20,active,2023-10-24,2026-10-24
3067,1885,4637631586904513,visa,22500,6750.0,0.1475,135.0,2025-08-13,active,2022-12-06,2027-12-06
3068,1885,5483086370126770,mastercard,54000,5400.0,0.1548,108.0,2025-07-24,active,2024-07-02,2029-07-02
3069,1886,5144682040180794,mastercard,26500,7950.0,0.1212,159.0,2025-08-11,active,2024-02-24,2029-02-24
3070,1886,5479576513960131,mastercard,45500,13650.0,0.1317,273.0,2025-07-31,active,2022-01-26,2025-01-26
3071,1886,5472712246394841,mastercard,72000,7200.0,0.1935,144.0,2025-07-29,blocked,2023-12-12,2027-12-12
3072,1887,301468977353686,amex,39500,3950.0,0.176,79.0,2025-08-08,active,2025-05-10,2029-05-10
3073,1887,5775911072483516,mastercard,18000,5400.0,0.1337,108.0,2025-07-23,active,2024-03-11,2027-03-11
3074,1887,386959467385221,amex,53000,42400.0,0.1751,848.0,2025-08-10,active,2024-10-04,2028-10-04
3075,1888,4906457002462956,visa,27500,0.0,0.2343,25,2025-07-27,active,2024-10-06,2029-10-06
3076,1889,5594877612685314,mastercard,43500,4350.0,0.22,87.0,2025-07-17,active,2022-08-04,2027-08-04
3077,1889,6736051713644592,discover,53000,26500.0,0.1535,530.0,2025-08-03,active,2023-12-08,2027-12-08
3078,1889,4246125595692318,visa,49000,14700.0,0.2351,294.0,2025-08-08,active,2023-11-04,2026-11-04
3079,1890,4351837339184860,visa,7500,750.0,0.2083,25,2025-08-05,active,2025-04-03,2028-04-03
3080,1891,5900208914096466,mastercard,12500,3750.0,0.1597,75.0,2025-07-25,expired,2024-08-16,2027-08-16
3081,1892,330714174715749,amex,86000,25800.0,0.1719,516.0,2025-07-24,active,2025-05-17,2030-05-17
3082,1892,6611761470279404,discover,90500,72400.0,0.2063,1448.0,2025-07-28,active,2025-05-15,2030-05-15
3083,1892,6891465346192400,discover,21500,2150.0,0.1382,43.0,2025-07-20,active,2024-09-02,2029-09-02
3084,1893,4726731293404721,visa,12000,3600.0,0.1528,72.0,2025-08-05,expired,2023-03-15,2027-03-15
3085,1894,6714062096317864,discover,86000,8600.0,0.2322,172.0,2025-07-19,active,2025-04-05,2030-04-05
3086,1894,6600986780001330,discover,84500,8450.0,0.2208,169.0,2025-07-16,active,2024-10-02,2028-10-02
3087,1894,4819390154056269,visa,57000,45600.0,0.1968,912.0,2025-07-19,active,2025-06-01,2029-06-01
3088,1894,347690941586319,amex,43000,12900.0,0.1264,258.0,2025-07-26,active,2025-01-01,2030-01-01
3089,1895,5481392942872765,mastercard,11500,1150.0,0.2428,25,2025-08-08,active,2023-06-18,2028-06-18
3090,1895,4731065267767639,visa,17500,14000.0,0.1802,280.0,2025-07-18,active,2025-06-28,2028-06-28
3091,1896,4628647923176114,visa,14500,7250.0,0.2294,145.0,2025-08-01,active,2024-04-21,2029-04-21
3092,1897,364264396945915,amex,34000,3400.0,0.1296,68.0,2025-07-18,active,2022-06-13,2027-06-13
3093,1897,6195514623013718,discover,83500,25050.0,0.1392,501.0,2025-07-30,active,2025-02-23,2028-02-23
3094,1898,330744014366446,amex,23500,7050.0,0.141,141.0,2025-08-05,active,2024-01-09,2027-01-09
3095,1898,350299718933194,amex,48000,24000.0,0.2202,480.0,2025-07-23,active,2023-04-17,2028-04-17
3096,1899,4719631429185168,visa,47500,14250.0,0.1345,285.0,2025-08-11,active,2023-12-13,2026-12-13
3097,1900,4597324831915942,visa,23000,0.0,0.191,25,2025-07-25,active,2024-06-21,2028-06-21
3098,1901,6260718709752851,discover,38500,11550.0,0.2476,231.0,2025-08-04,active,2025-03-21,2028-03-21
3099,1901,6137388495834358,discover,59500,17850.0,0.1841,357.0,2025-08-07,active,2025-04-15,2030-04-15
3100,1901,4345094832616764,visa,45500,13650.0,0.1895,273.0,2025-07-31,active,2025-04-26,2029-04-26
3101,1902,376786340582909,amex,16000,12800.0,0.1264,256.0,2025-08-12,active,2024-10-25,2028-10-25
3102,1903,6359471455340109,discover,40500,4050.0,0.2092,81.0,2025-08-07,active,2025-04-02,2030-04-02
3103,1903,6990737074348750,discover,53000,42400.0,0.1433,848.0,2025-08-03,blocked,2023-09-12,2028-09-12
3104,1904,390421685163577,amex,52000,15600.0,0.188,312.0,2025-07-30,active,2024-07-08,2027-07-08
3105,1906,6456939821611995,discover,22000,6600.0,0.1873,132.0,2025-07-21,active,2024-01-24,2029-01-24
3106,1906,4083000753714227,visa,27500,8250.0,0.2282,165.0,2025-08-08,active,2023-05-25,2028-05-25
3107,1907,5327885574926277,mastercard,40000,4000.0,0.1468,80.0,2025-08-06,active,2025-06-25,2029-06-25
3108,1908,308755173992051,amex,11500,1150.0,0.2435,25,2025-07-30,active,2025-07-07,2029-07-07
3109,1908,6494423181140731,discover,42000,33600.0,0.2115,672.0,2025-08-06,active,2025-06-30,2028-06-30
3110,1908,6832670456987634,discover,64000,19200.0,0.1634,384.0,2025-07-30,active,2025-06-17,2029-06-17
3111,1909,4308593887056768,visa,37000,3700.0,0.2255,74.0,2025-07-22,active,2024-06-11,2027-06-11
3112,1909,5331227808108887,mastercard,39000,31200.0,0.146,624.0,2025-07-24,active,2025-05-10,2028-05-10
3113,1910,6383453653596856,discover,10000,3000.0,0.2082,60.0,2025-08-02,active,2024-12-06,2029-12-06
3114,1910,5686676564060093,mastercard,8500,0.0,0.1808,25,2025-08-13,active,2023-02-22,2026-02-22
3115,1912,6392494840313383,discover,100000,50000.0,0.2244,1000.0,2025-07-30,active,2024-03-30,2029-03-30
3116,1912,5851775656588469,mastercard,98500,49250.0,0.1909,985.0,2025-07-28,active,2024-11-08,2027-11-08
3117,1912,6368052457951706,discover,57000,28500.0,0.195,570.0,2025-07-20,active,2024-09-18,2028-09-18
3118,1912,353226642651976,amex,91000,0.0,0.2482,25,2025-08-12,blocked,2023-04-22,2026-04-22
3119,1913,5505705917876634,mastercard,87500,26250.0,0.225,525.0,2025-07-22,active,2022-11-06,2027-11-06
3120,1913,5562737119182060,mastercard,71000,21300.0,0.1588,426.0,2025-07-16,active,2023-07-01,2027-07-01
3121,1913,5301134826551287,mastercard,74500,37250.0,0.2332,745.0,2025-08-01,active,2024-12-08,2027-12-08
3122,1914,363970903552970,amex,89000,26700.0,0.1238,534.0,2025-07-30,active,2024-09-10,2028-09-10
3123,1914,5297691131883365,mastercard,53500,5350.0,0.2317,107.0,2025-08-01,expired,2023-12-28,2026-12-28
3124,1914,353766141801374,amex,59500,0.0,0.2418,25,2025-07-31,active,2023-06-22,2027-06-22
3125,1915,5275410959756854,mastercard,21000,2100.0,0.1732,42.0,2025-07-30,blocked,2021-11-05,2024-11-05
3126,1916,385420986097848,amex,31500,3150.0,0.1934,63.0,2025-08-03,active,2025-05-31,2030-05-31
3127,1917,4123629382887778,visa,12000,6000.0,0.1361,120.0,2025-07-23,active,2025-03-04,2028-03-04
3128,1918,5395039788630407,mastercard,20000,6000.0,0.1973,120.0,2025-08-01,active,2023-12-02,2026-12-02
3129,1919,5674633034946702,mastercard,27000,2700.0,0.1835,54.0,2025-08-02,active,2025-04-14,2030-04-14
3130,1919,4383430690355641,visa,28000,0.0,0.238,25,2025-07-17,active,2022-12-15,2026-12-15
3131,1920,4898032631013880,visa,11000,1100.0,0.1983,25,2025-08-08,active,2025-07-01,2028-07-01
3132,1921,4912266755538373,visa,12000,1200.0,0.182,25,2025-08-09,active,2024-12-29,2028-12-29
3133,1922,5468939185214795,mastercard,39500,19750.0,0.1457,395.0,2025-07-29,active,2025-06-21,2030-06-21
3134,1922,4385472895942114,visa,43500,21750.0,0.165,435.0,2025-07-19,active,2024-09-24,2029-09-24
3135,1923,381890290181814,amex,25000,12500.0,0.2041,250.0,2025-07-20,active,2023-11-15,2027-11-15
3136,1923,5181007057377339,mastercard,26500,7950.0,0.1329,159.0,2025-08-12,active,2025-03-07,2029-03-07
3137,1924,5220325440813727,mastercard,12000,3600.0,0.1768,72.0,2025-07-23,active,2025-07-07,2029-07-07
3138,1924,5665130679133843,mastercard,13000,1300.0,0.2145,26.0,2025-07-23,active,2025-07-07,2029-07-07
3139,1925,5406293789540477,mastercard,27000,2700.0,0.1522,54.0,2025-07-21,active,2025-07-15,2030-07-15
3140,1925,5841889469584713,mastercard,57000,17100.0,0.1872,342.0,2025-07-24,active,2025-07-15,2030-07-15
3141,1926,4173105215627831,visa,42000,4200.0,0.1495,84.0,2025-07-24,active,2025-05-16,2028-05-16
3142,1927,376965030185077,amex,18500,1850.0,0.2006,37.0,2025-07-26,active,2022-09-24,2025-09-24
3143,1928,5691715912046444,mastercard,20000,2000.0,0.1811,40.0,2025-07-18,active,2024-11-06,2027-11-06
3144,1928,366993464905752,amex,27500,8250.0,0.2361,165.0,2025-08-09,active,2023-09-21,2027-09-21
3145,1929,4343381320160762,visa,18500,1850.0,0.1239,37.0,2025-07-25,active,2024-05-30,2028-05-30
3146,1930,6840697225723121,discover,49000,0.0,0.1439,25,2025-07-28,active,2022-02-14,2026-02-14
3147,1930,6251609647716535,discover,53000,5300.0,0.224,106.0,2025-07-29,active,2023-06-21,2026-06-21
3148,1931,4571818781770976,visa,100000,30000.0,0.1996,600.0,2025-08-08,active,2025-01-26,2028-01-26
3149,1931,5514235443240863,mastercard,87500,8750.0,0.1461,175.0,2025-07-29,active,2024-12-29,2029-12-29
3150,1931,5708650213608060,mastercard,44500,13350.0,0.1302,267.0,2025-08-07,active,2025-02-11,2030-02-11
3151,1931,6448998816883484,discover,100000,10000.0,0.1437,200.0,2025-07-27,active,2025-01-14,2029-01-14
3152,1932,365761082883469,amex,38500,30800.0,0.1201,616.0,2025-08-13,active,2022-02-07,2027-02-07
3153,1932,6335252615982681,discover,68000,6800.0,0.2035,136.0,2025-08-14,active,2022-02-12,2026-02-12
3154,1933,5602651635373234,mastercard,80000,24000.0,0.1272,480.0,2025-07-16,active,2025-03-20,2030-03-20
3155,1933,6945926808730909,discover,100000,30000.0,0.1414,600.0,2025-08-12,active,2025-07-12,2029-07-12
3156,1934,6152255519675776,discover,15500,1550.0,0.1547,31.0,2025-08-09,active,2025-03-07,2029-03-07
3157,1935,4000621823586363,visa,86000,8600.0,0.1918,172.0,2025-07-22,active,2025-05-30,2029-05-30
3158,1935,4449526664570269,visa,38500,11550.0,0.2364,231.0,2025-08-01,active,2023-01-10,2027-01-10
3159,1935,4273345056353847,visa,37500,3750.0,0.1477,75.0,2025-07-20,active,2024-09-07,2027-09-07
3160,1936,4713579669943569,visa,27500,8250.0,0.2378,165.0,2025-07-19,active,2024-03-19,2029-03-19
3161,1937,334967787371527,amex,22500,2250.0,0.248,45.0,2025-08-05,active,2024-06-17,2027-06-17
3162,1938,6727113569471267,discover,32500,16250.0,0.1634,325.0,2025-07-31,active,2024-12-22,2028-12-22
3163,1938,307490068326202,amex,58500,5850.0,0.2409,117.0,2025-07-23,active,2024-10-24,2029-10-24
3164,1939,4885830656335368,visa,57000,5700.0,0.1459,114.0,2025-08-05,expired,2022-11-12,2027-11-12
3165,1939,6572364030675099,discover,68500,0.0,0.2487,25,2025-08-14,active,2025-01-04,2028-01-04
3166,1940,390476639056529,amex,97000,9700.0,0.1711,194.0,2025-07-27,active,2025-01-10,2028-01-10
3167,1940,5075776613030601,mastercard,37000,29600.0,0.1771,592.0,2025-07-22,active,2024-12-26,2028-12-26
3168,1941,378930692905543,amex,6500,3250.0,0.1404,65.0,2025-08-08,active,2024-02-09,2027-02-09
3169,1942,4024126035425859,visa,26500,2650.0,0.2457,53.0,2025-07-17,active,2023-03-16,2028-03-16
3170,1943,6398470974865312,discover,7000,700.0,0.1918,25,2025-07-27,active,2025-05-11,2030-05-11
3171,1944,5662548010317487,mastercard,67500,33750.0,0.1322,675.0,2025-08-01,active,2022-11-12,2026-11-12
3172,1944,6307818065973381,discover,96500,28950.0,0.225,579.0,2025-07-26,blocked,2024-05-22,2029-05-22
3173,1945,5511552415779258,mastercard,53000,15900.0,0.1611,318.0,2025-08-14,active,2025-01-09,2030-01-09
3174,1945,5266582381449328,mastercard,64000,32000.0,0.1641,640.0,2025-08-04,active,2024-11-20,2028-11-20
3175,1946,6851222959356460,discover,15500,4650.0,0.1763,93.0,2025-07-19,expired,2023-04-01,2027-04-01
3176,1947,4488689657146847,visa,90000,85500.0,0.197,1710.0,2025-07-23,active,2023-03-15,2028-03-15
3177,1947,4967397126377273,visa,23500,7050.0,0.1334,141.0,2025-07-16,active,2022-04-01,2027-04-01
3178,1948,4767516102779885,visa,52000,15600.0,0.2013,312.0,2025-07-29,active,2022-08-12,2025-08-12
3179,1948,4078283679612079,visa,28000,14000.0,0.1839,280.0,2025-08-04,active,2023-04-14,2028-04-14
3180,1949,4843979017403972,visa,15000,4500.0,0.1561,90.0,2025-08-06,active,2024-05-26,2027-05-26
3181,1950,4072923657989146,visa,25500,2550.0,0.1763,51.0,2025-07-24,active,2024-09-17,2028-09-17
3182,1950,4421725401486127,visa,18000,5400.0,0.2158,108.0,2025-08-10,active,2022-02-06,2025-02-06
3183,1950,6177135389909695,discover,26000,7800.0,0.2037,156.0,2025-07-28,active,2024-10-15,2028-10-15
3184,1951,380736561187407,amex,9000,900.0,0.1963,25,2025-07-18,active,2023-11-05,2028-11-05
3185,1952,4159973643507019,visa,72000,7200.0,0.1687,144.0,2025-08-05,active,2025-01-24,2030-01-24
3186,1952,6109165049398050,discover,26000,7800.0,0.1417,156.0,2025-08-01,active,2025-03-02,2029-03-02
3187,1953,6265336564369420,discover,24000,2400.0,0.2446,48.0,2025-07-20,active,2023-04-15,2027-04-15
3188,1953,5241568807285600,mastercard,43500,4350.0,0.1909,87.0,2025-08-04,active,2023-07-08,2026-07-08
3189,1954,4510511931450411,visa,21500,10750.0,0.1856,215.0,2025-07-20,active,2025-02-15,2029-02-15
3190,1955,6029807195605285,discover,57000,17100.0,0.2277,342.0,2025-07-28,active,2024-10-30,2029-10-30
3191,1955,5666188009724595,mastercard,41000,12300.0,0.1389,246.0,2025-08-14,active,2025-07-15,2029-07-15
3192,1956,6314404568477562,discover,21500,2150.0,0.1352,43.0,2025-07-21,active,2024-11-30,2029-11-30
3193,1956,6106976755831108,discover,68500,20550.0,0.145,411.0,2025-08-14,active,2024-02-22,2027-02-22
3194,1956,6451186598176080,discover,34000,3400.0,0.1569,68.0,2025-08-11,active,2025-03-06,2030-03-06
3195,1957,5035622135064720,mastercard,48500,4850.0,0.2421,97.0,2025-07-27,active,2025-02-01,2030-02-01
3196,1957,5133057151959337,mastercard,31000,9300.0,0.1305,186.0,2025-08-11,active,2023-08-19,2027-08-19
3197,1957,6546823857312573,discover,33000,16500.0,0.1249,330.0,2025-08-12,active,2023-11-12,2027-11-12
3198,1958,4265926650937300,visa,31000,24800.0,0.1455,496.0,2025-08-02,expired,2024-09-07,2028-09-07
3199,1959,4103283111039747,visa,9000,7200.0,0.2235,144.0,2025-08-04,blocked,2024-09-23,2029-09-23
3200,1960,371307206102834,amex,79000,63200.0,0.203,1264.0,2025-08-10,active,2024-02-24,2028-02-24
3201,1960,383123068125878,amex,90000,9000.0,0.202,180.0,2025-07-18,active,2021-07-28,2026-07-28
3202,1961,6122606142458641,discover,28000,8400.0,0.2166,168.0,2025-08-01,active,2025-05-11,2029-05-11
3203,1961,328733307737534,amex,12000,6000.0,0.1805,120.0,2025-08-10,active,2025-07-02,2029-07-02
3204,1962,341212428359461,amex,48500,0.0,0.1736,25,2025-08-13,active,2022-11-18,2027-11-18
3205,1962,4336769123579100,visa,100000,50000.0,0.1327,1000.0,2025-08-13,active,2023-08-08,2026-08-08
3206,1963,4620709867951431,visa,24000,12000.0,0.2107,240.0,2025-07-27,active,2023-07-19,2027-07-19
3207,1963,6754481607172156,discover,24500,12250.0,0.1965,245.0,2025-07-29,active,2023-08-02,2026-08-02
3208,1964,5040648710270493,mastercard,13000,3900.0,0.1943,78.0,2025-08-11,active,2025-02-19,2030-02-19
3209,1965,349401361607599,amex,14000,4200.0,0.2238,84.0,2025-07-16,active,2021-05-01,2024-05-01
3210,1965,5837025620283562,mastercard,49500,0.0,0.1588,25,2025-08-07,active,2024-03-24,2027-03-24
3211,1965,341316587120501,amex,45500,0.0,0.2062,25,2025-08-13,active,2021-05-28,2024-05-28
3212,1966,4466129631156971,visa,23000,0.0,0.2106,25,2025-07-29,active,2025-05-11,2029-05-11
3213,1967,4456747502615861,visa,37500,30000.0,0.1691,600.0,2025-08-08,active,2025-01-17,2030-01-17
3214,1967,6613798867449597,discover,24000,7200.0,0.1923,144.0,2025-08-06,active,2024-02-09,2028-02-09
3215,1968,6996391179238883,discover,27500,13750.0,0.2072,275.0,2025-08-06,active,2024-03-31,2027-03-31
3216,1969,4869273210873774,visa,9500,950.0,0.1582,25,2025-08-10,active,2022-09-10,2027-09-10
3217,1970,4789406279305796,visa,40000,38000.0,0.1914,760.0,2025-07-30,active,2023-11-13,2026-11-13
3218,1971,364428722313040,amex,33000,3300.0,0.1635,66.0,2025-07-18,active,2025-05-30,2030-05-30
3219,1972,5504953640352703,mastercard,56500,16950.0,0.1419,339.0,2025-07-22,active,2024-08-02,2029-08-02
3220,1972,4362639838424812,visa,39500,31600.0,0.1931,632.0,2025-07-27,active,2021-02-24,2024-02-24
3221,1973,5289810850009197,mastercard,27500,2750.0,0.1809,55.0,2025-07-25,active,2025-01-12,2029-01-12
3222,1974,6111708782238554,discover,9000,900.0,0.2053,25,2025-07-24,active,2024-11-26,2028-11-26
3223,1974,4634470944427407,visa,26000,2600.0,0.1565,52.0,2025-07-25,active,2024-05-27,2028-05-27
3224,1975,312220387673842,amex,13000,1300.0,0.1286,26.0,2025-07-25,active,2025-06-23,2030-06-23
3225,1975,5918245140653402,mastercard,44500,4450.0,0.2356,89.0,2025-07-31,active,2023-03-19,2027-03-19
3226,1976,304374431975423,amex,8500,2550.0,0.239,51.0,2025-08-01,active,2024-07-21,2028-07-21
3227,1978,328453115870791,amex,38000,0.0,0.2111,25,2025-08-07,active,2024-09-30,2029-09-30
3228,1978,5981086044159385,mastercard,18000,14400.0,0.1899,288.0,2025-08-01,active,2024-02-29,2029-02-29
3229,1979,353371597433343,amex,25500,7650.0,0.1361,153.0,2025-08-05,active,2023-06-21,2026-06-21
3230,1980,4486402294830220,visa,30500,3050.0,0.1874,61.0,2025-07-21,active,2025-03-30,2029-03-30
3231,1980,335862131841807,amex,15500,1550.0,0.1779,31.0,2025-08-02,active,2021-10-08,2026-10-08
3232,1981,341732342513861,amex,45000,4500.0,0.2036,90.0,2025-07-29,active,2024-03-22,2028-03-22
3233,1981,326206194348520,amex,51000,15300.0,0.2187,306.0,2025-07-30,active,2023-10-05,2028-10-05
3234,1981,341244788430050,amex,66000,0.0,0.2241,25,2025-07-26,active,2024-05-13,2029-05-13
3235,1982,5957978612860034,mastercard,16000,12800.0,0.1418,256.0,2025-08-05,active,2023-07-04,2028-07-04
3236,1983,6775166630317211,discover,84000,67200.0,0.2094,1344.0,2025-08-08,active,2025-06-26,2028-06-26
3237,1983,6961760004083936,discover,83000,8300.0,0.2083,166.0,2025-07-28,active,2025-07-12,2029-07-12
3238,1984,358837103558453,amex,36000,10800.0,0.2018,216.0,2025-07-31,expired,2025-04-22,2029-04-22
3239,1985,6159291213588704,discover,38000,0.0,0.2287,25,2025-07-17,active,2025-05-12,2028-05-12
3240,1986,6899009886567334,discover,61500,30750.0,0.1852,615.0,2025-07-24,active,2024-03-12,2029-03-12
3241,1986,6524769389502005,discover,100000,10000.0,0.1643,200.0,2025-08-10,expired,2023-02-25,2028-02-25
3242,1987,386134761540012,amex,48500,4850.0,0.1203,97.0,2025-07-25,active,2025-07-12,2030-07-12
3243,1988,5880677224339069,mastercard,17500,1750.0,0.2326,35.0,2025-08-05,active,2025-05-06,2030-05-06
3244,1989,312833707900302,amex,8000,0.0,0.202,25,2025-08-13,active,2024-07-01,2028-07-01
3245,1990,5241808147841523,mastercard,18000,1800.0,0.1913,36.0,2025-08-08,active,2024-12-15,2029-12-15
3246,1990,5124387017693140,mastercard,43000,21500.0,0.1897,430.0,2025-08-04,active,2024-05-15,2028-05-15
3247,1991,5729745935506294,mastercard,26000,7800.0,0.1246,156.0,2025-08-05,active,2021-08-25,2026-08-25
3248,1991,4120514498427788,visa,19000,1900.0,0.1293,38.0,2025-07-19,active,2023-01-01,2027-01-01
3249,1992,6451678850518097,discover,40500,12150.0,0.1484,243.0,2025-07-18,active,2022-12-16,2025-12-16
3250,1992,4627297412782223,visa,10000,3000.0,0.2459,60.0,2025-07-21,active,2023-08-17,2026-08-17
3251,1993,4126821334237436,visa,24000,7200.0,0.1455,144.0,2025-08-03,active,2023-06-30,2026-06-30
3252,1994,5943972422793462,mastercard,12000,1200.0,0.1251,25,2025-07-26,active,2024-12-10,2029-12-10
3253,1996,6143653934797032,discover,44000,13200.0,0.1583,264.0,2025-07-17,active,2025-06-13,2030-06-13
3254,1996,6594836792089456,discover,39000,19500.0,0.1398,390.0,2025-07-19,blocked,2025-02-27,2030-02-27
3255,1997,4882661701363530,visa,43000,21500.0,0.2036,430.0,2025-07-29,active,2021-06-16,2025-06-16
3256,1997,6828075359482716,discover,27000,25650.0,0.1282,513.0,2025-07-23,active,2024-07-23,2027-07-23
3257,1998,4849834134570817,visa,77500,7750.0,0.2084,155.0,2025-07-22,active,2025-05-19,2029-05-19
3258,1998,6994553095276138,discover,53500,5350.0,0.2121,107.0,2025-07-29,active,2024-01-23,2027-01-23
3259,1999,5828825997854555,mastercard,41000,20500.0,0.2435,410.0,2025-08-14,active,2023-06-07,2027-06-07
3260,2000,4480606792449392,visa,48500,14550.0,0.1922,291.0,2025-07-16,active,2023-08-16,2026-08-16
