member_id,first_name,last_name,email,phone,date_of_birth,address,city,state,zip_code,annual_income,employment_status,member_since,member_status
1,Jessica,Davis,james.white@gmail.com,555-9935,1953-05-23,9774 Adams Ave,Los Angeles,NY,22280,70819,employed,2021-10-07,active
2,Joshua,Wilson,charles.anderson@email.com,555-5557,1946-03-05,2715 Adams Ave,Austin,NC,30379,88390,employed,2021-09-30,inactive
3,Anthony,Ramirez,anthony.martin@hotmail.com,555-1711,1986-10-23,8885 Elm St,Fort Worth,IL,82357,43039,employed,2022-03-09,active
4,David,Johnson,charles.harris@hotmail.com,555-2307,1966-06-24,1754 Madison St,Dallas,TN,93320,81850,employed,2025-03-21,active
5,David,Martin,william.moore@yahoo.com,555-3677,1987-01-24,6316 Second St,Boston,OH,99733,46865,employed,2022-05-12,active
6,Matthew,Gonzalez,michelle.williams@yahoo.com,555-6155,1964-09-01,8279 Madison St,Boston,TN,28726,77505,employed,2022-01-10,active
7,Catherine,Wilson,catherine.gonzalez@hotmail.com,555-4593,1958-01-01,8448 Monroe Dr,Chicago,CA,24371,87661,employed,2021-05-26,active
8,Mark,Gonzalez,kevin.anderson@email.com,555-5119,1995-03-24,288 Elm St,Nashville,NC,94012,83833,employed,2022-06-13,active
9,Thomas,Taylor,amanda.taylor@gmail.com,555-5889,2002-12-01,8417 Park Ave,Phoenix,CO,31174,54867,employed,2023-07-26,inactive
10,Carolyn,Smith,lisa.robinson@hotmail.com,555-6038,1967-01-28,1049 First St,Denver,IL,21226,115018,employed,2024-08-23,active
11,James,Perez,paul.moore@yahoo.com,555-5342,1992-12-06,7032 Park Ave,Seattle,FL,50857,37455,employed,2022-10-12,inactive
12,Steven,Brown,jessica.davis@gmail.com,555-6539,1947-06-25,9738 First St,Denver,OH,10942,84355,self_employed,2020-12-09,active
13,Nicole,Williams,andrew.davis@hotmail.com,555-8953,1964-10-24,8934 Maple Dr,Las Vegas,OK,41850,22208,self_employed,2024-12-09,active
14,Deborah,Lopez,deborah.wilson@outlook.com,555-1887,2006-01-01,1712 Oak Ave,Fort Worth,WA,24322,43090,employed,2021-12-08,active
15,Michelle,Anderson,jessica.ramirez@gmail.com,555-8260,1994-12-19,1704 Oak Ave,Boston,NY,22224,74593,employed,2024-10-07,active
16,Helen,Lewis,sarah.garcia@outlook.com,555-1035,1980-08-14,4445 Jackson St,San Jose,MA,82845,55913,employed,2024-04-02,active
17,Sarah,Jackson,joshua.johnson@hotmail.com,555-1936,1950-02-03,9671 Monroe Dr,San Francisco,NV,30635,49722,employed,2020-11-10,inactive
18,David,Perez,jessica.gonzalez@gmail.com,555-5033,1997-07-13,9840 Oak Ave,Washington,IL,64948,26089,employed,2024-03-24,active
19,Matthew,Davis,thomas.gonzalez@yahoo.com,555-5915,1986-08-12,5280 Pine Rd,New York,TN,91416,78544,employed,2023-09-13,inactive
20,James,Robinson,anthony.lewis@gmail.com,555-5002,1978-09-29,4769 Cedar Ln,Charlotte,IN,90173,26984,unemployed,2025-01-24,active
21,Robert,Lewis,james.rodriguez@gmail.com,555-2753,1995-03-24,2646 Second St,San Jose,FL,54942,38173,employed,2021-09-06,active
22,Sarah,Williams,deborah.clark@hotmail.com,555-1722,1945-11-29,5564 Maple Dr,Boston,NC,31178,131561,employed,2024-09-12,active
23,David,Lewis,jennifer.moore@gmail.com,555-7049,1997-11-07,9152 Maple Dr,Columbus,AZ,15482,88379,employed,2022-04-09,active
24,Ashley,Perez,jessica.perez@gmail.com,555-6794,1995-10-28,6758 Maple Dr,San Diego,PA,33206,116307,self_employed,2025-06-26,active
25,Donald,Sanchez,jessica.rodriguez@yahoo.com,555-2771,1979-11-30,734 Monroe Dr,San Diego,FL,70332,50885,employed,2022-07-03,active
26,Richard,Gonzalez,nicole.rodriguez@gmail.com,555-5573,1977-02-04,8446 Madison St,Nashville,WA,13617,77457,employed,2021-03-10,active
27,Thomas,Johnson,robert.martin@outlook.com,555-6663,1973-09-25,7249 Elm St,Fort Worth,FL,43386,59024,self_employed,2020-10-15,active
28,Richard,Lopez,deborah.williams@hotmail.com,555-6143,2005-02-08,2141 Washington St,San Francisco,IN,97410,37643,employed,2022-10-31,active
29,Donald,Perez,mark.perez@yahoo.com,555-5930,1982-01-09,9077 Main St,San Jose,IN,37549,88166,employed,2022-12-14,active
30,Steven,Perez,ashley.taylor@outlook.com,555-3780,2004-09-13,1489 Washington St,San Francisco,WA,22240,80559,employed,2025-02-17,inactive
31,Richard,Jones,jane.johnson@yahoo.com,555-8784,2000-06-07,1293 Jackson St,Columbus,FL,60328,50171,employed,2023-04-25,active
32,Robert,Harris,deborah.davis@yahoo.com,555-9486,1987-04-09,922 First St,Houston,TN,27477,20181,self_employed,2025-01-13,active
33,Steven,Martin,andrew.wilson@email.com,555-8305,1959-11-15,7877 Jackson St,Dallas,OH,93579,88314,employed,2022-02-04,active
34,David,Thompson,daniel.davis@hotmail.com,555-6502,1974-04-11,8949 Pine Rd,Phoenix,AZ,40311,77839,employed,2022-09-09,active
35,Nicole,Moore,rachel.wilson@gmail.com,555-4388,1983-04-15,6481 Main St,Denver,DC,72518,72104,employed,2020-07-29,active
36,Donald,Moore,joshua.sanchez@email.com,555-4613,1989-05-24,3695 Second St,Columbus,OK,13804,52779,self_employed,2022-09-21,active
37,Rachel,Robinson,james.martin@email.com,555-1441,1980-12-10,9797 Main St,Chicago,MA,27786,83248,employed,2025-05-27,active
38,Rachel,Hernandez,nicole.harris@outlook.com,555-5558,1983-05-31,4233 Pine Rd,Indianapolis,NY,80702,32422,employed,2020-10-31,inactive
39,Michael,Harris,jane.davis@yahoo.com,555-1333,2001-05-02,2596 First St,Phoenix,OK,97747,42248,employed,2021-03-08,active
40,William,Martin,kevin.white@gmail.com,555-3683,1973-07-01,1871 Main St,San Jose,DC,61990,48396,employed,2024-07-20,active
41,Stephanie,Ramirez,kevin.sanchez@gmail.com,555-1672,1976-09-28,8828 Adams Ave,Nashville,CO,19038,77957,employed,2023-05-19,active
42,Robert,Wilson,elizabeth.lee@outlook.com,555-3506,1984-08-30,2985 Second St,Washington,OK,70931,33764,employed,2022-12-26,active
43,Emily,Rodriguez,steven.davis@outlook.com,555-7209,1975-10-10,570 Monroe Dr,Austin,PA,73904,80561,self_employed,2021-09-24,active
44,Michelle,Moore,john.taylor@yahoo.com,555-2402,1967-03-31,6758 Monroe Dr,Seattle,OH,72402,49163,self_employed,2024-02-29,active
45,Charles,Gonzalez,jessica.martinez@email.com,555-7046,1988-01-19,9168 Jefferson Dr,Columbus,WA,56112,40565,employed,2024-06-25,active
46,Richard,Hernandez,lisa.white@email.com,555-4033,1962-10-11,3645 Monroe Dr,Dallas,NV,88222,47554,employed,2022-02-16,inactive
47,Amanda,Martinez,john.thompson@email.com,555-3073,1970-03-15,845 Oak Ave,Seattle,IN,26551,124707,employed,2024-02-13,active
48,Paul,Thomas,steven.hernandez@yahoo.com,555-1841,1968-03-30,7927 Elm St,Chicago,DC,74454,40401,employed,2020-12-15,active
49,Kenneth,Martinez,emily.davis@gmail.com,555-7818,1999-12-27,9866 First St,San Francisco,DC,69049,74971,employed,2023-01-09,active
50,Frances,Johnson,frances.white@gmail.com,555-4404,2001-09-16,3557 Second St,Nashville,IL,30585,84051,employed,2021-11-20,active
51,Kevin,Thomas,daniel.johnson@yahoo.com,555-5720,1970-12-16,7538 Pine Rd,Nashville,OH,44675,20087,employed,2024-12-16,active
52,Joshua,Davis,jennifer.robinson@hotmail.com,555-3330,1951-12-31,1077 Cedar Ln,San Jose,IN,67560,76482,employed,2021-03-28,active
53,Andrew,Moore,carolyn.anderson@gmail.com,555-1653,1984-05-08,5380 Second St,New York,IL,40005,53189,self_employed,2024-04-27,active
54,Michelle,Jackson,michael.harris@yahoo.com,555-8708,1992-02-25,7345 Second St,Philadelphia,MA,93202,70679,unemployed,2025-02-08,active
55,Matthew,Perez,robert.ramirez@yahoo.com,555-6403,1982-07-10,8217 Washington St,Nashville,DC,82102,31401,employed,2020-09-30,active
56,Helen,Ramirez,andrew.clark@gmail.com,555-9889,1987-01-15,6870 Oak Ave,San Antonio,NV,57419,50593,employed,2024-01-13,active
57,Maria,Jones,daniel.anderson@outlook.com,555-2989,1948-03-07,4020 Cedar Ln,San Jose,NY,82384,71691,employed,2022-10-30,active
58,Lisa,Lee,jennifer.thomas@hotmail.com,555-9337,1970-02-14,6907 Monroe Dr,Indianapolis,OH,69871,198717,employed,2023-08-19,active
59,James,Ramirez,david.rodriguez@outlook.com,555-6568,1991-02-22,4477 Main St,San Jose,IN,86931,59640,employed,2023-10-17,inactive
60,Paul,Lopez,nicole.moore@email.com,555-7180,1986-06-11,5372 Park Ave,Oklahoma City,OH,84946,44869,employed,2022-09-09,active
61,Paul,Thompson,mark.gonzalez@yahoo.com,555-9115,1948-11-30,2168 Lincoln Ave,Houston,TN,23069,71430,employed,2023-06-29,active
62,Jennifer,Williams,paul.sanchez@hotmail.com,555-6546,2001-07-04,6612 Pine Rd,Austin,DC,51505,24723,employed,2024-01-21,active
63,David,Davis,daniel.davis@gmail.com,555-8110,1954-06-04,1746 Jackson St,Philadelphia,IN,13794,87728,employed,2020-10-19,active
64,Jennifer,Davis,janet.wilson@email.com,555-3950,1960-11-04,2968 Pine Rd,Washington,DC,91226,31746,employed,2024-05-16,active
65,Thomas,Anderson,thomas.perez@gmail.com,555-8622,1971-05-26,9055 Cedar Ln,Chicago,TN,55293,119689,employed,2023-11-02,active
66,Stephanie,Miller,mark.ramirez@outlook.com,555-2747,1966-11-15,6348 Jefferson Dr,Denver,IN,48696,203195,employed,2020-08-30,inactive
67,Sarah,Robinson,kevin.white@outlook.com,555-5689,1966-03-28,5872 First St,Boston,FL,91381,78994,employed,2021-12-12,active
68,Michael,Martinez,steven.johnson@email.com,555-6977,1957-05-20,1576 Washington St,Austin,MA,33021,74481,employed,2021-09-01,active
69,Michelle,Clark,william.rodriguez@outlook.com,555-5835,1975-12-25,1986 Jackson St,Chicago,AZ,39571,81988,employed,2025-05-13,active
70,Maria,Lopez,emily.sanchez@outlook.com,555-1228,1969-04-26,8891 Elm St,Charlotte,CO,98188,83022,self_employed,2024-09-27,active
71,Charles,Thomas,jane.martin@email.com,555-6374,2000-04-29,3726 Pine Rd,Boston,TN,49608,82172,employed,2024-03-07,active
72,Carolyn,Brown,robert.davis@email.com,555-3222,1980-06-17,7532 Jefferson Dr,Nashville,MA,86983,21219,employed,2024-09-14,active
73,Frances,Wilson,michelle.johnson@hotmail.com,555-4559,1985-05-15,7385 First St,Jacksonville,TX,99873,118244,employed,2022-08-08,active
74,Michelle,Miller,lisa.ramirez@outlook.com,555-2501,2005-01-19,3575 Main St,Los Angeles,WA,41925,206753,employed,2021-03-31,active
75,Ashley,Clark,charles.hernandez@yahoo.com,555-1046,1970-06-20,2470 Maple Dr,Seattle,NC,32871,58160,employed,2021-02-27,active
76,Jessica,Jackson,matthew.smith@yahoo.com,555-5347,1950-04-18,2176 Adams Ave,San Francisco,TX,18330,20486,employed,2023-03-19,active
77,Andrew,Davis,frances.johnson@email.com,555-5941,1986-09-08,610 Oak Ave,Indianapolis,DC,65872,59453,employed,2024-05-22,active
78,Emily,Hernandez,kevin.jones@gmail.com,555-3067,1970-04-07,9690 Lincoln Ave,Fort Worth,NV,48652,84534,employed,2023-02-01,active
79,Maria,White,ashley.wilson@outlook.com,555-4743,1982-09-19,5653 Jackson St,Fort Worth,MA,22463,43749,self_employed,2022-04-18,active
80,Paul,Williams,emily.clark@gmail.com,555-2527,1984-05-03,1682 Jefferson Dr,Phoenix,CA,86869,82265,self_employed,2023-09-10,active
81,Deborah,Ramirez,sarah.martinez@email.com,555-6119,1977-02-20,1797 Park Ave,Phoenix,OK,39392,83461,employed,2025-04-17,active
82,Michelle,Jackson,charles.sanchez@outlook.com,555-1430,2000-03-24,4481 Main St,Philadelphia,NC,50499,127044,employed,2022-06-12,active
83,Helen,Williams,jennifer.white@gmail.com,555-2503,1993-03-08,3624 Madison St,Columbus,TN,54681,44694,employed,2021-06-04,active
84,Sarah,Jones,william.harris@email.com,555-1815,2006-01-21,1436 Second St,Charlotte,MA,73656,88598,employed,2023-12-12,active
85,Deborah,Brown,daniel.perez@email.com,555-8972,1992-11-12,5153 Oak Ave,San Diego,DC,88554,56788,employed,2020-11-06,active
86,Thomas,Martinez,matthew.brown@gmail.com,555-9149,1984-03-24,2978 Maple Dr,Fort Worth,OH,75570,46921,employed,2023-09-04,active
87,Michael,Wilson,jane.anderson@gmail.com,555-6129,1997-03-31,7133 Madison St,Oklahoma City,MA,47947,117361,employed,2021-03-09,active
88,Frances,Anderson,elizabeth.williams@outlook.com,555-2734,1967-06-03,7238 Madison St,San Francisco,IL,61873,200631,self_employed,2025-06-03,active
89,David,Taylor,lisa.taylor@email.com,555-4176,1976-12-08,5852 Maple Dr,San Diego,TX,29194,50913,employed,2021-12-23,active
90,Carolyn,Anderson,kenneth.harris@email.com,555-8354,2006-09-13,9348 Lincoln Ave,Boston,WA,29786,72469,employed,2023-01-03,active
91,Catherine,Johnson,anthony.taylor@gmail.com,555-6085,1987-01-07,7504 Oak Ave,Los Angeles,CO,47627,49922,employed,2020-12-21,active
92,Andrew,Gonzalez,rachel.jackson@email.com,555-1672,1985-12-09,9466 Park Ave,Austin,OK,75715,197958,employed,2021-05-21,inactive
93,Emily,Taylor,amanda.johnson@yahoo.com,555-8172,1985-01-05,8686 Cedar Ln,Jacksonville,CO,47079,51253,unemployed,2022-09-18,active
94,Nicole,Williams,nicole.brown@email.com,555-7333,1971-01-31,4228 Maple Dr,Austin,IL,86380,59591,employed,2024-04-06,active
95,Emily,Martinez,maria.gonzalez@hotmail.com,555-3093,2005-09-17,8724 Pine Rd,Boston,MA,76648,52843,employed,2022-07-28,active
96,Carolyn,Miller,charles.jones@yahoo.com,555-2264,1972-02-17,1757 Oak Ave,Nashville,WA,91006,47018,employed,2021-04-11,active
97,Frances,Sanchez,william.white@outlook.com,555-1715,1982-06-15,6068 First St,Charlotte,IN,68841,45925,employed,2021-11-08,active
98,Richard,Lopez,kenneth.anderson@outlook.com,555-5616,1979-11-08,8339 Adams Ave,Philadelphia,FL,89254,55368,self_employed,2021-04-26,active
99,Maria,Robinson,robert.thompson@email.com,555-3042,1971-03-02,1474 Cedar Ln,Dallas,TN,77286,35747,self_employed,2021-05-14,active
100,Anthony,Robinson,jane.wilson@gmail.com,555-7495,1990-08-18,6226 First St,Fort Worth,IL,59140,27275,self_employed,2021-10-19,active
101,James,Johnson,daniel.robinson@outlook.com,555-3273,1987-09-05,7449 Main St,Chicago,NY,43544,125986,employed,2021-10-01,active
103,Andrew,Jackson,jessica.thompson@yahoo.com,555-5772,1984-02-07,125 Jefferson Dr,San Diego,MA,34551,57565,employed,2024-04-07,active
104,Janet,Moore,andrew.sanchez@email.com,555-1333,1980-08-15,7802 Oak Ave,Boston,DC,58929,81816,employed,2021-12-18,active
105,Robert,Harris,catherine.white@hotmail.com,555-3185,1949-07-27,5872 Lincoln Ave,Boston,PA,99742,42213,employed,2023-02-23,inactive
106,David,Thompson,rachel.johnson@hotmail.com,555-4302,1949-07-10,3368 Oak Ave,Austin,IN,77552,45972,employed,2022-10-10,inactive
107,Richard,Martinez,anthony.ramirez@gmail.com,555-6438,1970-02-07,2139 Jefferson Dr,Columbus,DC,67637,78300,employed,2022-09-16,active
108,Janet,Rodriguez,emily.white@outlook.com,555-2293,1984-03-23,9970 Cedar Ln,Seattle,IN,52101,56302,employed,2021-02-12,active
109,Deborah,Garcia,steven.lopez@outlook.com,555-1693,1977-03-22,7226 Second St,Boston,CA,19835,80043,employed,2024-04-21,active
110,Jennifer,Ramirez,kevin.perez@outlook.com,555-1570,1956-12-01,1201 First St,Boston,CO,57467,45242,self_employed,2022-09-09,active
111,Elizabeth,Lopez,steven.harris@gmail.com,555-3255,1993-02-03,6112 Madison St,Austin,NC,42717,25027,unemployed,2021-03-06,active
112,Maria,Brown,thomas.harris@hotmail.com,555-8311,1964-11-04,4778 Monroe Dr,San Antonio,TX,27790,56965,employed,2025-04-28,active
113,Matthew,Perez,anthony.thompson@gmail.com,555-9882,1971-08-23,5014 Cedar Ln,Oklahoma City,PA,57381,54585,unemployed,2023-05-24,active
114,Carolyn,Smith,elizabeth.moore@email.com,555-7044,1987-07-11,9138 Maple Dr,Washington,IL,18617,199550,employed,2022-04-11,active
115,Donald,Clark,kenneth.williams@yahoo.com,555-6194,2003-03-22,1315 Jackson St,Charlotte,NV,55156,85684,employed,2021-04-05,active
116,James,Wilson,andrew.robinson@gmail.com,555-3034,1992-01-28,2607 Washington St,Philadelphia,PA,52291,89260,employed,2024-07-08,active
117,Emily,Rodriguez,richard.lee@email.com,555-5496,1956-10-27,5061 Pine Rd,San Francisco,PA,87569,132003,self_employed,2023-10-19,active
118,Kenneth,Johnson,jane.williams@gmail.com,555-5336,2004-01-04,3553 Adams Ave,Washington,NY,75278,89829,employed,2025-07-11,active
119,Helen,Martinez,rachel.williams@gmail.com,555-3589,1985-01-11,6909 Monroe Dr,Charlotte,FL,54589,49899,employed,2023-12-11,active
120,Anthony,Gonzalez,james.harris@hotmail.com,555-9437,1995-12-25,1839 Lincoln Ave,San Diego,TN,26059,125463,employed,2022-01-15,active
121,Mark,Ramirez,frances.wilson@yahoo.com,555-3616,1974-12-20,9564 Lincoln Ave,San Antonio,PA,75308,21658,employed,2023-06-06,active
122,Helen,Taylor,rachel.davis@yahoo.com,555-6781,1949-12-16,928 Washington St,Indianapolis,OK,47453,131297,employed,2023-07-21,active
123,Elizabeth,Harris,helen.lopez@gmail.com,555-7563,1950-03-08,9443 Park Ave,Jacksonville,IN,19637,24388,self_employed,2022-09-16,active
124,Frances,Perez,frances.brown@yahoo.com,555-2584,1980-12-06,6214 Lincoln Ave,Seattle,CO,28909,79165,employed,2021-08-28,active
125,James,Thompson,nicole.sanchez@outlook.com,555-9508,1986-08-04,2540 Maple Dr,Austin,WA,31299,41319,employed,2022-09-29,inactive
126,Andrew,Clark,andrew.moore@outlook.com,555-5911,1988-03-13,372 Jefferson Dr,Austin,TX,64596,79805,employed,2023-10-25,active
127,Thomas,Lee,catherine.jackson@yahoo.com,555-1841,1997-12-10,7971 Cedar Ln,San Francisco,DC,29369,115873,employed,2025-02-23,active
128,Steven,Hernandez,donald.jones@outlook.com,555-4340,1982-05-30,8321 Monroe Dr,Las Vegas,CA,28098,23601,employed,2023-06-14,active
129,Matthew,Garcia,rachel.robinson@email.com,555-6608,1994-08-08,5904 Second St,Washington,OK,35200,55675,employed,2021-12-03,active
130,Ashley,Thompson,carolyn.hernandez@outlook.com,555-6714,1995-11-17,4580 Washington St,Houston,DC,61712,49752,employed,2025-02-17,active
131,Daniel,Thompson,emily.lopez@outlook.com,555-5201,1988-07-28,3605 Park Ave,Seattle,NC,83664,74799,employed,2024-06-11,active
132,Sarah,Perez,janet.davis@yahoo.com,555-1860,1954-08-01,6871 Lincoln Ave,Oklahoma City,OK,23178,39229,employed,2024-05-12,active
133,William,Wilson,paul.thomas@yahoo.com,555-5706,1974-05-29,4776 Oak Ave,Chicago,OH,80143,38033,unemployed,2024-09-06,active
134,Amanda,Robinson,michael.clark@outlook.com,555-9116,1962-04-23,4842 Oak Ave,New York,IN,84443,120736,employed,2023-12-03,active
135,Joshua,Taylor,carolyn.lewis@yahoo.com,555-9261,1987-08-01,4570 Park Ave,Houston,WA,31298,204324,employed,2024-08-22,active
136,Nicole,Sanchez,daniel.jackson@yahoo.com,555-3875,2000-05-27,6743 Adams Ave,San Francisco,WA,21368,46101,employed,2022-10-15,active
138,William,Gonzalez,andrew.robinson@hotmail.com,555-2923,2002-11-23,4933 Jefferson Dr,Washington,OH,38721,43873,employed,2021-04-16,active
139,Maria,Robinson,paul.harris@email.com,555-4578,1967-10-17,9861 Pine Rd,San Francisco,TN,79228,59848,employed,2024-06-27,active
140,Maria,Lewis,andrew.miller@email.com,555-9792,1959-01-14,2795 Lincoln Ave,San Francisco,TN,25235,118676,employed,2024-05-10,active
141,Steven,Sanchez,sarah.anderson@yahoo.com,555-9409,1982-11-11,7584 Oak Ave,Seattle,TN,98181,72979,self_employed,2025-01-24,active
142,Ashley,Jackson,david.johnson@outlook.com,555-6644,1951-04-25,8966 Oak Ave,Chicago,OK,14159,28338,self_employed,2022-02-24,active
143,Mark,Anderson,mark.gonzalez@gmail.com,555-9835,1957-07-10,5797 Elm St,Philadelphia,DC,79316,83774,employed,2021-04-03,active
144,Stephanie,Anderson,joshua.wilson@email.com,555-7214,1966-03-13,4155 Jackson St,Jacksonville,AZ,46129,40113,employed,2021-08-07,active
146,Sarah,Jones,andrew.martinez@yahoo.com,555-6224,1997-05-26,9896 Lincoln Ave,San Diego,IN,28777,57686,employed,2024-03-30,active
147,Catherine,Lewis,amanda.lee@outlook.com,555-9120,1949-10-19,5742 Madison St,San Francisco,WA,64568,49016,employed,2022-10-31,active
148,Charles,Martinez,jennifer.sanchez@outlook.com,555-1944,1996-01-18,6861 Adams Ave,Seattle,NV,27575,57626,employed,2022-09-20,active
149,Elizabeth,Williams,joshua.white@yahoo.com,555-1844,1969-09-04,6279 Oak Ave,Chicago,FL,87015,42590,self_employed,2024-08-08,active
150,Nicole,Martinez,john.miller@yahoo.com,555-2922,1988-07-23,4074 Park Ave,Fort Worth,OH,82362,46844,self_employed,2022-05-06,active
151,Stephanie,Rodriguez,elizabeth.taylor@outlook.com,555-8635,1954-06-10,7792 Lincoln Ave,San Antonio,CO,51015,57486,employed,2022-11-11,active
152,Maria,Robinson,catherine.jackson@outlook.com,555-5836,1959-04-08,3314 Lincoln Ave,San Diego,DC,84683,119781,employed,2025-03-19,active
153,Carolyn,White,carolyn.anderson@yahoo.com,555-6770,1960-10-11,2393 Monroe Dr,Philadelphia,CA,78674,81061,employed,2020-09-24,active
154,Donald,Jones,charles.williams@yahoo.com,555-1149,1965-03-20,8385 Jackson St,Jacksonville,CA,90980,21589,unemployed,2024-02-13,active
155,Jane,Smith,joshua.moore@outlook.com,555-1194,1947-02-04,8773 Second St,Seattle,IN,12246,85833,employed,2023-05-11,active
156,Robert,Taylor,jennifer.davis@yahoo.com,555-9625,1968-03-28,5907 Second St,Fort Worth,IL,58896,75874,employed,2022-10-26,active
157,Emily,Lee,michael.williams@outlook.com,555-7213,1979-06-07,9155 Monroe Dr,Los Angeles,NY,32463,47400,employed,2021-01-02,active
158,Robert,Lewis,janet.robinson@gmail.com,555-4764,1964-07-23,9386 Monroe Dr,Dallas,CA,19744,50855,employed,2024-05-18,active
160,James,Sanchez,emily.taylor@hotmail.com,555-1879,1954-05-10,7261 First St,Chicago,WA,89320,87713,employed,2024-11-07,active
161,Michelle,Sanchez,steven.thomas@yahoo.com,555-6829,1995-03-17,6250 Adams Ave,Philadelphia,DC,21232,80694,employed,2024-11-14,active
162,Jennifer,Gonzalez,jennifer.white@outlook.com,555-6188,1977-12-14,1845 Pine Rd,New York,IN,68292,72408,employed,2022-07-24,active
163,Steven,Moore,maria.taylor@outlook.com,555-2692,1947-12-13,1568 Jefferson Dr,Seattle,IL,88240,22860,employed,2023-11-23,active
164,Mark,Harris,emily.white@email.com,555-4977,1996-11-26,8637 Cedar Ln,Nashville,DC,32216,115404,employed,2021-04-27,active
165,Deborah,Rodriguez,donald.martinez@outlook.com,555-2260,1977-12-28,4223 First St,Las Vegas,OK,87831,44781,employed,2023-12-31,active
166,Helen,Hernandez,frances.gonzalez@hotmail.com,555-8212,1975-08-16,7155 Maple Dr,San Jose,WA,89064,29983,employed,2024-06-09,active
167,Daniel,White,carolyn.jackson@yahoo.com,555-6339,1979-05-01,4692 Madison St,Jacksonville,TX,83905,53049,self_employed,2021-08-30,active
168,Rachel,Thompson,ashley.anderson@hotmail.com,555-2133,1982-04-19,8280 Maple Dr,Boston,IN,41722,88025,employed,2021-12-16,active
169,Kevin,Thomas,catherine.gonzalez@email.com,555-9300,1983-02-13,9007 Oak Ave,Jacksonville,IL,24335,82353,employed,2024-11-07,active
170,Michael,Jackson,helen.harris@hotmail.com,555-8052,1955-02-05,272 Elm St,Dallas,OH,76935,75450,employed,2024-09-23,active
171,Elizabeth,Gonzalez,rachel.harris@email.com,555-9199,1959-02-12,5751 Main St,Indianapolis,TX,48722,88849,employed,2022-11-15,active
173,Nicole,Lee,robert.perez@yahoo.com,555-4996,1991-11-20,2958 Cedar Ln,Austin,MA,70562,118771,employed,2021-11-03,active
174,Deborah,Gonzalez,jane.white@email.com,555-4232,1985-12-04,9802 Adams Ave,Fort Worth,NY,38153,76107,employed,2021-09-11,active
175,Joshua,Garcia,elizabeth.hernandez@yahoo.com,555-8496,1955-10-26,4398 Monroe Dr,San Francisco,WA,88246,72050,employed,2022-09-20,active
176,Rachel,Martin,amanda.clark@hotmail.com,555-2388,2005-11-21,2294 Lincoln Ave,Houston,OH,50026,81400,employed,2021-03-13,active
177,Kevin,Jones,kenneth.gonzalez@outlook.com,555-4043,1989-04-03,8904 Cedar Ln,Seattle,PA,74178,86738,employed,2022-02-28,active
178,Anthony,Smith,carolyn.jones@yahoo.com,555-7290,1995-12-22,8381 Monroe Dr,Columbus,OK,64477,54778,employed,2024-07-10,active
179,Charles,Martinez,michael.rodriguez@yahoo.com,555-9808,1971-06-29,2855 Jackson St,Denver,OK,82053,42708,employed,2023-05-29,active
180,Elizabeth,Moore,michael.harris@outlook.com,555-9951,1965-03-14,7065 Elm St,Las Vegas,OH,49021,37796,employed,2025-06-12,inactive
181,Emily,Anderson,lisa.harris@yahoo.com,555-4438,1998-05-04,5844 Adams Ave,Philadelphia,AZ,37082,51422,self_employed,2025-02-07,active
182,Kevin,Moore,william.hernandez@hotmail.com,555-5740,1996-12-22,4480 Elm St,Phoenix,MA,17770,31495,employed,2022-02-04,active
183,Matthew,Clark,jessica.harris@outlook.com,555-9019,1958-05-07,9560 Second St,Boston,MA,59174,24348,employed,2023-01-28,active
184,Michelle,Thompson,elizabeth.anderson@outlook.com,555-6362,1997-10-20,140 Pine Rd,Las Vegas,TN,93209,73050,employed,2024-04-07,active
185,Deborah,Clark,ashley.thomas@hotmail.com,555-6289,1971-01-13,5633 Maple Dr,Denver,OK,55054,132512,employed,2024-05-14,active
186,William,Anderson,rachel.smith@outlook.com,555-4314,2007-05-15,2261 Washington St,Philadelphia,NC,22234,35059,employed,2024-03-18,active
187,Stephanie,White,charles.wilson@gmail.com,555-2559,1945-09-09,3596 Monroe Dr,Chicago,AZ,87814,25423,employed,2021-10-23,active
188,Lisa,Ramirez,deborah.thompson@yahoo.com,555-8826,1951-12-12,3851 Madison St,Chicago,TX,23526,40264,employed,2022-04-19,active
189,James,Lee,jennifer.williams@email.com,555-1138,2000-05-06,2788 Jackson St,Jacksonville,FL,92323,52541,employed,2024-09-26,active
190,Emily,Lewis,robert.jones@gmail.com,555-7291,1977-02-17,7135 Lincoln Ave,Phoenix,OH,46302,54496,self_employed,2024-02-27,active
191,Daniel,Harris,jane.ramirez@hotmail.com,555-4366,1992-01-16,8448 Park Ave,Las Vegas,DC,48737,89661,employed,2024-03-01,active
192,Lisa,Davis,carolyn.lee@email.com,555-2163,1992-12-26,297 Jefferson Dr,Austin,AZ,60703,122842,employed,2025-05-14,active
193,Paul,Harris,david.smith@email.com,555-2106,1946-10-30,4395 Park Ave,Los Angeles,CA,62163,57903,employed,2023-05-20,active
194,Helen,Williams,joshua.moore@email.com,555-3501,1970-06-27,1469 Washington St,Chicago,NV,36633,83612,employed,2025-01-26,active
195,David,Martinez,deborah.white@yahoo.com,555-1948,1967-07-12,1512 Adams Ave,Houston,TN,90254,59216,employed,2023-12-15,active
196,James,Thompson,john.garcia@outlook.com,555-6680,1992-07-06,8574 Second St,Philadelphia,CO,26637,75755,employed,2024-09-29,active
197,Jane,Hernandez,deborah.rodriguez@email.com,555-2046,1969-03-08,9547 Pine Rd,Indianapolis,TN,76949,43868,employed,2022-07-24,active
198,Thomas,Harris,robert.lewis@email.com,555-2889,1966-01-31,8436 Main St,Los Angeles,NY,42053,120468,employed,2020-10-19,active
199,Michael,Moore,donald.davis@hotmail.com,555-5067,1982-12-08,5341 Second St,Chicago,CO,25650,44917,employed,2023-05-11,active
200,Michael,Gonzalez,david.lewis@outlook.com,555-5625,1973-06-19,5462 Pine Rd,Seattle,TN,11044,27313,self_employed,2022-08-11,active
201,Jessica,Anderson,elizabeth.jackson@outlook.com,555-4201,1994-08-17,4116 Maple Dr,New York,MA,13133,79958,employed,2021-11-06,active
202,John,Harris,mark.ramirez@hotmail.com,555-2703,1964-01-01,8780 First St,Columbus,OK,17850,70314,self_employed,2021-05-04,active
203,Janet,Wilson,elizabeth.anderson@gmail.com,555-2565,1990-12-08,2287 Madison St,Chicago,CA,67014,27584,self_employed,2024-04-03,inactive
204,Helen,Thompson,matthew.hernandez@outlook.com,555-5455,1966-07-20,1323 Park Ave,Phoenix,TX,30369,48552,self_employed,2021-02-18,active
206,Jessica,Lopez,helen.taylor@gmail.com,555-5896,1968-12-07,2948 Main St,Fort Worth,TN,82869,119860,employed,2024-09-26,active
207,James,Brown,john.johnson@yahoo.com,555-3141,1963-05-15,6663 Jefferson Dr,Nashville,IL,86326,23339,self_employed,2023-10-30,active
208,Richard,Lewis,steven.sanchez@yahoo.com,555-2506,1975-05-04,2107 Oak Ave,Charlotte,CA,32018,115714,unemployed,2023-10-05,active
209,Deborah,Garcia,anthony.miller@yahoo.com,555-5505,1970-09-13,7407 Maple Dr,Los Angeles,OH,94840,86257,employed,2022-03-13,active
210,Michelle,Gonzalez,james.wilson@yahoo.com,555-9614,1967-12-12,9007 Main St,Fort Worth,CO,72873,130696,employed,2023-08-06,active
211,Mark,Rodriguez,amanda.smith@hotmail.com,555-4588,1948-03-22,4702 Oak Ave,Indianapolis,NV,56849,58535,employed,2024-11-03,active
212,Jessica,Rodriguez,joshua.clark@gmail.com,555-4594,1997-03-29,6463 Jefferson Dr,Philadelphia,PA,41005,45230,employed,2023-11-12,active
213,Jane,Thompson,anthony.jackson@email.com,555-3328,1996-02-10,3184 Monroe Dr,Seattle,IN,33010,81756,self_employed,2023-04-17,active
214,Janet,Thomas,john.hernandez@email.com,555-4300,1957-04-19,5682 Cedar Ln,Austin,CA,12872,39715,employed,2021-05-15,active
215,Elizabeth,Williams,elizabeth.thompson@outlook.com,555-2655,1975-10-15,5044 Lincoln Ave,Phoenix,PA,67261,118634,employed,2024-12-24,active
216,Maria,Thompson,frances.sanchez@hotmail.com,555-4657,2005-04-20,9749 Cedar Ln,Fort Worth,IN,48602,50396,employed,2021-04-03,active
217,Kenneth,Johnson,amanda.martin@hotmail.com,555-4619,2002-12-23,9365 Elm St,Indianapolis,AZ,53406,38770,employed,2024-09-20,active
218,Emily,Clark,nicole.anderson@gmail.com,555-5345,1964-05-27,4188 Pine Rd,Jacksonville,NC,24160,50469,employed,2024-07-31,active
219,Donald,Thomas,mark.lopez@email.com,555-7149,1954-09-10,7955 First St,Philadelphia,TN,19661,53751,self_employed,2025-01-08,active
220,Robert,Williams,nicole.garcia@outlook.com,555-3636,1952-04-27,9062 Pine Rd,Austin,OK,14062,50443,employed,2022-12-17,active
221,Robert,Hernandez,ashley.miller@outlook.com,555-9849,1969-05-23,4712 Washington St,San Diego,TX,16505,54227,employed,2022-09-29,active
222,John,Wilson,emily.martinez@email.com,555-8869,1963-07-04,1689 Main St,San Antonio,PA,93648,120032,employed,2022-03-06,inactive
223,Helen,Thomas,carolyn.lewis@hotmail.com,555-2493,2003-03-06,9014 Madison St,Philadelphia,CO,59996,43784,employed,2022-08-12,active
224,Charles,Clark,michelle.jackson@gmail.com,555-3476,2005-06-22,1684 Pine Rd,Nashville,CO,80968,34409,employed,2022-11-11,inactive
226,Frances,Jones,lisa.harris@outlook.com,555-3832,1960-08-03,3571 Park Ave,Phoenix,CA,65492,86935,employed,2020-12-24,inactive
227,Thomas,Hernandez,david.williams@outlook.com,555-7510,1995-02-13,5443 Second St,San Francisco,TN,11620,44845,employed,2024-12-13,active
228,Jennifer,Jones,kenneth.jackson@email.com,555-2641,1955-01-26,9319 Elm St,San Jose,CO,63856,83749,employed,2022-01-08,active
229,Amanda,Rodriguez,helen.jones@email.com,555-7581,1949-01-26,6584 Lincoln Ave,Oklahoma City,OH,16460,59954,employed,2024-09-21,active
230,Stephanie,Martinez,michelle.clark@outlook.com,555-2609,1966-01-16,2301 Washington St,Las Vegas,TN,52056,52204,employed,2022-01-19,active
231,Ashley,Robinson,donald.white@outlook.com,555-9462,1979-02-20,1020 Cedar Ln,Chicago,IN,76426,72925,employed,2022-10-21,active
232,Richard,Lewis,richard.clark@gmail.com,555-5087,1948-07-23,7578 Oak Ave,Jacksonville,FL,45910,133634,employed,2022-08-10,active
233,Jessica,Lopez,carolyn.martin@outlook.com,555-3909,1988-03-03,9715 Jefferson Dr,Jacksonville,PA,43903,74059,employed,2024-09-27,active
234,William,Ramirez,kenneth.harris@yahoo.com,555-4626,2003-09-03,3788 Park Ave,Dallas,MA,77276,20899,employed,2020-08-27,active
235,James,Lee,amanda.martin@gmail.com,555-4666,1968-03-27,5104 Second St,Columbus,DC,55706,195291,employed,2023-02-12,active
236,Helen,Jackson,robert.smith@email.com,555-7131,1995-12-18,9828 Washington St,San Jose,TX,73142,57060,employed,2020-11-24,active
237,Thomas,Lee,stephanie.miller@yahoo.com,555-9475,1967-02-25,1030 Madison St,Nashville,WA,99228,50654,self_employed,2021-04-29,active
238,Donald,Gonzalez,mark.white@gmail.com,555-4111,1976-05-18,3743 Monroe Dr,Nashville,CO,76494,79686,employed,2022-03-23,active
239,Robert,Thomas,james.white@hotmail.com,555-3999,2006-07-28,5599 Pine Rd,San Diego,CO,39272,133292,employed,2024-09-18,active
240,Catherine,Martinez,rachel.ramirez@gmail.com,555-8709,1950-05-29,9661 Pine Rd,Indianapolis,FL,75598,50856,employed,2021-03-19,active
241,Jennifer,Jones,richard.hernandez@outlook.com,555-8496,1958-06-11,5283 Cedar Ln,Chicago,OK,53598,49776,employed,2024-01-30,inactive
242,Michelle,Miller,william.jackson@yahoo.com,555-9021,1953-06-28,2220 Adams Ave,Boston,MA,62873,41900,employed,2022-12-12,inactive
243,Elizabeth,Smith,matthew.harris@email.com,555-4122,1947-03-15,167 First St,San Diego,CO,50906,41236,employed,2021-04-07,active
244,Michael,Martinez,daniel.anderson@email.com,555-9587,1975-11-26,7205 Maple Dr,Austin,OK,57087,80030,employed,2024-09-30,active
245,Charles,White,james.miller@gmail.com,555-9267,1960-10-02,2117 Jefferson Dr,Oklahoma City,CA,59177,128218,employed,2025-06-16,active
246,Sarah,Perez,robert.lee@gmail.com,555-1790,2007-06-22,1997 Adams Ave,Charlotte,DC,26199,71592,employed,2023-08-11,active
247,John,Martinez,donald.perez@gmail.com,555-9524,1969-10-24,2347 Adams Ave,Houston,NV,90962,76733,employed,2021-03-15,active
248,Richard,Harris,thomas.clark@email.com,555-4304,1977-09-14,6813 Washington St,Philadelphia,CA,81845,86309,employed,2023-04-29,active
249,John,Smith,emily.robinson@gmail.com,555-9095,1958-12-22,1575 Pine Rd,Las Vegas,TX,43540,85750,employed,2024-02-26,active
250,Sarah,Brown,amanda.ramirez@gmail.com,555-5760,1977-11-28,5223 Adams Ave,Las Vegas,TX,22451,204700,employed,2025-04-25,active
251,William,Hernandez,anthony.lewis@outlook.com,555-5395,1953-12-06,6205 Lincoln Ave,Philadelphia,TX,62530,24534,unemployed,2022-10-14,inactive
252,Paul,Sanchez,donald.lee@yahoo.com,555-2852,1957-06-25,1060 Cedar Ln,Houston,MA,87430,52639,employed,2023-04-01,active
253,Anthony,Martin,jane.ramirez@yahoo.com,555-8914,1989-05-20,1950 Adams Ave,Charlotte,CA,18301,75939,employed,2022-01-03,active
254,Kenneth,White,kenneth.davis@hotmail.com,555-9504,1992-07-10,1660 Adams Ave,Nashville,OH,73167,37197,employed,2022-06-25,active
255,Maria,Lewis,frances.johnson@gmail.com,555-3571,1990-12-13,7788 Monroe Dr,Philadelphia,IL,74441,74871,employed,2022-05-04,active
257,Donald,Johnson,maria.moore@gmail.com,555-2489,1999-10-19,5090 Park Ave,Boston,TN,54676,40582,employed,2022-07-31,active
258,Frances,Martin,paul.thompson@hotmail.com,555-8414,1955-10-28,1696 First St,New York,WA,56548,129891,employed,2025-03-12,active
259,Robert,Johnson,william.thomas@yahoo.com,555-7704,1955-03-10,4266 Park Ave,San Antonio,TX,61497,87946,employed,2021-10-01,active
260,Donald,Johnson,catherine.brown@outlook.com,555-8493,2004-08-31,9755 Maple Dr,Indianapolis,NY,79515,81073,employed,2024-09-01,active
261,Andrew,Harris,amanda.thompson@email.com,555-3845,1957-02-09,1796 Madison St,Nashville,WA,76074,134173,employed,2025-06-26,active
263,James,Thompson,amanda.taylor@email.com,555-6281,1955-12-12,5871 Monroe Dr,Denver,MA,98374,49521,employed,2024-09-25,active
264,Janet,Brown,jane.gonzalez@yahoo.com,555-1869,2005-09-21,1027 Park Ave,Dallas,PA,47567,83840,employed,2024-05-16,active
265,Joshua,Johnson,anthony.clark@outlook.com,555-2679,2000-11-12,9305 First St,Las Vegas,DC,41142,124671,employed,2023-05-29,active
266,Sarah,Robinson,mark.gonzalez@outlook.com,555-6122,1995-02-16,981 Main St,Las Vegas,NC,36619,79425,employed,2024-01-08,active
267,Elizabeth,Harris,catherine.moore@email.com,555-4218,1962-12-14,4919 Jackson St,Philadelphia,IL,34507,129518,employed,2021-07-07,active
268,Maria,Rodriguez,james.garcia@email.com,555-5178,1946-02-05,5515 Jackson St,Oklahoma City,AZ,15235,21331,employed,2021-05-27,active
269,Kenneth,Moore,anthony.williams@hotmail.com,555-9608,1965-04-29,3112 Pine Rd,San Francisco,PA,64516,79868,employed,2023-08-03,active
270,Nicole,Hernandez,elizabeth.martinez@yahoo.com,555-9691,1988-03-12,9296 Main St,Houston,CO,68414,27248,self_employed,2021-11-21,active
271,Matthew,Gonzalez,lisa.gonzalez@hotmail.com,555-9851,1970-12-19,504 Jefferson Dr,San Francisco,NV,68400,77989,self_employed,2023-04-09,active
273,David,White,jennifer.smith@outlook.com,555-6434,1948-12-28,1533 Pine Rd,Los Angeles,PA,43018,54261,employed,2023-09-02,active
274,Steven,Lee,helen.wilson@hotmail.com,555-1276,1980-07-15,2038 Main St,Boston,IL,86756,123475,employed,2020-10-18,active
275,Stephanie,Martin,emily.martinez@outlook.com,555-7249,1981-01-15,604 Monroe Dr,Philadelphia,OH,27875,36476,employed,2024-09-23,active
276,Jennifer,Martinez,elizabeth.smith@email.com,555-3316,1956-08-25,784 Main St,Denver,DC,80405,87882,employed,2023-08-12,active
277,Andrew,Jones,william.garcia@yahoo.com,555-5140,1963-01-10,1977 Cedar Ln,Nashville,CA,81939,51267,employed,2023-02-16,active
278,Richard,White,catherine.thomas@hotmail.com,555-6851,1957-02-04,3942 Elm St,San Jose,IL,35362,22207,employed,2022-04-28,active
279,Jennifer,Jackson,kenneth.lopez@hotmail.com,555-8017,1960-09-20,179 Lincoln Ave,San Diego,OH,93995,50016,employed,2022-12-27,active
280,Rachel,Anderson,anthony.harris@hotmail.com,555-8978,1995-02-01,1883 Cedar Ln,Boston,IL,46780,50864,self_employed,2025-05-10,active
281,David,White,david.lewis@gmail.com,555-9309,2002-04-05,611 Madison St,Denver,FL,14804,121436,employed,2023-08-20,active
282,Jennifer,Lopez,helen.davis@email.com,555-5767,1957-08-09,7713 Pine Rd,Fort Worth,CO,75820,132684,employed,2020-08-07,active
283,James,Anderson,william.garcia@email.com,555-3395,1988-12-20,5978 Oak Ave,San Diego,OK,40375,120434,employed,2020-11-22,active
284,Elizabeth,Gonzalez,paul.robinson@outlook.com,555-1760,1949-03-04,5409 Elm St,Oklahoma City,NV,93042,46775,employed,2025-03-12,active
286,John,Taylor,james.anderson@yahoo.com,555-4768,1952-07-05,8530 Second St,San Antonio,AZ,34498,55797,self_employed,2021-06-04,active
287,Donald,Sanchez,nicole.white@gmail.com,555-8889,2006-03-03,7944 Monroe Dr,San Antonio,PA,94837,73877,employed,2025-03-19,active
288,William,Jones,andrew.johnson@email.com,555-3406,1950-08-11,2825 Second St,Philadelphia,NV,63143,44190,employed,2023-11-26,inactive
289,Ashley,Anderson,kevin.thomas@outlook.com,555-3794,1965-04-10,6830 Maple Dr,Denver,PA,91685,79288,self_employed,2024-03-28,active
290,Kevin,Jackson,david.davis@outlook.com,555-7315,1957-06-15,1878 Main St,San Antonio,NV,76107,51228,self_employed,2024-05-18,active
291,Frances,Martin,michael.lewis@email.com,555-9246,1956-02-19,1626 Monroe Dr,Nashville,AZ,89098,23155,employed,2023-07-26,active
292,Elizabeth,Ramirez,michael.thompson@email.com,555-8028,1966-03-07,7999 Madison St,Jacksonville,TX,65769,129139,employed,2021-04-17,active
293,Joshua,Wilson,thomas.miller@gmail.com,555-1116,1997-06-12,8661 Elm St,San Francisco,NY,59155,72746,employed,2024-03-18,active
294,Jennifer,Wilson,catherine.rodriguez@hotmail.com,555-9783,1983-08-05,9351 Jefferson Dr,Washington,NC,99208,128397,employed,2022-10-08,active
295,Elizabeth,Moore,maria.thomas@hotmail.com,555-6024,1997-06-01,5741 Madison St,Las Vegas,AZ,96413,58270,employed,2021-03-17,active
296,Andrew,Gonzalez,nicole.sanchez@email.com,555-1852,1960-01-06,6475 Main St,Chicago,AZ,71822,45301,employed,2023-11-28,active
297,Kevin,Johnson,mark.robinson@outlook.com,555-9536,1971-04-18,9888 Oak Ave,Philadelphia,OK,67536,27266,employed,2020-08-07,active
298,Michael,Sanchez,kevin.taylor@email.com,555-4795,2000-10-13,2876 Oak Ave,Jacksonville,OH,95854,86978,employed,2020-07-17,inactive
299,Anthony,Perez,helen.gonzalez@email.com,555-4281,1992-01-16,351 Pine Rd,Chicago,IN,83284,29041,unemployed,2023-10-23,active
300,Richard,Anderson,helen.jackson@gmail.com,555-5277,1961-04-18,6770 Elm St,Seattle,IL,75951,204060,employed,2022-03-11,active
301,Joshua,Clark,kenneth.rodriguez@outlook.com,555-7178,1996-02-12,8023 First St,Austin,TN,99337,36819,self_employed,2023-02-15,active
302,David,Gonzalez,charles.perez@yahoo.com,555-6172,1982-08-05,5885 Main St,Oklahoma City,NC,42539,130793,employed,2022-02-25,active
303,Amanda,Thomas,matthew.lopez@yahoo.com,555-5408,1961-12-28,3215 Monroe Dr,Las Vegas,FL,40783,81206,employed,2024-08-31,active
304,Jessica,Clark,frances.lopez@yahoo.com,555-2747,1956-05-07,1385 Monroe Dr,Washington,NY,80972,47510,employed,2020-10-11,active
305,Kenneth,Ramirez,michelle.thomas@yahoo.com,555-9374,1970-09-26,6618 First St,Denver,AZ,17097,50335,employed,2023-06-28,active
306,Anthony,Gonzalez,amanda.anderson@gmail.com,555-9490,1986-11-13,5271 Main St,New York,FL,59732,57719,employed,2023-10-19,active
307,Thomas,Davis,michelle.thomas@email.com,555-6621,1978-06-03,3113 Monroe Dr,Columbus,FL,64931,48509,employed,2024-06-21,active
308,Amanda,Jackson,james.jackson@yahoo.com,555-2636,1969-10-23,3963 Adams Ave,Fort Worth,FL,29116,53126,employed,2025-01-10,inactive
309,Carolyn,Jones,janet.moore@hotmail.com,555-8972,1972-07-05,4211 Oak Ave,Fort Worth,TX,31409,20319,employed,2020-11-16,active
310,Nicole,Rodriguez,elizabeth.lopez@email.com,555-5222,1976-06-19,424 Adams Ave,Houston,CO,99074,43155,employed,2023-12-09,active
311,Daniel,Lopez,matthew.perez@email.com,555-8987,1985-09-09,1384 Madison St,Washington,IN,70784,87643,employed,2024-01-31,inactive
312,Frances,Jackson,helen.ramirez@gmail.com,555-2296,1960-02-16,5729 First St,Austin,WA,95591,126055,employed,2022-03-05,active
313,Steven,Harris,elizabeth.white@email.com,555-9535,1985-12-28,6882 Cedar Ln,Philadelphia,NY,26389,82958,employed,2024-08-15,active
314,Helen,Brown,robert.williams@outlook.com,555-9985,1950-06-03,531 Madison St,San Francisco,IL,23622,42623,employed,2022-01-05,active
315,Jessica,White,daniel.anderson@yahoo.com,555-3150,1992-11-06,2895 Main St,Los Angeles,CO,52624,32774,employed,2025-05-21,active
316,Maria,Anderson,james.thompson@email.com,555-3900,1998-08-07,9890 Jackson St,Boston,MA,78610,212713,self_employed,2024-02-17,active
317,Charles,Sanchez,emily.anderson@hotmail.com,555-6992,1982-07-29,4356 Maple Dr,San Jose,NY,10012,51376,employed,2023-06-23,active
318,Joshua,Smith,carolyn.harris@outlook.com,555-5908,1946-05-31,7152 Washington St,Washington,OH,10946,126268,employed,2023-08-13,active
319,Jessica,Garcia,mark.clark@outlook.com,555-4614,1969-03-09,1397 Adams Ave,Boston,OH,77713,58368,employed,2024-10-29,active
320,Joshua,Sanchez,michelle.wilson@yahoo.com,555-2121,1961-12-16,2338 Washington St,Houston,TN,90967,78908,employed,2023-01-30,active
321,Jennifer,Johnson,joshua.smith@yahoo.com,555-2675,1970-11-26,4510 Maple Dr,Oklahoma City,TN,11075,76153,employed,2021-11-05,active
322,Stephanie,Sanchez,carolyn.lopez@outlook.com,555-1519,1975-03-22,1414 Maple Dr,Los Angeles,NC,61435,27116,employed,2020-12-10,active
323,John,Brown,jessica.gonzalez@outlook.com,555-5049,1948-08-07,3363 Jackson St,Las Vegas,TX,78306,48194,employed,2024-04-10,inactive
324,William,Lee,michael.white@email.com,555-9534,1956-07-20,4250 Monroe Dr,Boston,IN,36047,50227,self_employed,2022-07-25,active
325,Jessica,Lee,deborah.hernandez@gmail.com,555-3742,1970-05-13,9679 Elm St,Fort Worth,OH,11170,122136,unemployed,2020-10-11,active
326,Emily,Davis,william.thomas@gmail.com,555-6544,2001-09-04,1083 Oak Ave,Jacksonville,AZ,80300,89536,employed,2024-12-23,active
327,Anthony,Sanchez,steven.white@yahoo.com,555-1349,2007-06-06,6289 Jefferson Dr,Las Vegas,AZ,42859,50378,unemployed,2020-10-05,active
328,Carolyn,Miller,kenneth.garcia@email.com,555-6696,1974-08-19,7774 Second St,Washington,PA,19027,49657,employed,2023-07-09,active
329,Rachel,Smith,andrew.gonzalez@yahoo.com,555-1306,2001-03-11,6065 First St,Austin,IL,96283,48629,employed,2023-07-25,active
330,Jennifer,Martin,daniel.hernandez@outlook.com,555-6276,1955-07-03,1677 Pine Rd,Los Angeles,AZ,33414,56303,employed,2025-06-09,active
331,Kenneth,Lee,mark.perez@outlook.com,555-9615,2001-07-28,9771 Second St,Los Angeles,CO,38930,26278,employed,2023-12-09,active
332,Emily,Anderson,sarah.lopez@email.com,555-7814,1978-09-14,1055 Second St,San Francisco,CA,19225,26839,unemployed,2025-03-21,active
333,Charles,Moore,mark.miller@yahoo.com,555-9621,2004-07-10,4175 Cedar Ln,Seattle,MA,23829,132022,employed,2024-11-02,active
334,Deborah,Lewis,robert.garcia@yahoo.com,555-7579,1990-11-14,5629 Cedar Ln,Seattle,TN,56179,55031,employed,2022-04-23,active
335,Deborah,Clark,matthew.martin@yahoo.com,555-9939,1964-10-13,6245 Second St,Jacksonville,TN,68654,207180,employed,2022-10-08,active
336,Janet,Jones,stephanie.smith@hotmail.com,555-4635,1964-11-12,5259 Main St,Oklahoma City,NC,82569,29321,unemployed,2023-05-30,active
337,Rachel,Lopez,jennifer.jones@hotmail.com,555-7014,1997-10-27,4193 First St,Dallas,IN,22046,120069,employed,2023-09-28,active
338,Paul,Garcia,carolyn.clark@email.com,555-2562,1998-12-29,5021 Oak Ave,Las Vegas,DC,20286,117529,employed,2024-11-30,active
339,Deborah,Wilson,lisa.ramirez@yahoo.com,555-1187,2002-06-18,6366 Oak Ave,San Jose,NV,15397,81400,self_employed,2022-05-01,active
340,Jennifer,Johnson,helen.anderson@email.com,555-9269,1953-09-03,3738 Adams Ave,San Jose,DC,29400,36462,employed,2021-04-13,active
341,Thomas,Williams,helen.taylor@outlook.com,555-3136,1957-09-10,7979 Park Ave,Indianapolis,DC,95491,41615,employed,2023-09-30,active
342,David,Rodriguez,deborah.hernandez@email.com,555-2467,1955-09-09,6876 Adams Ave,Jacksonville,CO,34967,87178,employed,2022-05-04,active
343,Anthony,Martin,steven.martin@yahoo.com,555-8216,1949-08-14,3925 Park Ave,Nashville,CO,30446,79988,employed,2024-10-15,active
344,Frances,Robinson,jennifer.ramirez@hotmail.com,555-1225,1976-05-22,1923 Washington St,Charlotte,OK,12981,21787,employed,2022-05-27,active
345,Thomas,Moore,paul.martin@yahoo.com,555-1301,1979-05-19,9651 Oak Ave,Dallas,PA,17878,76678,employed,2022-02-18,active
346,John,Williams,mark.perez@hotmail.com,555-6901,1955-04-10,412 Washington St,Boston,DC,40299,78889,employed,2022-09-04,active
347,Kevin,Moore,emily.garcia@yahoo.com,555-9202,1986-09-06,9286 Main St,Los Angeles,OH,79391,80336,employed,2022-04-02,active
348,Anthony,Lopez,stephanie.davis@email.com,555-5519,1951-02-26,4321 Madison St,New York,NC,39567,45144,employed,2021-05-23,active
349,Mark,Taylor,frances.ramirez@yahoo.com,555-7837,1967-02-27,9486 Maple Dr,Columbus,IN,89346,44497,employed,2022-05-22,active
350,Richard,Ramirez,james.martinez@email.com,555-3215,1984-03-05,2478 Cedar Ln,Austin,IL,83051,24540,unemployed,2023-07-13,active
351,Jennifer,White,jane.harris@hotmail.com,555-7783,1982-06-27,5070 Jackson St,Las Vegas,NC,29917,30407,employed,2024-11-28,active
352,Frances,Martin,michelle.martin@email.com,555-4783,1999-02-04,3904 First St,Nashville,NY,57089,20858,unemployed,2020-12-26,active
353,Paul,Thompson,elizabeth.garcia@outlook.com,555-9051,1988-02-08,2353 Cedar Ln,San Antonio,OH,14224,56460,employed,2022-10-31,active
354,Charles,White,richard.harris@yahoo.com,555-2083,1961-06-24,7297 Monroe Dr,Oklahoma City,WA,69971,28842,self_employed,2025-07-08,active
355,Mark,White,matthew.gonzalez@email.com,555-9784,1992-09-17,730 Elm St,Charlotte,TN,15559,41370,employed,2025-06-18,inactive
356,Michael,Moore,mark.taylor@gmail.com,555-4110,1971-09-19,7301 Madison St,San Jose,IN,70469,82963,unemployed,2021-06-22,active
357,Jennifer,Anderson,steven.williams@email.com,555-2854,1961-09-20,9691 Maple Dr,Fort Worth,MA,52396,71787,employed,2023-01-26,active
358,Emily,Rodriguez,matthew.thompson@yahoo.com,555-3024,1953-10-10,1970 Jackson St,Boston,CO,21181,46616,self_employed,2023-06-24,active
359,William,Gonzalez,maria.gonzalez@gmail.com,555-3799,1975-08-31,9365 Maple Dr,Philadelphia,AZ,33444,86766,employed,2024-11-08,active
360,Steven,Martinez,amanda.brown@yahoo.com,555-4323,1945-11-28,4246 Main St,Charlotte,OK,75358,50142,employed,2023-08-04,active
361,Catherine,Perez,paul.anderson@outlook.com,555-8239,1952-09-18,9950 Main St,San Diego,NC,91233,86169,employed,2024-01-25,active
362,Sarah,Lee,anthony.johnson@yahoo.com,555-1531,2005-06-07,9571 Washington St,Austin,IL,16426,116602,employed,2021-02-25,active
363,Kevin,Jackson,maria.garcia@outlook.com,555-6901,1948-10-22,1625 Washington St,Austin,CO,59668,49318,employed,2025-02-20,active
364,Paul,Jones,lisa.thompson@hotmail.com,555-6393,1992-11-16,6879 Park Ave,Oklahoma City,FL,90223,58037,employed,2020-11-13,active
365,Paul,White,kevin.robinson@hotmail.com,555-7996,2000-03-19,5285 Second St,San Francisco,CO,27001,87332,unemployed,2023-12-27,active
366,Amanda,Lewis,frances.davis@hotmail.com,555-4171,1945-09-25,2036 Main St,Charlotte,TX,37175,86309,employed,2025-01-09,active
367,Maria,Sanchez,ashley.smith@yahoo.com,555-5614,1968-06-01,1211 Washington St,San Jose,NV,82088,41490,employed,2022-05-11,active
368,Kenneth,Martin,jane.clark@yahoo.com,555-4178,1975-03-31,5636 Monroe Dr,Indianapolis,CA,94626,30921,employed,2021-04-21,active
369,Rachel,Sanchez,donald.robinson@gmail.com,555-9537,1972-06-12,9356 Lincoln Ave,Seattle,NY,37297,87595,self_employed,2023-10-12,active
370,Jennifer,Rodriguez,jane.hernandez@outlook.com,555-9753,1960-06-25,9454 Madison St,Philadelphia,TX,50407,81586,employed,2024-06-30,active
371,Carolyn,Lewis,jessica.lopez@outlook.com,555-5958,1964-12-25,8703 Washington St,Philadelphia,TX,59049,78896,employed,2024-12-10,active
372,Jane,Sanchez,paul.lewis@email.com,555-3524,1962-08-28,5672 Monroe Dr,Las Vegas,NV,50679,43034,employed,2024-11-21,active
374,Michael,Brown,janet.harris@hotmail.com,555-1368,1997-05-29,5214 Park Ave,Austin,FL,35237,125921,employed,2022-02-23,active
375,Michelle,Jones,william.rodriguez@gmail.com,555-1249,2001-06-24,9268 Elm St,San Antonio,CO,82006,54454,employed,2022-04-30,active
376,William,Williams,stephanie.martin@hotmail.com,555-9856,1985-05-24,931 Maple Dr,New York,OK,98538,124282,employed,2020-10-28,active
377,Kevin,Lewis,catherine.lee@outlook.com,555-6826,1973-08-16,5544 Park Ave,Oklahoma City,IL,71039,33974,employed,2023-09-22,active
378,Stephanie,Perez,rachel.thomas@yahoo.com,555-4666,1958-06-27,4327 Jefferson Dr,Fort Worth,PA,97186,130344,employed,2022-05-24,active
379,David,Thomas,lisa.lopez@outlook.com,555-8556,1960-11-30,4724 Jefferson Dr,Washington,AZ,76577,129853,employed,2021-02-12,active
380,David,Sanchez,stephanie.moore@outlook.com,555-7566,1998-07-28,6873 First St,Washington,OH,81820,73505,employed,2021-06-07,inactive
381,Catherine,Wilson,deborah.jackson@hotmail.com,555-9921,1966-10-12,2935 Pine Rd,Las Vegas,OK,24984,51164,employed,2023-11-11,active
382,Amanda,Martinez,helen.williams@email.com,555-2781,2007-02-03,9871 Madison St,Austin,OK,94540,43199,employed,2024-03-30,active
383,John,Harris,jennifer.perez@yahoo.com,555-8421,1993-04-03,4875 Madison St,Washington,TN,35646,44552,self_employed,2021-09-11,active
384,Stephanie,Robinson,deborah.thompson@hotmail.com,555-2462,1997-11-14,233 Madison St,Phoenix,IN,18180,58686,employed,2022-08-12,active
385,Anthony,Brown,daniel.ramirez@gmail.com,555-4854,1984-04-28,9769 Madison St,Boston,WA,60173,195027,employed,2022-10-26,active
386,Richard,Moore,mark.clark@hotmail.com,555-7835,1959-06-08,4826 Maple Dr,Phoenix,NY,19403,75682,employed,2024-03-05,active
387,James,Williams,james.lee@outlook.com,555-8471,1999-10-26,7074 Cedar Ln,Charlotte,NV,65590,85948,employed,2023-08-21,active
388,Kevin,Smith,kenneth.thomas@yahoo.com,555-9220,1969-09-30,6831 Jefferson Dr,Los Angeles,CA,84468,47397,employed,2023-04-02,active
389,Emily,Jones,janet.ramirez@hotmail.com,555-8617,1991-12-21,1381 Pine Rd,San Diego,OK,92662,35778,self_employed,2024-09-12,active
390,Stephanie,Martin,sarah.lewis@hotmail.com,555-9765,1946-07-24,7781 Jackson St,San Francisco,OK,85230,87668,employed,2024-08-27,active
391,Michael,Thompson,kevin.white@hotmail.com,555-5267,1951-02-07,7852 Cedar Ln,Denver,CA,96025,49654,employed,2022-03-06,active
392,James,Taylor,david.ramirez@hotmail.com,555-5129,1957-06-26,4703 Second St,Dallas,NY,24621,79398,employed,2023-12-05,active
393,Elizabeth,Sanchez,amanda.rodriguez@yahoo.com,555-8944,1961-10-24,8740 Oak Ave,Austin,IL,29014,74952,employed,2023-11-18,active
394,Donald,Harris,mark.davis@outlook.com,555-3740,1964-07-05,9565 Jefferson Dr,Los Angeles,NC,25203,56251,employed,2020-11-01,active
396,Joshua,Lee,anthony.ramirez@outlook.com,555-5466,1975-08-24,4529 Second St,Houston,NC,95766,196344,employed,2023-10-26,active
397,Catherine,Harris,richard.taylor@hotmail.com,555-3947,1973-09-12,9072 Main St,Nashville,NY,18906,77923,employed,2020-08-10,active
398,Daniel,Rodriguez,richard.johnson@gmail.com,555-2506,1950-09-11,9834 Park Ave,Washington,TX,25725,84612,employed,2021-01-09,active
399,Amanda,Lewis,lisa.thompson@yahoo.com,555-5150,1972-01-08,7750 Pine Rd,Boston,TN,46226,38548,employed,2024-11-08,active
400,David,Rodriguez,sarah.gonzalez@outlook.com,555-6450,1950-12-25,4330 Second St,Philadelphia,TN,19096,125597,employed,2023-04-20,inactive
401,Carolyn,Brown,jennifer.moore@outlook.com,555-4578,2000-09-03,1840 Jackson St,Oklahoma City,NC,23538,52865,employed,2020-09-26,active
402,Jane,Lewis,carolyn.jones@gmail.com,555-1619,2005-03-20,6497 Second St,Phoenix,WA,61292,78211,employed,2023-10-06,active
403,Helen,Ramirez,david.moore@yahoo.com,555-1054,1980-01-30,7998 Elm St,Denver,CO,53704,86078,employed,2024-05-13,active
404,Nicole,Williams,rachel.harris@hotmail.com,555-4327,1961-06-09,9184 Oak Ave,Fort Worth,FL,49173,22970,employed,2024-06-11,active
405,Steven,White,richard.jones@gmail.com,555-4163,1947-11-14,9814 First St,Indianapolis,DC,18256,31772,employed,2024-12-26,active
406,Steven,Smith,michael.hernandez@gmail.com,555-6533,1949-06-07,6743 Elm St,San Antonio,NV,70079,57496,self_employed,2024-05-05,active
407,David,Johnson,jennifer.thomas@gmail.com,555-8720,2001-01-25,850 First St,Oklahoma City,AZ,11882,88984,employed,2021-07-04,active
408,William,Clark,catherine.williams@gmail.com,555-2870,1990-03-12,9848 First St,Chicago,FL,65864,118188,employed,2022-06-07,active
409,Kenneth,Moore,james.hernandez@yahoo.com,555-1746,1998-10-20,2941 Lincoln Ave,Chicago,TX,45899,208173,employed,2021-05-02,active
410,Steven,Davis,catherine.johnson@yahoo.com,555-2637,2002-04-23,6262 Cedar Ln,New York,OK,20580,52121,employed,2020-07-30,active
411,Donald,Thompson,paul.thompson@yahoo.com,555-4377,1958-06-06,4539 Jackson St,Columbus,OH,32878,134455,self_employed,2023-12-19,active
412,Emily,Lee,stephanie.lopez@outlook.com,555-1074,1995-08-18,3960 Park Ave,Houston,NV,22541,86380,employed,2024-01-05,active
413,Rachel,Harris,ashley.rodriguez@gmail.com,555-4173,1955-09-14,2544 Monroe Dr,Indianapolis,PA,30940,87685,employed,2024-04-19,active
414,Deborah,Rodriguez,nicole.martin@outlook.com,555-1709,1954-12-17,959 Cedar Ln,Philadelphia,NY,73577,31933,employed,2023-06-06,active
415,Matthew,Wilson,richard.white@hotmail.com,555-4769,1955-06-22,5443 First St,Houston,OH,64079,129575,employed,2025-06-02,active
416,Carolyn,Johnson,deborah.jones@yahoo.com,555-8454,1961-07-26,6446 Jefferson Dr,Phoenix,TN,35448,117409,employed,2024-02-01,active
417,Kenneth,Johnson,michelle.jones@gmail.com,555-8627,1986-09-25,6952 Cedar Ln,Austin,OH,48687,51006,employed,2023-12-05,active
418,Maria,Ramirez,charles.williams@outlook.com,555-9548,1989-06-25,3646 Monroe Dr,Charlotte,NC,11901,75568,employed,2024-08-20,active
419,Catherine,Davis,catherine.jones@email.com,555-1083,1983-01-27,824 Oak Ave,Indianapolis,NV,14406,123120,employed,2022-12-05,active
420,Jessica,Williams,maria.harris@gmail.com,555-7662,1965-02-24,2274 Jefferson Dr,San Jose,OH,94887,43211,employed,2021-01-18,active
421,Kenneth,White,catherine.smith@outlook.com,555-8598,1958-01-11,6741 Cedar Ln,Jacksonville,TN,93021,75301,employed,2020-07-19,active
422,Daniel,Wilson,michelle.thompson@email.com,555-9887,1997-03-14,3493 Pine Rd,Washington,WA,17184,30908,employed,2023-06-06,active
423,Elizabeth,Anderson,frances.johnson@hotmail.com,555-7003,1961-04-26,9255 Pine Rd,Seattle,FL,28141,71689,employed,2022-06-02,active
424,Catherine,Ramirez,ashley.harris@yahoo.com,555-6250,1977-03-27,4480 Adams Ave,Dallas,CA,18305,35679,employed,2022-08-19,active
425,Paul,Thompson,joshua.perez@email.com,555-5788,1986-02-21,6131 Pine Rd,San Antonio,TN,21443,57258,employed,2020-12-28,active
426,Michelle,Brown,jennifer.thomas@yahoo.com,555-4346,1992-04-21,471 Washington St,Columbus,AZ,72115,42521,employed,2022-06-27,active
427,David,Smith,charles.clark@email.com,555-6503,1982-07-12,9581 Lincoln Ave,Boston,WA,73720,70703,employed,2023-11-14,active
428,Stephanie,Jackson,james.lewis@hotmail.com,555-3813,1968-12-01,3815 Monroe Dr,Jacksonville,IN,16202,87972,employed,2021-05-16,active
429,William,Thompson,joshua.martinez@yahoo.com,555-3873,2005-05-17,2614 Cedar Ln,San Diego,TX,15393,45451,employed,2022-04-26,active
430,Maria,Thompson,michael.perez@hotmail.com,555-6633,1958-11-12,6209 Jackson St,Seattle,PA,79945,52113,employed,2022-03-26,active
431,Rachel,Robinson,matthew.jones@gmail.com,555-9948,1991-02-11,5527 Washington St,Indianapolis,IN,85199,36364,employed,2024-04-12,active
432,Lisa,White,paul.lewis@gmail.com,555-3284,2006-06-02,9126 Elm St,San Jose,NY,62642,84486,employed,2024-01-02,active
433,Kevin,Lee,richard.jackson@email.com,555-4639,1970-07-12,3306 Main St,Chicago,TN,98744,43030,employed,2024-04-22,inactive
434,Matthew,Martin,kevin.taylor@gmail.com,555-6915,1981-04-05,2523 Adams Ave,Jacksonville,DC,58867,207924,employed,2020-08-10,active
435,Emily,Miller,steven.white@outlook.com,555-8249,1971-06-27,2783 Adams Ave,Las Vegas,MA,28293,54600,self_employed,2025-03-24,active
436,Janet,Hernandez,david.robinson@email.com,555-7156,1953-07-12,208 Adams Ave,Boston,NC,64331,26808,employed,2021-07-10,active
437,Mark,Martinez,maria.thomas@gmail.com,555-5947,1998-02-04,5079 Monroe Dr,Seattle,TN,39428,74486,employed,2020-09-09,active
438,Paul,Brown,daniel.wilson@yahoo.com,555-9059,2007-04-21,4109 Main St,Houston,NC,74625,49835,self_employed,2020-11-30,active
439,Thomas,Lee,paul.thompson@gmail.com,555-7114,1991-07-29,9525 Main St,Dallas,PA,86238,55744,employed,2020-11-13,active
440,Sarah,Rodriguez,elizabeth.wilson@hotmail.com,555-1798,1971-08-07,4878 Pine Rd,San Francisco,FL,92317,44439,employed,2021-07-27,active
441,Matthew,Clark,stephanie.rodriguez@hotmail.com,555-2570,1993-07-15,9603 Jefferson Dr,Phoenix,NY,27950,75476,employed,2023-06-13,active
442,William,Brown,ashley.jones@email.com,555-4622,1962-07-01,9253 Elm St,Columbus,TN,20013,83500,employed,2021-03-12,active
443,Elizabeth,Jones,steven.lewis@email.com,555-9570,1976-04-12,2921 Washington St,New York,TX,39144,130712,employed,2021-04-06,active
444,Ashley,Jones,emily.wilson@gmail.com,555-2273,1947-04-13,8034 Adams Ave,Los Angeles,FL,24131,27424,employed,2020-09-22,active
445,Thomas,Johnson,david.martinez@gmail.com,555-2581,1956-09-12,9959 Park Ave,Denver,FL,34219,71942,employed,2024-04-20,active
446,Anthony,Lopez,william.ramirez@email.com,555-4962,1990-11-21,9442 Pine Rd,Houston,NY,79315,29089,self_employed,2021-10-04,active
447,Joshua,Smith,robert.robinson@yahoo.com,555-9260,1988-03-07,6104 Cedar Ln,Charlotte,TX,33704,200628,self_employed,2025-03-22,active
448,Donald,Brown,matthew.brown@outlook.com,555-2807,1992-03-21,2326 Monroe Dr,Jacksonville,IN,83024,47021,employed,2024-08-03,active
449,Rachel,Martin,stephanie.perez@outlook.com,555-4700,1995-04-15,6772 Washington St,Columbus,FL,19123,43791,employed,2025-04-04,active
450,Carolyn,Perez,robert.gonzalez@outlook.com,555-9563,2004-09-03,1492 Elm St,Phoenix,DC,62510,127040,employed,2024-06-09,active
451,Richard,Hernandez,richard.martin@outlook.com,555-3011,1966-06-26,7058 Monroe Dr,Dallas,NC,94388,25528,employed,2022-10-14,active
452,Andrew,Rodriguez,jennifer.harris@outlook.com,555-2770,1956-07-21,4207 Monroe Dr,Indianapolis,OH,92361,83252,unemployed,2021-04-18,active
453,Jane,Garcia,mark.martin@hotmail.com,555-3502,1972-10-02,1678 Pine Rd,Nashville,NV,74512,72235,employed,2024-12-26,active
455,Maria,Perez,stephanie.lewis@yahoo.com,555-9052,1984-03-25,2303 Washington St,Oklahoma City,DC,73891,41179,employed,2024-10-28,active
457,Catherine,Johnson,james.clark@hotmail.com,555-6715,1997-12-25,540 Lincoln Ave,Fort Worth,TX,66118,205501,employed,2022-06-23,inactive
458,Jessica,Davis,stephanie.jackson@gmail.com,555-2073,1972-12-12,1975 Lincoln Ave,Philadelphia,NY,80571,41849,employed,2022-05-15,active
459,Donald,Rodriguez,jane.thompson@outlook.com,555-1364,1973-12-27,6288 Madison St,Austin,TX,74010,83843,employed,2021-02-06,active
460,Nicole,Garcia,frances.martinez@hotmail.com,555-8143,1963-09-11,8242 Pine Rd,Seattle,FL,47664,56276,employed,2022-01-11,active
461,Frances,White,emily.thompson@email.com,555-2552,1998-09-10,5618 Second St,Chicago,NV,72294,208173,self_employed,2022-12-08,active
462,Stephanie,Wilson,joshua.hernandez@yahoo.com,555-7788,1981-09-07,4216 Jackson St,Nashville,PA,12438,79890,employed,2024-01-23,active
464,Donald,Hernandez,david.lee@yahoo.com,555-7757,1969-07-16,4802 Cedar Ln,Dallas,OH,63197,79839,employed,2021-11-17,active
465,Stephanie,Anderson,carolyn.moore@outlook.com,555-7914,2003-08-19,706 Park Ave,Philadelphia,NC,27882,48047,employed,2020-09-14,active
466,Michael,White,carolyn.sanchez@gmail.com,555-1906,1953-02-14,5243 Washington St,Chicago,MA,57636,133045,employed,2024-04-22,active
468,Mark,Sanchez,jessica.robinson@outlook.com,555-4571,1958-07-15,1850 Cedar Ln,San Antonio,NC,67602,125790,employed,2022-10-31,active
469,Lisa,Hernandez,joshua.wilson@outlook.com,555-5036,1970-07-05,2474 Jefferson Dr,Indianapolis,CO,50392,86068,employed,2020-08-29,active
470,Sarah,Thompson,jessica.rodriguez@email.com,555-7302,1973-05-04,6045 Elm St,Seattle,OH,67986,116140,employed,2022-09-20,active
471,Jessica,Martinez,ashley.ramirez@yahoo.com,555-8190,2002-03-27,5296 Adams Ave,Los Angeles,NC,20498,203373,employed,2025-02-26,active
472,Nicole,Thompson,deborah.lewis@gmail.com,555-3627,1969-01-02,8395 Pine Rd,Jacksonville,MA,88920,53531,self_employed,2024-08-18,active
475,Amanda,Gonzalez,mark.clark@email.com,555-4677,1947-06-15,476 First St,Chicago,TN,35987,42765,employed,2022-01-04,active
476,Kevin,Rodriguez,jennifer.williams@hotmail.com,555-3787,1996-06-25,2022 Main St,Oklahoma City,NV,67037,53141,employed,2024-11-16,active
477,Ashley,Miller,michelle.martinez@outlook.com,555-7259,1957-04-10,7166 Park Ave,Washington,FL,47089,56192,employed,2024-08-13,active
478,Jane,Martinez,thomas.davis@email.com,555-8388,1967-11-14,6156 Jackson St,Chicago,NY,71457,53386,employed,2021-04-15,active
479,Mark,Thompson,deborah.white@email.com,555-5198,1952-02-23,1661 Oak Ave,Los Angeles,WA,40781,208027,employed,2023-03-08,active
480,Michael,Smith,thomas.taylor@email.com,555-7241,1972-09-24,6566 Jefferson Dr,Phoenix,CA,86085,214602,employed,2021-07-19,active
481,James,Williams,matthew.thompson@email.com,555-8093,1958-04-25,4366 Elm St,Austin,CA,26760,81114,self_employed,2023-05-05,active
482,Daniel,Lewis,thomas.martin@hotmail.com,555-9470,1973-09-03,7239 Cedar Ln,Austin,OK,29826,126815,self_employed,2023-08-29,active
483,Jennifer,Johnson,charles.garcia@gmail.com,555-8704,1968-12-09,2779 Jackson St,Columbus,TX,74868,84417,employed,2020-10-08,active
484,Carolyn,Brown,jennifer.brown@hotmail.com,555-2533,1963-11-14,4754 Cedar Ln,Philadelphia,NV,45755,213378,employed,2023-09-13,active
485,John,Taylor,kenneth.garcia@outlook.com,555-2258,1967-09-05,8261 Elm St,Austin,NY,47261,89121,unemployed,2024-05-12,inactive
487,Kenneth,Jones,ashley.ramirez@gmail.com,555-5635,1974-08-02,1009 Pine Rd,Seattle,DC,22130,209847,employed,2022-10-11,active
488,Ashley,Garcia,mark.harris@outlook.com,555-5668,2003-08-27,2625 Elm St,San Jose,OK,66670,53071,employed,2024-09-01,active
489,Robert,Clark,elizabeth.taylor@yahoo.com,555-9021,1985-07-22,6458 Monroe Dr,Dallas,MA,21825,59775,employed,2024-10-13,active
490,Deborah,Williams,michael.taylor@hotmail.com,555-8594,2006-04-12,3773 Maple Dr,Indianapolis,NV,92517,46106,employed,2024-03-03,active
492,Robert,Anderson,kenneth.clark@hotmail.com,555-6823,1968-06-16,9693 Pine Rd,San Francisco,NY,24933,86733,employed,2024-09-10,active
493,Michael,Williams,donald.lewis@hotmail.com,555-6143,1998-04-10,7554 Jackson St,Washington,NC,54739,45970,employed,2025-06-05,active
494,Kevin,Rodriguez,robert.wilson@email.com,555-1293,1946-02-12,6570 Elm St,New York,PA,95957,42563,employed,2023-03-21,active
495,Stephanie,Martin,frances.lopez@outlook.com,555-5958,1953-06-15,2149 Maple Dr,New York,FL,24668,59722,employed,2025-02-12,active
496,Jennifer,Lee,jessica.wilson@email.com,555-4127,1953-04-26,5030 Jackson St,Phoenix,OK,65296,195878,employed,2020-08-30,active
497,Paul,Smith,steven.jackson@yahoo.com,555-4298,1972-01-17,9429 Madison St,Los Angeles,WA,11032,129590,self_employed,2021-02-12,active
498,Catherine,Martin,maria.martinez@gmail.com,555-8987,1981-06-13,8064 Monroe Dr,San Diego,CA,79246,83621,employed,2020-08-24,active
499,Donald,Lewis,paul.brown@outlook.com,555-6681,1985-10-24,7247 Main St,Philadelphia,IN,35192,42081,employed,2023-03-05,active
500,Nicole,Robinson,kevin.ramirez@outlook.com,555-3148,1971-11-30,6495 Adams Ave,Nashville,CO,71908,47199,employed,2025-01-09,inactive
501,Emily,Perez,paul.jones@yahoo.com,555-4268,1959-08-14,8163 Elm St,Columbus,OK,49800,46789,employed,2021-11-09,active
503,Michael,Harris,maria.rodriguez@yahoo.com,555-9444,1999-10-22,1806 Oak Ave,Charlotte,TN,24539,51151,employed,2021-02-18,active
504,Michael,Taylor,robert.garcia@gmail.com,555-4365,1978-01-14,2672 Washington St,Oklahoma City,TN,76308,73338,employed,2023-05-03,active
505,James,Brown,richard.anderson@outlook.com,555-1107,1967-08-08,7860 Lincoln Ave,San Jose,NV,32447,31918,employed,2021-01-07,active
506,Jessica,Jones,janet.wilson@yahoo.com,555-3260,1984-01-24,6873 Adams Ave,Charlotte,NV,99417,83599,employed,2022-07-27,active
507,Janet,Williams,emily.hernandez@hotmail.com,555-7580,1960-05-02,7211 Oak Ave,Fort Worth,CA,96530,40325,employed,2024-02-20,active
508,Donald,Gonzalez,maria.ramirez@hotmail.com,555-6139,1976-06-20,229 Second St,San Francisco,AZ,62944,87032,unemployed,2023-01-16,active
509,Helen,Harris,richard.lewis@hotmail.com,555-2380,1948-11-28,8905 Lincoln Ave,Fort Worth,AZ,78219,129488,employed,2023-07-29,active
510,Nicole,Harris,william.smith@gmail.com,555-9846,1998-10-01,4338 First St,San Jose,MA,76227,38080,employed,2021-02-28,active
511,Anthony,Brown,sarah.harris@gmail.com,555-8352,1972-04-28,9478 Main St,Charlotte,WA,40945,123511,employed,2025-01-21,active
512,Charles,Lopez,stephanie.martinez@email.com,555-3293,1979-06-23,8614 First St,Houston,WA,77692,87474,employed,2023-10-22,active
513,Deborah,Clark,donald.williams@gmail.com,555-2018,1983-09-17,2230 Monroe Dr,San Antonio,TN,20233,84886,employed,2022-08-12,active
514,Helen,Ramirez,thomas.jackson@outlook.com,555-7937,1985-01-27,8120 Adams Ave,Philadelphia,AZ,76294,58316,employed,2021-04-03,active
515,Lisa,Thompson,ashley.anderson@outlook.com,555-1534,1959-08-31,9259 Jefferson Dr,Houston,MA,24461,56816,self_employed,2021-03-21,active
516,Elizabeth,Martinez,elizabeth.martinez@hotmail.com,555-8961,1948-02-07,2440 Maple Dr,Denver,MA,16376,57130,employed,2022-04-02,active
517,Maria,Lopez,david.ramirez@gmail.com,555-7841,1988-10-05,9489 Washington St,Denver,TN,54279,56016,employed,2024-12-03,active
518,James,Taylor,rachel.harris@outlook.com,555-8357,1958-12-16,5428 Pine Rd,Washington,MA,60755,134847,employed,2021-11-05,active
519,Steven,White,michelle.lee@gmail.com,555-3713,1947-10-26,9471 Washington St,Seattle,TX,94399,41501,self_employed,2023-09-05,active
520,Sarah,Jackson,janet.miller@outlook.com,555-9235,1947-04-08,2070 Cedar Ln,New York,NC,36975,212754,employed,2021-12-01,active
522,Robert,Moore,william.martinez@yahoo.com,555-3992,1968-07-09,1568 Maple Dr,San Jose,MA,98946,48427,employed,2021-06-28,active
523,Sarah,Martinez,mark.brown@hotmail.com,555-3334,1982-08-18,5411 Second St,Fort Worth,TX,16799,200946,employed,2021-09-04,active
524,Andrew,Gonzalez,lisa.rodriguez@gmail.com,555-6215,1987-04-18,9162 Adams Ave,Chicago,OK,13788,77749,employed,2022-10-29,active
526,William,Sanchez,jessica.moore@outlook.com,555-8401,1949-05-05,116 Jackson St,Washington,IN,95597,207232,employed,2021-06-24,active
527,Thomas,Clark,mark.lopez@yahoo.com,555-9361,1970-10-31,845 Cedar Ln,Las Vegas,IL,49405,130800,employed,2021-01-16,active
528,Michelle,Lewis,deborah.miller@email.com,555-9270,1974-02-24,5713 Second St,Oklahoma City,TN,45784,24576,unemployed,2021-12-02,active
529,Kevin,Hernandez,jane.robinson@yahoo.com,555-1033,2000-03-17,7907 Main St,New York,PA,64154,46901,employed,2023-08-29,active
530,David,Moore,jane.lewis@outlook.com,555-3022,1977-04-05,6266 Jefferson Dr,Fort Worth,PA,11105,82870,employed,2021-03-29,active
531,Jane,Harris,michelle.perez@hotmail.com,555-4137,1953-08-31,5067 First St,San Diego,OK,57579,129567,employed,2020-09-30,active
532,Richard,Clark,helen.brown@hotmail.com,555-9197,1989-11-29,2893 Park Ave,Nashville,PA,18566,134858,employed,2023-11-03,active
533,Charles,Lewis,janet.white@hotmail.com,555-4143,2006-06-02,478 Second St,Nashville,TN,10256,28507,self_employed,2022-12-08,active
534,Matthew,Wilson,donald.rodriguez@gmail.com,555-9491,1987-06-15,8219 Jefferson Dr,San Francisco,CA,39431,116699,self_employed,2020-10-21,active
535,Helen,Miller,nicole.williams@email.com,555-1415,1965-11-01,7043 Pine Rd,San Diego,FL,31558,54708,employed,2022-05-22,active
536,Deborah,Sanchez,jane.jackson@hotmail.com,555-5102,1967-10-07,1866 Monroe Dr,San Diego,WA,17134,73169,employed,2025-02-23,active
537,Frances,Anderson,robert.lee@outlook.com,555-3045,1953-04-07,1094 Oak Ave,Fort Worth,WA,18523,72389,employed,2024-12-05,active
538,Frances,Lee,deborah.williams@gmail.com,555-1914,1995-10-07,955 Washington St,Fort Worth,DC,22560,129480,employed,2024-01-02,active
539,Frances,Smith,rachel.gonzalez@outlook.com,555-8014,2001-03-27,1759 Lincoln Ave,Boston,NY,69516,59646,employed,2023-06-11,active
540,David,Jackson,richard.lewis@email.com,555-3064,2002-10-10,8437 Second St,Jacksonville,MA,73097,43364,employed,2024-08-09,active
541,Sarah,Jones,stephanie.jackson@outlook.com,555-9407,2004-01-23,5961 Washington St,Denver,AZ,29321,44511,employed,2023-03-05,active
542,Janet,Jackson,jennifer.johnson@yahoo.com,555-9308,1995-10-14,994 Adams Ave,Jacksonville,FL,36263,52085,unemployed,2024-02-18,active
543,Paul,Thompson,rachel.martin@hotmail.com,555-6499,2000-11-12,5009 Adams Ave,Austin,PA,23742,81191,employed,2023-02-02,active
544,John,Lee,charles.thompson@yahoo.com,555-8643,2001-07-26,3592 First St,Indianapolis,WA,59271,131250,employed,2021-09-10,active
545,David,Lopez,jane.moore@gmail.com,555-3333,1971-08-30,7315 Park Ave,Boston,CO,15754,115220,employed,2020-09-15,active
546,Amanda,Hernandez,maria.davis@yahoo.com,555-4211,1947-07-10,2984 Second St,Houston,NY,98795,47174,self_employed,2021-04-24,active
547,Ashley,Martinez,rachel.davis@hotmail.com,555-7100,2004-11-19,2907 Adams Ave,Oklahoma City,IL,25531,73636,employed,2021-05-08,active
548,Mark,Thompson,elizabeth.hernandez@email.com,555-8037,2002-08-31,4106 Oak Ave,Washington,FL,80184,26214,employed,2022-03-11,active
549,Michelle,Ramirez,james.ramirez@email.com,555-9011,1964-05-13,1433 Monroe Dr,Nashville,IL,31945,41745,employed,2023-05-24,active
550,Janet,Anderson,amanda.hernandez@hotmail.com,555-9609,1988-12-13,8206 Monroe Dr,Dallas,DC,93637,131684,employed,2024-12-22,active
551,Steven,Ramirez,jessica.gonzalez@yahoo.com,555-6013,1983-09-22,6278 Cedar Ln,Jacksonville,NC,82161,27193,self_employed,2021-01-06,active
552,Charles,Jackson,michael.anderson@email.com,555-6511,1983-10-27,7491 Jackson St,Columbus,MA,58170,34565,employed,2025-01-19,active
553,Charles,Rodriguez,david.lopez@gmail.com,555-5825,1990-08-10,8501 Pine Rd,Dallas,OH,22898,40809,employed,2021-03-16,active
554,Nicole,Rodriguez,stephanie.white@hotmail.com,555-4123,1999-10-13,2358 Second St,New York,IN,46942,26563,employed,2025-02-25,active
555,John,Thomas,andrew.harris@yahoo.com,555-7512,1966-01-04,3817 Park Ave,Indianapolis,OH,77610,208295,self_employed,2023-11-01,active
556,Emily,Hernandez,richard.wilson@outlook.com,555-4433,1984-12-12,7472 Main St,Jacksonville,AZ,85695,85119,employed,2025-06-10,active
557,Anthony,Hernandez,charles.wilson@outlook.com,555-7608,2007-07-17,8908 Washington St,Austin,NY,84393,115317,employed,2024-12-11,active
558,Kevin,Robinson,kevin.jackson@outlook.com,555-7247,1963-11-30,6500 Pine Rd,Seattle,DC,34685,30821,employed,2023-03-16,active
559,Stephanie,Williams,william.brown@email.com,555-3910,1948-06-20,9985 Monroe Dr,New York,PA,36083,84795,employed,2020-12-06,active
561,Ashley,Jones,ashley.martinez@outlook.com,555-8778,1959-11-02,9991 Washington St,Denver,FL,75860,42253,employed,2024-07-23,active
562,Steven,Williams,helen.martin@yahoo.com,555-9615,1975-02-06,9426 Monroe Dr,Charlotte,TN,85514,40243,unemployed,2020-10-05,active
563,Stephanie,Gonzalez,frances.clark@yahoo.com,555-7800,1967-12-11,3042 Adams Ave,Charlotte,DC,96386,54952,employed,2021-07-27,active
564,William,Rodriguez,joshua.martinez@gmail.com,555-4559,1989-11-12,6838 Elm St,Jacksonville,IL,23791,21430,employed,2023-05-16,active
565,Ashley,Taylor,michael.anderson@gmail.com,555-2199,2002-11-28,7667 Madison St,Austin,DC,35480,54776,employed,2022-10-07,active
567,Daniel,Brown,joshua.white@outlook.com,555-3759,1952-07-21,283 Second St,Phoenix,TN,56935,134889,employed,2021-07-16,active
568,Sarah,Clark,janet.lee@gmail.com,555-7399,2007-07-12,5151 Jackson St,Los Angeles,NY,16378,37442,employed,2024-11-14,active
569,Jessica,Miller,emily.smith@outlook.com,555-1457,1946-11-25,5623 Park Ave,Nashville,IL,38910,48182,employed,2025-06-27,active
570,Michael,Wilson,andrew.brown@hotmail.com,555-6286,1996-01-07,3205 Park Ave,Seattle,DC,66083,120501,employed,2021-03-21,active
571,Helen,Lee,matthew.smith@outlook.com,555-4485,1986-10-02,3706 Pine Rd,Nashville,NC,95189,30596,employed,2024-01-15,active
573,Paul,Williams,nicole.smith@email.com,555-8354,1979-11-24,8472 First St,San Francisco,NY,40488,50419,unemployed,2020-08-29,active
574,Deborah,Harris,jessica.martin@gmail.com,555-1981,1957-12-07,6236 Monroe Dr,San Jose,FL,29879,125120,employed,2022-08-25,active
575,Steven,White,nicole.jones@hotmail.com,555-6202,2003-05-02,748 Adams Ave,Boston,IN,13105,39597,unemployed,2021-10-29,active
576,Sarah,Robinson,jessica.sanchez@yahoo.com,555-7250,1992-05-17,5369 Cedar Ln,Charlotte,NY,18469,47938,employed,2025-06-02,active
577,Jennifer,Miller,james.williams@yahoo.com,555-9992,1963-12-05,3971 Pine Rd,Columbus,TN,50824,196707,employed,2021-06-18,active
578,Stephanie,Martinez,kenneth.anderson@yahoo.com,555-5454,1988-10-05,1410 Jefferson Dr,Fort Worth,DC,31989,45781,employed,2023-03-08,active
579,Paul,Smith,mark.wilson@gmail.com,555-5918,1998-12-27,8901 Maple Dr,Seattle,PA,43723,84202,employed,2022-09-04,active
580,Paul,Williams,nicole.jones@outlook.com,555-4206,1959-06-23,3206 Main St,New York,NV,59054,52292,employed,2023-04-19,active
581,Elizabeth,Gonzalez,carolyn.martinez@email.com,555-2167,1982-04-08,736 Elm St,Fort Worth,PA,35457,52931,unemployed,2024-10-26,active
582,Carolyn,Lee,elizabeth.thompson@gmail.com,555-7313,1983-08-20,4143 First St,Indianapolis,CA,57371,51422,employed,2024-01-30,active
583,Rachel,Perez,jennifer.rodriguez@yahoo.com,555-3644,1946-09-13,2012 Pine Rd,Boston,DC,62122,24845,employed,2024-07-02,active
584,Deborah,Garcia,deborah.rodriguez@hotmail.com,555-9202,1993-06-05,6371 Washington St,Las Vegas,MA,21648,131991,self_employed,2021-02-25,active
585,Michelle,White,ashley.robinson@outlook.com,555-6047,1946-03-03,2859 Monroe Dr,New York,TX,19154,81285,employed,2024-11-17,active
586,William,Garcia,elizabeth.garcia@yahoo.com,555-4244,1989-03-27,3081 Elm St,Charlotte,FL,34331,79448,employed,2021-09-01,active
588,Robert,Smith,sarah.rodriguez@gmail.com,555-1685,1954-04-13,3558 Main St,Fort Worth,NV,44843,55898,employed,2023-04-08,active
590,Lisa,Ramirez,janet.rodriguez@yahoo.com,555-7036,1986-02-19,7885 Adams Ave,Nashville,FL,10410,44550,employed,2024-02-13,inactive
591,Michael,Sanchez,matthew.perez@outlook.com,555-4826,2000-01-11,8038 Madison St,Las Vegas,IL,55656,115544,employed,2022-12-10,active
592,Robert,White,mark.martinez@email.com,555-4196,1958-06-09,8620 Oak Ave,Phoenix,OK,21415,130601,unemployed,2022-03-26,active
593,Steven,Brown,paul.perez@email.com,555-4946,1967-06-05,3567 Cedar Ln,Nashville,IL,23824,210296,employed,2022-12-24,inactive
594,Michelle,Davis,thomas.perez@outlook.com,555-3016,2005-04-18,2324 Monroe Dr,Chicago,WA,39334,30698,self_employed,2023-10-09,active
595,Mark,Lee,maria.ramirez@outlook.com,555-4823,1965-08-25,4344 Elm St,San Jose,IL,24599,81246,employed,2021-01-15,active
596,Lisa,Jackson,elizabeth.jones@hotmail.com,555-7229,1997-05-08,127 Washington St,Los Angeles,FL,60875,76165,employed,2022-12-01,active
597,Kevin,Jackson,charles.brown@outlook.com,555-1150,1993-11-19,7646 Lincoln Ave,Phoenix,IN,38692,44138,employed,2023-05-06,active
598,Michael,Martin,matthew.martinez@email.com,555-3022,1970-02-15,9503 Monroe Dr,Boston,FL,74883,29286,employed,2022-03-05,active
599,Ashley,Ramirez,charles.thompson@gmail.com,555-3933,1989-04-30,6519 Washington St,Nashville,PA,12826,50916,employed,2023-08-13,active
600,Helen,Gonzalez,david.taylor@hotmail.com,555-5626,1963-02-04,9078 Madison St,Houston,AZ,52391,55513,unemployed,2024-10-04,active
602,Jennifer,Gonzalez,deborah.perez@yahoo.com,555-1922,1954-03-18,5925 Monroe Dr,Philadelphia,CA,25380,58863,employed,2023-06-07,active
603,Helen,Davis,michael.brown@yahoo.com,555-7498,1989-06-06,5059 Cedar Ln,Boston,DC,97914,74868,employed,2024-03-26,active
604,Steven,Lopez,john.brown@gmail.com,555-2353,1956-07-17,8115 First St,New York,OK,45877,52520,employed,2024-06-06,active
605,Deborah,Martinez,kenneth.jones@gmail.com,555-6328,1951-04-16,8906 Cedar Ln,Fort Worth,NY,61615,75934,employed,2023-08-29,active
606,Janet,Clark,catherine.moore@gmail.com,555-4399,2004-09-04,2022 Cedar Ln,Washington,PA,10697,87369,employed,2023-08-27,active
607,Ashley,Lee,william.williams@email.com,555-5206,1948-09-25,1486 Elm St,San Francisco,IN,57652,41282,employed,2023-08-05,active
609,Michael,Davis,michael.miller@yahoo.com,555-5910,1964-11-25,2298 Park Ave,Denver,CO,46358,73244,employed,2021-04-06,active
610,Mark,Lee,william.gonzalez@outlook.com,555-2364,1968-05-24,7068 Maple Dr,Seattle,FL,19248,58017,employed,2024-01-27,active
611,Kenneth,Perez,andrew.martin@yahoo.com,555-7876,1959-05-13,5283 Adams Ave,Fort Worth,NY,89116,201312,employed,2021-12-05,active
612,Donald,Williams,nicole.lee@gmail.com,555-6944,1975-07-07,4576 Maple Dr,San Diego,NC,11292,23604,unemployed,2021-02-02,active
614,Mark,Garcia,anthony.sanchez@email.com,555-7597,1988-05-16,9804 Maple Dr,Dallas,NY,77314,120595,employed,2024-07-16,active
615,Michelle,Johnson,elizabeth.thompson@yahoo.com,555-7852,1986-08-30,3099 Jackson St,Jacksonville,TN,75828,32412,employed,2022-02-24,active
616,Emily,Martinez,donald.harris@hotmail.com,555-2476,2002-07-14,1402 Pine Rd,Las Vegas,OH,22272,47496,employed,2021-06-20,active
617,Carolyn,Sanchez,john.wilson@email.com,555-3235,1988-08-16,8256 Elm St,Fort Worth,NY,90777,29366,unemployed,2021-08-10,active
618,Anthony,Davis,janet.perez@email.com,555-1693,2000-01-31,7450 Cedar Ln,Nashville,NV,39500,83925,employed,2021-07-10,active
619,Sarah,Wilson,carolyn.gonzalez@yahoo.com,555-7115,1955-10-02,5637 First St,Seattle,TX,48019,131832,employed,2022-03-21,active
620,Kenneth,Gonzalez,ashley.robinson@hotmail.com,555-9446,1948-10-08,7686 Monroe Dr,Los Angeles,CO,10772,40073,employed,2023-12-29,active
621,Amanda,Gonzalez,anthony.smith@gmail.com,555-8058,1989-09-26,3336 Pine Rd,San Francisco,NV,30147,43511,employed,2022-11-05,active
622,Thomas,Davis,paul.gonzalez@hotmail.com,555-5903,1978-04-17,7117 Cedar Ln,Seattle,NC,24246,45099,employed,2023-01-01,active
623,Deborah,Smith,anthony.lewis@yahoo.com,555-2813,1962-08-07,4767 Oak Ave,Phoenix,DC,65188,44583,employed,2024-09-17,active
624,Michelle,Brown,donald.thomas@email.com,555-9119,2006-10-03,2187 Lincoln Ave,Fort Worth,NV,60967,26520,self_employed,2021-04-12,active
625,Anthony,Taylor,john.harris@yahoo.com,555-1852,2006-06-12,5705 Adams Ave,Washington,NY,66928,20693,employed,2023-03-27,active
626,Jennifer,White,andrew.garcia@yahoo.com,555-5606,1955-11-29,4417 First St,Nashville,MA,36006,54055,employed,2023-03-14,active
627,Richard,Ramirez,catherine.lee@yahoo.com,555-4758,1956-05-26,2267 Madison St,Los Angeles,NC,35189,131460,employed,2021-05-12,active
628,Mark,Wilson,janet.martinez@yahoo.com,555-4633,1975-10-02,7080 Monroe Dr,Los Angeles,NV,65977,72979,self_employed,2024-02-25,active
630,Thomas,Thomas,elizabeth.hernandez@hotmail.com,555-2827,1954-04-14,323 Maple Dr,Austin,CO,57367,118301,employed,2024-09-15,active
631,Michelle,Miller,catherine.gonzalez@gmail.com,555-2742,1957-04-19,9960 Elm St,Los Angeles,FL,35287,82176,employed,2024-06-29,active
632,Stephanie,White,paul.harris@yahoo.com,555-9741,1959-05-19,817 Maple Dr,San Antonio,MA,82154,37910,employed,2024-07-13,active
633,Elizabeth,Anderson,lisa.robinson@outlook.com,555-2109,1988-11-28,6964 Main St,Philadelphia,NC,26899,133361,unemployed,2022-03-02,active
634,Helen,Thomas,joshua.ramirez@email.com,555-2228,1960-06-10,7272 Madison St,Seattle,DC,62540,76232,employed,2023-12-12,active
635,Catherine,Thompson,john.lewis@email.com,555-8461,1990-10-17,8702 Second St,San Jose,OH,48844,45242,employed,2024-07-06,active
636,Jessica,Martinez,michael.lee@yahoo.com,555-5550,1957-07-10,4530 Oak Ave,Boston,OH,37521,27337,employed,2023-07-16,active
639,Charles,White,deborah.lopez@yahoo.com,555-8848,1953-12-31,8225 Cedar Ln,Charlotte,PA,33083,82958,employed,2021-08-07,active
640,Jane,Martinez,william.lewis@yahoo.com,555-7458,2007-04-05,3177 Pine Rd,Phoenix,IL,65888,120911,employed,2021-12-01,active
641,Janet,Jones,john.martin@gmail.com,555-7191,1980-01-16,439 Elm St,New York,CA,27324,83189,employed,2021-12-07,active
642,John,Sanchez,robert.moore@hotmail.com,555-2392,1963-09-29,2381 Monroe Dr,Denver,TN,31383,59648,employed,2022-04-07,active
643,Michelle,Lee,joshua.brown@gmail.com,555-1729,1954-10-26,9023 Washington St,Houston,NV,64432,41830,employed,2021-05-03,active
644,Jennifer,Lopez,daniel.davis@outlook.com,555-2841,1989-09-18,2878 Elm St,San Diego,TX,46937,47427,employed,2022-07-18,active
645,Emily,Lewis,michael.martin@yahoo.com,555-3917,1984-01-18,8791 Lincoln Ave,Washington,PA,99054,51812,self_employed,2022-12-04,active
646,Daniel,Lopez,robert.rodriguez@outlook.com,555-7047,1969-05-27,1351 Main St,Phoenix,AZ,51976,79881,employed,2021-05-15,active
647,Lisa,Jackson,deborah.white@hotmail.com,555-3370,1953-09-15,5392 Maple Dr,Philadelphia,DC,56217,85677,employed,2022-05-01,active
649,Charles,Thompson,emily.davis@hotmail.com,555-1046,1963-10-31,381 Jefferson Dr,Seattle,OK,27510,58935,employed,2021-02-27,active
650,Jennifer,Clark,maria.robinson@outlook.com,555-4973,1964-07-01,3779 Oak Ave,Las Vegas,AZ,25366,44566,employed,2024-06-10,active
651,Deborah,Lopez,sarah.thompson@gmail.com,555-2208,1988-05-15,9830 Cedar Ln,New York,AZ,57873,40863,employed,2021-05-02,active
652,Donald,Jones,amanda.thomas@yahoo.com,555-9641,1972-06-18,7803 Adams Ave,Las Vegas,WA,68192,38650,employed,2024-12-03,active
653,Michael,Martin,amanda.taylor@yahoo.com,555-1178,1981-02-25,7040 Jackson St,Seattle,NC,84981,23645,employed,2023-05-10,active
654,Emily,Taylor,mark.jones@yahoo.com,555-7560,2001-02-16,1017 First St,Fort Worth,PA,83307,45138,employed,2023-12-08,active
655,Helen,Clark,mark.garcia@gmail.com,555-7086,2003-08-10,7050 Park Ave,Dallas,TX,23683,130349,employed,2020-12-23,active
657,Kenneth,Sanchez,paul.johnson@gmail.com,555-6154,1953-12-15,5156 Main St,Jacksonville,IN,62184,38681,employed,2023-05-07,active
658,Robert,Hernandez,donald.lewis@email.com,555-2654,1990-08-24,2560 Main St,Denver,DC,72515,81660,unemployed,2023-10-30,active
659,Rachel,Williams,emily.thompson@yahoo.com,555-4533,2006-09-24,2407 Cedar Ln,San Francisco,NV,89788,25282,employed,2024-03-12,active
660,Nicole,Martinez,elizabeth.martin@outlook.com,555-1655,2006-11-09,6450 First St,San Antonio,IL,29975,84663,employed,2023-09-21,active
661,Stephanie,Moore,emily.thomas@gmail.com,555-8451,1973-09-26,2880 Washington St,Philadelphia,IL,46715,40489,employed,2023-10-10,active
662,Rachel,Rodriguez,paul.rodriguez@outlook.com,555-3301,1956-09-18,9418 Monroe Dr,Los Angeles,CO,47568,25871,unemployed,2022-10-16,active
663,Andrew,Ramirez,frances.hernandez@hotmail.com,555-2367,2006-10-18,6869 Jackson St,Dallas,CA,91345,74226,employed,2024-02-25,active
664,Robert,Martinez,mark.garcia@email.com,555-7541,1952-02-21,3754 Madison St,Charlotte,IL,55735,88376,employed,2023-02-26,active
665,Amanda,White,robert.robinson@outlook.com,555-8096,1963-06-28,6678 Lincoln Ave,Chicago,WA,54882,85232,employed,2023-12-06,active
666,Rachel,Johnson,joshua.jones@outlook.com,555-3384,2003-01-11,3597 Lincoln Ave,Denver,CA,88784,85604,employed,2024-11-18,active
667,Paul,Miller,sarah.miller@gmail.com,555-7929,1969-10-20,4229 Cedar Ln,Chicago,AZ,19077,126845,employed,2022-01-28,active
668,Janet,Miller,thomas.garcia@gmail.com,555-2514,1984-01-15,5703 Washington St,Philadelphia,FL,55780,54792,self_employed,2022-11-22,active
669,Deborah,Lopez,kenneth.gonzalez@gmail.com,555-4253,1952-07-28,9577 Maple Dr,Austin,WA,11859,75265,self_employed,2021-05-21,active
670,Lisa,Sanchez,donald.rodriguez@email.com,555-1060,1986-01-05,2159 Jackson St,Boston,TX,14782,131365,self_employed,2021-10-07,active
671,Kevin,Gonzalez,ashley.lopez@yahoo.com,555-4131,2006-07-26,9550 Main St,Jacksonville,CO,12122,57894,employed,2022-03-27,active
672,Rachel,Wilson,donald.lopez@hotmail.com,555-9887,1983-10-19,8671 Lincoln Ave,Houston,PA,70138,74087,employed,2022-12-11,active
673,Mark,Martinez,deborah.lee@hotmail.com,555-2625,1953-06-15,1800 Pine Rd,Boston,NY,90774,75329,employed,2022-11-06,active
674,Steven,Taylor,catherine.sanchez@gmail.com,555-5749,1983-05-01,3571 First St,Charlotte,DC,25007,87849,employed,2021-08-21,active
675,Rachel,Wilson,helen.smith@hotmail.com,555-4668,1991-02-16,4746 Second St,Nashville,NC,50291,206488,self_employed,2025-03-30,active
676,Donald,Johnson,john.smith@yahoo.com,555-7134,1992-02-25,9929 Lincoln Ave,Austin,PA,84997,122915,employed,2022-12-14,active
677,Helen,Clark,sarah.sanchez@email.com,555-8030,1957-02-25,6496 Cedar Ln,Fort Worth,WA,77800,201313,employed,2021-06-06,active
678,Kenneth,Sanchez,helen.clark@hotmail.com,555-3605,1974-07-08,3438 Pine Rd,Chicago,NY,67333,24139,unemployed,2020-08-09,active
679,Joshua,Robinson,emily.jackson@outlook.com,555-1414,1957-04-21,7533 Jefferson Dr,Philadelphia,OH,95527,70911,employed,2021-10-14,active
681,Amanda,Williams,david.thomas@hotmail.com,555-4407,1980-08-26,1749 Monroe Dr,New York,MA,19643,24647,employed,2023-04-09,inactive
683,William,Taylor,thomas.robinson@gmail.com,555-4159,1999-12-21,584 Main St,San Francisco,NV,29968,59660,employed,2021-10-02,active
684,James,Davis,emily.white@yahoo.com,555-5384,1970-02-22,7990 Park Ave,Chicago,CO,82285,27109,employed,2024-03-13,active
685,Helen,Robinson,richard.rodriguez@yahoo.com,555-4242,2007-03-26,4705 Madison St,Houston,IN,31712,86246,employed,2024-12-29,active
686,Deborah,Martin,michelle.clark@hotmail.com,555-2762,2000-01-28,6375 Adams Ave,San Antonio,CO,59015,84203,self_employed,2024-02-02,active
687,Thomas,Jackson,donald.martinez@email.com,555-9691,1977-03-12,6625 Main St,Houston,PA,52294,41106,self_employed,2022-12-13,active
688,Elizabeth,Lopez,jennifer.harris@hotmail.com,555-3003,1946-06-16,5319 Main St,Oklahoma City,WA,38019,42380,employed,2023-02-25,active
689,Mark,Martinez,kevin.miller@email.com,555-4562,1954-10-29,9290 Second St,Oklahoma City,IL,85228,47623,employed,2024-03-01,active
690,Richard,Miller,sarah.sanchez@outlook.com,555-9169,1949-10-16,4596 Adams Ave,Houston,TX,69347,80413,employed,2021-07-02,active
691,Daniel,Smith,kenneth.smith@outlook.com,555-5659,1957-05-08,6699 Oak Ave,Seattle,NV,15127,77747,employed,2022-06-07,active
693,Frances,Brown,jane.davis@gmail.com,555-1170,1958-01-15,1822 Lincoln Ave,Oklahoma City,MA,39667,43978,employed,2021-06-30,active
695,Catherine,Anderson,lisa.jones@hotmail.com,555-3424,1997-12-30,6871 Jackson St,Nashville,TX,78388,45581,self_employed,2023-07-02,active
696,Matthew,Harris,paul.davis@gmail.com,555-5322,1972-03-03,1456 Jefferson Dr,Seattle,OH,96439,56059,unemployed,2024-03-03,active
698,Stephanie,Thompson,rachel.lee@yahoo.com,555-9265,1955-01-27,2230 First St,Jacksonville,DC,69301,80268,employed,2025-05-29,active
699,Michelle,Wilson,william.perez@hotmail.com,555-2672,1958-10-22,7652 Elm St,Las Vegas,TX,41531,53113,employed,2020-08-19,active
700,Janet,Anderson,anthony.rodriguez@gmail.com,555-2377,1977-05-22,7169 Park Ave,Phoenix,DC,75823,40936,employed,2022-12-16,active
701,Sarah,Lee,mark.white@outlook.com,555-4177,1971-12-20,3203 Madison St,Philadelphia,NC,79410,28932,employed,2023-12-13,active
702,Lisa,Davis,lisa.johnson@gmail.com,555-5361,1967-01-05,1178 Elm St,Dallas,OH,91293,41634,employed,2024-06-18,active
703,Michelle,Thomas,ashley.garcia@yahoo.com,555-6695,2002-09-24,4818 Washington St,Las Vegas,NY,22352,43319,employed,2021-07-31,active
704,Jessica,Garcia,matthew.perez@gmail.com,555-3730,1962-05-26,5542 Jackson St,Phoenix,NY,97298,85622,employed,2023-03-15,active
705,William,Perez,john.martin@hotmail.com,555-8763,1997-11-28,116 Monroe Dr,San Diego,OK,24337,28645,self_employed,2020-10-17,active
706,Janet,Taylor,william.harris@yahoo.com,555-2538,1954-07-25,5090 Lincoln Ave,Charlotte,OK,55977,79524,employed,2023-08-08,active
707,Anthony,Martinez,nicole.lewis@email.com,555-8935,1955-09-16,4522 Main St,Phoenix,MA,38869,51937,employed,2024-03-28,inactive
708,Deborah,Lopez,ashley.white@gmail.com,555-4175,1979-06-27,1868 Second St,Boston,TN,79062,41012,employed,2021-07-10,active
709,Donald,Rodriguez,stephanie.miller@gmail.com,555-9520,1976-05-22,2114 Adams Ave,Charlotte,CO,47802,80852,employed,2021-02-27,inactive
710,Jennifer,Taylor,daniel.martin@email.com,555-3664,1972-10-31,8076 Washington St,Chicago,IN,12043,44821,employed,2023-02-01,active
711,Carolyn,Martinez,john.wilson@hotmail.com,555-1010,1950-01-26,4219 Maple Dr,Jacksonville,IN,75797,59433,employed,2024-04-09,inactive
712,Jennifer,White,richard.wilson@email.com,555-2322,1971-09-07,3685 Oak Ave,Indianapolis,CO,42601,72818,employed,2025-02-03,active
713,Robert,Lewis,thomas.robinson@hotmail.com,555-6091,1961-02-20,9339 Adams Ave,Nashville,WA,85781,53078,self_employed,2021-04-28,active
714,Richard,Martinez,stephanie.williams@hotmail.com,555-8555,1994-07-24,3104 Madison St,Columbus,TX,28167,44446,employed,2023-06-30,active
715,Deborah,Anderson,donald.wilson@outlook.com,555-1453,1995-09-26,532 Adams Ave,Chicago,AZ,90636,51716,employed,2022-03-28,active
716,Joshua,Lewis,kenneth.lewis@hotmail.com,555-1877,1980-10-26,2163 Madison St,Nashville,NY,70661,82226,employed,2025-01-25,active
717,Michelle,Clark,robert.hernandez@email.com,555-2595,1971-08-30,9364 Monroe Dr,Oklahoma City,WA,17977,71780,employed,2021-03-22,active
718,Janet,Jones,maria.white@outlook.com,555-3234,1965-08-25,2635 Washington St,Boston,IN,10845,71737,employed,2025-01-21,active
719,Jennifer,Martin,lisa.taylor@gmail.com,555-5050,1963-12-03,1797 Monroe Dr,New York,NV,68171,73758,employed,2022-09-25,active
720,Amanda,Clark,jessica.clark@email.com,555-5264,2000-07-25,7294 Elm St,Columbus,AZ,93387,33256,employed,2020-08-30,active
721,Joshua,Miller,paul.thomas@hotmail.com,555-5742,2005-06-24,1738 Monroe Dr,Jacksonville,NC,61273,122886,employed,2022-09-15,active
722,Jennifer,Smith,daniel.anderson@gmail.com,555-7380,1946-08-01,9611 Washington St,Los Angeles,TN,15587,33660,employed,2022-07-13,inactive
723,William,Lopez,andrew.ramirez@email.com,555-4453,1976-11-20,8702 Madison St,San Francisco,IL,32871,55019,employed,2024-03-21,active
724,James,Rodriguez,stephanie.robinson@outlook.com,555-2117,2003-06-21,8025 Madison St,Indianapolis,PA,85502,88453,employed,2024-07-07,active
725,Matthew,Jackson,catherine.lopez@email.com,555-7615,1951-08-28,836 Main St,Las Vegas,PA,40369,87217,employed,2021-01-30,active
726,Charles,Harris,jessica.brown@yahoo.com,555-7292,1983-04-12,1154 Oak Ave,Washington,NC,25004,55611,employed,2020-10-01,active
727,Jane,Robinson,amanda.hernandez@gmail.com,555-8364,1979-06-22,2282 Park Ave,San Antonio,NC,74369,32265,employed,2022-12-30,active
728,Janet,Sanchez,richard.williams@email.com,555-1397,2002-01-12,1676 Park Ave,Los Angeles,AZ,10686,45311,employed,2022-07-23,active
729,Janet,Thomas,richard.clark@yahoo.com,555-8761,1990-07-11,5868 Jefferson Dr,Washington,AZ,18802,72358,employed,2023-01-01,active
730,James,Sanchez,janet.martinez@gmail.com,555-2932,1990-05-02,3877 Oak Ave,Washington,WA,12954,42322,employed,2021-10-18,active
731,Anthony,Williams,william.martinez@gmail.com,555-9755,1997-03-18,4055 Washington St,Fort Worth,CA,81557,48237,employed,2024-06-14,active
732,Michael,Hernandez,donald.rodriguez@yahoo.com,555-6481,1950-12-03,2382 Park Ave,Seattle,WA,96944,78619,employed,2025-06-19,active
733,Michael,Lopez,david.wilson@email.com,555-2320,1995-01-24,7944 Maple Dr,Dallas,CA,23639,58476,self_employed,2020-09-27,active
734,Stephanie,Sanchez,charles.smith@gmail.com,555-1431,1963-03-12,8852 Madison St,Nashville,NY,82416,51477,employed,2023-03-31,active
735,Deborah,Moore,james.brown@outlook.com,555-2933,2000-10-28,6124 Jefferson Dr,San Antonio,WA,67216,74103,employed,2020-11-12,active
736,Joshua,Jackson,michael.sanchez@gmail.com,555-5094,1950-09-11,1355 Oak Ave,Phoenix,TN,33670,20329,employed,2022-02-15,active
737,James,Martin,helen.thomas@gmail.com,555-2258,1952-06-11,4199 Park Ave,Indianapolis,CO,38873,48003,unemployed,2023-01-11,active
738,Jessica,Taylor,michelle.hernandez@email.com,555-9248,1954-12-16,984 Jefferson Dr,Columbus,OK,46671,133068,employed,2020-12-24,active
739,Maria,Miller,lisa.lopez@yahoo.com,555-1587,1966-09-07,7313 Jackson St,Houston,NY,75392,37071,employed,2025-03-25,active
740,Emily,Johnson,michelle.ramirez@email.com,555-7290,1990-01-12,408 Madison St,Fort Worth,TN,15821,52588,employed,2021-10-19,active
741,Stephanie,Johnson,joshua.harris@hotmail.com,555-1425,2000-03-16,5608 Second St,Denver,FL,13584,54125,employed,2022-06-15,active
742,Sarah,Sanchez,robert.moore@outlook.com,555-5709,1993-07-27,7694 Adams Ave,Denver,NV,44091,84009,employed,2021-06-14,inactive
744,Stephanie,Jackson,matthew.clark@hotmail.com,555-3929,1985-05-29,7681 Main St,Charlotte,NY,71137,89922,employed,2020-09-30,inactive
745,Sarah,Jackson,emily.rodriguez@email.com,555-6145,1951-05-04,7316 Cedar Ln,Dallas,NC,44018,58238,employed,2025-05-31,active
746,Frances,Lee,sarah.davis@gmail.com,555-1630,1962-02-14,8402 Jackson St,Denver,WA,15499,45717,employed,2023-08-24,active
747,Jane,Perez,anthony.moore@gmail.com,555-4845,1976-12-19,1888 Pine Rd,San Francisco,TN,24835,28488,self_employed,2023-05-29,active
748,Donald,Williams,deborah.lewis@hotmail.com,555-3344,1947-10-23,5450 Jefferson Dr,Austin,MA,95456,58689,employed,2022-08-23,active
749,Michael,Martinez,jennifer.robinson@email.com,555-1418,1955-02-15,3564 Lincoln Ave,San Francisco,NV,86216,196020,employed,2024-07-15,active
750,Jennifer,Gonzalez,emily.williams@yahoo.com,555-9249,1997-02-16,9082 Adams Ave,Seattle,TX,79174,59093,employed,2025-01-06,active
751,Matthew,Rodriguez,richard.clark@email.com,555-5801,1967-06-27,5485 First St,Jacksonville,OH,69745,57185,employed,2022-04-22,active
752,Donald,Lopez,emily.lopez@email.com,555-9284,1952-06-13,6035 Monroe Dr,Washington,OH,68847,27898,employed,2024-12-13,active
753,Jessica,Harris,donald.perez@email.com,555-3263,1999-12-02,4364 Washington St,Austin,WA,25461,74105,self_employed,2020-12-30,active
754,Richard,Lewis,amanda.lewis@outlook.com,555-1254,1960-07-21,2079 Adams Ave,Dallas,OK,23237,74862,employed,2021-04-01,active
756,Frances,Brown,michael.williams@hotmail.com,555-8354,1982-04-11,7468 Adams Ave,San Jose,OK,27643,126031,employed,2024-08-27,active
757,John,Jackson,catherine.lopez@outlook.com,555-7215,1974-05-05,7285 Cedar Ln,San Francisco,NC,22700,86691,employed,2021-11-04,active
758,Janet,Jackson,andrew.ramirez@outlook.com,555-5673,1974-07-21,6392 Lincoln Ave,Philadelphia,AZ,15496,58485,employed,2025-02-08,active
759,Michelle,Jackson,frances.hernandez@gmail.com,555-6690,1971-02-22,2813 Elm St,San Jose,NC,73784,121903,employed,2023-01-01,active
760,Robert,Robinson,charles.perez@hotmail.com,555-3310,1954-03-15,3488 Cedar Ln,New York,CA,80756,48500,unemployed,2023-07-23,active
761,Daniel,Jackson,deborah.white@outlook.com,555-9534,1956-11-29,7535 Washington St,Houston,TX,68249,20844,employed,2025-07-11,active
763,Michael,Wilson,robert.robinson@email.com,555-6202,1962-09-03,9245 Oak Ave,Boston,NY,42232,80315,self_employed,2021-04-23,active
765,Maria,Martin,ashley.thompson@yahoo.com,555-1635,1983-02-09,4410 Madison St,Boston,OH,93586,54231,employed,2022-07-01,active
766,Charles,Lewis,daniel.perez@outlook.com,555-9031,2002-02-11,6525 Jefferson Dr,Seattle,OK,48720,75900,self_employed,2021-01-30,active
767,Steven,Hernandez,jessica.perez@outlook.com,555-2897,1961-05-26,7714 Lincoln Ave,Nashville,TX,55557,204413,employed,2024-06-13,active
768,Carolyn,Martin,donald.perez@yahoo.com,555-1474,1971-09-11,4489 Park Ave,Columbus,CA,83696,35851,employed,2024-11-13,active
769,Steven,Wilson,helen.rodriguez@gmail.com,555-5396,1989-02-24,3687 Lincoln Ave,Boston,CA,50437,83475,employed,2023-01-19,active
770,Lisa,Martin,frances.hernandez@yahoo.com,555-9843,1947-05-19,445 Madison St,Chicago,WA,56229,75457,employed,2024-11-03,active
771,Elizabeth,Moore,richard.garcia@email.com,555-7480,1966-03-02,4854 Cedar Ln,Jacksonville,WA,64184,21612,unemployed,2021-10-01,active
772,Jane,Harris,janet.brown@email.com,555-7519,1989-02-04,792 Cedar Ln,San Jose,IN,13177,40446,employed,2021-10-31,active
773,Lisa,Clark,mark.lee@outlook.com,555-3149,1969-10-25,1491 Pine Rd,Chicago,NV,64444,71106,employed,2020-08-27,active
774,Robert,White,catherine.sanchez@outlook.com,555-4183,1999-12-07,5214 Lincoln Ave,Columbus,NV,13071,134820,self_employed,2022-03-27,active
775,Kenneth,Thomas,mark.martinez@outlook.com,555-2524,1965-07-13,6757 Second St,Indianapolis,IN,79888,48659,self_employed,2023-05-20,active
776,Elizabeth,Harris,joshua.thompson@gmail.com,555-8409,1965-09-11,9567 Main St,Fort Worth,OH,68600,36286,employed,2022-08-13,active
777,Emily,Brown,maria.garcia@yahoo.com,555-9025,1998-10-30,4195 Pine Rd,Phoenix,DC,90804,30178,employed,2025-03-29,active
778,Sarah,Harris,carolyn.rodriguez@outlook.com,555-6102,1975-11-27,2567 Oak Ave,Austin,MA,10730,88567,employed,2022-01-17,active
779,Matthew,Lee,jessica.hernandez@outlook.com,555-8913,1991-09-29,9189 Pine Rd,Houston,MA,20158,86014,employed,2022-08-25,active
780,William,Miller,steven.ramirez@gmail.com,555-1639,1983-08-25,8213 Cedar Ln,Boston,NV,73857,37037,employed,2021-04-29,active
781,Lisa,Wilson,daniel.white@hotmail.com,555-9560,1974-07-07,6188 Cedar Ln,Phoenix,IN,78583,83087,employed,2024-05-19,active
782,Thomas,Thomas,rachel.miller@hotmail.com,555-3217,1960-04-29,8691 Monroe Dr,New York,WA,64565,82165,employed,2021-07-19,active
784,Richard,Rodriguez,daniel.clark@outlook.com,555-6009,1978-07-17,6707 Second St,Seattle,FL,20154,126303,employed,2023-11-12,active
785,Kenneth,Brown,james.sanchez@email.com,555-7274,1975-03-19,9531 Second St,Las Vegas,OK,37434,79174,employed,2021-06-26,active
786,Frances,Jones,jennifer.garcia@outlook.com,555-1004,1974-08-08,1374 Oak Ave,Phoenix,NV,67630,47092,employed,2022-12-05,active
787,Jessica,Moore,helen.gonzalez@outlook.com,555-8773,1977-06-10,5207 Lincoln Ave,San Francisco,IL,89348,56396,employed,2025-04-06,active
788,Deborah,Moore,steven.thomas@hotmail.com,555-2970,1995-08-24,7233 Jefferson Dr,Philadelphia,NY,57931,49100,employed,2025-05-03,active
789,Maria,Lewis,richard.gonzalez@hotmail.com,555-3932,1946-07-20,3308 Jackson St,Jacksonville,NV,35544,83896,employed,2020-07-28,active
792,James,Williams,donald.clark@gmail.com,555-1918,1985-05-15,1121 Lincoln Ave,Houston,NC,35451,45796,self_employed,2024-03-19,active
794,Steven,Johnson,michelle.martin@yahoo.com,555-9281,1982-04-23,2933 Main St,San Jose,NC,83473,78737,employed,2022-07-05,active
795,Rachel,Williams,lisa.robinson@gmail.com,555-3990,1953-05-06,3141 Lincoln Ave,Denver,NY,32195,42821,employed,2024-12-18,active
796,Jessica,Martinez,richard.white@yahoo.com,555-6087,1950-05-18,6314 Washington St,Philadelphia,NC,28405,85084,employed,2023-09-17,active
797,Richard,Garcia,daniel.rodriguez@outlook.com,555-5334,1953-11-19,8126 Jefferson Dr,Denver,CO,55725,46168,employed,2024-11-14,active
798,Catherine,Gonzalez,jennifer.moore@email.com,555-4451,1984-07-07,5783 Washington St,San Antonio,WA,76029,45586,employed,2023-08-20,active
800,Matthew,Thompson,robert.lee@hotmail.com,555-1129,1959-11-01,7004 Monroe Dr,Austin,WA,94919,89280,self_employed,2021-02-07,active
801,Amanda,Harris,jane.anderson@email.com,555-8478,1998-11-05,9536 Adams Ave,Las Vegas,DC,72072,45332,employed,2025-03-21,active
802,Helen,Martinez,michael.robinson@yahoo.com,555-9306,1955-04-09,6997 Adams Ave,Dallas,DC,87735,89691,employed,2020-09-13,active
804,Jennifer,Miller,amanda.martinez@hotmail.com,555-2316,1962-02-25,3969 Park Ave,Columbus,IL,42077,55092,employed,2021-05-28,active
805,William,Lopez,robert.thomas@email.com,555-7456,1964-08-27,7838 Madison St,Charlotte,OH,22559,127263,employed,2022-09-18,active
807,Andrew,Clark,john.martin@email.com,555-7523,1952-07-10,3869 Maple Dr,Indianapolis,FL,15799,82095,employed,2021-09-22,active
808,Deborah,Jones,daniel.martinez@outlook.com,555-8875,1948-09-19,4376 Adams Ave,Philadelphia,PA,62194,32585,employed,2024-05-14,active
809,Robert,Lee,helen.sanchez@gmail.com,555-3635,1974-03-19,2209 Madison St,Nashville,TN,11518,22707,employed,2023-04-08,active
810,Stephanie,Wilson,thomas.white@gmail.com,555-8377,1990-08-20,6208 Monroe Dr,Oklahoma City,WA,80126,83843,employed,2022-08-03,active
811,Mark,Ramirez,emily.jones@gmail.com,555-6523,1998-07-16,4324 Park Ave,San Francisco,TN,67001,53895,employed,2020-10-24,active
812,Sarah,Lewis,kevin.perez@hotmail.com,555-5134,1983-10-14,5628 Washington St,New York,NC,33426,36043,employed,2022-03-09,active
813,Michael,Martin,lisa.lopez@gmail.com,555-9704,1981-02-20,4173 Cedar Ln,Chicago,TX,26522,30637,employed,2024-08-13,active
814,Rachel,Thompson,frances.davis@email.com,555-8510,1949-03-28,1353 Lincoln Ave,Jacksonville,CA,29234,49001,employed,2023-12-16,inactive
815,Emily,Hernandez,stephanie.wilson@outlook.com,555-1366,1962-02-04,4308 Pine Rd,Columbus,TX,35119,73313,employed,2023-09-29,active
817,Michelle,Smith,donald.miller@gmail.com,555-7788,2004-07-21,2226 Second St,Dallas,TN,88522,75939,employed,2024-12-21,inactive
818,Matthew,Davis,david.martin@hotmail.com,555-8547,1998-05-03,6993 Lincoln Ave,Seattle,DC,72338,47252,employed,2023-09-02,active
819,Jennifer,Anderson,carolyn.miller@email.com,555-3785,2005-12-20,6490 Second St,Fort Worth,CA,96599,51349,employed,2025-04-27,active
820,Anthony,Williams,ashley.white@email.com,555-7048,1972-11-13,4881 Lincoln Ave,Charlotte,TN,13875,35942,employed,2021-06-01,active
822,William,Harris,helen.moore@outlook.com,555-6767,1965-02-16,6951 Second St,Austin,CO,92611,213702,employed,2021-02-18,active
823,Joshua,Gonzalez,charles.ramirez@outlook.com,555-9107,1987-03-19,4790 Jackson St,Philadelphia,PA,62435,80412,employed,2022-02-27,active
826,William,Anderson,elizabeth.white@yahoo.com,555-3870,1987-12-15,3373 Lincoln Ave,Phoenix,IN,18495,56755,self_employed,2020-09-18,active
827,Steven,Davis,amanda.anderson@email.com,555-2821,1999-10-13,5527 Cedar Ln,San Diego,TN,19154,48029,employed,2020-07-31,active
828,Paul,Ramirez,mark.williams@outlook.com,555-5260,1993-10-19,2082 Main St,Charlotte,OK,17836,83315,self_employed,2022-03-08,active
829,Andrew,Lee,steven.wilson@gmail.com,555-2697,1958-09-09,4400 Elm St,Las Vegas,PA,58033,116307,employed,2022-11-09,active
830,Ashley,Rodriguez,robert.hernandez@gmail.com,555-8507,1989-09-10,4109 Second St,Austin,IN,68284,27964,unemployed,2022-05-25,active
831,Michael,Harris,james.jones@email.com,555-5725,1947-12-03,3721 Jefferson Dr,Denver,CO,48170,88619,employed,2022-04-06,active
832,Steven,Perez,daniel.jones@yahoo.com,555-3400,2000-02-02,4889 Madison St,Dallas,OH,13670,49985,employed,2025-04-24,active
833,Elizabeth,White,andrew.white@email.com,555-7649,1988-05-20,2891 Jefferson Dr,Boston,AZ,86957,59144,employed,2025-04-28,active
835,Lisa,Lee,richard.lopez@outlook.com,555-8525,1996-09-04,299 First St,Las Vegas,FL,57652,49119,employed,2024-04-07,active
837,Rachel,Garcia,michael.martin@hotmail.com,555-5546,1953-10-15,3213 Pine Rd,Phoenix,NV,49683,122482,employed,2020-11-18,active
838,Robert,Moore,sarah.hernandez@gmail.com,555-4218,1988-07-02,2007 Jackson St,Chicago,OK,35873,59047,employed,2021-02-06,active
839,John,Jackson,deborah.ramirez@gmail.com,555-8252,2003-03-31,3291 Jackson St,New York,NC,63368,55965,employed,2023-11-30,active
840,Andrew,Martinez,stephanie.rodriguez@email.com,555-5079,1976-03-13,4610 Washington St,Boston,TN,24610,80768,employed,2024-10-13,active
841,Andrew,Thomas,carolyn.garcia@yahoo.com,555-2074,1984-05-08,5091 Elm St,Charlotte,WA,93608,50459,self_employed,2024-05-23,active
842,Ashley,Martinez,andrew.martinez@hotmail.com,555-9690,1987-12-05,1786 Washington St,Washington,FL,84843,43562,employed,2024-04-23,active
843,William,Martin,william.hernandez@email.com,555-8762,2004-03-21,9852 Adams Ave,Las Vegas,NC,39979,52983,employed,2022-01-06,active
844,Stephanie,Hernandez,anthony.clark@hotmail.com,555-8368,1973-03-24,7068 Madison St,Columbus,NY,62963,124948,employed,2020-11-07,inactive
845,Michelle,Smith,richard.miller@hotmail.com,555-5829,1979-02-06,487 Lincoln Ave,Columbus,DC,52688,44585,unemployed,2023-09-02,active
846,Steven,Ramirez,michelle.brown@gmail.com,555-4983,1959-12-26,5432 Monroe Dr,Las Vegas,OK,16029,47044,employed,2024-12-02,active
847,Kevin,Jackson,mark.johnson@gmail.com,555-1919,2002-12-23,5714 Second St,Seattle,CO,67425,85959,employed,2022-02-19,active
848,Donald,Clark,jennifer.ramirez@yahoo.com,555-5896,1997-02-04,3376 Pine Rd,Charlotte,OH,52970,22424,employed,2023-10-02,active
849,Daniel,Thompson,jane.jones@gmail.com,555-6143,1977-12-31,7404 Park Ave,Philadelphia,WA,71384,88241,employed,2021-10-26,active
850,Jane,Jones,lisa.lee@outlook.com,555-8001,1981-02-23,8068 Oak Ave,San Francisco,CA,77143,48487,employed,2022-08-20,active
851,Matthew,Sanchez,joshua.thomas@hotmail.com,555-6468,2002-07-04,1199 Pine Rd,Denver,IL,83176,41051,self_employed,2024-12-01,active
852,Emily,Jackson,rachel.martin@yahoo.com,555-2197,2006-12-14,7160 Second St,Charlotte,TN,29949,56826,employed,2024-03-10,active
854,Catherine,Perez,matthew.moore@outlook.com,555-4282,1997-02-16,5910 Maple Dr,San Antonio,AZ,37019,48482,self_employed,2022-04-09,active
855,Michael,Harris,james.moore@hotmail.com,555-2134,1974-12-21,5266 First St,Nashville,FL,36437,39723,self_employed,2022-03-29,active
856,Ashley,Harris,anthony.smith@yahoo.com,555-8203,1956-08-21,6245 Main St,Charlotte,FL,59861,202634,self_employed,2020-10-25,active
857,Catherine,Clark,lisa.williams@yahoo.com,555-9301,1997-06-22,8562 Elm St,Philadelphia,FL,25775,46738,employed,2023-04-14,active
858,Ashley,Williams,andrew.lopez@outlook.com,555-5182,1991-03-27,1934 Jackson St,New York,NY,59811,50383,employed,2025-01-17,active
859,Stephanie,Clark,david.wilson@hotmail.com,555-4757,1953-03-03,6484 Monroe Dr,New York,NC,94850,198278,employed,2022-05-10,active
860,James,Taylor,jennifer.jones@outlook.com,555-1638,1951-01-30,9868 Park Ave,Las Vegas,IN,58719,120811,employed,2024-01-02,active
861,Janet,Jones,amanda.lopez@gmail.com,555-3660,1948-04-13,8251 Park Ave,San Jose,DC,91960,45649,employed,2022-08-20,active
864,Joshua,Lopez,frances.perez@gmail.com,555-8828,1989-10-21,9459 Park Ave,Phoenix,OH,77467,119200,employed,2021-04-08,active
868,Andrew,Robinson,nicole.hernandez@yahoo.com,555-5182,1976-03-08,8084 Jackson St,Nashville,TX,97557,49152,employed,2025-05-05,active
869,Deborah,Lee,jane.moore@yahoo.com,555-2549,1965-12-20,7594 Elm St,Houston,IN,26554,72068,employed,2025-06-09,active
870,Emily,Ramirez,andrew.garcia@outlook.com,555-9370,1963-01-28,2421 First St,New York,FL,56391,58130,unemployed,2023-06-28,active
871,Joshua,Lopez,joshua.davis@email.com,555-3732,1979-03-10,2700 Elm St,Nashville,PA,93218,57385,employed,2024-02-06,active
872,Frances,Wilson,richard.rodriguez@gmail.com,555-7567,1972-03-11,6486 Adams Ave,Indianapolis,TN,52194,44982,employed,2021-04-21,active
873,Maria,Perez,stephanie.miller@email.com,555-2094,1950-11-27,6823 Maple Dr,Phoenix,OK,31004,42453,employed,2024-10-29,inactive
874,William,Lee,donald.gonzalez@email.com,555-4168,1967-11-23,5841 Pine Rd,San Diego,NC,28407,202945,employed,2022-10-17,active
875,Jennifer,Perez,michelle.harris@hotmail.com,555-1176,2002-09-20,2021 Washington St,San Francisco,TX,92384,74975,employed,2023-11-24,active
876,Joshua,White,frances.anderson@yahoo.com,555-2153,1976-03-21,4558 Oak Ave,Fort Worth,NC,24789,79791,employed,2024-01-21,active
877,Charles,Taylor,robert.williams@email.com,555-6940,1967-03-29,8202 Adams Ave,Columbus,CA,93631,85967,employed,2021-02-17,active
878,Andrew,Hernandez,donald.perez@hotmail.com,555-6843,1953-01-17,311 Elm St,Oklahoma City,OK,41816,49039,self_employed,2023-10-29,active
879,Carolyn,Moore,kevin.clark@email.com,555-7157,2000-01-06,8602 Madison St,Los Angeles,TX,87377,78708,employed,2025-03-29,active
880,Jessica,Lopez,catherine.perez@email.com,555-7911,1980-12-01,753 Jefferson Dr,Boston,TN,70390,213862,employed,2023-10-04,active
881,Deborah,Perez,jane.miller@email.com,555-3961,1947-10-05,5489 Elm St,San Jose,MA,13719,33064,employed,2024-08-18,active
882,Anthony,Lopez,jessica.rodriguez@outlook.com,555-1783,1974-09-15,7607 Second St,Philadelphia,FL,83200,126750,employed,2024-11-11,active
883,Amanda,Ramirez,carolyn.ramirez@gmail.com,555-6468,1977-02-25,8918 First St,Austin,IN,23277,83150,employed,2024-08-03,active
884,Mark,Miller,thomas.ramirez@outlook.com,555-6744,1975-10-29,7272 Jefferson Dr,Philadelphia,PA,52304,56292,employed,2020-08-18,active
885,Maria,Martinez,maria.moore@yahoo.com,555-7520,2001-01-29,1344 Park Ave,Chicago,IL,88377,86584,employed,2025-06-16,active
886,Joshua,Lopez,helen.jones@outlook.com,555-2697,1971-12-17,9440 Pine Rd,Austin,OH,68004,119776,employed,2025-03-04,active
887,Charles,Clark,charles.davis@yahoo.com,555-8214,2003-09-20,3638 Maple Dr,New York,IN,41939,78971,employed,2020-08-28,active
888,Maria,Jackson,richard.wilson@yahoo.com,555-9496,1997-09-15,6647 Madison St,Las Vegas,NC,57706,54383,employed,2025-01-17,active
889,Jessica,Hernandez,joshua.lopez@gmail.com,555-3203,1974-06-14,4145 Maple Dr,Houston,NV,72355,51944,self_employed,2023-07-18,active
890,Anthony,Thompson,maria.clark@yahoo.com,555-8623,1969-09-26,9508 Oak Ave,Charlotte,TN,75160,134794,employed,2023-11-09,active
892,James,Gonzalez,ashley.perez@outlook.com,555-6076,1993-11-23,5091 Lincoln Ave,San Diego,NV,63364,89586,employed,2021-05-08,active
893,John,Martin,sarah.thompson@hotmail.com,555-2960,1951-12-18,1142 Adams Ave,Las Vegas,PA,35509,214230,employed,2021-12-08,inactive
894,Jane,Lee,carolyn.white@gmail.com,555-6436,1953-08-02,1642 Madison St,Denver,DC,63421,75876,employed,2022-09-05,active
895,Stephanie,Lopez,amanda.thompson@outlook.com,555-5128,1990-06-03,1586 Cedar Ln,Dallas,DC,36293,31249,employed,2021-10-24,active
896,Robert,Taylor,thomas.smith@email.com,555-1997,1995-07-29,1069 Jefferson Dr,Houston,PA,10226,72672,employed,2023-07-05,active
897,Kenneth,Jackson,elizabeth.ramirez@gmail.com,555-3824,1962-07-03,8262 Cedar Ln,Seattle,FL,55252,50035,employed,2021-01-31,active
898,Amanda,Lewis,steven.thompson@yahoo.com,555-9312,1958-12-12,7392 Main St,Washington,CA,80462,134651,employed,2025-07-10,inactive
899,Robert,Lopez,amanda.jackson@email.com,555-3742,1954-07-16,8253 Park Ave,Washington,AZ,90372,125212,self_employed,2022-06-07,active
900,Steven,Brown,maria.williams@hotmail.com,555-5034,1978-05-27,2416 First St,Indianapolis,FL,62990,132956,employed,2020-10-10,active
901,Catherine,Brown,janet.williams@hotmail.com,555-9639,1996-02-07,9522 Madison St,Seattle,FL,47035,130742,employed,2022-05-04,active
902,Deborah,Gonzalez,deborah.gonzalez@gmail.com,555-9035,1947-09-24,8148 Elm St,Austin,OK,89909,79599,self_employed,2022-09-21,active
903,Sarah,Taylor,michael.miller@gmail.com,555-6031,1998-04-19,9459 Cedar Ln,Boston,WA,16285,204410,employed,2023-07-16,active
905,David,Thompson,ashley.thomas@yahoo.com,555-1255,1949-08-26,6350 Park Ave,Oklahoma City,TX,48068,47260,employed,2020-07-26,active
906,Mark,Clark,charles.lopez@outlook.com,555-1733,1959-08-01,2421 First St,Washington,NC,65422,80838,unemployed,2024-05-10,active
907,Michelle,Wilson,john.wilson@outlook.com,555-7178,1970-07-17,3204 Monroe Dr,Dallas,NY,92121,125149,employed,2024-06-04,active
908,Charles,Williams,lisa.brown@yahoo.com,555-9004,1951-07-24,3104 Lincoln Ave,Philadelphia,NC,99247,84717,employed,2024-07-20,active
909,Kenneth,Rodriguez,robert.harris@gmail.com,555-7470,1963-09-23,1517 Monroe Dr,San Antonio,AZ,77924,57572,employed,2020-09-28,active
910,Mark,Garcia,emily.harris@gmail.com,555-4960,1984-09-14,6176 Jackson St,Las Vegas,AZ,67936,27492,employed,2023-11-21,active
911,Richard,Harris,ashley.white@hotmail.com,555-1716,1996-08-15,332 Maple Dr,Austin,NC,33006,86502,employed,2022-07-04,active
912,Jennifer,Martinez,andrew.williams@yahoo.com,555-4014,2001-11-11,3284 Lincoln Ave,Nashville,TN,13317,116849,employed,2025-06-05,active
913,Maria,Garcia,jennifer.moore@hotmail.com,555-1929,1955-08-02,1167 Adams Ave,San Francisco,NY,91079,134715,employed,2024-07-31,active
914,Robert,Perez,charles.smith@outlook.com,555-1056,1996-01-28,1057 Madison St,Denver,TX,39428,127136,employed,2024-10-24,active
915,Paul,Robinson,kenneth.lee@outlook.com,555-5627,2007-02-07,6436 Jackson St,Las Vegas,OH,99506,72422,employed,2023-04-17,active
916,Jennifer,Anderson,joshua.lewis@hotmail.com,555-4667,1958-07-19,4799 Cedar Ln,Fort Worth,NC,31013,54908,employed,2022-08-09,active
917,Rachel,Wilson,joshua.ramirez@yahoo.com,555-7590,1956-10-22,5882 Park Ave,Fort Worth,MA,64752,49825,employed,2023-02-15,active
919,Donald,Lopez,stephanie.miller@outlook.com,555-3315,1987-10-12,1880 Jackson St,San Jose,MA,16669,132963,self_employed,2021-08-29,active
921,Rachel,Davis,james.harris@outlook.com,555-6180,2000-05-08,8793 Oak Ave,Nashville,TX,18566,119937,employed,2021-01-08,active
924,Jennifer,Robinson,steven.brown@gmail.com,555-3221,1979-10-08,7846 Madison St,Indianapolis,PA,12615,43714,employed,2023-10-30,active
925,Amanda,Anderson,jane.thomas@email.com,555-6633,1976-01-28,1492 Jefferson Dr,Chicago,PA,27687,129448,employed,2024-01-16,active
926,Richard,Lee,matthew.martinez@gmail.com,555-6811,1999-09-03,8205 Main St,Washington,MA,32159,44898,employed,2022-08-03,active
927,Jane,Thomas,matthew.lewis@yahoo.com,555-1852,2003-11-08,4012 Washington St,Dallas,TN,66747,49183,unemployed,2022-06-08,active
928,Nicole,Moore,michael.jones@email.com,555-1174,1997-01-21,414 Washington St,Fort Worth,FL,71619,85010,employed,2022-09-03,active
930,Emily,Sanchez,matthew.ramirez@email.com,555-2859,1947-08-28,2205 Elm St,San Diego,IL,33213,54741,self_employed,2022-08-20,active
931,David,Smith,john.white@hotmail.com,555-2153,1959-08-11,9647 Jackson St,Boston,WA,97154,77764,employed,2021-02-18,active
932,Emily,Garcia,emily.thompson@gmail.com,555-1062,1984-06-08,3918 Park Ave,Los Angeles,IL,60711,24545,employed,2022-05-04,active
933,Carolyn,Martin,amanda.thomas@hotmail.com,555-2003,1985-04-17,3129 Main St,Chicago,PA,35915,46465,employed,2022-01-07,active
934,David,Miller,amanda.ramirez@hotmail.com,555-4730,1960-03-01,6566 Washington St,Washington,MA,76408,76204,employed,2024-02-18,active
935,Janet,Smith,thomas.martinez@yahoo.com,555-2059,1951-02-14,1128 Monroe Dr,Jacksonville,CA,91244,51297,employed,2024-10-11,active
936,Emily,Hernandez,catherine.harris@hotmail.com,555-2079,1996-08-28,4399 Lincoln Ave,Charlotte,CO,72973,34612,employed,2022-08-14,active
937,Richard,Davis,catherine.garcia@gmail.com,555-6781,1982-05-09,7717 Jackson St,Austin,DC,70768,80271,employed,2025-05-31,active
939,Amanda,Miller,robert.smith@outlook.com,555-8737,1959-01-15,4538 Lincoln Ave,San Antonio,NY,75185,119949,employed,2022-09-28,active
941,Jennifer,Davis,janet.thomas@yahoo.com,555-7821,1989-08-06,312 Washington St,Boston,PA,54378,55620,employed,2024-01-29,active
942,Janet,Martinez,nicole.white@hotmail.com,555-3099,1978-09-30,9362 Monroe Dr,Chicago,NY,68599,73992,employed,2022-08-13,active
944,Jessica,Thomas,kenneth.thomas@gmail.com,555-6135,1991-06-08,1666 Madison St,Phoenix,WA,20657,59426,employed,2023-07-05,active
945,Mark,Harris,richard.sanchez@hotmail.com,555-3344,1978-03-25,1067 Monroe Dr,San Diego,OH,92977,78716,employed,2020-07-23,active
946,Michelle,Hernandez,carolyn.hernandez@email.com,555-9786,1963-07-17,3183 Elm St,San Jose,CA,35551,130812,employed,2023-06-24,active
947,John,Martinez,thomas.miller@yahoo.com,555-5851,1947-11-11,572 Adams Ave,Chicago,CO,70940,52321,employed,2024-11-21,active
948,Kevin,Anderson,matthew.brown@hotmail.com,555-8470,1970-05-08,3340 Jackson St,San Jose,PA,86871,32518,employed,2021-04-06,active
950,Matthew,Jackson,kenneth.johnson@email.com,555-1915,1957-06-04,8237 Pine Rd,Chicago,AZ,29866,116131,employed,2021-02-11,active
951,Elizabeth,Lopez,nicole.williams@outlook.com,555-6629,1951-11-01,8168 Madison St,Seattle,CA,78770,122700,employed,2022-11-16,active
952,Emily,Clark,ashley.anderson@yahoo.com,555-2888,1968-12-26,3825 First St,Los Angeles,NY,16879,45078,employed,2024-02-23,active
953,Charles,Jones,james.taylor@hotmail.com,555-6291,1980-05-11,6584 Main St,San Francisco,IN,74517,41389,employed,2020-09-03,active
955,Frances,Martinez,michelle.moore@hotmail.com,555-9370,1980-06-09,2719 Park Ave,Washington,NC,53841,57571,employed,2021-08-21,active
956,Steven,Smith,steven.martin@email.com,555-7646,1963-12-13,3128 Elm St,Los Angeles,DC,23989,43904,employed,2024-09-15,active
957,Stephanie,Clark,ashley.lewis@email.com,555-5970,1977-12-22,7698 Oak Ave,Boston,OH,84297,58684,employed,2025-07-14,active
959,Jessica,Williams,frances.brown@gmail.com,555-1511,2001-02-24,919 Main St,Dallas,NY,49773,58377,employed,2023-01-14,active
960,Elizabeth,Miller,richard.wilson@hotmail.com,555-2246,1970-09-17,6940 Main St,San Jose,CA,25738,75226,employed,2022-03-27,active
961,Jane,Lewis,paul.garcia@gmail.com,555-2844,1953-04-26,3947 Jackson St,Denver,NC,45398,46706,employed,2020-09-01,active
962,Helen,Perez,mark.smith@gmail.com,555-9149,1984-05-23,7730 Adams Ave,Philadelphia,NY,85597,45023,employed,2020-10-15,active
963,Paul,Miller,michelle.smith@hotmail.com,555-4081,1966-08-29,7439 Main St,Boston,CA,83821,204202,employed,2025-03-23,active
964,Sarah,Martinez,elizabeth.williams@email.com,555-7017,1986-07-11,7841 Cedar Ln,Jacksonville,CO,82223,86008,employed,2023-07-29,active
965,Catherine,Gonzalez,elizabeth.anderson@hotmail.com,555-5791,1958-11-02,8202 Adams Ave,Jacksonville,MA,21330,81363,employed,2023-12-02,active
967,Ashley,Clark,helen.williams@outlook.com,555-2833,1990-07-29,9012 Oak Ave,San Francisco,TX,85427,58798,employed,2020-07-25,active
968,Nicole,Thomas,lisa.hernandez@hotmail.com,555-9985,1981-01-10,8670 Madison St,San Diego,CO,63477,75396,employed,2024-05-25,active
970,Richard,Smith,jane.smith@hotmail.com,555-2983,1964-03-03,3142 Pine Rd,Chicago,NC,69323,132759,employed,2021-03-17,active
971,Kevin,Martinez,nicole.gonzalez@hotmail.com,555-4415,1972-11-05,7120 Monroe Dr,Boston,CA,99013,53205,employed,2023-04-19,inactive
972,Paul,Ramirez,mark.harris@email.com,555-2605,1983-07-08,9719 Jefferson Dr,Nashville,OK,13581,51517,employed,2022-09-03,active
974,Donald,Brown,john.perez@yahoo.com,555-1462,1991-01-06,7381 Pine Rd,San Francisco,PA,70709,84784,employed,2022-01-30,active
975,Sarah,Rodriguez,catherine.brown@email.com,555-9046,1961-03-12,7501 Washington St,Philadelphia,CA,48048,57552,employed,2023-11-30,active
978,Elizabeth,Lee,joshua.brown@outlook.com,555-8760,1948-08-07,4669 Adams Ave,Seattle,MA,18773,37208,self_employed,2020-11-27,active
979,Andrew,Robinson,jessica.robinson@yahoo.com,555-2982,1947-10-04,2754 Pine Rd,Denver,PA,97115,126719,employed,2021-08-23,active
980,Paul,Williams,amanda.jackson@outlook.com,555-2898,1995-10-21,751 First St,San Antonio,AZ,49366,207232,employed,2021-04-15,active
981,John,Brown,janet.perez@hotmail.com,555-9692,1946-05-22,5069 Maple Dr,Austin,OH,72965,52185,employed,2025-01-12,active
982,Robert,Garcia,mark.moore@email.com,555-2161,1958-09-13,2180 Maple Dr,Chicago,OK,77290,85672,employed,2020-12-12,active
983,Elizabeth,Davis,thomas.wilson@gmail.com,555-8075,1949-06-11,5350 Madison St,New York,FL,98035,53549,employed,2024-08-12,active
984,Charles,White,james.thomas@email.com,555-9348,1982-01-24,2676 First St,Washington,NV,47699,59871,employed,2023-05-01,active
985,Maria,Williams,jennifer.harris@gmail.com,555-7054,1970-06-24,6543 Second St,Charlotte,WA,49779,41012,employed,2025-03-25,active
986,Paul,Taylor,carolyn.gonzalez@email.com,555-3248,1987-09-12,5622 Pine Rd,Oklahoma City,OK,54880,50097,self_employed,2023-07-13,active
988,Kevin,Wilson,richard.harris@email.com,555-3281,2007-05-07,4933 Park Ave,Nashville,CO,81142,53485,employed,2023-08-23,active
989,Lisa,White,daniel.lee@yahoo.com,555-4370,1999-04-03,5627 Cedar Ln,Boston,OK,59151,89062,employed,2021-12-02,active
990,Nicole,Jones,thomas.martin@gmail.com,555-5137,1956-10-03,6269 Madison St,New York,IL,34763,88618,employed,2025-02-03,active
991,Maria,Jackson,michelle.taylor@email.com,555-7889,1963-06-19,4453 Oak Ave,Columbus,OK,88023,129901,self_employed,2021-02-23,active
992,Lisa,Lopez,sarah.johnson@gmail.com,555-5544,1955-03-27,9086 Second St,Phoenix,TX,65478,43913,employed,2021-09-09,active
994,Mark,Miller,joshua.martin@gmail.com,555-3627,1953-10-09,9459 Second St,Indianapolis,TX,22541,77204,employed,2021-12-03,active
995,Amanda,Robinson,charles.rodriguez@gmail.com,555-1051,1967-01-06,5154 Adams Ave,Denver,DC,68479,55057,employed,2021-09-27,active
996,Steven,Jones,mark.ramirez@email.com,555-7228,1947-08-29,8968 Second St,San Antonio,OK,67232,128386,employed,2024-12-20,active
998,Charles,Gonzalez,kevin.lewis@outlook.com,555-1397,2007-03-07,9329 First St,Boston,IL,69276,48151,employed,2024-07-16,active
1000,Catherine,Lee,janet.martin@email.com,555-4206,1948-11-06,6349 Jefferson Dr,Los Angeles,OH,21792,45180,employed,2024-07-04,active
1001,Emily,Taylor,thomas.anderson@yahoo.com,555-5803,1958-04-20,7241 Second St,Philadelphia,OH,63669,38114,employed,2022-04-16,active
1002,Kenneth,Lee,amanda.martinez@email.com,555-8704,1983-07-26,2851 First St,New York,FL,88988,23023,unemployed,2024-07-15,active
1004,Sarah,Gonzalez,james.garcia@gmail.com,555-8685,1959-07-31,2267 First St,Washington,CO,85217,40678,employed,2024-12-06,active
1005,Jessica,Garcia,kevin.harris@gmail.com,555-2098,1979-06-15,2326 Main St,San Jose,TN,79323,45739,employed,2025-01-08,active
1006,Helen,Lewis,janet.anderson@email.com,555-6798,1999-12-01,9561 Madison St,Dallas,NV,63435,88032,employed,2021-06-23,active
1007,Kevin,Lopez,stephanie.brown@email.com,555-7756,1979-12-01,6259 Washington St,Jacksonville,NY,51228,41193,employed,2023-04-10,active
1008,Jennifer,Anderson,catherine.sanchez@yahoo.com,555-5947,1981-02-24,4105 Maple Dr,New York,OH,67544,34271,employed,2021-12-16,active
1009,Ashley,Anderson,james.wilson@gmail.com,555-5020,1958-08-25,1759 Washington St,Jacksonville,CA,55947,55243,employed,2023-02-24,active
1011,Maria,Rodriguez,sarah.smith@email.com,555-4583,2002-03-04,8637 Jefferson Dr,New York,TN,62876,199782,employed,2022-06-01,active
1012,Sarah,Sanchez,janet.jackson@gmail.com,555-8182,1989-04-30,7200 Oak Ave,Nashville,NV,18819,50700,employed,2021-05-27,active
1013,Michelle,Jones,jennifer.harris@yahoo.com,555-2526,2000-12-07,6389 Second St,Fort Worth,OH,15490,54413,employed,2020-10-15,active
1014,Richard,Wilson,jennifer.wilson@email.com,555-5180,1964-06-27,109 Pine Rd,Philadelphia,CA,44800,201373,employed,2024-08-14,active
1015,William,Robinson,carolyn.brown@gmail.com,555-8530,1976-05-04,6196 Monroe Dr,Dallas,WA,92775,35345,self_employed,2024-04-08,active
1016,Michelle,Sanchez,kevin.harris@yahoo.com,555-4706,1947-08-03,7208 Monroe Dr,Dallas,WA,76694,59325,employed,2022-03-24,active
1017,Catherine,Martinez,thomas.brown@yahoo.com,555-4663,1965-03-27,4175 Jackson St,Phoenix,TX,81068,83261,employed,2023-05-18,active
1018,Stephanie,Williams,jessica.garcia@email.com,555-8883,2005-01-23,1186 Lincoln Ave,Los Angeles,MA,63205,83739,employed,2025-02-10,active
1019,Elizabeth,Brown,stephanie.davis@outlook.com,555-9058,1981-02-24,9740 Park Ave,Fort Worth,MA,40816,41002,employed,2022-02-23,active
1020,Matthew,Jackson,mark.ramirez@gmail.com,555-2649,1952-12-16,1448 Main St,Phoenix,MA,74572,126013,employed,2021-01-22,active
1022,Frances,Smith,richard.sanchez@yahoo.com,555-7403,1989-08-02,1861 Second St,Denver,IN,90666,197698,self_employed,2025-03-26,active
1023,Rachel,Martin,thomas.garcia@email.com,555-2574,1990-02-16,3766 Washington St,Los Angeles,DC,54388,124320,employed,2024-04-08,active
1024,Andrew,Martinez,daniel.lee@outlook.com,555-7848,1966-09-08,5167 Lincoln Ave,San Antonio,OH,70461,54827,employed,2021-05-17,active
1025,Lisa,Jones,robert.anderson@yahoo.com,555-3446,1952-03-07,4728 Lincoln Ave,Oklahoma City,WA,85926,21925,unemployed,2021-11-18,active
1026,Maria,White,catherine.martinez@yahoo.com,555-8753,2004-06-17,654 Jefferson Dr,Philadelphia,DC,35098,44017,self_employed,2022-06-23,active
1027,Carolyn,Anderson,helen.sanchez@hotmail.com,555-8366,1957-07-07,5456 Adams Ave,Nashville,WA,84261,28263,employed,2025-05-29,active
1029,Nicole,Sanchez,frances.lopez@hotmail.com,555-1044,1954-12-23,8010 Park Ave,San Antonio,AZ,53583,40302,employed,2024-05-10,active
1030,Helen,Lewis,janet.jackson@email.com,555-4222,1984-08-12,745 Jackson St,Las Vegas,IN,80620,86547,employed,2024-10-11,active
1031,David,Thomas,donald.robinson@outlook.com,555-4783,1973-11-13,9781 First St,Charlotte,NC,49358,40587,employed,2024-03-13,active
1032,Thomas,Smith,janet.davis@gmail.com,555-4633,1985-11-24,4015 Madison St,New York,MA,16260,133991,employed,2020-12-19,active
1033,Jane,Taylor,stephanie.harris@email.com,555-1838,1990-02-23,9605 Park Ave,Seattle,IN,25187,57909,self_employed,2025-05-03,active
1034,Amanda,Moore,richard.smith@outlook.com,555-2305,1975-02-02,4123 Monroe Dr,New York,TX,27023,213374,employed,2024-09-28,active
1035,Donald,Garcia,deborah.miller@yahoo.com,555-6921,1954-05-08,4831 Washington St,Seattle,IL,19991,49578,employed,2021-05-31,active
1036,David,Harris,michelle.garcia@gmail.com,555-8393,1975-11-16,2089 Jackson St,San Francisco,TX,73077,115109,self_employed,2024-04-15,active
1037,Anthony,Garcia,mark.sanchez@yahoo.com,555-9934,1968-01-18,398 Pine Rd,Chicago,PA,29111,81673,employed,2022-06-17,active
1038,Anthony,Smith,nicole.ramirez@outlook.com,555-8084,1954-11-19,8495 Madison St,San Antonio,PA,34922,132524,employed,2024-01-09,active
1040,Donald,White,john.hernandez@outlook.com,555-2396,1957-08-15,1672 Elm St,Denver,AZ,72053,52207,employed,2023-04-25,active
1041,Michael,Sanchez,matthew.davis@hotmail.com,555-9799,1983-10-12,4907 Oak Ave,Houston,CA,49348,81164,employed,2024-04-08,inactive
1043,Emily,Ramirez,james.robinson@email.com,555-2640,1978-02-12,1957 Elm St,Dallas,WA,51721,205739,employed,2025-07-10,active
1044,Charles,Johnson,michelle.martinez@email.com,555-9868,1952-09-27,9093 Washington St,Seattle,IN,23164,89078,employed,2022-10-21,active
1045,Nicole,Rodriguez,sarah.jones@gmail.com,555-2545,1998-05-16,165 Elm St,Indianapolis,CA,71502,33768,employed,2025-01-29,active
1046,Maria,Lewis,jessica.williams@hotmail.com,555-3758,1962-03-15,9422 Elm St,Boston,NY,71645,78660,employed,2021-10-07,active
1047,Donald,Smith,janet.lewis@hotmail.com,555-4072,1989-10-16,9071 First St,Los Angeles,MA,37657,36701,employed,2023-12-24,active
1048,James,Gonzalez,catherine.wilson@email.com,555-5713,1969-10-04,4180 Elm St,Oklahoma City,MA,43423,57294,employed,2024-03-05,active
1049,Richard,White,thomas.thompson@yahoo.com,555-4020,2003-01-31,9606 Elm St,Nashville,OH,27360,23755,employed,2024-07-12,active
1051,Lisa,Ramirez,elizabeth.hernandez@outlook.com,555-7205,2004-10-05,8601 Second St,Charlotte,FL,93237,44816,employed,2021-05-11,active
1053,Michelle,Garcia,deborah.harris@gmail.com,555-8753,1993-02-07,1169 Jackson St,Jacksonville,IN,94443,29411,employed,2021-10-19,active
1055,Elizabeth,Taylor,thomas.thompson@gmail.com,555-5453,2004-08-25,8562 Washington St,Las Vegas,DC,12660,74741,employed,2020-11-22,active
1056,Thomas,Sanchez,jessica.harris@email.com,555-9682,1962-01-02,8243 Main St,Phoenix,NY,52909,122904,self_employed,2024-11-06,active
1057,Paul,Miller,amanda.brown@hotmail.com,555-7960,1968-02-16,4555 Park Ave,Boston,DC,97796,88610,employed,2025-04-06,inactive
1058,Paul,Martin,richard.lewis@yahoo.com,555-6320,1949-09-13,5607 Jefferson Dr,Indianapolis,OH,79794,81694,employed,2022-05-30,active
1059,David,Brown,kenneth.lewis@yahoo.com,555-4789,1982-06-10,818 Park Ave,Charlotte,MA,80120,58429,employed,2024-09-06,active
1060,James,Davis,ashley.miller@hotmail.com,555-2586,1948-11-16,4301 Main St,Denver,MA,25765,87975,employed,2022-02-11,active
1061,Jessica,Martin,lisa.williams@hotmail.com,555-9796,2002-01-12,4051 Oak Ave,Indianapolis,NC,80919,121851,employed,2021-06-24,active
1062,Carolyn,Clark,ashley.sanchez@outlook.com,555-6418,1954-07-28,1553 First St,Denver,NC,10012,70208,self_employed,2022-12-08,active
1063,William,Smith,robert.lee@email.com,555-1349,2005-06-17,4609 Park Ave,Philadelphia,PA,40699,129822,employed,2024-09-04,active
1064,Daniel,Anderson,sarah.perez@outlook.com,555-4696,2001-02-03,2303 Oak Ave,Houston,FL,58056,46850,employed,2024-01-22,active
1065,David,Clark,william.thomas@outlook.com,555-1124,1960-12-19,6236 Oak Ave,Seattle,PA,99710,84149,employed,2025-04-08,active
1066,Jennifer,Wilson,robert.wilson@yahoo.com,555-3722,1969-06-20,8623 Lincoln Ave,Charlotte,PA,87892,25162,employed,2023-07-13,active
1067,Frances,Clark,steven.rodriguez@hotmail.com,555-5263,1999-12-26,3608 Main St,San Antonio,DC,48736,54714,employed,2022-08-25,active
1068,Lisa,Sanchez,james.lewis@gmail.com,555-4764,1993-06-17,1954 Monroe Dr,Fort Worth,AZ,16924,42982,self_employed,2023-06-12,active
1069,Sarah,Taylor,kevin.moore@gmail.com,555-4956,1993-12-13,9148 Pine Rd,Austin,NV,80459,119142,employed,2021-01-24,active
1070,Michael,Wilson,carolyn.ramirez@yahoo.com,555-3289,1965-05-17,1564 Maple Dr,Washington,TN,19363,44462,employed,2022-11-28,active
1071,Michelle,Ramirez,nicole.smith@gmail.com,555-1188,1948-01-17,496 Main St,Chicago,WA,31616,80546,employed,2024-10-15,active
1072,Richard,Thomas,robert.anderson@email.com,555-7087,1950-09-23,523 Maple Dr,Jacksonville,WA,59682,72656,employed,2024-04-23,active
1073,Thomas,Garcia,emily.moore@yahoo.com,555-9847,1988-05-14,4805 Monroe Dr,San Francisco,IL,29736,124498,employed,2021-07-11,active
1074,Paul,Johnson,andrew.wilson@outlook.com,555-1430,1949-07-21,9917 Oak Ave,New York,NC,42192,41391,employed,2022-08-29,active
1075,Michelle,Taylor,jennifer.gonzalez@outlook.com,555-3014,1966-09-30,6866 Maple Dr,Dallas,NV,39864,51844,employed,2022-05-06,active
1076,Kenneth,Gonzalez,michael.moore@gmail.com,555-8696,1950-05-08,6763 Park Ave,San Diego,MA,88918,30162,employed,2025-05-05,active
1077,Jane,Harris,frances.harris@email.com,555-4027,1956-11-16,1157 Oak Ave,Dallas,CA,26044,51635,employed,2025-05-24,active
1078,Janet,White,john.rodriguez@hotmail.com,555-3907,1994-09-16,7860 Monroe Dr,San Diego,NV,35409,119071,self_employed,2022-08-30,active
1079,Jessica,Jones,david.jones@outlook.com,555-5835,1960-12-03,8647 Washington St,Columbus,IN,30787,42102,employed,2020-08-28,active
1080,Janet,Wilson,ashley.brown@hotmail.com,555-5126,1952-12-18,7668 Oak Ave,Fort Worth,IN,92789,44276,employed,2022-09-23,active
1081,Michael,Garcia,helen.sanchez@yahoo.com,555-7046,1976-02-02,9004 Cedar Ln,San Jose,FL,13049,127244,employed,2024-04-16,active
1082,Daniel,Taylor,kenneth.clark@email.com,555-9277,1947-08-12,3800 Elm St,Jacksonville,OH,82887,53473,employed,2024-06-14,active
1083,James,Anderson,frances.clark@gmail.com,555-6569,1948-12-17,4846 Oak Ave,San Jose,OH,36822,49025,employed,2021-10-02,active
1084,Janet,Rodriguez,catherine.hernandez@gmail.com,555-7467,1965-07-01,2416 Elm St,Chicago,TX,88624,81634,employed,2023-02-03,active
1085,Kevin,Miller,jessica.jackson@gmail.com,555-4243,1989-10-13,3651 Maple Dr,Fort Worth,WA,39585,74055,employed,2020-10-05,active
1086,Frances,Harris,andrew.thomas@hotmail.com,555-7378,1954-02-22,7664 Adams Ave,Seattle,NV,11098,117517,self_employed,2020-08-07,active
1087,Jane,Jackson,robert.hernandez@outlook.com,555-2835,1994-11-29,2195 Main St,San Diego,DC,53758,40870,unemployed,2023-03-11,active
1090,William,Miller,kevin.martin@email.com,555-3422,1952-03-09,4034 Jackson St,Dallas,WA,54262,45590,employed,2022-11-20,active
1091,Daniel,Jones,janet.moore@outlook.com,555-1702,1978-07-03,448 Lincoln Ave,San Diego,OK,61838,41195,employed,2022-12-11,active
1093,Rachel,Williams,matthew.white@yahoo.com,555-2637,1961-05-04,3681 Second St,Austin,CO,16822,115893,employed,2025-02-15,active
1094,Carolyn,Lee,carolyn.wilson@email.com,555-3336,2001-04-27,3554 Second St,San Jose,CA,25181,84294,employed,2021-11-24,active
1096,Steven,Thompson,jane.martin@gmail.com,555-9313,1978-08-18,9348 Pine Rd,San Jose,IN,85246,23357,unemployed,2021-07-24,active
1097,Catherine,Sanchez,william.gonzalez@email.com,555-7893,2001-08-14,9483 Madison St,Nashville,IN,82443,84847,unemployed,2024-02-21,active
1099,Richard,Garcia,richard.brown@yahoo.com,555-4654,1972-01-03,2414 Adams Ave,Fort Worth,CA,63453,80144,employed,2024-01-12,active
1100,Lisa,Anderson,donald.lewis@gmail.com,555-8241,1961-03-12,3637 Washington St,Seattle,OH,78156,210498,employed,2023-12-11,active
1101,Jessica,Lewis,janet.jones@email.com,555-1286,1971-02-19,150 Jefferson Dr,Columbus,TX,28672,89739,self_employed,2024-06-09,active
1103,David,Robinson,ashley.smith@email.com,555-8895,1983-10-22,1709 Maple Dr,San Antonio,NV,51116,81295,employed,2023-09-30,active
1104,Richard,Harris,michelle.gonzalez@email.com,555-3440,1967-03-07,9727 Washington St,San Francisco,NC,92056,118938,employed,2020-10-08,active
1105,Charles,Smith,john.perez@email.com,555-8114,1999-06-16,6500 Madison St,Chicago,CA,25307,120381,employed,2025-03-20,inactive
1107,Donald,Harris,amanda.ramirez@email.com,555-4209,1997-11-06,7363 Adams Ave,Boston,AZ,16592,30531,employed,2024-08-19,active
1108,Carolyn,Anderson,steven.martin@hotmail.com,555-7401,1960-02-26,1053 Jackson St,Phoenix,DC,63955,78851,employed,2024-04-22,active
1109,Emily,White,carolyn.white@outlook.com,555-7299,1949-11-14,2737 Pine Rd,Dallas,NY,62072,20637,unemployed,2023-06-25,active
1110,Rachel,Davis,emily.robinson@yahoo.com,555-6147,1977-09-12,2905 Park Ave,Jacksonville,DC,24249,46398,employed,2023-02-28,active
1112,Joshua,Jackson,anthony.gonzalez@gmail.com,555-4119,1965-03-04,7431 Pine Rd,Nashville,IN,50251,74337,employed,2022-01-09,active
1113,Matthew,Johnson,jennifer.ramirez@outlook.com,555-5817,1991-05-16,804 Elm St,Columbus,NC,47324,75527,self_employed,2020-11-02,active
1114,Helen,Thomas,joshua.brown@yahoo.com,555-8589,1990-06-02,8511 Cedar Ln,Philadelphia,IL,11836,48196,employed,2025-03-20,active
1116,Charles,Ramirez,joshua.davis@gmail.com,555-9442,1961-06-29,9004 Lincoln Ave,Columbus,NY,54364,77663,employed,2021-10-28,active
1118,John,Gonzalez,joshua.jones@gmail.com,555-3800,1961-10-12,3768 Jefferson Dr,Austin,PA,21296,20506,employed,2022-09-30,active
1119,Joshua,Anderson,robert.perez@hotmail.com,555-7634,1996-09-05,2563 Pine Rd,San Francisco,PA,19535,70486,employed,2023-09-28,active
1120,Michael,Moore,catherine.moore@hotmail.com,555-4853,1984-03-01,8977 Washington St,Seattle,NY,30753,84965,employed,2021-04-02,active
1121,Kevin,Thompson,charles.perez@email.com,555-8096,1999-04-06,4208 Washington St,Boston,AZ,49077,30842,employed,2025-06-28,active
1122,David,Lee,emily.martinez@hotmail.com,555-8403,2001-10-04,9040 Jackson St,Los Angeles,TN,22014,134979,employed,2022-07-18,active
1123,Mark,Thomas,richard.moore@yahoo.com,555-1429,2000-10-26,7505 Second St,Fort Worth,IL,90481,57824,employed,2020-11-24,active
1124,Joshua,Thomas,mark.moore@yahoo.com,555-8151,1990-12-21,8246 Maple Dr,Phoenix,WA,77648,85119,employed,2023-10-11,active
1125,Joshua,Hernandez,janet.smith@outlook.com,555-4051,2006-10-22,3990 Jefferson Dr,Los Angeles,NC,13918,196251,employed,2024-04-05,active
1126,Frances,Hernandez,rachel.jackson@gmail.com,555-1501,2005-12-21,2145 Cedar Ln,Dallas,PA,54909,52784,employed,2025-04-27,active
1127,Catherine,Gonzalez,richard.jones@hotmail.com,555-5819,1962-04-02,4140 Maple Dr,Nashville,NC,61299,57156,employed,2025-03-13,active
1129,William,Gonzalez,catherine.davis@yahoo.com,555-6625,1993-02-12,6162 Elm St,San Diego,NV,23921,45494,self_employed,2023-09-06,active
1130,Carolyn,Taylor,thomas.gonzalez@email.com,555-6314,1946-12-30,5350 Monroe Dr,Nashville,IN,44302,40840,self_employed,2021-10-19,active
1131,Andrew,Clark,kenneth.williams@gmail.com,555-8884,1999-05-02,8033 Cedar Ln,Los Angeles,FL,78359,43931,self_employed,2025-03-19,active
1132,Emily,Clark,elizabeth.miller@outlook.com,555-6039,1953-07-04,5428 Washington St,Charlotte,TX,52830,78818,employed,2025-03-07,active
1134,Emily,Johnson,anthony.garcia@outlook.com,555-7273,2000-10-30,8770 Elm St,Oklahoma City,NV,71982,118575,employed,2023-09-09,active
1135,John,Rodriguez,elizabeth.jones@yahoo.com,555-9425,1992-11-07,9239 Jefferson Dr,Fort Worth,PA,27937,74313,employed,2022-05-25,active
1136,Matthew,Ramirez,catherine.taylor@outlook.com,555-8369,1993-12-10,7345 Second St,San Jose,PA,28116,129029,employed,2023-04-22,active
1137,Nicole,White,catherine.wilson@hotmail.com,555-6199,2000-08-24,4819 Cedar Ln,San Francisco,AZ,49916,79162,employed,2023-12-27,active
1138,Jane,Jones,john.lewis@gmail.com,555-1702,1959-08-01,5127 Jefferson Dr,Boston,OH,86851,209028,self_employed,2024-03-03,active
1139,Lisa,Sanchez,matthew.ramirez@hotmail.com,555-2134,1964-04-14,191 Lincoln Ave,Austin,OK,14428,27747,employed,2023-06-20,active
1142,Amanda,Thompson,joshua.sanchez@gmail.com,555-3190,1962-09-04,1130 Maple Dr,San Antonio,AZ,94560,212230,employed,2020-07-31,active
1143,John,Lewis,emily.taylor@yahoo.com,555-7805,1969-02-18,8120 Cedar Ln,San Antonio,TN,55220,71932,employed,2020-09-04,active
1144,Emily,Perez,rachel.garcia@yahoo.com,555-6735,1988-08-30,7706 Lincoln Ave,Dallas,CO,83667,83239,employed,2024-01-23,active
1145,Michael,Hernandez,jennifer.martin@gmail.com,555-9371,2005-09-06,7531 Madison St,Nashville,OH,23402,25071,self_employed,2022-09-28,active
1146,Paul,Garcia,david.anderson@yahoo.com,555-4249,1985-04-29,3659 Cedar Ln,New York,WA,33827,129402,self_employed,2021-07-05,active
1147,William,Brown,deborah.sanchez@hotmail.com,555-2234,2003-01-16,5067 First St,Seattle,AZ,40992,202015,employed,2021-06-23,active
1148,Joshua,Miller,matthew.moore@hotmail.com,555-5370,1983-01-30,2101 Monroe Dr,Las Vegas,TN,74631,48012,employed,2021-10-08,active
1149,Kenneth,Hernandez,thomas.ramirez@hotmail.com,555-9161,2000-06-05,2008 Cedar Ln,Charlotte,TN,10352,48098,self_employed,2021-08-03,active
1151,Jennifer,Smith,robert.jones@hotmail.com,555-7506,1950-06-18,9078 Park Ave,Philadelphia,CA,15828,132004,employed,2022-01-11,active
1152,Andrew,Ramirez,kenneth.anderson@hotmail.com,555-4450,1978-12-26,8526 Jefferson Dr,Philadelphia,OH,93548,55256,employed,2023-07-17,active
1154,Kenneth,Lewis,emily.smith@yahoo.com,555-3743,1998-03-30,5805 Main St,Chicago,IN,36062,46882,self_employed,2023-03-22,active
1155,Frances,Clark,richard.robinson@gmail.com,555-7808,1987-10-08,1454 Park Ave,Nashville,OK,22180,131756,employed,2023-12-15,inactive
1156,Jennifer,Brown,ashley.garcia@gmail.com,555-8542,1982-05-21,7744 Maple Dr,Los Angeles,TX,89408,21586,unemployed,2024-11-12,active
1157,Robert,Jones,amanda.johnson@gmail.com,555-1522,1985-08-25,2328 Lincoln Ave,Nashville,NV,67361,23693,employed,2021-12-08,active
1158,Kenneth,Miller,deborah.gonzalez@hotmail.com,555-4414,1993-09-10,319 Cedar Ln,Charlotte,IN,78287,77015,employed,2021-02-14,active
1159,Daniel,Smith,maria.perez@outlook.com,555-9598,1958-03-17,5623 Main St,Denver,WA,27646,75771,employed,2021-05-20,active
1160,Catherine,Miller,elizabeth.lopez@outlook.com,555-2081,2004-05-15,120 Park Ave,Oklahoma City,CO,26803,40560,employed,2024-11-28,active
1162,David,Lewis,jennifer.smith@yahoo.com,555-8894,1950-06-03,7021 Elm St,Jacksonville,PA,72824,20886,employed,2021-11-01,active
1163,Sarah,Anderson,emily.wilson@outlook.com,555-1366,1982-08-02,3838 Maple Dr,Phoenix,IN,79605,45451,employed,2024-03-09,active
1164,William,Clark,john.davis@hotmail.com,555-1530,1967-12-30,1060 Elm St,New York,CO,63154,30467,employed,2023-04-29,active
1165,Stephanie,Martin,david.lopez@outlook.com,555-6702,1978-12-18,4770 Adams Ave,Philadelphia,OH,42935,84793,employed,2023-03-26,active
1167,Emily,Thomas,william.wilson@email.com,555-1698,1994-06-07,315 Elm St,Las Vegas,CO,68688,49049,employed,2021-02-21,active
1168,Sarah,Anderson,emily.miller@email.com,555-1695,1982-04-01,7521 Elm St,San Diego,CA,70548,23544,self_employed,2024-07-15,active
1169,Daniel,Lopez,janet.rodriguez@outlook.com,555-5919,1963-06-29,6663 Cedar Ln,Houston,FL,13249,21566,self_employed,2020-08-21,active
1170,Anthony,Anderson,deborah.thompson@outlook.com,555-5157,1990-02-08,586 Park Ave,Houston,NY,53746,57422,self_employed,2021-08-28,inactive
1171,William,Clark,steven.robinson@hotmail.com,555-8167,1980-11-27,7256 Maple Dr,Chicago,CO,86696,121565,employed,2020-11-25,active
1172,Sarah,Rodriguez,helen.wilson@outlook.com,555-2641,1973-06-16,5512 Main St,Chicago,TX,16629,130564,employed,2023-01-18,active
1173,Michael,Smith,thomas.jackson@yahoo.com,555-9910,1995-02-13,1213 Second St,Denver,NY,51293,74073,self_employed,2021-12-09,active
1174,Michael,Rodriguez,frances.martin@email.com,555-1620,1998-06-29,4976 Monroe Dr,Fort Worth,NV,74595,80376,employed,2024-02-15,active
1176,Jessica,Davis,amanda.harris@hotmail.com,555-8158,1962-01-05,3555 Washington St,Denver,TX,90025,35725,employed,2023-01-16,active
1177,Deborah,Ramirez,james.smith@yahoo.com,555-8655,1950-03-02,8547 Jackson St,Seattle,PA,23853,28654,employed,2021-01-15,active
1179,Catherine,Martinez,andrew.smith@gmail.com,555-9955,1981-05-22,4360 Washington St,Seattle,AZ,31065,87612,employed,2024-10-16,active
1180,Charles,Jackson,steven.taylor@hotmail.com,555-8170,1946-08-17,8932 Cedar Ln,Los Angeles,NY,44013,126667,employed,2023-07-28,active
1181,Amanda,Clark,richard.gonzalez@email.com,555-2394,1972-06-19,9859 Madison St,Chicago,IL,30687,55508,employed,2023-05-29,active
1182,William,Martin,deborah.moore@email.com,555-3464,1987-03-01,6524 Monroe Dr,Nashville,CA,45013,89347,employed,2020-10-13,active
1183,Emily,Sanchez,catherine.wilson@gmail.com,555-6809,1983-11-30,821 Monroe Dr,Seattle,OH,33203,43863,employed,2023-04-11,active
1184,Nicole,White,mark.lopez@gmail.com,555-8540,1997-09-20,6623 Cedar Ln,San Jose,CA,89265,133127,employed,2022-11-27,active
1185,Joshua,Davis,thomas.robinson@email.com,555-8033,1947-11-22,4452 Jackson St,San Francisco,IN,29882,59982,employed,2020-11-26,active
1186,Jennifer,Garcia,anthony.jackson@yahoo.com,555-7662,1970-04-14,8990 Maple Dr,New York,NV,85218,51076,employed,2024-12-19,active
1187,Andrew,Davis,frances.johnson@outlook.com,555-3252,1968-10-14,6574 Monroe Dr,Phoenix,NV,68349,53111,employed,2023-12-01,active
1188,David,Miller,lisa.jackson@yahoo.com,555-6861,2004-11-28,9925 Cedar Ln,San Antonio,MA,24150,42077,employed,2021-11-05,active
1189,Jessica,Johnson,thomas.hernandez@email.com,555-9372,1954-01-23,6663 Lincoln Ave,Oklahoma City,NY,31702,70013,employed,2022-07-24,active
1190,Thomas,Brown,frances.brown@outlook.com,555-6208,2003-12-07,617 Park Ave,Oklahoma City,IN,45861,49898,employed,2020-09-12,active
1191,Paul,Lewis,david.harris@email.com,555-3077,1968-10-19,9841 Oak Ave,Seattle,NY,62521,42070,employed,2023-02-17,active
1192,Michelle,Wilson,janet.ramirez@gmail.com,555-4710,1974-11-18,3126 Madison St,Boston,DC,44737,28896,employed,2023-08-09,active
1193,Catherine,Gonzalez,frances.moore@outlook.com,555-6105,1991-01-20,6344 Washington St,Oklahoma City,IL,52903,78158,employed,2022-06-13,active
1194,Frances,Jones,kevin.perez@yahoo.com,555-1959,2007-04-08,7927 Jefferson Dr,San Diego,DC,15831,196615,employed,2022-07-06,active
1195,Sarah,Davis,kevin.moore@email.com,555-7469,1964-03-05,7001 Lincoln Ave,San Diego,MA,94884,53843,employed,2021-03-31,active
1196,Sarah,Gonzalez,carolyn.smith@gmail.com,555-1405,1998-11-23,9478 Washington St,Phoenix,IN,79514,80736,employed,2023-10-18,active
1197,Michelle,Sanchez,maria.martin@outlook.com,555-8067,1990-03-24,6824 Oak Ave,Austin,MA,44358,32331,unemployed,2021-06-13,active
1198,Elizabeth,Thomas,steven.hernandez@email.com,555-1478,1996-11-02,7482 Washington St,Austin,OH,35203,80182,employed,2024-12-03,active
1199,Elizabeth,Rodriguez,helen.lewis@outlook.com,555-3143,2002-06-06,3119 Adams Ave,Austin,IN,17103,83931,employed,2021-02-24,active
1200,Sarah,Smith,deborah.garcia@yahoo.com,555-2940,1961-04-14,2592 Washington St,Philadelphia,TN,66122,59930,employed,2025-06-26,active
1201,Matthew,Martin,david.gonzalez@gmail.com,555-2698,1952-09-07,2997 Second St,Oklahoma City,TX,22097,80178,employed,2022-08-18,active
1203,Emily,Garcia,kenneth.martin@hotmail.com,555-8275,1946-10-25,4576 Jackson St,Phoenix,MA,44487,199189,employed,2025-04-28,active
1204,Lisa,Robinson,william.johnson@yahoo.com,555-9663,1968-02-18,3848 Monroe Dr,Austin,OH,66371,117494,employed,2022-06-25,active
1205,Maria,Lopez,william.lopez@hotmail.com,555-9422,1961-04-11,5175 Maple Dr,Houston,OH,75989,87442,employed,2022-05-12,active
1206,Deborah,Rodriguez,stephanie.lee@hotmail.com,555-5672,2004-02-08,7754 Lincoln Ave,Las Vegas,AZ,35796,48793,employed,2025-04-13,active
1207,Steven,Martinez,joshua.martin@outlook.com,555-2390,1986-01-12,7282 Madison St,San Antonio,OH,97097,26342,employed,2022-03-10,active
1208,Jane,Miller,maria.moore@outlook.com,555-3780,1952-02-14,7878 Jefferson Dr,Oklahoma City,NY,95859,75451,employed,2023-08-02,active
1209,Jessica,Clark,michael.rodriguez@hotmail.com,555-4184,1948-07-27,6434 First St,Austin,NV,28982,134881,employed,2022-01-14,active
1210,John,Johnson,robert.taylor@gmail.com,555-7493,1985-02-11,7868 Washington St,San Francisco,IL,65703,47520,self_employed,2022-06-24,inactive
1212,Matthew,Davis,kevin.brown@yahoo.com,555-9792,1986-07-19,8330 Second St,Seattle,DC,91539,58103,employed,2023-09-23,active
1213,Jennifer,Lewis,kevin.johnson@hotmail.com,555-6152,1988-10-07,9582 Maple Dr,Indianapolis,TX,45945,212291,employed,2025-04-01,active
1214,Emily,Ramirez,kevin.moore@outlook.com,555-5139,1961-04-18,4487 Maple Dr,San Antonio,OH,87646,32348,employed,2023-01-23,active
1216,Lisa,Johnson,lisa.smith@yahoo.com,555-4768,1961-05-11,134 Main St,Chicago,NV,60585,76949,employed,2023-02-16,active
1218,Daniel,Robinson,matthew.lee@yahoo.com,555-2393,1998-06-29,8461 Oak Ave,Indianapolis,NC,65199,47708,self_employed,2024-12-06,active
1220,Catherine,Gonzalez,steven.clark@gmail.com,555-6429,1947-05-07,854 Adams Ave,Columbus,DC,65323,125794,self_employed,2022-01-18,active
1222,Frances,Thomas,michael.taylor@email.com,555-1246,1978-07-18,9302 Park Ave,Columbus,MA,81858,134381,employed,2021-09-04,active
1223,Kenneth,Martin,helen.garcia@outlook.com,555-8522,1946-12-23,8750 First St,Seattle,MA,83142,37507,employed,2023-08-28,active
1224,Carolyn,Sanchez,frances.williams@hotmail.com,555-1501,1978-11-16,9788 Adams Ave,Philadelphia,CO,69445,73876,employed,2025-04-10,active
1225,Kevin,Davis,james.smith@gmail.com,555-3174,1984-04-25,5973 Jackson St,Boston,NV,85669,52355,employed,2023-09-04,active
1226,Emily,Moore,john.harris@email.com,555-7038,1958-01-30,1293 Jackson St,Jacksonville,WA,76911,40481,employed,2022-04-21,inactive
1227,Emily,Perez,james.thomas@hotmail.com,555-7309,1999-08-12,3129 Pine Rd,Houston,AZ,46743,35946,employed,2021-01-21,active
1228,Amanda,Garcia,jennifer.martin@outlook.com,555-6476,1991-07-19,9727 Pine Rd,Charlotte,CA,44646,74514,employed,2024-08-01,active
1229,Maria,Lopez,daniel.lopez@outlook.com,555-1743,1974-03-17,7228 Maple Dr,New York,AZ,26558,44321,employed,2025-04-11,active
1230,Jane,White,sarah.williams@outlook.com,555-4597,1976-04-16,6817 Second St,Los Angeles,TN,32502,40001,employed,2021-09-22,active
1231,Andrew,Garcia,maria.martin@hotmail.com,555-5587,1946-01-17,1057 Pine Rd,Indianapolis,NV,95452,55401,unemployed,2025-02-13,active
1233,Kenneth,Lopez,john.martin@yahoo.com,555-8599,1955-05-23,1511 Lincoln Ave,Philadelphia,MA,20599,71933,employed,2024-09-24,active
1234,Steven,Johnson,kenneth.jones@yahoo.com,555-1718,1948-07-15,7675 Pine Rd,Columbus,WA,99192,77451,self_employed,2020-08-16,active
1235,Kenneth,Sanchez,stephanie.moore@hotmail.com,555-5801,1965-12-16,2407 Jackson St,Columbus,FL,64018,42838,self_employed,2022-06-22,active
1236,Donald,Clark,emily.martin@email.com,555-3314,1988-02-17,3412 Washington St,Seattle,IL,37946,55473,employed,2024-11-11,active
1237,Jennifer,Lopez,maria.perez@email.com,555-7607,1965-06-28,3101 Pine Rd,Charlotte,IN,37962,28448,employed,2025-06-26,active
1239,Joshua,Taylor,richard.moore@hotmail.com,555-3897,1974-02-11,3833 Madison St,Boston,IN,63201,48236,self_employed,2021-04-25,active
1240,Steven,Robinson,michelle.thompson@gmail.com,555-7446,1977-11-24,7456 Lincoln Ave,Jacksonville,IL,57739,41739,employed,2022-10-08,active
1241,Joshua,Robinson,nicole.lewis@hotmail.com,555-2755,1949-05-28,8183 Washington St,Las Vegas,NY,97304,70318,employed,2023-11-27,active
1242,Rachel,Harris,andrew.gonzalez@gmail.com,555-1312,1958-05-12,5482 Washington St,Oklahoma City,TN,99388,42730,unemployed,2022-09-21,active
1244,Sarah,Smith,william.ramirez@outlook.com,555-1831,1952-09-03,5334 Elm St,Austin,FL,33998,133543,employed,2025-06-20,active
1245,Frances,Hernandez,michael.anderson@hotmail.com,555-1718,1989-10-05,1736 Jackson St,Oklahoma City,FL,26926,89274,employed,2023-02-21,active
1246,Catherine,Perez,elizabeth.lee@gmail.com,555-4778,2005-05-19,1177 Oak Ave,New York,DC,47728,31595,employed,2024-05-04,active
1248,Frances,Robinson,robert.davis@hotmail.com,555-3855,1994-07-12,5984 Jefferson Dr,San Diego,CO,99918,42359,employed,2023-09-21,active
1249,Sarah,Wilson,carolyn.jackson@email.com,555-1213,2003-05-19,414 Madison St,Denver,MA,81761,32711,employed,2020-11-14,active
1250,Michael,Harris,jessica.thomas@email.com,555-5375,2006-08-14,2153 Park Ave,Nashville,FL,84747,54392,employed,2025-04-19,active
1251,Jane,Smith,helen.thomas@outlook.com,555-7176,1959-09-11,5575 Lincoln Ave,New York,FL,31060,82286,self_employed,2024-02-03,active
1252,Mark,Hernandez,thomas.jones@outlook.com,555-4008,1971-03-29,1832 Jackson St,Seattle,NC,34087,36162,employed,2023-10-22,active
1253,Jennifer,Davis,charles.martinez@hotmail.com,555-2560,1951-11-07,349 Oak Ave,Denver,CA,94299,58765,employed,2022-11-27,active
1254,Joshua,Moore,donald.taylor@hotmail.com,555-4980,1946-11-04,2581 Elm St,Chicago,DC,61456,28004,employed,2023-01-12,active
1255,Nicole,Robinson,rachel.hernandez@email.com,555-9897,1986-01-25,5396 Cedar Ln,Chicago,PA,87780,20212,employed,2024-09-03,active
1256,Charles,Clark,jessica.wilson@yahoo.com,555-1138,1958-04-14,7596 Jefferson Dr,Jacksonville,NV,34449,45488,employed,2020-12-23,active
1258,William,Williams,anthony.robinson@email.com,555-3039,1992-06-12,9485 Monroe Dr,Las Vegas,NY,99967,39922,employed,2022-08-05,active
1260,Sarah,Harris,nicole.robinson@yahoo.com,555-8843,1993-08-03,9993 Park Ave,Chicago,DC,89777,56933,employed,2021-05-29,active
1261,Michelle,Hernandez,stephanie.ramirez@gmail.com,555-2572,1991-09-12,2362 Cedar Ln,Las Vegas,OK,31300,75648,employed,2020-07-19,active
1262,Charles,Jones,jennifer.johnson@hotmail.com,555-2452,1970-06-25,4666 Monroe Dr,Dallas,FL,27259,79651,employed,2024-09-28,active
1263,Elizabeth,Jackson,kevin.thompson@yahoo.com,555-1167,2005-12-25,2173 Main St,Phoenix,CA,93105,72163,employed,2021-09-15,inactive
1266,Joshua,Davis,james.harris@gmail.com,555-1375,2004-01-24,2752 Pine Rd,Columbus,IL,71561,59154,employed,2022-03-20,active
1267,Janet,Miller,lisa.sanchez@gmail.com,555-5319,1967-11-02,8967 Second St,Chicago,DC,61364,75214,employed,2021-06-14,active
1268,Donald,Thomas,john.taylor@gmail.com,555-7011,1982-01-02,9228 Jefferson Dr,Columbus,DC,70359,26652,self_employed,2024-10-06,active
1269,Jennifer,Williams,kenneth.taylor@outlook.com,555-6931,1978-01-15,1090 Washington St,Denver,IN,43388,27663,unemployed,2022-03-24,active
1270,Richard,Perez,stephanie.martin@yahoo.com,555-4681,1996-07-05,6929 Jefferson Dr,New York,IN,94832,54138,employed,2023-12-07,active
1272,Michelle,Perez,jennifer.brown@email.com,555-9408,2002-09-03,743 Monroe Dr,Washington,TX,91628,88179,employed,2022-10-29,active
1274,Elizabeth,Moore,jessica.davis@yahoo.com,555-5271,1963-09-29,669 First St,Chicago,IL,57951,51981,employed,2025-04-19,active
1276,Kenneth,Thomas,michelle.gonzalez@outlook.com,555-9237,1979-11-22,1141 Adams Ave,San Antonio,NC,26577,47861,employed,2020-12-25,active
1277,John,Jackson,nicole.robinson@email.com,555-6019,1991-03-04,1534 Lincoln Ave,Philadelphia,DC,88111,40725,employed,2021-05-05,active
1278,Stephanie,Ramirez,steven.garcia@gmail.com,555-4924,1946-10-22,7525 Second St,Phoenix,OH,58226,133865,employed,2024-11-24,active
1279,Lisa,Robinson,daniel.johnson@hotmail.com,555-9920,1997-12-10,3301 First St,Philadelphia,MA,25249,203706,employed,2022-03-25,active
1280,Sarah,Anderson,kenneth.wilson@yahoo.com,555-8502,1965-11-13,1808 Main St,New York,TX,74970,121995,employed,2023-07-09,active
1281,Emily,Lopez,maria.anderson@gmail.com,555-5601,1974-02-25,2662 Park Ave,Jacksonville,NC,33097,119655,self_employed,2022-12-20,active
1282,Carolyn,Johnson,lisa.thomas@yahoo.com,555-3680,2003-09-27,514 Adams Ave,Austin,AZ,39171,85094,employed,2023-01-13,active
1283,Matthew,Wilson,richard.miller@outlook.com,555-1055,1955-08-05,4665 Oak Ave,Boston,CA,92483,34089,employed,2024-06-20,active
1286,Jennifer,Taylor,helen.garcia@gmail.com,555-4055,1997-03-26,8040 First St,Jacksonville,AZ,58959,51333,employed,2023-12-29,active
1287,Jennifer,Garcia,jennifer.lee@outlook.com,555-4716,2000-11-07,3214 Cedar Ln,New York,IN,57656,121986,self_employed,2025-04-28,active
1289,Kevin,Thomas,lisa.harris@email.com,555-3595,1963-07-12,6344 Oak Ave,Houston,NY,74407,56759,employed,2021-03-29,active
1290,Maria,Perez,maria.lee@yahoo.com,555-2468,1989-10-27,7222 Second St,Seattle,NC,62761,38141,employed,2023-03-23,active
1291,Ashley,Miller,jennifer.jones@yahoo.com,555-9328,1947-02-09,1838 Washington St,Dallas,AZ,55364,48606,employed,2023-09-07,inactive
1293,Jessica,Williams,lisa.moore@gmail.com,555-5449,1981-03-11,8157 Second St,Houston,OH,10827,85688,self_employed,2023-04-07,active
1294,Lisa,Lee,maria.hernandez@yahoo.com,555-1222,2004-10-20,1275 First St,Fort Worth,PA,62598,58313,self_employed,2024-03-31,active
1295,Paul,Perez,elizabeth.gonzalez@gmail.com,555-6141,1970-06-06,7901 Oak Ave,Jacksonville,WA,42955,83084,employed,2023-09-24,active
1296,Deborah,White,michelle.williams@gmail.com,555-6606,1975-03-12,7116 Second St,New York,IL,85527,42205,employed,2024-08-01,active
1297,Maria,Thomas,anthony.sanchez@yahoo.com,555-1986,1988-05-26,108 Maple Dr,New York,NC,32115,214363,employed,2022-12-24,inactive
1299,Kenneth,Taylor,paul.miller@gmail.com,555-3702,1983-11-05,8137 Monroe Dr,San Diego,IL,88897,84873,employed,2024-11-10,active
1300,Jane,Anderson,nicole.thompson@email.com,555-9690,1993-07-27,7884 Adams Ave,Jacksonville,OH,93545,52759,employed,2021-09-15,active
1301,Kevin,Williams,mark.hernandez@hotmail.com,555-4086,1948-05-12,8496 Lincoln Ave,Philadelphia,OH,26343,80117,employed,2021-05-09,active
1302,Jane,Harris,anthony.thomas@outlook.com,555-5461,1970-12-18,9324 Jackson St,San Jose,OK,10902,22269,employed,2024-07-12,active
1303,Stephanie,Martinez,joshua.perez@outlook.com,555-9133,1981-07-24,4978 Jackson St,Denver,TN,50568,38391,employed,2025-07-03,active
1305,Kenneth,Wilson,frances.garcia@outlook.com,555-8231,1952-09-08,1900 Jefferson Dr,Phoenix,DC,39194,82652,unemployed,2022-05-05,active
1306,John,Garcia,elizabeth.lopez@gmail.com,555-3646,1993-01-19,2739 Jackson St,Columbus,FL,65910,89449,employed,2022-03-22,active
1307,Janet,Martin,maria.clark@email.com,555-6495,2000-06-21,6546 Jefferson Dr,San Jose,MA,96174,30289,employed,2022-12-24,active
1309,Steven,Martinez,charles.jackson@hotmail.com,555-7716,1969-04-05,381 Cedar Ln,Phoenix,OH,16257,123469,employed,2023-11-14,active
1310,Ashley,Jackson,joshua.lee@email.com,555-5417,1954-07-17,4182 Cedar Ln,Houston,NY,84843,59839,employed,2023-01-15,active
1313,Lisa,Miller,rachel.hernandez@outlook.com,555-6836,1993-01-11,9846 Madison St,San Antonio,WA,86329,31657,employed,2022-06-07,active
1314,Deborah,Sanchez,emily.robinson@email.com,555-4578,1951-10-06,4377 Jefferson Dr,Seattle,IN,34792,115075,employed,2021-12-30,active
1315,Charles,Robinson,joshua.moore@hotmail.com,555-1787,1963-12-16,4959 Cedar Ln,San Antonio,MA,30653,47251,employed,2024-04-20,active
1316,Rachel,Martinez,amanda.rodriguez@outlook.com,555-4406,2004-06-12,1865 Main St,San Jose,OH,96938,28148,employed,2023-01-26,active
1317,Joshua,Clark,jane.johnson@email.com,555-6141,1958-03-25,9423 Second St,Fort Worth,CA,30052,52984,employed,2025-07-05,active
1318,Daniel,Williams,rachel.rodriguez@yahoo.com,555-1615,1972-09-11,3505 Lincoln Ave,Los Angeles,AZ,39934,35967,employed,2023-07-20,active
1319,Maria,Martin,michelle.wilson@outlook.com,555-6543,1961-11-05,7447 Lincoln Ave,Las Vegas,PA,36079,116537,employed,2021-09-01,active
1320,Jane,Jones,nicole.gonzalez@email.com,555-2766,1964-12-05,3449 Main St,San Diego,NY,38765,202660,employed,2021-08-25,active
1321,Lisa,Perez,deborah.sanchez@outlook.com,555-6983,1946-07-21,7268 Adams Ave,Phoenix,OK,89910,42219,employed,2023-12-18,active
1322,Sarah,Garcia,michelle.lee@hotmail.com,555-4450,1950-08-15,1381 Cedar Ln,San Diego,NC,73915,123163,self_employed,2021-07-01,active
1323,Joshua,Martinez,rachel.williams@email.com,555-1268,1953-09-29,7541 Cedar Ln,Philadelphia,AZ,48361,44319,employed,2020-10-31,active
1324,Thomas,Perez,joshua.anderson@gmail.com,555-8803,2003-03-17,8213 Lincoln Ave,Dallas,MA,23876,33552,self_employed,2024-01-12,active
1325,Sarah,Gonzalez,elizabeth.lee@email.com,555-4725,1993-10-02,7320 Maple Dr,Nashville,OK,92434,75992,self_employed,2021-05-16,active
1326,Matthew,Martin,michael.sanchez@email.com,555-6623,1980-02-27,6558 Washington St,Oklahoma City,NC,76470,117100,employed,2024-08-09,active
1327,Richard,Anderson,kenneth.harris@gmail.com,555-4052,1954-07-16,2229 Pine Rd,Chicago,CA,25627,130907,employed,2023-07-09,active
1329,Frances,Rodriguez,anthony.garcia@email.com,555-6215,1955-05-29,8193 Elm St,Philadelphia,PA,28625,59259,unemployed,2023-04-21,active
1330,Rachel,Garcia,william.smith@hotmail.com,555-5739,1959-01-07,2464 Elm St,Fort Worth,PA,59398,78184,employed,2024-05-07,active
1331,Mark,Ramirez,richard.robinson@yahoo.com,555-1024,1993-12-31,3303 Park Ave,San Jose,IN,49589,134369,self_employed,2023-01-09,active
1332,Janet,Thomas,andrew.martin@email.com,555-6416,1946-08-24,4539 Jackson St,New York,PA,11353,124985,employed,2025-05-13,active
1333,David,Martin,matthew.miller@outlook.com,555-9140,1968-09-06,3076 Madison St,Columbus,FL,30966,86629,employed,2025-06-18,active
1334,Steven,Robinson,carolyn.thomas@hotmail.com,555-3793,1959-12-13,5976 Maple Dr,New York,MA,20558,47640,employed,2025-07-05,active
1335,James,Smith,elizabeth.jackson@yahoo.com,555-3472,1998-10-01,4783 Elm St,Chicago,WA,63806,74645,employed,2021-10-07,active
1336,Catherine,Gonzalez,charles.wilson@yahoo.com,555-8590,2005-07-22,2625 Adams Ave,Philadelphia,IN,97042,80348,employed,2024-10-28,inactive
1337,Thomas,Martin,andrew.smith@email.com,555-6564,1954-04-21,3287 Park Ave,Las Vegas,TX,39233,32352,employed,2024-03-18,active
1339,Lisa,Thompson,elizabeth.moore@yahoo.com,555-8134,1994-05-07,6934 Monroe Dr,Fort Worth,IN,11105,86756,employed,2021-02-14,active
1340,Joshua,Johnson,mark.martinez@hotmail.com,555-3188,2006-01-13,115 Oak Ave,Fort Worth,PA,84713,30705,employed,2023-05-12,active
1341,Matthew,Taylor,matthew.harris@outlook.com,555-7581,1970-11-15,6642 Washington St,Las Vegas,TX,88091,57184,employed,2022-12-25,active
1342,Jennifer,Thompson,deborah.sanchez@yahoo.com,555-3933,1952-04-30,3267 Cedar Ln,New York,IN,18383,45907,employed,2020-10-18,active
1343,Lisa,Martinez,carolyn.taylor@email.com,555-2833,1953-09-02,7817 Jackson St,Phoenix,MA,87087,87429,employed,2023-12-17,active
1344,Robert,Lee,william.taylor@yahoo.com,555-2816,1994-11-23,426 Oak Ave,San Diego,MA,65344,88853,employed,2022-11-03,active
1345,Sarah,Smith,anthony.robinson@yahoo.com,555-3642,1993-12-20,5615 Park Ave,Seattle,DC,34713,75508,employed,2025-06-08,active
1346,Amanda,Rodriguez,jessica.lewis@email.com,555-4849,1994-12-02,131 Jefferson Dr,Seattle,PA,64778,41520,employed,2025-04-07,active
1347,Sarah,Johnson,steven.gonzalez@email.com,555-8081,1960-04-22,7593 Adams Ave,San Diego,OH,33240,58499,employed,2025-04-10,active
1351,Paul,Thomas,mark.brown@gmail.com,555-7922,2002-01-13,6165 Cedar Ln,New York,NV,23166,115648,employed,2025-05-05,active
1353,Carolyn,Garcia,jane.thompson@yahoo.com,555-7402,1979-05-28,6139 Madison St,Seattle,DC,32389,49794,employed,2023-12-21,active
1354,Steven,Miller,stephanie.martin@email.com,555-3662,1976-05-27,5443 First St,Washington,NC,97970,73086,employed,2022-12-25,active
1355,James,Jackson,kevin.smith@outlook.com,555-5392,2001-11-17,7885 Maple Dr,Washington,MA,65450,34560,employed,2023-11-07,inactive
1357,Andrew,Miller,kevin.sanchez@email.com,555-5952,1955-09-09,6833 Jackson St,San Diego,IN,70074,49037,employed,2023-06-14,active
1359,John,Hernandez,william.brown@gmail.com,555-3687,1981-05-05,2386 Jackson St,Los Angeles,DC,62456,56867,employed,2022-03-02,active
1360,Amanda,Rodriguez,joshua.clark@hotmail.com,555-6874,1992-04-02,1810 First St,New York,FL,97257,115592,employed,2025-01-19,active
1361,Frances,Martin,paul.rodriguez@gmail.com,555-6695,1982-11-30,3975 Main St,Phoenix,TN,58569,57722,employed,2020-08-12,active
1362,Helen,Brown,catherine.lewis@email.com,555-6830,2003-06-18,3430 Main St,Jacksonville,DC,48375,51302,employed,2021-01-31,active
1363,Joshua,Perez,daniel.wilson@outlook.com,555-1848,1990-09-08,7961 Main St,Boston,TX,79575,76277,employed,2023-03-10,active
1364,Ashley,Wilson,elizabeth.lewis@gmail.com,555-1779,1966-04-23,4546 Washington St,San Jose,NC,27239,116144,employed,2023-11-30,active
1365,Nicole,Wilson,maria.lewis@outlook.com,555-7131,1960-05-19,5029 Oak Ave,Fort Worth,AZ,26521,35858,employed,2021-03-13,active
1366,Paul,Jones,matthew.robinson@outlook.com,555-3920,1962-02-14,3062 Elm St,Washington,NY,53487,59574,employed,2021-11-12,active
1367,Jane,Rodriguez,carolyn.martinez@outlook.com,555-7370,1972-10-29,8966 Washington St,Nashville,WA,58806,79663,employed,2023-11-22,active
1368,Charles,Moore,charles.hernandez@gmail.com,555-9013,1952-12-07,2347 Washington St,Austin,CO,38594,45594,employed,2021-02-10,active
1369,Jessica,Gonzalez,james.perez@yahoo.com,555-2497,1951-09-10,7838 First St,Boston,AZ,93008,134527,employed,2023-02-20,active
1370,Joshua,White,jessica.martin@hotmail.com,555-6259,2006-02-27,5363 Lincoln Ave,Philadelphia,PA,86605,48870,employed,2024-04-16,active
1371,Matthew,Brown,helen.brown@email.com,555-6368,1989-06-26,6133 Pine Rd,Charlotte,IL,17174,81346,employed,2022-06-05,active
1372,Kevin,Williams,thomas.anderson@outlook.com,555-6034,1969-09-30,7826 First St,Jacksonville,FL,56743,71545,employed,2024-11-14,active
1373,Daniel,Brown,rachel.brown@hotmail.com,555-5919,1996-10-29,7627 Park Ave,Dallas,IN,89040,57331,employed,2021-09-06,active
1374,Charles,Miller,lisa.taylor@yahoo.com,555-7902,1953-01-19,1224 Park Ave,San Diego,NV,88757,56729,employed,2021-07-25,active
1376,Lisa,Anderson,stephanie.wilson@hotmail.com,555-4484,1974-12-20,3809 Monroe Dr,San Francisco,CA,23307,42051,employed,2023-05-31,active
1377,Richard,Martinez,michelle.ramirez@outlook.com,555-9135,1953-06-15,7951 Jackson St,Las Vegas,DC,31310,33921,employed,2023-11-12,active
1379,Joshua,Martin,maria.hernandez@outlook.com,555-4733,1997-05-25,377 First St,Nashville,WA,31459,71210,employed,2021-01-27,active
1380,Daniel,Lewis,daniel.garcia@hotmail.com,555-7387,1970-06-09,8531 Washington St,Washington,TN,86393,83421,employed,2022-08-15,active
1381,Carolyn,Hernandez,kenneth.lopez@email.com,555-3071,1992-02-04,1921 Oak Ave,Philadelphia,AZ,19366,82154,employed,2023-01-06,active
1383,Robert,Sanchez,michelle.sanchez@yahoo.com,555-7970,1990-02-14,2719 Madison St,San Francisco,TX,20878,48607,self_employed,2021-07-25,active
1384,Nicole,Harris,deborah.ramirez@email.com,555-2869,1952-12-10,9571 First St,Washington,OK,80617,76878,employed,2020-12-27,active
1385,Jane,White,frances.perez@email.com,555-3734,1955-01-17,7395 Jackson St,Denver,CA,58549,133888,employed,2022-04-24,active
1386,Charles,Clark,elizabeth.williams@hotmail.com,555-9267,1993-11-25,438 Jackson St,Las Vegas,NY,97678,128859,employed,2022-04-30,active
1387,Lisa,Brown,kenneth.davis@email.com,555-2307,1946-07-12,4173 Maple Dr,Denver,OK,50288,70654,employed,2021-04-18,active
1390,Jessica,Miller,anthony.davis@email.com,555-1988,1946-03-26,5570 Lincoln Ave,Columbus,IL,58066,89647,employed,2024-02-03,inactive
1392,Andrew,Robinson,jessica.thomas@outlook.com,555-3977,1986-08-02,561 Cedar Ln,Seattle,MA,95217,41395,employed,2022-08-30,active
1393,Janet,Williams,mark.sanchez@hotmail.com,555-5201,1951-10-03,6853 Pine Rd,Los Angeles,TX,91717,48171,employed,2024-06-12,active
1394,Stephanie,Wilson,thomas.johnson@hotmail.com,555-3038,1948-12-14,3195 Main St,Phoenix,OK,38048,121708,employed,2020-08-02,active
1395,Andrew,Ramirez,robert.rodriguez@hotmail.com,555-5433,1986-04-05,2001 First St,Denver,WA,37710,46833,employed,2020-08-30,active
1396,Helen,Rodriguez,kevin.lee@gmail.com,555-3845,1961-02-15,8384 Second St,Washington,NV,69551,71471,employed,2024-10-31,active
1397,Jessica,Clark,nicole.moore@outlook.com,555-3224,1989-08-21,2119 Jackson St,Dallas,FL,12788,51488,employed,2024-02-21,inactive
1399,Anthony,Taylor,charles.white@yahoo.com,555-4513,1981-11-25,4752 Monroe Dr,Charlotte,NY,42908,55397,employed,2021-01-26,active
1400,Lisa,Lopez,richard.taylor@outlook.com,555-1379,1962-04-22,9028 Maple Dr,Fort Worth,AZ,55702,20408,unemployed,2022-01-09,active
1401,William,Ramirez,charles.lewis@gmail.com,555-1570,2004-02-13,5934 Jackson St,Charlotte,AZ,10959,203584,employed,2022-01-17,active
1402,Carolyn,Thompson,catherine.clark@hotmail.com,555-2633,1996-04-13,3624 Cedar Ln,Dallas,CO,41483,21854,unemployed,2025-04-02,active
1404,Emily,Thomas,stephanie.sanchez@yahoo.com,555-4039,1971-07-30,329 Second St,Oklahoma City,FL,32595,46007,employed,2022-11-22,active
1405,Stephanie,Gonzalez,janet.wilson@gmail.com,555-7250,1964-11-21,923 Monroe Dr,New York,AZ,81585,71691,employed,2022-10-12,active
1406,Jennifer,Harris,michael.johnson@email.com,555-6492,1966-10-21,6504 Adams Ave,Las Vegas,AZ,19185,71837,self_employed,2023-09-29,active
1407,John,Hernandez,rachel.thomas@email.com,555-6128,1948-04-14,1081 Elm St,Indianapolis,OH,27899,57816,employed,2022-05-31,inactive
1408,Rachel,Miller,frances.anderson@gmail.com,555-4104,1948-09-12,7496 Cedar Ln,Philadelphia,IL,24307,70403,employed,2021-09-08,active
1409,Paul,Lewis,david.lee@outlook.com,555-9120,1958-05-19,3141 Elm St,New York,NC,51446,41351,employed,2025-06-03,active
1411,Daniel,Ramirez,james.garcia@hotmail.com,555-3362,1953-12-03,6609 Main St,Phoenix,WA,33735,202391,employed,2021-09-29,active
1413,Paul,Wilson,emily.lee@outlook.com,555-5916,1995-08-01,494 Maple Dr,Dallas,CO,57066,47361,self_employed,2023-10-26,active
1414,Robert,Jackson,lisa.hernandez@email.com,555-2489,1960-11-28,7142 Madison St,Oklahoma City,IN,89514,21214,employed,2025-01-15,active
1415,Andrew,Perez,donald.jones@yahoo.com,555-8595,1979-08-18,1063 Main St,San Francisco,NV,45289,55694,employed,2022-04-16,active
1416,Maria,Williams,kenneth.brown@email.com,555-1532,1989-08-13,4877 Maple Dr,Chicago,MA,49423,27560,employed,2020-10-14,active
1417,Richard,Gonzalez,kevin.white@yahoo.com,555-4233,1974-11-04,3875 Second St,Seattle,NC,76828,87337,self_employed,2022-12-29,active
1419,Jennifer,Ramirez,john.lopez@hotmail.com,555-1024,1964-04-07,3668 Main St,Los Angeles,NY,12382,56110,employed,2023-08-14,active
1421,Jennifer,Clark,jessica.jones@outlook.com,555-4302,1986-07-27,9635 Jackson St,Las Vegas,CA,60882,23025,employed,2020-08-04,active
1422,Emily,Ramirez,maria.wilson@outlook.com,555-5227,1980-06-12,4113 Oak Ave,Los Angeles,NY,88213,79837,employed,2025-02-12,active
1423,Jessica,Wilson,lisa.lewis@gmail.com,555-5002,1985-07-29,1451 Elm St,San Francisco,IL,51725,79087,employed,2021-01-22,active
1424,Nicole,Taylor,jennifer.harris@email.com,555-6063,1959-01-21,397 Park Ave,Boston,NC,97127,82103,employed,2020-08-10,active
1425,Donald,Smith,steven.hernandez@outlook.com,555-5102,1971-01-06,9635 Second St,Fort Worth,MA,67883,47837,employed,2021-05-16,active
1429,Donald,Williams,amanda.sanchez@hotmail.com,555-6668,1996-03-26,393 Washington St,Nashville,DC,24997,57988,employed,2025-06-30,active
1430,Thomas,Wilson,donald.smith@gmail.com,555-2396,1957-01-21,9300 First St,San Francisco,AZ,70067,45665,employed,2021-01-10,active
1433,Emily,Hernandez,jessica.smith@hotmail.com,555-9179,2001-09-30,3458 Washington St,Indianapolis,AZ,44009,40824,employed,2021-11-10,active
1434,Donald,Moore,william.garcia@hotmail.com,555-2663,2006-07-18,2167 Jackson St,Nashville,PA,61673,197722,employed,2023-01-30,inactive
1435,Mark,Robinson,anthony.robinson@outlook.com,555-3500,1957-04-04,4622 Pine Rd,Washington,TN,63578,83707,employed,2025-04-27,active
1436,Daniel,Thomas,rachel.clark@gmail.com,555-3615,1997-06-18,1084 Park Ave,Jacksonville,NY,14784,78833,employed,2022-11-09,inactive
1437,Kenneth,Thomas,stephanie.jones@yahoo.com,555-4855,1973-09-10,4554 Park Ave,San Jose,CA,50270,36720,employed,2024-08-11,active
1438,Lisa,Jones,emily.hernandez@outlook.com,555-5141,1999-11-01,5937 Cedar Ln,Jacksonville,NC,85344,82399,employed,2024-12-12,active
1439,Emily,Harris,lisa.brown@email.com,555-9078,1963-02-20,9057 Pine Rd,San Francisco,AZ,70764,204057,self_employed,2021-12-09,active
1440,Nicole,Perez,catherine.sanchez@hotmail.com,555-9199,1990-09-10,3028 Pine Rd,San Francisco,NV,46336,77651,employed,2023-10-31,active
1441,Jane,Lopez,robert.clark@gmail.com,555-1716,1961-11-24,1592 Cedar Ln,Jacksonville,IN,35699,83276,employed,2024-03-22,active
1442,Jane,Brown,helen.johnson@hotmail.com,555-9648,1983-08-15,168 First St,Indianapolis,AZ,23170,26110,employed,2024-07-17,active
1445,Frances,Harris,sarah.white@email.com,555-5233,1954-06-07,9632 Washington St,Boston,TN,78666,126625,employed,2022-05-21,active
1446,Steven,Hernandez,charles.hernandez@email.com,555-3713,1956-04-20,470 Monroe Dr,Philadelphia,NV,98604,118947,employed,2025-05-28,active
1447,Rachel,Martin,sarah.thompson@yahoo.com,555-8666,1955-08-21,6907 Elm St,Columbus,NY,82420,70113,employed,2024-05-30,active
1448,Jennifer,Jones,richard.perez@email.com,555-7294,1968-02-21,7982 Monroe Dr,Houston,FL,73591,85400,unemployed,2022-06-10,active
1449,Robert,Lewis,john.garcia@hotmail.com,555-9962,1946-12-07,9095 Jefferson Dr,Jacksonville,TN,75601,33737,employed,2020-09-19,active
1450,James,Miller,helen.garcia@yahoo.com,555-2991,1980-08-23,9685 Oak Ave,Fort Worth,DC,82284,79606,employed,2022-07-08,active
1451,Steven,Perez,anthony.williams@outlook.com,555-2939,1967-08-27,9571 Jefferson Dr,Oklahoma City,AZ,21723,55471,employed,2022-05-07,active
1452,Jennifer,Gonzalez,david.smith@outlook.com,555-1158,1965-02-10,3337 Jefferson Dr,Los Angeles,NV,43820,33322,self_employed,2024-12-04,active
1454,Matthew,Ramirez,charles.johnson@yahoo.com,555-2653,1978-08-20,1267 Madison St,Indianapolis,CO,82096,72444,employed,2022-09-19,active
1455,Frances,Ramirez,nicole.davis@hotmail.com,555-2486,1953-12-23,151 Lincoln Ave,New York,TX,46193,48030,employed,2023-05-04,active
1458,Charles,White,mark.smith@yahoo.com,555-5843,1971-11-08,7229 Jefferson Dr,Dallas,MA,70630,89613,employed,2023-03-03,active
1459,Rachel,Miller,sarah.clark@email.com,555-8599,1956-08-01,6025 Madison St,Dallas,OK,79672,54468,employed,2024-02-20,active
1462,Deborah,Rodriguez,james.smith@outlook.com,555-7180,2006-11-19,3489 Maple Dr,Indianapolis,IL,37069,41497,employed,2022-06-09,active
1463,James,Lopez,kevin.jones@yahoo.com,555-9667,1984-04-12,8356 Monroe Dr,Washington,CA,63272,83136,employed,2024-04-22,active
1464,Janet,Gonzalez,catherine.perez@yahoo.com,555-3889,1950-10-03,5582 Jefferson Dr,San Diego,NC,10789,86941,self_employed,2022-06-27,active
1465,Paul,Miller,kenneth.wilson@gmail.com,555-6363,1999-01-29,7462 Adams Ave,Dallas,NY,51192,89791,employed,2021-08-13,active
1467,Amanda,Thomas,ashley.ramirez@outlook.com,555-3133,1986-06-14,3479 Cedar Ln,Los Angeles,PA,32995,37267,employed,2024-02-24,active
1469,Maria,Gonzalez,kenneth.moore@yahoo.com,555-1530,1979-03-21,2979 Elm St,Columbus,NY,37175,73736,employed,2023-10-27,active
1470,Donald,Jackson,maria.smith@gmail.com,555-5360,1962-02-18,6612 Second St,Indianapolis,IL,17936,40969,self_employed,2022-11-28,active
1471,Jane,Robinson,ashley.sanchez@gmail.com,555-7554,1962-12-31,7401 Oak Ave,Austin,NY,14312,129764,employed,2022-03-05,active
1474,William,Harris,carolyn.garcia@email.com,555-2425,1959-12-15,9481 Elm St,Fort Worth,OH,55621,77368,employed,2024-03-13,active
1476,Frances,White,catherine.lopez@gmail.com,555-8416,1945-08-23,8384 Adams Ave,San Jose,NY,64879,214271,employed,2024-09-26,active
1478,Michelle,Rodriguez,joshua.jackson@gmail.com,555-4689,1961-02-22,2670 Jefferson Dr,San Antonio,OH,37038,122805,employed,2021-07-06,active
1479,Jennifer,Sanchez,elizabeth.lewis@hotmail.com,555-6636,1950-12-02,1959 First St,Austin,IN,53065,51715,employed,2025-01-02,active
1480,Catherine,Taylor,maria.sanchez@email.com,555-5666,1964-04-07,3272 First St,San Antonio,PA,48606,122406,self_employed,2025-04-22,active
1481,John,Sanchez,joshua.smith@hotmail.com,555-9820,2003-06-20,3876 Elm St,Phoenix,NC,45418,134401,employed,2021-01-18,active
1482,Kevin,Gonzalez,matthew.robinson@email.com,555-3193,1950-08-28,2031 Maple Dr,San Diego,OK,62623,84559,employed,2021-08-26,active
1483,William,Williams,john.gonzalez@yahoo.com,555-5394,2003-02-03,1622 Park Ave,Charlotte,WA,91544,59267,employed,2025-01-03,active
1484,Charles,Brown,paul.lopez@yahoo.com,555-7566,1957-01-31,7039 Second St,Indianapolis,WA,29810,32960,employed,2024-04-14,active
1485,Robert,Lewis,jennifer.thompson@gmail.com,555-7975,1956-05-26,7449 First St,New York,NY,84852,83062,employed,2023-11-13,active
1487,James,Brown,catherine.lee@gmail.com,555-5907,1966-12-04,908 Jackson St,Indianapolis,TN,93586,26877,unemployed,2021-04-29,active
1488,Thomas,Ramirez,james.jones@gmail.com,555-9220,1994-07-05,3970 Second St,Boston,WA,80739,74156,employed,2024-12-23,active
1489,Joshua,Thomas,carolyn.johnson@outlook.com,555-9072,2002-06-23,6362 Park Ave,San Antonio,OH,32302,40243,employed,2023-11-05,active
1490,Frances,Johnson,william.hernandez@outlook.com,555-9894,2005-04-19,4848 Adams Ave,Dallas,CA,78126,81609,employed,2022-05-31,active
1491,Janet,Miller,joshua.garcia@hotmail.com,555-8163,1988-06-17,2311 Madison St,Philadelphia,NY,76573,81772,employed,2022-01-13,active
1492,Elizabeth,Martinez,ashley.ramirez@hotmail.com,555-7115,1952-10-13,9694 Madison St,Philadelphia,PA,32624,39152,employed,2021-07-27,active
1493,Anthony,White,helen.garcia@hotmail.com,555-8327,1961-01-12,9151 Adams Ave,San Antonio,NC,33629,23482,unemployed,2024-03-01,active
1494,Jessica,Robinson,michelle.williams@hotmail.com,555-3867,1998-11-19,287 Main St,Washington,MA,61697,120555,employed,2021-06-30,active
1495,John,Rodriguez,nicole.clark@gmail.com,555-6919,1984-03-13,3281 Cedar Ln,Chicago,OK,47360,44403,employed,2024-03-03,active
1496,Emily,Jackson,charles.davis@hotmail.com,555-4289,1993-12-04,3010 Maple Dr,Philadelphia,IN,70775,72453,employed,2021-01-24,active
1497,Michael,Wilson,jane.robinson@email.com,555-3352,1986-12-27,8060 Oak Ave,Austin,DC,46829,82527,self_employed,2022-10-14,active
1498,Sarah,Thomas,deborah.ramirez@yahoo.com,555-7404,1970-11-02,3678 Jefferson Dr,New York,NY,85031,83696,employed,2022-05-14,active
1501,Paul,Wilson,michael.wilson@yahoo.com,555-5112,1999-10-26,4889 Cedar Ln,Washington,CA,46365,52725,employed,2025-06-23,active
1503,Michelle,Harris,michelle.williams@outlook.com,555-3756,1965-03-29,4501 Jefferson Dr,Columbus,WA,35738,47182,employed,2023-05-09,active
1504,John,Garcia,anthony.ramirez@hotmail.com,555-9782,1978-10-06,3792 Madison St,Phoenix,MA,83323,84700,employed,2023-09-22,active
1506,Helen,White,michelle.davis@hotmail.com,555-1262,1948-07-05,9628 First St,Indianapolis,IL,44321,78779,employed,2024-04-23,active
1507,Daniel,Davis,rachel.taylor@email.com,555-5291,1970-05-03,3577 Jackson St,Los Angeles,DC,59175,53453,employed,2021-01-01,active
1508,Thomas,Lewis,donald.ramirez@outlook.com,555-3152,2006-07-19,6452 First St,Fort Worth,IL,58200,51514,self_employed,2024-03-27,active
1509,Janet,White,kevin.jackson@gmail.com,555-1979,1958-12-22,7518 Monroe Dr,Oklahoma City,PA,85610,87021,employed,2025-04-08,active
1511,Catherine,Taylor,jessica.miller@gmail.com,555-7493,1988-12-05,7309 Park Ave,New York,DC,71735,48749,self_employed,2024-06-21,active
1512,Amanda,White,amanda.wilson@outlook.com,555-8788,1997-02-22,4707 Pine Rd,Washington,NY,77095,132956,self_employed,2023-01-28,active
1514,Helen,Smith,matthew.sanchez@hotmail.com,555-1358,2005-10-07,5059 Maple Dr,Phoenix,TX,69691,86505,employed,2020-11-14,active
1515,David,Moore,helen.perez@outlook.com,555-1487,1982-02-12,6502 Park Ave,Philadelphia,CA,19139,128847,employed,2022-10-18,active
1516,Catherine,Jackson,amanda.harris@email.com,555-2312,2005-12-17,9383 Cedar Ln,Indianapolis,TX,83643,70485,employed,2021-05-28,active
1517,Charles,Anderson,emily.anderson@gmail.com,555-9747,1983-07-14,5145 Second St,Philadelphia,DC,86980,46687,employed,2022-03-06,active
1518,Jessica,Lewis,emily.perez@yahoo.com,555-6354,1972-09-23,9955 Main St,Houston,IN,57027,59377,employed,2024-11-20,active
1519,Mark,Martin,amanda.williams@email.com,555-6570,1993-11-30,7295 Park Ave,New York,CO,43877,209733,employed,2023-12-12,active
1520,Andrew,White,michelle.perez@yahoo.com,555-1889,1958-10-03,1334 Jackson St,Las Vegas,TX,64301,203898,employed,2023-03-09,active
1521,Michelle,Perez,charles.perez@gmail.com,555-6631,2003-06-23,8745 Oak Ave,Houston,DC,95261,127660,employed,2025-04-24,active
1522,Andrew,Williams,nicole.smith@yahoo.com,555-8352,1949-10-02,1974 Monroe Dr,Los Angeles,AZ,64036,74650,self_employed,2024-01-29,active
1523,Andrew,Lee,joshua.johnson@email.com,555-2074,1986-05-07,2710 Madison St,Phoenix,NV,31706,41570,employed,2023-11-29,active
1524,Janet,Hernandez,jane.perez@gmail.com,555-8498,1958-10-22,8559 Lincoln Ave,Denver,PA,94093,79698,employed,2024-03-02,active
1525,John,Wilson,catherine.perez@gmail.com,555-7305,1955-06-24,2909 Monroe Dr,Fort Worth,DC,27358,42466,employed,2020-08-17,active
1526,Lisa,Anderson,sarah.lee@yahoo.com,555-7902,1963-01-20,4434 Second St,Dallas,FL,52737,70548,employed,2025-01-16,active
1527,Nicole,Taylor,carolyn.lewis@gmail.com,555-2330,1961-08-14,279 Washington St,Nashville,AZ,49093,76025,employed,2021-06-14,active
1528,Catherine,Williams,jennifer.davis@outlook.com,555-6967,1967-11-25,246 Cedar Ln,Seattle,NC,84694,53363,employed,2023-01-27,active
1529,Mark,Lee,steven.smith@yahoo.com,555-5811,1967-05-01,6251 Lincoln Ave,Phoenix,IN,15508,116926,employed,2022-07-07,active
1530,Emily,Thompson,joshua.clark@outlook.com,555-7016,1970-07-27,366 First St,Fort Worth,NC,76849,83923,employed,2023-08-10,active
1531,Carolyn,Davis,janet.lopez@hotmail.com,555-7554,1982-06-23,2594 Park Ave,Phoenix,OH,66084,58676,employed,2020-10-03,active
1532,Janet,Wilson,daniel.jackson@gmail.com,555-3119,1979-01-15,9626 Washington St,Denver,OK,97369,134802,employed,2021-07-08,active
1533,Janet,Gonzalez,amanda.garcia@outlook.com,555-3110,1946-08-03,6388 Adams Ave,Fort Worth,IL,69468,28407,employed,2023-09-25,active
1535,Elizabeth,Robinson,deborah.smith@hotmail.com,555-2989,1967-10-04,4274 Cedar Ln,Los Angeles,NV,42960,84776,employed,2023-12-14,active
1536,Richard,Harris,kevin.williams@yahoo.com,555-3065,1981-09-12,261 Main St,New York,IL,47957,26558,unemployed,2022-03-18,active
1538,Jennifer,Lewis,joshua.thomas@yahoo.com,555-1543,1998-08-27,8949 Adams Ave,Boston,WA,97996,58838,employed,2022-09-10,active
1539,John,Hernandez,frances.thompson@yahoo.com,555-1911,1992-02-13,3092 First St,Austin,OH,14060,74437,employed,2023-09-27,active
1540,Robert,Martin,thomas.moore@email.com,555-7564,1956-10-25,9412 Oak Ave,Boston,CO,62730,209028,employed,2023-07-15,active
1541,Jessica,Lee,john.anderson@email.com,555-7692,1982-04-16,1746 Adams Ave,Denver,WA,72952,35527,employed,2021-05-26,active
1542,John,Martinez,jessica.sanchez@hotmail.com,555-9040,1968-09-14,2074 Cedar Ln,Austin,OH,19508,79515,employed,2024-03-22,active
1543,Robert,Smith,sarah.thomas@outlook.com,555-9124,1963-03-21,2878 Pine Rd,Indianapolis,CO,18140,80346,self_employed,2021-10-22,active
1544,Jennifer,Thompson,nicole.clark@email.com,555-2162,1998-08-05,3348 Monroe Dr,San Antonio,FL,70243,75876,self_employed,2020-10-07,active
1545,Stephanie,Rodriguez,steven.martinez@email.com,555-1001,1969-11-24,8183 Adams Ave,New York,TN,80063,79631,self_employed,2022-11-15,active
1546,John,Thompson,paul.wilson@hotmail.com,555-2248,2000-03-01,1268 Monroe Dr,Boston,CA,83054,80328,unemployed,2025-04-29,active
1547,William,Ramirez,joshua.jackson@hotmail.com,555-2285,1969-08-20,5861 Madison St,San Antonio,NC,14854,55837,employed,2023-12-08,active
1548,Anthony,Lopez,joshua.white@gmail.com,555-2563,1974-05-22,7503 Second St,Dallas,DC,97697,81600,employed,2022-08-05,active
1549,Carolyn,Clark,paul.smith@gmail.com,555-5670,1946-08-10,9731 First St,New York,IN,51803,83053,employed,2022-04-16,active
1550,Jessica,Martin,joshua.jones@yahoo.com,555-2334,1994-01-02,495 Park Ave,Denver,DC,61597,40602,unemployed,2024-11-07,active
1552,Mark,Martinez,deborah.thompson@email.com,555-4385,1963-11-14,3978 Lincoln Ave,Las Vegas,MA,27321,81073,employed,2021-08-30,active
1553,Jane,Taylor,andrew.lewis@gmail.com,555-8077,1989-04-26,797 Monroe Dr,Los Angeles,PA,15377,55349,employed,2024-05-08,active
1554,Daniel,Ramirez,charles.williams@gmail.com,555-4271,2006-08-31,2479 Madison St,Fort Worth,TX,22615,73036,employed,2022-06-03,active
1555,William,Sanchez,helen.davis@yahoo.com,555-2954,1955-08-04,9832 Madison St,Los Angeles,IN,69614,88378,employed,2025-01-07,active
1556,Charles,Martin,paul.perez@gmail.com,555-8799,1988-06-03,4566 Jefferson Dr,Oklahoma City,NC,48832,199808,employed,2023-03-27,active
1557,James,Robinson,richard.williams@outlook.com,555-2040,1971-07-18,6496 Pine Rd,Washington,WA,41965,196858,self_employed,2023-10-10,active
1558,Donald,Jones,donald.garcia@yahoo.com,555-6352,1997-04-15,6259 Main St,Jacksonville,OH,11783,130922,employed,2021-04-25,active
1560,Helen,Davis,deborah.clark@gmail.com,555-7077,1949-07-17,2217 Pine Rd,Boston,MA,44862,27749,employed,2025-03-28,active
1561,Ashley,Jackson,michael.jackson@gmail.com,555-3701,1950-11-10,3987 Main St,Phoenix,CO,27728,73954,employed,2020-09-02,active
1563,Rachel,Lopez,carolyn.robinson@hotmail.com,555-6270,1968-09-20,4578 Maple Dr,Los Angeles,WA,47464,44359,self_employed,2024-09-24,active
1564,Charles,Taylor,emily.brown@email.com,555-1266,2002-03-03,9292 Elm St,Oklahoma City,DC,55594,79349,self_employed,2024-01-26,active
1565,Helen,Gonzalez,william.ramirez@yahoo.com,555-7078,1958-12-30,2120 Monroe Dr,Washington,OK,16859,49273,employed,2022-04-22,active
1566,Donald,Brown,donald.clark@yahoo.com,555-6072,1994-03-13,7031 Main St,Charlotte,NY,48840,47691,self_employed,2023-01-22,active
1567,Helen,Smith,james.miller@hotmail.com,555-2030,1978-06-05,8357 Jefferson Dr,New York,IL,59081,53814,self_employed,2021-08-28,active
1569,Jessica,Jackson,matthew.martinez@outlook.com,555-5347,1950-09-03,6250 Second St,Las Vegas,CO,38022,49903,employed,2021-01-31,active
1570,Matthew,White,rachel.brown@email.com,555-2309,2003-04-12,8696 Madison St,Columbus,IN,63033,55320,employed,2023-10-19,active
1572,Paul,Ramirez,paul.sanchez@gmail.com,555-9881,1969-05-26,4103 Main St,Boston,TX,83880,77958,unemployed,2021-08-01,active
1573,Ashley,Miller,jennifer.thompson@email.com,555-8848,1964-09-03,2283 Park Ave,Denver,DC,47892,84171,employed,2021-12-29,active
1574,William,Clark,helen.robinson@outlook.com,555-7161,2000-12-22,9827 Cedar Ln,Dallas,PA,67579,119370,employed,2023-03-13,active
1575,Joshua,Ramirez,nicole.lee@yahoo.com,555-1765,1957-11-08,4004 Cedar Ln,New York,TX,42946,75224,employed,2024-05-27,inactive
1576,Amanda,Taylor,michelle.martinez@yahoo.com,555-4480,1972-03-25,8204 Pine Rd,Washington,NV,29575,26189,employed,2025-07-12,active
1578,Charles,Brown,jane.smith@outlook.com,555-5658,1967-08-26,3597 Maple Dr,Philadelphia,MA,91974,76610,employed,2024-08-09,active
1579,Rachel,Miller,ashley.williams@outlook.com,555-9294,1948-08-15,6627 Madison St,San Jose,OK,13706,131146,employed,2025-01-15,active
1580,Mark,Sanchez,michael.hernandez@email.com,555-6131,1960-10-18,8348 Washington St,Phoenix,IN,21116,51845,employed,2024-08-15,active
1581,James,Lewis,carolyn.rodriguez@gmail.com,555-8116,1988-01-19,6110 Cedar Ln,Columbus,TN,65082,79748,employed,2021-04-25,active
1582,John,Clark,michael.davis@outlook.com,555-4127,1991-03-14,5946 Madison St,Dallas,MA,19302,129080,employed,2022-02-16,active
1583,Catherine,Miller,robert.taylor@yahoo.com,555-8936,1997-02-12,8974 Second St,Washington,IL,43775,59497,employed,2023-11-25,active
1585,Thomas,Lewis,mark.brown@yahoo.com,555-2652,1959-09-03,9079 Pine Rd,Nashville,TX,53194,27288,self_employed,2023-12-30,active
1586,John,Thompson,david.garcia@outlook.com,555-8158,1960-03-31,2352 Park Ave,Denver,NV,49870,122470,employed,2023-05-02,active
1587,Rachel,White,andrew.thompson@outlook.com,555-2052,1991-08-26,8311 Maple Dr,Phoenix,FL,69015,120295,employed,2023-06-28,active
1588,Joshua,Ramirez,daniel.williams@outlook.com,555-9555,1950-01-12,6398 Pine Rd,Las Vegas,FL,43478,71894,employed,2023-10-08,active
1589,Kenneth,Martin,joshua.ramirez@hotmail.com,555-7412,1947-10-16,5417 Adams Ave,Nashville,TN,91727,55320,employed,2022-01-19,active
1590,Joshua,Davis,john.ramirez@email.com,555-8287,1959-06-04,3398 Madison St,Houston,CA,81172,76317,self_employed,2020-11-15,active
1591,James,Smith,robert.wilson@hotmail.com,555-6838,1974-03-07,7466 Adams Ave,Dallas,WA,75439,22741,employed,2024-04-09,active
1592,Anthony,Lewis,carolyn.lopez@gmail.com,555-3820,1968-06-13,7804 Adams Ave,Dallas,NY,10897,125566,employed,2020-11-01,active
1593,Donald,Sanchez,janet.ramirez@yahoo.com,555-5770,2006-11-23,1041 Jefferson Dr,Chicago,MA,60150,57072,employed,2022-07-09,active
1595,Charles,Clark,matthew.clark@outlook.com,555-1686,1951-04-17,7515 Main St,San Diego,MA,35426,195556,employed,2020-10-18,active
1596,Ashley,Taylor,donald.johnson@yahoo.com,555-1740,1975-06-13,894 First St,New York,NC,19065,48774,employed,2021-09-25,active
1597,David,Clark,kevin.thomas@email.com,555-8942,1997-04-03,8078 Maple Dr,Dallas,WA,30035,89132,employed,2023-08-28,active
1598,Janet,Smith,stephanie.hernandez@gmail.com,555-8602,1963-12-14,5898 Madison St,Oklahoma City,OK,49210,52754,employed,2023-05-26,inactive
1600,Michael,Sanchez,charles.williams@hotmail.com,555-9690,1999-06-19,2392 Lincoln Ave,San Francisco,NC,90022,44821,employed,2025-04-05,active
1601,Charles,Brown,kenneth.white@outlook.com,555-8533,1987-11-12,4780 Adams Ave,Charlotte,CO,89909,50229,employed,2022-08-04,inactive
1602,Deborah,White,michelle.robinson@email.com,555-3604,1963-09-01,160 Maple Dr,Washington,WA,94067,30117,employed,2023-06-16,active
1603,Donald,Garcia,jessica.lee@yahoo.com,555-3757,1984-02-11,610 Jefferson Dr,Las Vegas,DC,91619,79058,employed,2024-10-13,active
1604,Janet,Miller,robert.ramirez@outlook.com,555-4153,1945-10-25,6390 Madison St,Philadelphia,FL,96140,55747,employed,2024-02-22,active
1605,Janet,Robinson,emily.anderson@email.com,555-9202,1959-01-05,4931 Maple Dr,Fort Worth,CO,54549,23023,self_employed,2023-09-13,active
1607,Charles,Thomas,kenneth.johnson@gmail.com,555-8019,1973-12-22,4568 Jackson St,Los Angeles,NC,71081,24964,self_employed,2023-01-17,active
1608,Steven,Wilson,carolyn.hernandez@hotmail.com,555-4318,1998-10-28,8698 Pine Rd,Seattle,CA,69301,72313,employed,2024-09-27,active
1609,Matthew,Thomas,kevin.johnson@email.com,555-5956,1978-10-01,8454 Madison St,Philadelphia,DC,82080,81558,employed,2021-09-20,active
1611,Nicole,White,emily.moore@email.com,555-2634,1959-06-21,9390 Madison St,Boston,TX,76944,134746,employed,2024-11-03,active
1612,Helen,Gonzalez,kevin.johnson@gmail.com,555-1771,1986-05-21,9703 Maple Dr,San Diego,OK,29232,131005,employed,2023-11-06,active
1613,Charles,Rodriguez,andrew.perez@outlook.com,555-5977,2000-02-03,7540 Oak Ave,San Diego,WA,15798,59880,self_employed,2022-11-25,active
1614,Charles,Miller,nicole.lopez@outlook.com,555-1217,1989-04-08,7345 First St,Las Vegas,TX,32388,53558,self_employed,2025-04-02,active
1616,Michelle,Rodriguez,michael.martinez@hotmail.com,555-9341,1993-10-21,3528 Elm St,Chicago,IN,18374,77295,employed,2022-04-09,active
1617,Charles,Lee,matthew.ramirez@gmail.com,555-4251,1981-07-13,8877 Jackson St,Houston,WA,92285,198355,employed,2024-09-30,active
1618,Michael,Jackson,steven.lewis@outlook.com,555-8313,1993-11-01,975 Maple Dr,San Diego,IN,92255,132492,employed,2022-01-14,active
1619,Paul,Jackson,daniel.smith@yahoo.com,555-7934,1983-12-04,4985 Main St,Chicago,MA,38564,78631,employed,2021-04-18,active
1620,Ashley,Ramirez,lisa.lopez@email.com,555-9162,1978-06-07,7522 Cedar Ln,Washington,AZ,96841,56338,employed,2023-01-02,active
1624,Frances,Brown,deborah.williams@outlook.com,555-1048,1975-10-19,315 Cedar Ln,Philadelphia,IL,77321,130959,employed,2024-04-07,active
1627,Catherine,Gonzalez,amanda.brown@email.com,555-4090,1982-11-17,6278 Jackson St,Charlotte,TX,88614,70968,employed,2024-09-22,active
1628,John,Jones,matthew.white@outlook.com,555-4940,1970-07-10,2949 Oak Ave,Phoenix,AZ,27516,54270,self_employed,2024-05-09,active
1629,David,Lewis,ashley.white@outlook.com,555-7936,1995-04-09,3716 Adams Ave,Indianapolis,CO,90897,59280,employed,2024-09-10,active
1630,Matthew,Jones,stephanie.rodriguez@outlook.com,555-2970,1970-03-16,4913 Main St,Washington,PA,37694,54822,employed,2021-12-01,active
1632,Anthony,White,mark.lewis@email.com,555-6486,1977-07-13,9646 Cedar Ln,Boston,PA,73696,42178,employed,2024-05-20,active
1633,Stephanie,Martin,michael.smith@yahoo.com,555-9971,1974-08-09,140 Cedar Ln,Las Vegas,WA,54993,123608,employed,2020-11-24,active
1634,Thomas,Lewis,maria.gonzalez@outlook.com,555-3304,1961-10-16,8839 First St,Denver,NY,49412,203882,employed,2023-03-04,active
1637,Andrew,Miller,sarah.thompson@email.com,555-7127,1990-08-20,945 Oak Ave,Houston,OK,41877,54268,employed,2021-01-08,active
1639,Matthew,Wilson,stephanie.jones@hotmail.com,555-8440,1950-05-03,6760 Main St,Phoenix,MA,85784,33283,employed,2024-03-22,active
1641,Jane,Perez,matthew.robinson@yahoo.com,555-3755,1971-06-17,1665 Elm St,San Jose,AZ,13579,205981,self_employed,2022-10-21,active
1643,Matthew,Davis,catherine.jones@yahoo.com,555-3885,1949-10-29,6202 Madison St,Phoenix,NY,22531,124105,employed,2024-04-05,active
1645,William,Davis,kevin.rodriguez@hotmail.com,555-7745,2006-07-14,4741 Lincoln Ave,Phoenix,FL,49882,198825,employed,2021-08-01,active
1647,Rachel,Lee,paul.lee@yahoo.com,555-5533,2004-12-21,9485 Jefferson Dr,Philadelphia,OK,40415,203110,employed,2022-07-16,active
1648,Mark,Gonzalez,elizabeth.clark@hotmail.com,555-2086,1969-08-04,8094 Madison St,Philadelphia,CO,42281,80964,employed,2025-06-07,active
1651,Catherine,Jones,stephanie.brown@hotmail.com,555-8779,1952-12-06,2666 Jackson St,Boston,MA,35757,127722,employed,2024-09-19,active
1652,Daniel,Wilson,maria.hernandez@email.com,555-8031,1967-09-11,9565 Main St,Columbus,TX,61550,125616,employed,2024-08-21,active
1653,Jessica,Martin,kevin.harris@email.com,555-2264,1982-11-06,1675 Jefferson Dr,San Diego,NV,20918,55413,employed,2021-02-09,active
1654,Emily,Smith,jessica.smith@outlook.com,555-4411,1988-02-12,2243 Madison St,Los Angeles,OK,31764,76446,employed,2024-11-20,active
1655,Frances,Wilson,paul.moore@gmail.com,555-3292,1980-04-11,4607 Park Ave,Houston,AZ,26054,23126,employed,2022-02-21,active
1657,Rachel,Jones,catherine.ramirez@email.com,555-5924,1946-08-11,3626 Madison St,Denver,NC,76273,121267,employed,2025-04-15,active
1658,Donald,Thompson,mark.thompson@hotmail.com,555-8539,1953-07-11,6817 Jackson St,Nashville,NY,63961,198599,employed,2024-05-13,active
1659,Lisa,Johnson,robert.gonzalez@gmail.com,555-3782,1976-12-25,9458 Main St,Houston,DC,42361,50768,employed,2023-09-22,active
1661,Joshua,Sanchez,thomas.williams@gmail.com,555-2165,1984-07-17,8187 Park Ave,Los Angeles,IL,42905,21493,self_employed,2023-08-05,active
1663,Joshua,Johnson,david.lewis@email.com,555-1648,1967-09-14,4883 Maple Dr,Houston,FL,43792,118901,employed,2023-05-10,active
1664,Jennifer,Johnson,ashley.hernandez@yahoo.com,555-2223,1983-10-06,1105 Monroe Dr,Denver,TX,73656,124907,employed,2025-03-27,active
1666,Stephanie,Lewis,rachel.perez@gmail.com,555-3647,1992-04-24,9203 Pine Rd,San Jose,IL,25627,115531,unemployed,2021-04-14,active
1670,Nicole,Garcia,matthew.garcia@outlook.com,555-6109,1952-04-29,133 Maple Dr,Boston,CO,47092,48299,employed,2023-04-09,active
1671,Kevin,Thompson,frances.rodriguez@email.com,555-9613,1977-10-16,7078 Madison St,Washington,IN,76412,35287,employed,2023-09-27,inactive
1672,Robert,Jackson,nicole.wilson@outlook.com,555-6699,2005-02-09,6684 Park Ave,Jacksonville,CO,76173,71912,employed,2022-03-15,active
1676,William,Jones,charles.jones@email.com,555-3426,1961-10-30,2967 Maple Dr,San Jose,NY,80261,43647,employed,2022-02-05,active
1677,Kevin,Jackson,kevin.martinez@gmail.com,555-1021,1970-01-29,1611 Oak Ave,Las Vegas,NC,69293,132236,employed,2023-12-08,active
1678,Jessica,Lopez,jane.clark@hotmail.com,555-4182,1974-03-08,7358 Maple Dr,Philadelphia,NV,87601,43335,employed,2021-04-11,active
1679,Elizabeth,Thomas,maria.johnson@email.com,555-8608,1992-08-14,4036 Main St,Phoenix,NY,19540,34309,employed,2020-09-03,active
1680,Nicole,Davis,stephanie.williams@email.com,555-6454,1956-12-01,8464 Elm St,Boston,NC,47737,29427,self_employed,2023-03-05,active
1681,James,Moore,michael.garcia@gmail.com,555-9354,2006-01-27,9200 First St,New York,DC,39099,79431,employed,2024-10-12,active
1683,Nicole,Moore,matthew.lopez@outlook.com,555-7096,1998-09-26,9474 Washington St,Oklahoma City,NY,81399,58864,employed,2024-10-19,active
1684,Kevin,Wilson,kenneth.lee@gmail.com,555-5883,1977-10-29,2610 Adams Ave,New York,DC,18739,70021,employed,2024-08-15,active
1685,Steven,Harris,michelle.lopez@outlook.com,555-1708,1953-01-14,6638 Lincoln Ave,Phoenix,TN,64312,55063,employed,2021-01-23,active
1686,Catherine,Lewis,maria.johnson@yahoo.com,555-6860,1965-04-29,435 Second St,San Antonio,OK,62228,58354,employed,2023-12-30,active
1688,John,Harris,michael.rodriguez@gmail.com,555-8444,1956-11-24,5143 Elm St,Las Vegas,WA,54827,46966,employed,2021-12-04,active
1689,Nicole,Hernandez,rachel.martinez@email.com,555-1471,1980-01-22,2952 Monroe Dr,Denver,DC,11959,43539,employed,2021-06-14,active
1690,Ashley,Davis,jennifer.martin@hotmail.com,555-5769,1977-10-14,3070 First St,Chicago,WA,93890,42013,employed,2023-07-23,active
1691,Michelle,Smith,james.martin@outlook.com,555-7427,1962-01-31,9931 Pine Rd,Charlotte,PA,23003,32677,employed,2023-04-07,active
1693,John,Gonzalez,charles.jones@hotmail.com,555-1540,1964-12-02,2084 First St,Denver,PA,75550,46878,employed,2020-10-17,active
1694,Jennifer,Johnson,donald.brown@email.com,555-1798,1955-02-15,9544 First St,Boston,OH,37740,81740,employed,2022-08-21,active
1695,Sarah,Smith,sarah.lee@gmail.com,555-4011,1997-10-14,5696 Adams Ave,Houston,DC,29165,55965,employed,2021-07-29,active
1698,Lisa,Martin,daniel.harris@hotmail.com,555-4208,2006-05-23,1810 Pine Rd,Nashville,TN,75398,129546,employed,2022-12-10,inactive
1699,Amanda,Perez,paul.lee@outlook.com,555-2096,1956-10-22,534 Cedar Ln,Seattle,IL,94935,81140,employed,2022-05-05,active
1701,Jessica,Jones,jennifer.miller@outlook.com,555-3016,1993-12-17,5928 Maple Dr,Chicago,AZ,59617,54010,employed,2025-02-17,active
1702,Charles,Robinson,carolyn.williams@gmail.com,555-5686,1959-04-02,5204 Park Ave,New York,CA,13790,86797,employed,2024-09-22,active
1704,James,Thomas,joshua.thompson@hotmail.com,555-2692,1989-08-19,9172 Park Ave,Nashville,OK,64097,127451,employed,2022-06-18,active
1705,Janet,Jones,michael.brown@gmail.com,555-5502,2005-06-17,596 Madison St,Jacksonville,PA,66094,126168,self_employed,2022-09-29,active
1709,Steven,Lewis,donald.thompson@outlook.com,555-3938,1999-03-06,3891 Lincoln Ave,Oklahoma City,NY,90463,33818,employed,2023-01-05,active
1710,David,Jones,kenneth.brown@hotmail.com,555-8161,2004-07-06,6182 Main St,Philadelphia,AZ,35674,48824,self_employed,2022-03-08,active
1712,Daniel,Anderson,maria.perez@yahoo.com,555-4981,1962-11-30,7386 Maple Dr,Oklahoma City,CA,84368,87357,employed,2024-06-16,active
1713,Steven,Smith,helen.miller@outlook.com,555-4599,2005-10-13,2403 Adams Ave,San Antonio,NY,24788,52933,employed,2020-12-01,inactive
1714,Sarah,Lewis,janet.martinez@email.com,555-5397,1956-12-10,6452 Second St,Seattle,FL,36816,119965,employed,2024-10-05,active
1716,Kevin,Jones,jane.moore@hotmail.com,555-7869,1970-09-15,9410 Oak Ave,Houston,FL,29080,79372,self_employed,2022-01-03,active
1717,Ashley,Lopez,sarah.clark@gmail.com,555-2268,1955-04-23,5536 Washington St,Fort Worth,TX,72284,73066,self_employed,2022-06-23,active
1718,Sarah,Miller,janet.white@email.com,555-1585,1971-03-28,4282 Pine Rd,Los Angeles,IN,18052,71966,employed,2022-01-24,active
1719,Nicole,Williams,ashley.clark@hotmail.com,555-4128,1992-06-18,1788 Second St,San Francisco,FL,72562,52614,self_employed,2022-04-13,active
1720,Frances,Lee,john.brown@outlook.com,555-9459,1974-02-06,6349 Washington St,Charlotte,TX,73839,41636,employed,2025-04-03,active
1721,Kevin,Johnson,jennifer.lewis@outlook.com,555-2682,1981-11-28,8736 Park Ave,Indianapolis,TX,67138,71182,employed,2021-01-24,active
1722,Janet,Wilson,lisa.williams@email.com,555-8700,1980-03-02,7285 Jefferson Dr,Denver,NV,36471,82755,employed,2024-04-06,active
1723,Matthew,Ramirez,jane.hernandez@email.com,555-4397,1979-03-25,3206 Second St,Jacksonville,IL,87078,55613,self_employed,2022-06-29,active
1724,Jessica,Lopez,jessica.davis@email.com,555-9342,1960-03-23,4725 Cedar Ln,Fort Worth,DC,96436,44913,employed,2021-05-03,active
1725,Michael,Williams,nicole.moore@hotmail.com,555-7968,1983-12-20,9079 Monroe Dr,Washington,FL,10563,130793,employed,2025-02-09,active
1726,Nicole,Miller,william.lewis@outlook.com,555-3928,1988-07-25,6395 Adams Ave,Denver,OH,43429,44968,employed,2022-04-26,active
1728,John,Lee,rachel.harris@yahoo.com,555-3734,1988-12-29,7884 Monroe Dr,Charlotte,TX,25842,85463,employed,2025-06-20,active
1729,Paul,Lee,andrew.robinson@outlook.com,555-4250,1945-09-09,9972 Oak Ave,New York,TN,20871,50454,employed,2021-05-12,active
1730,Daniel,Perez,daniel.thomas@yahoo.com,555-1849,1976-11-19,8020 Jackson St,Indianapolis,TX,91139,124131,employed,2025-03-21,active
1733,Frances,Miller,amanda.jones@gmail.com,555-2244,1968-10-09,4095 Main St,Charlotte,NY,57427,76431,employed,2024-06-05,active
1734,Lisa,Hernandez,carolyn.sanchez@email.com,555-2872,1953-01-02,5486 Oak Ave,Las Vegas,TX,15748,83806,employed,2020-12-05,active
1735,Jane,Taylor,michael.jones@outlook.com,555-6712,1995-11-18,9468 Park Ave,Nashville,NC,71436,119960,employed,2022-06-05,active
1736,Daniel,Taylor,andrew.thompson@yahoo.com,555-6868,1989-09-24,1562 Cedar Ln,Houston,IN,84770,121661,employed,2022-10-20,active
1737,Andrew,Robinson,donald.lee@outlook.com,555-5647,2006-06-28,4033 Maple Dr,New York,FL,22008,28262,employed,2023-04-26,active
1738,Jennifer,Harris,janet.jones@hotmail.com,555-7436,1993-12-03,5557 Second St,Denver,PA,75281,128358,employed,2024-04-18,active
1739,Jennifer,Smith,joshua.gonzalez@gmail.com,555-2414,1972-11-18,6276 Main St,Austin,IL,87231,21126,unemployed,2020-09-04,active
1740,Carolyn,Lewis,lisa.gonzalez@yahoo.com,555-1934,2003-06-16,3346 First St,Austin,MA,95911,46831,employed,2021-10-04,active
1743,Charles,Lee,steven.wilson@outlook.com,555-2450,1967-05-06,6940 Madison St,Philadelphia,NY,77088,71617,self_employed,2024-12-18,active
1744,Deborah,Taylor,david.lopez@email.com,555-5965,1986-10-05,4301 Jackson St,New York,CO,38873,24492,unemployed,2020-12-14,inactive
1745,Anthony,Perez,maria.miller@yahoo.com,555-1137,2000-07-29,7188 Monroe Dr,San Antonio,TN,91098,117892,employed,2023-05-14,active
1746,Lisa,White,stephanie.jones@outlook.com,555-4813,1988-02-25,6787 Jefferson Dr,Boston,NY,23611,38274,employed,2022-10-25,active
1747,Paul,Gonzalez,james.perez@email.com,555-9891,1965-01-14,6803 First St,Columbus,NV,97136,43220,employed,2024-04-12,active
1748,William,Anderson,helen.garcia@email.com,555-3603,1962-02-08,7065 Adams Ave,Columbus,TN,77465,32992,self_employed,2025-03-14,active
1750,Matthew,Hernandez,frances.thomas@outlook.com,555-8616,1959-04-04,7207 Lincoln Ave,Washington,OK,59831,57545,employed,2022-03-15,active
1751,Joshua,Smith,matthew.smith@gmail.com,555-5766,1956-10-15,7322 Elm St,Fort Worth,WA,73287,133253,employed,2023-08-20,active
1753,John,Thompson,kevin.garcia@hotmail.com,555-5419,1998-12-01,3064 Jackson St,Seattle,OK,55820,31831,employed,2024-02-16,active
1754,Jennifer,Jackson,richard.smith@gmail.com,555-2665,1959-01-16,5668 Main St,Chicago,NV,61304,27632,unemployed,2025-03-24,active
1755,Jane,Gonzalez,kevin.lopez@yahoo.com,555-3968,1960-02-18,3820 Park Ave,Columbus,FL,25606,45600,employed,2024-02-05,active
1756,Carolyn,Lee,richard.smith@yahoo.com,555-5287,1961-02-03,6406 Adams Ave,Phoenix,NC,85263,41371,employed,2023-01-27,active
1757,Matthew,Thomas,emily.sanchez@hotmail.com,555-5998,1980-09-03,9890 Jefferson Dr,Columbus,OK,43516,49446,unemployed,2020-10-26,active
1759,Andrew,Miller,michelle.taylor@yahoo.com,555-5860,1995-12-22,3846 Jefferson Dr,Boston,MA,92572,208724,employed,2021-06-09,active
1760,Helen,Clark,stephanie.taylor@hotmail.com,555-4937,1959-06-07,580 Jackson St,Indianapolis,CO,78750,122072,employed,2023-03-08,active
1761,William,Harris,donald.harris@email.com,555-4578,2004-07-10,4225 Washington St,San Diego,MA,88258,89954,employed,2024-05-31,active
1762,Stephanie,Hernandez,sarah.lopez@gmail.com,555-3865,1993-04-27,4509 Madison St,Charlotte,PA,11073,81666,employed,2020-10-29,active
1763,Kenneth,Johnson,rachel.anderson@yahoo.com,555-9028,1958-04-28,9771 Lincoln Ave,Dallas,CO,97419,59775,employed,2024-01-25,inactive
1764,David,Wilson,james.hernandez@email.com,555-6753,1955-06-16,5905 Oak Ave,Nashville,AZ,93365,38423,self_employed,2020-07-26,active
1766,Robert,Brown,jennifer.davis@hotmail.com,555-1478,1970-03-30,2833 Madison St,Jacksonville,PA,70387,125833,employed,2025-02-14,active
1767,Anthony,Brown,sarah.taylor@hotmail.com,555-9124,1965-08-21,8759 Park Ave,Seattle,CO,55686,82461,self_employed,2022-03-08,active
1768,Kevin,Clark,emily.jackson@yahoo.com,555-6311,1954-01-02,1384 Monroe Dr,Nashville,IN,55091,34135,unemployed,2025-03-10,active
1770,Matthew,Clark,paul.lopez@outlook.com,555-3732,1983-10-04,4316 Elm St,Philadelphia,MA,13767,24600,self_employed,2023-06-04,active
1771,John,Jackson,frances.robinson@gmail.com,555-7945,1996-10-27,3934 Pine Rd,Washington,MA,41522,34485,employed,2020-08-27,active
1772,David,Wilson,carolyn.johnson@hotmail.com,555-6498,1948-07-04,5505 Maple Dr,Phoenix,MA,67765,59585,employed,2021-10-26,active
1774,Elizabeth,Johnson,jennifer.moore@yahoo.com,555-4891,1955-03-14,4135 Second St,Phoenix,OK,57423,47939,employed,2024-11-04,active
1775,David,Brown,nicole.martinez@email.com,555-1397,1971-03-08,4339 Park Ave,Chicago,NV,36623,46055,employed,2024-03-02,active
1776,Emily,Lewis,michael.perez@yahoo.com,555-8926,1988-12-25,2044 Elm St,Austin,NY,63477,52206,employed,2021-05-14,active
1777,Mark,Lewis,nicole.sanchez@gmail.com,555-8404,1964-10-04,2749 Elm St,Columbus,AZ,99824,35325,employed,2023-12-27,active
1781,Matthew,Taylor,helen.anderson@outlook.com,555-1773,1966-12-03,878 Second St,New York,FL,45801,71811,employed,2022-10-30,active
1783,Matthew,Brown,jessica.davis@hotmail.com,555-7148,1950-12-26,1747 Washington St,Philadelphia,AZ,10382,41588,self_employed,2021-02-03,active
1784,Jessica,Garcia,michael.harris@email.com,555-4227,2007-01-22,1358 Madison St,San Francisco,TX,93515,75539,employed,2022-11-05,active
1785,Emily,Lee,paul.davis@outlook.com,555-1206,1987-05-22,8460 Washington St,Boston,OK,66152,122784,employed,2023-03-31,active
1787,Matthew,Brown,amanda.miller@outlook.com,555-1105,1993-01-22,6183 Pine Rd,Houston,IL,91555,87469,employed,2022-01-10,active
1788,Donald,Martin,paul.jones@email.com,555-7478,1976-06-19,5644 Madison St,Houston,PA,69443,48504,self_employed,2022-12-10,active
1789,Lisa,Thompson,andrew.taylor@outlook.com,555-3316,1983-10-12,4040 Jefferson Dr,Fort Worth,TX,27625,54619,employed,2024-09-13,active
1790,Jane,Lopez,elizabeth.thomas@yahoo.com,555-8516,1954-06-04,3304 Monroe Dr,Las Vegas,IN,16099,129438,employed,2021-06-21,active
1791,David,Martinez,stephanie.sanchez@outlook.com,555-7246,1961-05-17,8197 Adams Ave,San Antonio,FL,10111,49459,employed,2022-03-16,inactive
1792,Robert,Perez,stephanie.garcia@gmail.com,555-7137,1962-03-29,4941 First St,Houston,DC,79712,34977,employed,2024-09-03,active
1793,Jane,Clark,thomas.gonzalez@hotmail.com,555-7178,1993-12-01,9363 Madison St,Denver,NV,73312,128620,employed,2020-08-30,active
1794,Michelle,Moore,charles.thomas@email.com,555-4732,1981-08-14,3819 Pine Rd,Jacksonville,PA,29001,77580,employed,2024-11-29,inactive
1795,William,Thomas,sarah.gonzalez@hotmail.com,555-4654,1970-09-23,1155 Oak Ave,Dallas,CA,59429,214459,employed,2024-09-15,active
1796,Steven,Garcia,james.taylor@yahoo.com,555-5600,1988-08-21,2132 Park Ave,New York,IL,80316,23086,employed,2021-03-07,active
1797,Paul,Hernandez,steven.taylor@email.com,555-9530,2004-06-17,4229 Monroe Dr,San Jose,TN,91825,83122,employed,2023-11-28,active
1798,Lisa,Brown,michelle.moore@outlook.com,555-6500,1983-01-18,5931 Elm St,Seattle,TX,11233,44417,employed,2022-12-20,active
1800,Kevin,Wilson,ashley.thomas@email.com,555-9308,1951-12-19,1552 Park Ave,San Francisco,CA,61375,53715,employed,2023-07-08,inactive
1801,Ashley,Lee,john.thomas@gmail.com,555-7979,1989-11-21,5802 Park Ave,Nashville,PA,25062,41551,employed,2022-09-21,active
1802,Lisa,Sanchez,jessica.williams@outlook.com,555-9632,1975-02-23,4486 Oak Ave,Los Angeles,IN,88912,201372,employed,2025-03-22,active
1804,Jennifer,Jones,matthew.harris@hotmail.com,555-2734,1984-11-18,4561 Pine Rd,Washington,PA,52293,202137,employed,2023-09-02,active
1805,Donald,Lewis,amanda.lewis@gmail.com,555-3985,1962-06-13,6748 Oak Ave,Houston,DC,40575,28325,self_employed,2023-09-30,active
1806,Maria,Rodriguez,matthew.davis@gmail.com,555-6143,1980-07-18,3665 Oak Ave,Washington,OH,11137,43200,employed,2024-11-13,active
1808,Frances,Martin,amanda.thompson@gmail.com,555-8551,1988-12-18,3183 Lincoln Ave,Boston,IL,64858,88428,unemployed,2022-10-15,active
1809,Frances,Thomas,richard.robinson@outlook.com,555-8419,1948-03-05,7935 Maple Dr,Houston,OK,96096,26756,employed,2021-10-23,active
1810,William,Lee,william.white@hotmail.com,555-2541,2007-05-07,8705 First St,Los Angeles,MA,98304,200906,employed,2021-12-02,active
1811,John,Brown,joshua.brown@hotmail.com,555-5754,1969-09-04,2855 Washington St,Seattle,NC,30355,50245,employed,2024-04-17,inactive
1812,Elizabeth,Smith,kevin.martinez@outlook.com,555-7739,1977-01-31,1588 Elm St,Nashville,NV,65810,29159,employed,2024-03-24,active
1813,Kenneth,Martinez,robert.martinez@outlook.com,555-6759,1962-11-08,8933 Pine Rd,San Antonio,TN,15102,48977,employed,2022-05-03,active
1815,Amanda,Johnson,amanda.davis@outlook.com,555-7262,1979-10-30,7190 Adams Ave,Washington,PA,32004,58936,employed,2023-09-27,active
1816,Thomas,Williams,david.lee@email.com,555-4143,2000-03-19,366 First St,San Jose,AZ,46758,52573,employed,2024-03-16,active
1817,Amanda,Taylor,richard.rodriguez@outlook.com,555-4134,1963-09-05,5013 First St,San Diego,NC,37353,20072,employed,2023-03-11,active
1818,Frances,Rodriguez,michael.taylor@outlook.com,555-6930,1971-06-06,2979 Washington St,San Diego,PA,60294,132262,employed,2024-01-08,active
1820,Kevin,Ramirez,deborah.martinez@hotmail.com,555-4432,1974-07-18,9945 Elm St,Indianapolis,DC,53009,38655,employed,2020-10-16,active
1821,John,Johnson,catherine.sanchez@email.com,555-6574,1970-03-04,2334 Jackson St,San Antonio,NC,47329,38004,employed,2024-09-08,active
1822,Deborah,Wilson,steven.jackson@email.com,555-5230,1986-08-04,368 Adams Ave,Oklahoma City,TX,69975,82363,employed,2024-06-20,active
1823,Emily,Ramirez,thomas.martin@outlook.com,555-2344,1952-11-03,531 Park Ave,San Francisco,NC,68724,84196,employed,2021-02-12,active
1825,Ashley,Lopez,frances.lewis@outlook.com,555-9472,1974-12-27,405 Second St,Austin,NY,94634,120921,employed,2022-06-03,active
1826,Charles,Thomas,nicole.martinez@gmail.com,555-3223,1969-04-21,3015 Adams Ave,Chicago,OK,80393,58894,employed,2023-11-02,active
1827,Michael,Ramirez,james.hernandez@gmail.com,555-4943,1993-12-10,5403 Monroe Dr,Columbus,PA,59334,54604,employed,2025-06-12,active
1829,Emily,Ramirez,jennifer.anderson@email.com,555-7182,1999-07-09,5563 Pine Rd,Washington,FL,10201,72771,employed,2024-10-18,active
1830,Carolyn,Anderson,anthony.taylor@outlook.com,555-8779,1949-12-20,3642 Madison St,Austin,MA,29225,127087,employed,2020-10-30,active
1831,Daniel,Miller,kevin.rodriguez@outlook.com,555-9334,1999-03-22,6285 First St,San Diego,TX,80414,77065,employed,2020-12-11,active
1834,Daniel,Clark,andrew.thompson@hotmail.com,555-3266,1998-04-18,5902 Park Ave,Charlotte,TN,43259,79399,employed,2025-06-19,active
1837,Donald,Lopez,helen.lopez@email.com,555-3457,1967-04-27,4859 Second St,Austin,OH,78856,79101,employed,2025-01-11,active
1838,Amanda,Robinson,richard.ramirez@yahoo.com,555-7743,1984-02-26,622 Main St,Los Angeles,NC,71133,81975,employed,2020-09-14,active
1839,Jessica,Clark,stephanie.jackson@hotmail.com,555-7904,1952-07-28,1388 Madison St,Austin,IL,21372,72578,employed,2023-08-12,active
1841,John,Rodriguez,rachel.white@email.com,555-7743,1981-06-20,6381 Maple Dr,Oklahoma City,NY,58872,86748,employed,2024-07-14,active
1843,Matthew,Rodriguez,paul.perez@yahoo.com,555-9765,1983-06-25,2962 Maple Dr,Chicago,NC,17182,49364,self_employed,2022-07-13,active
1845,John,Miller,matthew.martin@hotmail.com,555-5620,1954-11-04,373 Cedar Ln,Las Vegas,OH,76132,49910,employed,2023-03-28,active
1847,Elizabeth,Miller,michelle.lewis@outlook.com,555-6214,1993-07-18,1386 Jefferson Dr,San Antonio,NV,80512,44631,employed,2022-08-02,active
1848,Matthew,Hernandez,frances.sanchez@email.com,555-1948,1997-05-22,8660 Washington St,Oklahoma City,IL,32388,86022,employed,2023-08-25,inactive
1849,Lisa,Gonzalez,rachel.lopez@email.com,555-3913,1964-11-22,8915 Park Ave,Houston,OH,50769,57000,employed,2023-07-12,active
1850,Michael,White,sarah.miller@email.com,555-2065,1968-10-03,6410 Park Ave,Dallas,AZ,89521,87948,self_employed,2025-02-13,active
1851,Elizabeth,Jackson,rachel.white@yahoo.com,555-1852,1998-04-24,1764 Cedar Ln,Chicago,NV,51208,118368,employed,2021-05-29,active
1852,Daniel,White,helen.williams@yahoo.com,555-5087,1953-02-11,5545 Jefferson Dr,Jacksonville,FL,17074,42971,unemployed,2020-11-22,active
1853,Daniel,Smith,steven.anderson@email.com,555-2440,2005-11-08,1735 Oak Ave,Washington,MA,57259,21929,self_employed,2023-12-26,active
1854,Donald,White,deborah.davis@hotmail.com,555-6333,1972-10-29,2060 Cedar Ln,Washington,TX,28528,80251,employed,2022-10-27,active
1855,Jennifer,Johnson,donald.martinez@gmail.com,555-2687,1947-08-25,6970 Elm St,Oklahoma City,DC,93979,134593,employed,2022-09-04,active
1858,Kenneth,Davis,james.perez@hotmail.com,555-9065,1957-03-18,2273 Jackson St,Los Angeles,FL,30696,70127,employed,2021-05-11,active
1863,Carolyn,Taylor,andrew.robinson@email.com,555-8254,1979-10-07,5794 Adams Ave,Oklahoma City,OH,19708,122227,employed,2021-09-11,active
1864,James,Clark,catherine.smith@gmail.com,555-2600,1962-12-15,9209 Madison St,New York,NC,73175,208654,employed,2025-03-14,active
1865,Emily,Harris,kenneth.martin@gmail.com,555-4511,1991-04-02,373 Park Ave,Austin,TX,43600,84654,self_employed,2025-05-06,inactive
1866,Maria,Garcia,kenneth.martinez@hotmail.com,555-2202,1998-06-12,2099 Second St,Charlotte,CA,57407,80572,employed,2021-11-06,active
1867,Emily,White,donald.thomas@yahoo.com,555-1922,1996-03-24,5529 First St,Phoenix,DC,74674,27843,unemployed,2020-08-02,active
1868,Helen,Clark,janet.white@outlook.com,555-6435,1979-09-07,2545 Cedar Ln,Jacksonville,PA,30820,56729,employed,2023-06-28,active
1869,Lisa,Taylor,ashley.jones@yahoo.com,555-7119,1964-05-27,783 Adams Ave,San Francisco,NV,54937,70052,employed,2022-12-08,active
1870,Donald,Lee,carolyn.taylor@gmail.com,555-7540,1970-08-01,5407 First St,Indianapolis,NC,46795,53841,employed,2023-10-06,active
1872,David,Thompson,daniel.taylor@outlook.com,555-3563,1984-01-15,7370 Lincoln Ave,Houston,TX,90884,197850,self_employed,2024-01-05,active
1873,Donald,Lopez,matthew.williams@hotmail.com,555-8140,1973-06-19,1928 Madison St,Charlotte,NV,88492,47340,employed,2022-12-08,active
1874,Ashley,Lopez,andrew.clark@yahoo.com,555-1999,1955-06-26,6588 Park Ave,Los Angeles,IL,52897,71632,employed,2023-10-08,active
1875,Jennifer,Jones,janet.rodriguez@email.com,555-4522,1972-12-25,9933 Cedar Ln,Indianapolis,DC,63767,75654,self_employed,2023-08-24,active
1876,Sarah,Williams,andrew.johnson@hotmail.com,555-1132,1963-11-23,3320 Washington St,Seattle,NY,19435,78324,employed,2025-03-30,active
1877,Elizabeth,Sanchez,janet.gonzalez@outlook.com,555-8962,1954-12-14,5767 Lincoln Ave,Dallas,NC,64634,129373,employed,2025-06-24,active
1878,Michael,Martin,deborah.thomas@hotmail.com,555-7601,2002-05-19,2357 Monroe Dr,Phoenix,CA,92460,45054,self_employed,2022-05-29,active
1880,Anthony,Hernandez,ashley.moore@yahoo.com,555-1321,2006-01-08,8244 Jackson St,Austin,WA,81961,42801,self_employed,2021-04-27,active
1881,Ashley,Martin,elizabeth.gonzalez@outlook.com,555-9388,1969-07-18,4827 Madison St,New York,TN,83554,45976,employed,2023-12-17,active
1882,Emily,Perez,kenneth.thompson@email.com,555-2639,2000-01-24,8371 Pine Rd,Charlotte,OK,59105,35744,employed,2022-08-14,active
1883,Stephanie,Martin,william.hernandez@yahoo.com,555-2643,1984-02-14,4615 Cedar Ln,San Francisco,OH,77810,79087,employed,2024-12-01,active
1884,Steven,Wilson,anthony.gonzalez@hotmail.com,555-1601,1988-10-12,407 Jefferson Dr,Austin,IN,90315,85593,employed,2022-01-07,active
1885,Deborah,Moore,paul.perez@outlook.com,555-2668,1975-10-06,6826 Cedar Ln,Phoenix,NY,86318,80024,employed,2022-01-12,active
1887,Charles,Harris,daniel.martin@hotmail.com,555-4938,2005-02-03,1275 Second St,Oklahoma City,OK,27497,123266,employed,2021-07-06,active
1888,Thomas,Brown,charles.hernandez@hotmail.com,555-8992,1973-04-25,1660 Madison St,Seattle,WA,95026,56399,employed,2022-08-22,active
1889,Jennifer,Moore,elizabeth.lopez@hotmail.com,555-1289,2006-01-27,9636 Jefferson Dr,Indianapolis,IN,73936,80291,employed,2022-07-28,active
1892,Lisa,Moore,anthony.thompson@hotmail.com,555-6571,1949-05-03,8590 Park Ave,Indianapolis,IN,58871,123046,unemployed,2024-07-18,active
1894,Michelle,Jackson,michael.thomas@email.com,555-8085,1999-03-10,3017 Lincoln Ave,Austin,TX,62149,130073,employed,2024-06-27,active
1895,Jessica,Perez,maria.harris@email.com,555-7950,1985-07-13,6683 First St,Jacksonville,FL,66156,81965,employed,2023-04-09,inactive
1896,Kevin,Wilson,michael.thomas@gmail.com,555-8445,1957-01-31,2276 Park Ave,Dallas,IL,38001,51666,employed,2021-11-01,active
1897,David,Rodriguez,richard.johnson@email.com,555-8669,1973-05-24,2802 Monroe Dr,Boston,IN,90541,121352,employed,2021-10-24,active
1901,William,Hernandez,william.sanchez@outlook.com,555-2353,1955-04-20,9694 Monroe Dr,Boston,AZ,53666,75447,employed,2025-01-30,active
1902,Thomas,Lee,michelle.gonzalez@hotmail.com,555-4518,1961-10-26,6240 Lincoln Ave,Dallas,IN,20015,50435,employed,2021-02-26,active
1903,Nicole,Williams,ashley.gonzalez@outlook.com,555-4073,1991-06-16,399 Lincoln Ave,Phoenix,CA,37010,87443,employed,2023-08-22,active
1904,Ashley,Anderson,deborah.taylor@hotmail.com,555-2633,1993-10-10,4678 Monroe Dr,Chicago,NC,60069,73285,employed,2024-04-20,active
1905,Janet,Davis,richard.davis@hotmail.com,555-5373,1950-12-12,1696 Elm St,Philadelphia,TN,32149,22441,employed,2023-07-31,active
1906,Paul,Lewis,helen.robinson@hotmail.com,555-8679,1988-11-30,857 Main St,Columbus,OK,67080,46409,employed,2021-02-24,inactive
1907,Kevin,Lopez,john.thomas@outlook.com,555-8909,2007-05-30,1176 Adams Ave,Philadelphia,TX,75403,55238,employed,2021-05-14,active
1911,Elizabeth,Moore,kenneth.brown@yahoo.com,555-7506,1994-06-21,2429 Madison St,Charlotte,NY,70603,22265,unemployed,2022-02-04,active
1912,Jessica,Lee,helen.white@yahoo.com,555-6585,1961-01-04,6678 Main St,Phoenix,PA,24821,203080,employed,2022-12-01,active
1913,Andrew,Anderson,elizabeth.sanchez@hotmail.com,555-9427,1946-07-13,2419 First St,San Antonio,CO,81465,115821,employed,2021-11-01,active
1915,Anthony,Brown,jane.lewis@yahoo.com,555-2335,1972-11-20,871 Pine Rd,Phoenix,OH,34824,47132,employed,2021-01-10,active
1916,Kenneth,Jackson,john.robinson@yahoo.com,555-6552,1999-09-06,7534 Elm St,Indianapolis,OK,20675,59100,employed,2025-05-07,active
1917,Andrew,Anderson,sarah.lewis@email.com,555-5971,1952-03-16,2222 Second St,Oklahoma City,DC,10630,21070,employed,2022-05-23,active
1918,Maria,Jackson,matthew.miller@yahoo.com,555-8343,1980-02-24,9252 Second St,Houston,TN,62915,57723,employed,2023-02-08,active
1919,Michelle,Davis,stephanie.hernandez@email.com,555-8455,2006-04-08,3920 Pine Rd,Boston,OK,40976,71987,employed,2020-10-16,active
1922,Elizabeth,Clark,catherine.thompson@hotmail.com,555-8820,1982-09-11,2022 Elm St,Houston,CA,73454,89125,self_employed,2023-10-09,active
1923,Anthony,Wilson,nicole.anderson@yahoo.com,555-9384,1996-04-21,7569 Maple Dr,Philadelphia,DC,99538,54731,employed,2023-10-10,active
1924,Jane,Harris,ashley.jackson@gmail.com,555-9314,1968-09-21,6329 Jefferson Dr,Las Vegas,MA,11495,78793,self_employed,2025-04-08,active
1925,Donald,Williams,ashley.taylor@yahoo.com,555-7713,1994-09-29,7904 Oak Ave,Washington,TN,67764,89577,employed,2025-07-14,active
1926,Ashley,Jackson,kenneth.lewis@outlook.com,555-3364,1979-05-07,3750 Monroe Dr,Charlotte,PA,68201,85348,employed,2020-12-06,active
1927,Anthony,Brown,james.moore@email.com,555-7872,1961-01-21,3170 Oak Ave,Columbus,PA,47672,34345,employed,2021-09-03,active
1928,Jennifer,Miller,frances.jackson@yahoo.com,555-5132,1970-09-15,6310 Main St,Fort Worth,NY,59525,47925,employed,2023-09-19,inactive
1935,Stephanie,Brown,deborah.smith@yahoo.com,555-4189,1961-12-27,8978 Main St,Indianapolis,NY,12540,133921,employed,2022-05-11,active
1937,Carolyn,Martin,james.perez@gmail.com,555-1910,1969-09-24,6748 Adams Ave,Phoenix,TN,51882,53053,employed,2024-03-09,active
1938,Kenneth,Anderson,thomas.rodriguez@yahoo.com,555-1832,1966-03-18,6624 Oak Ave,Indianapolis,WA,48319,81649,employed,2024-08-30,active
1939,Kenneth,Lopez,andrew.thomas@yahoo.com,555-4897,2007-05-22,9199 Park Ave,Fort Worth,NY,65868,121181,employed,2020-10-25,active
1940,Kevin,Jones,charles.jones@outlook.com,555-8953,1952-05-13,4489 Lincoln Ave,San Francisco,TX,91390,125996,employed,2024-02-05,active
1942,Charles,Thompson,jennifer.jackson@outlook.com,555-1061,1969-09-11,9526 Park Ave,Indianapolis,WA,76259,51561,employed,2021-06-12,active
1943,Elizabeth,Robinson,matthew.sanchez@gmail.com,555-2266,1984-02-11,3557 Jackson St,Chicago,IN,88845,37548,self_employed,2021-06-19,inactive
1944,Rachel,Martinez,lisa.sanchez@hotmail.com,555-4006,1972-06-02,9296 Jackson St,San Diego,MA,30768,130291,employed,2022-09-14,active
1945,Jessica,Thompson,david.garcia@hotmail.com,555-8697,1985-12-03,3960 Adams Ave,Oklahoma City,TN,72916,86945,self_employed,2021-07-03,active
1946,Richard,Lee,nicole.ramirez@hotmail.com,555-8576,1992-02-23,8216 Cedar Ln,Washington,DC,57435,46267,employed,2023-03-19,active
1947,Janet,Ramirez,michael.clark@yahoo.com,555-1768,1965-11-26,4527 Main St,Boston,IN,26431,125072,employed,2022-03-09,active
1948,Sarah,Jackson,daniel.smith@email.com,555-2078,1983-03-07,5905 Monroe Dr,San Diego,OK,64421,116656,employed,2021-04-04,active
1949,James,Jones,elizabeth.rodriguez@email.com,555-3519,1948-07-23,3717 Adams Ave,Washington,OH,16953,52515,employed,2023-11-18,active
1951,Nicole,Wilson,kenneth.sanchez@gmail.com,555-1188,2002-06-26,1177 Second St,Phoenix,OH,38498,42157,employed,2022-05-23,active
1952,Stephanie,Garcia,william.jackson@email.com,555-4970,2003-09-03,5392 Adams Ave,Nashville,MA,73084,203942,employed,2024-12-15,active
1953,Kevin,Smith,william.garcia@outlook.com,555-3679,1972-08-12,7718 First St,Fort Worth,WA,11389,126564,employed,2020-10-12,active
1954,Michael,Thompson,sarah.wilson@hotmail.com,555-8426,1982-01-25,1206 Washington St,San Jose,AZ,69193,38440,employed,2023-05-13,active
1955,Sarah,Thompson,daniel.garcia@yahoo.com,555-3047,1981-07-12,8172 Maple Dr,Las Vegas,CA,66736,125645,employed,2023-01-10,inactive
1956,Charles,Martin,richard.martinez@yahoo.com,555-7557,1998-04-19,414 Second St,Austin,FL,98063,123770,self_employed,2023-11-07,active
1957,Paul,Moore,charles.hernandez@outlook.com,555-4246,1967-11-08,8471 Elm St,San Diego,OH,12581,81362,employed,2023-03-29,active
1958,Charles,Wilson,stephanie.brown@yahoo.com,555-3499,1971-11-21,7893 Second St,New York,CO,35018,46822,employed,2024-07-19,active
1960,Carolyn,Johnson,catherine.rodriguez@gmail.com,555-5479,1959-03-21,2595 Washington St,Austin,DC,50048,125625,employed,2020-12-09,active
1961,Emily,Jones,matthew.davis@email.com,555-1583,1989-03-22,8568 Pine Rd,Denver,IL,42698,82167,employed,2025-02-25,inactive
1962,Anthony,Thompson,charles.white@hotmail.com,555-5160,1951-09-23,7807 Elm St,Austin,OK,51164,206313,self_employed,2022-07-20,active
1963,Charles,Garcia,andrew.lee@yahoo.com,555-5549,1982-05-04,4130 Main St,Columbus,TX,63807,32855,employed,2021-04-17,active
1965,Anthony,Perez,donald.martin@outlook.com,555-8546,1952-07-13,5114 Park Ave,Nashville,FL,65372,82629,employed,2020-09-04,active
1966,Michael,Williams,daniel.harris@outlook.com,555-2573,1950-01-31,3647 Maple Dr,Indianapolis,NV,78740,89426,employed,2023-05-08,active
1968,Michael,Lopez,michael.perez@email.com,555-7255,1975-07-25,6657 Cedar Ln,Fort Worth,OK,33081,53777,self_employed,2023-06-25,active
1969,William,Clark,john.white@email.com,555-2839,2005-12-28,4857 Jackson St,Phoenix,FL,70044,45114,employed,2021-09-21,active
1970,Jane,Moore,charles.johnson@outlook.com,555-8265,1992-04-13,9904 Jefferson Dr,Houston,NC,55439,55273,employed,2022-02-18,active
1971,Thomas,Gonzalez,paul.rodriguez@email.com,555-1578,1984-08-06,6308 Adams Ave,Charlotte,CO,18962,55120,self_employed,2025-05-30,active
1972,Stephanie,Lopez,deborah.johnson@hotmail.com,555-6987,1981-09-03,3495 Washington St,San Diego,IL,76031,73308,employed,2020-10-24,active
1973,Jennifer,Smith,michael.jones@hotmail.com,555-9671,1976-08-23,7120 Lincoln Ave,San Antonio,OH,71567,76865,employed,2024-06-26,active
1974,Robert,Gonzalez,carolyn.thompson@email.com,555-8881,1955-04-22,9797 Cedar Ln,Columbus,TX,58650,70603,employed,2022-02-16,active
1975,Jennifer,Rodriguez,sarah.jones@hotmail.com,555-5752,1975-10-30,5363 Main St,Nashville,CA,54839,70413,self_employed,2022-03-14,active
1978,Carolyn,Thompson,michelle.brown@outlook.com,555-7762,1973-10-09,4547 Adams Ave,Fort Worth,AZ,77106,77406,unemployed,2024-01-06,active
1979,Mark,Garcia,jennifer.hernandez@yahoo.com,555-8411,1974-12-16,6722 Oak Ave,New York,PA,26697,43269,employed,2021-12-10,active
1980,Mark,White,rachel.anderson@gmail.com,555-4022,1977-11-02,1391 Jefferson Dr,San Francisco,CA,44392,49403,employed,2021-02-11,active
1981,Andrew,Lewis,john.hernandez@gmail.com,555-7763,1981-09-15,7167 Oak Ave,Oklahoma City,TX,33552,120439,employed,2021-10-05,active
1983,Jennifer,Smith,jennifer.garcia@hotmail.com,555-3444,1968-02-12,8893 Madison St,San Antonio,IL,42023,124235,employed,2025-05-30,active
1984,Charles,Williams,lisa.robinson@email.com,555-1517,1959-04-11,6330 Madison St,Boston,TX,44546,49837,employed,2024-12-16,active
1985,Mark,Williams,jane.rodriguez@outlook.com,555-2515,1990-07-28,9403 Elm St,Houston,AZ,51330,88800,employed,2025-04-16,active
1987,Maria,Lee,robert.martinez@gmail.com,555-6600,1953-04-20,3892 Cedar Ln,Austin,TX,68318,86897,employed,2025-06-10,active
1988,Andrew,Lopez,donald.smith@email.com,555-5503,1949-11-17,6430 Jackson St,Houston,IN,96583,30217,employed,2025-02-15,active
1989,Robert,Rodriguez,anthony.harris@outlook.com,555-5452,1973-10-29,7862 Maple Dr,Phoenix,TN,53007,72267,employed,2024-04-01,inactive
1990,Michelle,Smith,charles.miller@outlook.com,555-5350,1968-10-06,9612 Jackson St,New York,OH,42365,71790,employed,2023-12-15,active
1992,Helen,Davis,emily.perez@gmail.com,555-2330,1947-12-29,8846 Madison St,Boston,WA,48708,81392,employed,2022-10-28,active
1993,Mark,Robinson,daniel.smith@gmail.com,555-5602,1985-02-20,4861 Madison St,Charlotte,IN,83587,47400,employed,2022-08-31,active
1994,Andrew,Rodriguez,janet.williams@outlook.com,555-1198,2003-11-16,4137 Madison St,Houston,NY,17019,87000,employed,2023-02-05,active
1995,Charles,Lee,paul.hernandez@email.com,555-6078,1999-01-07,3332 Park Ave,Los Angeles,TN,79180,22353,employed,2021-02-13,active
1996,Deborah,Clark,sarah.johnson@hotmail.com,555-1387,1960-11-11,1620 Second St,San Jose,IN,21289,129494,employed,2025-01-31,active
1998,Jane,Clark,ashley.white@yahoo.com,555-6901,1967-06-19,120 Oak Ave,San Jose,PA,60426,210730,employed,2024-01-21,active
1999,Frances,Thomas,rachel.davis@gmail.com,555-8445,1965-01-04,9404 Washington St,Columbus,AZ,45788,52645,employed,2023-05-20,active
2000,Maria,Clark,anthony.ramirez@email.com,555-7162,1975-02-28,4091 Maple Dr,Indianapolis,DC,82536,76425,employed,2023-01-31,active
