card_id,member_id,card_number,card_type,credit_limit,current_balance,apr_rate,minimum_payment,payment_due_date,card_status,issue_date,expiry_date
1,1,4856490132495193,visa,50500,15150.0,0.2272,303.0,2025-08-30,active,2022-11-08,2025-11-08
2,1,361758080388904,amex,11000,5500.0,0.1289,110.0,2025-08-11,active,2022-03-09,2027-03-09
3,2,313538148374755,amex,20500,2050.0,0.1456,41.0,2025-08-21,active,2025-07-20,2028-07-20
4,3,6471778401902716,discover,31000,24800.0,0.1926,496.0,2025-08-24,active,2025-06-13,2030-06-13
5,4,6686119976759833,discover,14000,1400.0,0.1285,28.0,2025-08-29,active,2024-07-08,2028-07-08
6,4,5534581956572853,mastercard,11500,0.0,0.2484,25,2025-08-20,active,2024-10-21,2027-10-21
7,5,6621775801584668,discover,19500,1950.0,0.233,39.0,2025-08-02,active,2025-01-09,2030-01-09
8,5,332727669834515,amex,27500,0.0,0.2123,25,2025-08-07,active,2025-06-25,2030-06-25
9,6,4308730897207382,visa,42000,4200.0,0.181,84.0,2025-08-31,active,2025-02-12,2029-02-12
10,6,325278630900712,amex,74000,7400.0,0.2275,148.0,2025-08-24,active,2022-10-25,2025-10-25
11,6,373057771961997,amex,23500,2350.0,0.1674,47.0,2025-08-21,active,2023-01-05,2027-01-05
12,7,309968334400952,amex,29500,8850.0,0.2428,177.0,2025-08-23,active,2025-07-21,2029-07-21
13,7,6932219143907054,discover,46500,4650.0,0.1516,93.0,2025-08-03,active,2025-07-26,2030-07-26
14,8,4501016260080265,visa,31500,9450.0,0.2133,189.0,2025-08-23,active,2025-01-05,2030-01-05
15,9,5354883571921496,mastercard,24500,7350.0,0.1319,147.0,2025-08-10,active,2024-08-22,2029-08-22
16,9,6643203172665282,discover,57500,17250.0,0.19,345.0,2025-08-10,active,2023-09-26,2027-09-26
17,10,5400020860146051,mastercard,25000,7500.0,0.1927,150.0,2025-08-12,active,2024-10-13,2027-10-13
18,10,4630335636930100,visa,78000,23400.0,0.1966,468.0,2025-08-18,active,2025-02-26,2028-02-26
19,10,6810480283541589,discover,59000,0.0,0.2012,25,2025-08-03,active,2025-04-02,2028-04-02
20,11,6661366280812268,discover,58500,17550.0,0.2309,351.0,2025-08-29,active,2023-10-19,2027-10-19
21,12,370531105833096,amex,48500,14550.0,0.1986,291.0,2025-08-21,active,2023-10-26,2026-10-26
22,12,4426937650167671,visa,90500,0.0,0.1822,25,2025-08-29,active,2023-11-19,2027-11-19
23,13,6368850162762922,discover,20500,16400.0,0.1765,328.0,2025-08-18,active,2024-02-25,2028-02-25
24,14,6616522898907499,discover,60500,18150.0,0.1935,363.0,2025-08-05,active,2022-04-21,2026-04-21
25,14,6265976408385805,discover,41000,12300.0,0.2394,246.0,2025-08-31,active,2021-02-10,2024-02-10
26,14,6578939129565188,discover,78000,7800.0,0.2043,156.0,2025-08-28,expired,2023-06-03,2026-06-03
27,15,300924492878757,amex,10000,5000.0,0.1503,100.0,2025-08-02,active,2022-03-14,2027-03-14
28,15,4250186074290695,visa,40000,0.0,0.1411,25,2025-08-29,active,2022-10-04,2025-10-04
29,16,4620073024266249,visa,39000,11700.0,0.1511,234.0,2025-08-27,active,2024-11-30,2028-11-30
30,17,6144695674068735,discover,6500,3250.0,0.1529,65.0,2025-08-13,active,2025-04-10,2029-04-10
31,18,6886583483483586,discover,4000,400.0,0.2282,25,2025-08-08,active,2025-01-13,2029-01-13
32,19,5077587089432698,mastercard,17500,1750.0,0.2278,35.0,2025-08-10,active,2023-05-31,2028-05-31
33,20,380504505092846,amex,100000,95000.0,0.2153,1900.0,2025-08-02,active,2023-07-05,2026-07-05
34,20,5907737295450380,mastercard,50500,5050.0,0.1379,101.0,2025-08-19,expired,2021-04-06,2025-04-06
35,20,5045028143531279,mastercard,37500,0.0,0.2093,25,2025-08-23,active,2022-05-24,2027-05-24
36,21,331112359042652,amex,25500,12750.0,0.1394,255.0,2025-08-15,active,2023-11-04,2027-11-04
37,22,4085738385545146,visa,20500,6150.0,0.2271,123.0,2025-08-22,active,2024-08-28,2029-08-28
38,23,355537062728167,amex,7500,2250.0,0.1775,45.0,2025-08-14,active,2024-02-29,2027-02-29
39,24,6562641260848187,discover,35500,10650.0,0.1218,213.0,2025-08-21,blocked,2024-11-17,2027-11-17
40,24,6303995167045059,discover,20500,2050.0,0.1902,41.0,2025-08-31,active,2025-06-25,2030-06-25
41,25,5123438880485142,mastercard,25500,7650.0,0.168,153.0,2025-08-28,active,2022-02-02,2025-02-02
42,25,5823134275576729,mastercard,13500,0.0,0.1343,25,2025-08-12,active,2025-03-09,2028-03-09
43,26,4834369531029771,visa,14500,1450.0,0.1339,29.0,2025-08-02,active,2025-05-21,2030-05-21
44,27,6926517328162910,discover,36000,10800.0,0.1836,216.0,2025-08-28,active,2024-11-20,2029-11-20
45,27,5691573767105298,mastercard,42000,12600.0,0.1834,252.0,2025-08-16,active,2024-08-12,2028-08-12
46,27,4530445002026838,visa,68500,20550.0,0.1997,411.0,2025-08-30,active,2023-07-24,2028-07-24
47,28,5958676030409346,mastercard,41000,20500.0,0.1797,410.0,2025-08-13,active,2025-01-01,2030-01-01
48,28,5368810138272105,mastercard,11000,3300.0,0.1518,66.0,2025-08-14,active,2021-09-22,2024-09-22
49,28,4138825320831681,visa,36000,3600.0,0.1734,72.0,2025-08-15,active,2025-03-22,2030-03-22
50,29,4736907894767200,visa,41500,12450.0,0.1368,249.0,2025-08-10,active,2024-12-27,2028-12-27
51,30,4716348508951237,visa,16500,4950.0,0.1683,99.0,2025-08-26,active,2025-03-11,2030-03-11
52,30,345456972965561,amex,79500,39750.0,0.1756,795.0,2025-08-04,active,2025-04-26,2029-04-26
53,31,6263956126678305,discover,23500,2350.0,0.147,47.0,2025-08-05,active,2024-11-27,2028-11-27
54,32,4223461446627633,visa,33000,9900.0,0.2437,198.0,2025-08-05,active,2023-12-27,2027-12-27
55,32,321524831968636,amex,30000,15000.0,0.1235,300.0,2025-08-10,active,2024-09-20,2028-09-20
56,33,6036883004837936,discover,30500,3050.0,0.2097,61.0,2025-08-04,active,2025-05-02,2028-05-02
57,34,4270659341040629,visa,17000,13600.0,0.1906,272.0,2025-08-07,active,2021-10-29,2024-10-29
58,34,5018179607578984,mastercard,15500,4650.0,0.2363,93.0,2025-08-20,active,2024-07-13,2028-07-13
59,35,5171148656581898,mastercard,11500,1150.0,0.2493,25,2025-08-30,expired,2024-11-08,2027-11-08
60,35,363163129755726,amex,33000,9900.0,0.1976,198.0,2025-08-21,active,2023-04-15,2027-04-15
61,36,5899906820130716,mastercard,39500,0.0,0.1445,25,2025-08-23,active,2024-11-10,2028-11-10
62,36,5613179854900490,mastercard,14500,1450.0,0.2074,29.0,2025-08-21,active,2024-02-27,2028-02-27
63,37,5563998127439225,mastercard,33500,3350.0,0.1338,67.0,2025-08-27,active,2025-06-06,2029-06-06
64,38,4476212360186399,visa,50000,5000.0,0.1536,100.0,2025-08-28,active,2025-02-18,2029-02-18
65,38,5156309307968590,mastercard,54500,5450.0,0.1757,109.0,2025-08-23,active,2025-05-29,2030-05-29
66,39,308992177351668,amex,29000,8700.0,0.2341,174.0,2025-08-08,expired,2024-02-08,2027-02-08
67,39,6072173402422241,discover,24500,19600.0,0.1498,392.0,2025-08-27,active,2025-05-25,2030-05-25
68,40,6540181444248420,discover,23000,6900.0,0.1563,138.0,2025-08-27,active,2025-05-09,2030-05-09
69,40,376511861564099,amex,30000,9000.0,0.1602,180.0,2025-08-13,active,2025-05-25,2028-05-25
70,41,6054245190826110,discover,52000,26000.0,0.1614,520.0,2025-08-12,active,2025-06-02,2028-06-02
71,41,5023766696922953,mastercard,20000,6000.0,0.1699,120.0,2025-08-20,active,2024-04-07,2029-04-07
72,42,5909342424066283,mastercard,28500,8550.0,0.1449,171.0,2025-08-27,active,2025-05-08,2029-05-08
73,42,5437518669408654,mastercard,24500,7350.0,0.1524,147.0,2025-08-19,active,2025-04-26,2029-04-26
74,43,307435095288959,amex,100000,30000.0,0.2297,600.0,2025-08-29,active,2024-05-14,2028-05-14
75,43,6453591765047188,discover,67000,33500.0,0.1249,670.0,2025-08-20,active,2024-03-03,2027-03-03
76,43,6344966866798994,discover,45500,4550.0,0.1731,91.0,2025-08-05,active,2024-11-19,2027-11-19
77,43,6901497110384715,discover,93500,28050.0,0.2278,561.0,2025-08-15,active,2024-09-14,2028-09-14
78,44,6016744923435969,discover,50000,0.0,0.1224,25,2025-08-31,active,2025-02-12,2029-02-12
79,45,6693754024286178,discover,9500,950.0,0.2369,25,2025-08-27,active,2025-07-20,2028-07-20
80,45,5503857626481638,mastercard,26500,0.0,0.1945,25,2025-08-26,active,2025-07-24,2029-07-24
81,46,5585301012789695,mastercard,23000,6900.0,0.2043,138.0,2025-08-02,active,2021-03-02,2026-03-02
82,46,327758670365620,amex,18000,5400.0,0.1749,108.0,2025-08-10,active,2021-10-13,2026-10-13
83,47,6331812335761707,discover,17000,1700.0,0.2352,34.0,2025-08-11,active,2022-07-12,2025-07-12
84,48,6263678508989774,discover,11500,3450.0,0.2456,69.0,2025-08-29,active,2025-02-14,2029-02-14
85,49,385295377403767,amex,25000,2500.0,0.1818,50.0,2025-08-02,active,2024-10-01,2029-10-01
86,50,6514975341157330,discover,43500,13050.0,0.1276,261.0,2025-08-03,active,2024-10-08,2029-10-08
87,51,6565823445385653,discover,55000,16500.0,0.2388,330.0,2025-08-29,active,2024-01-26,2027-01-26
88,52,4047091103495611,visa,22000,0.0,0.2195,25,2025-08-18,active,2025-06-24,2030-06-24
89,52,4181583746614477,visa,34000,17000.0,0.1864,340.0,2025-08-26,active,2025-05-10,2028-05-10
90,53,6966682905256599,discover,34000,3400.0,0.1885,68.0,2025-08-21,active,2024-10-01,2027-10-01
91,54,4292764054739862,visa,51000,15300.0,0.1529,306.0,2025-08-13,active,2024-02-16,2027-02-16
92,54,6047473389147852,discover,61500,18450.0,0.1589,369.0,2025-08-11,active,2024-06-03,2028-06-03
93,55,4023873518664774,visa,19000,1900.0,0.1317,38.0,2025-08-08,blocked,2021-10-16,2024-10-16
94,56,385346581539885,amex,100000,0.0,0.1355,25,2025-08-19,active,2023-07-21,2028-07-21
95,56,4984128655816759,visa,68500,20550.0,0.1899,411.0,2025-08-29,active,2023-08-11,2026-08-11
96,57,4800381463429242,visa,17500,14000.0,0.1991,280.0,2025-08-13,active,2023-07-24,2028-07-24
97,58,4912185273411461,visa,11000,5500.0,0.1309,110.0,2025-08-30,active,2022-07-11,2025-07-11
98,58,4530304407781109,visa,14500,7250.0,0.1669,145.0,2025-08-19,active,2025-07-29,2029-07-29
99,59,6345418299126994,discover,38000,11400.0,0.1272,228.0,2025-08-11,active,2024-01-10,2027-01-10
100,59,4061669100822421,visa,89000,71200.0,0.1384,1424.0,2025-08-28,active,2024-03-15,2029-03-15
101,59,6562699620834791,discover,22000,6600.0,0.1214,132.0,2025-08-20,active,2025-02-27,2028-02-27
102,60,372287032200748,amex,45500,36400.0,0.1841,728.0,2025-08-06,active,2023-11-02,2028-11-02
103,60,4295145205802860,visa,19500,5850.0,0.1574,117.0,2025-08-02,active,2024-01-24,2027-01-24
104,61,347476950904189,amex,4500,0.0,0.1766,25,2025-08-24,active,2023-10-26,2027-10-26
105,62,362388788876569,amex,98000,9800.0,0.1296,196.0,2025-08-14,active,2024-06-01,2027-06-01
106,62,5901138604794719,mastercard,18500,5550.0,0.1479,111.0,2025-08-02,active,2024-05-16,2027-05-16
107,63,338294419147905,amex,35500,3550.0,0.1773,71.0,2025-08-19,active,2024-01-04,2028-01-04
108,64,6309532670848868,discover,14000,4200.0,0.2285,84.0,2025-08-12,active,2025-01-03,2029-01-03
109,65,5282801832353068,mastercard,29500,2950.0,0.1755,59.0,2025-08-25,active,2025-05-04,2029-05-04
110,66,6809645837449597,discover,10000,8000.0,0.1303,160.0,2025-08-13,active,2024-04-11,2027-04-11
111,67,392897487411486,amex,37500,18750.0,0.1777,375.0,2025-08-26,active,2024-07-08,2028-07-08
112,68,6645349655156419,discover,13000,3900.0,0.1888,78.0,2025-08-15,active,2024-08-03,2028-08-03
113,68,4935820163015972,visa,43500,34800.0,0.1388,696.0,2025-08-18,active,2023-04-19,2027-04-19
114,69,5766809846018040,mastercard,45500,4550.0,0.2383,91.0,2025-08-19,active,2024-10-29,2027-10-29
115,69,5735866715544605,mastercard,50000,5000.0,0.1401,100.0,2025-08-14,active,2024-11-19,2029-11-19
116,70,6272053649911928,discover,57500,5750.0,0.1778,115.0,2025-08-22,blocked,2024-06-13,2028-06-13
117,70,4215538307755821,visa,27000,8100.0,0.1437,162.0,2025-08-10,active,2023-05-21,2027-05-21
118,70,346078907519919,amex,68500,6850.0,0.1793,137.0,2025-08-13,active,2025-04-28,2028-04-28
119,71,4492531649828385,visa,40000,4000.0,0.1772,80.0,2025-08-15,active,2025-07-13,2029-07-13
120,72,4554943436877156,visa,25500,0.0,0.2144,25,2025-08-28,active,2023-09-24,2026-09-24
121,72,4763415359771001,visa,32000,16000.0,0.2036,320.0,2025-08-16,active,2023-06-11,2027-06-11
122,73,5148722557856413,mastercard,22500,18000.0,0.2043,360.0,2025-08-25,active,2024-02-09,2028-02-09
123,74,373952328555809,amex,9500,950.0,0.2171,25,2025-08-11,active,2025-01-24,2029-01-24
124,75,6028413623347040,discover,39500,11850.0,0.1527,237.0,2025-08-27,active,2024-02-16,2027-02-16
125,76,6973418559508374,discover,63500,0.0,0.2197,25,2025-08-03,active,2024-10-21,2029-10-21
126,76,6101759001706794,discover,13500,4050.0,0.1836,81.0,2025-08-15,active,2025-05-16,2028-05-16
127,76,316215938967635,amex,26000,7800.0,0.1833,156.0,2025-08-09,active,2024-04-25,2028-04-25
128,76,6070722883413351,discover,66500,6650.0,0.1209,133.0,2025-08-10,active,2024-04-21,2029-04-21
129,77,6493663579671480,discover,33500,3350.0,0.2198,67.0,2025-08-30,active,2023-02-10,2028-02-10
130,78,5565826082526379,mastercard,63000,18900.0,0.2212,378.0,2025-08-04,active,2023-11-21,2028-11-21
131,78,6691122321425261,discover,39000,19500.0,0.1836,390.0,2025-08-22,active,2023-06-14,2028-06-14
132,79,365744653255441,amex,10500,1050.0,0.1327,25,2025-08-26,active,2025-04-12,2030-04-12
133,79,313673805203881,amex,30000,15000.0,0.1481,300.0,2025-08-28,expired,2025-06-25,2030-06-25
134,80,371462201483335,amex,18000,0.0,0.2369,25,2025-08-05,active,2023-06-28,2026-06-28
135,81,5087647709067618,mastercard,18000,1800.0,0.169,36.0,2025-08-25,active,2023-07-28,2027-07-28
136,82,4621720488868041,visa,18500,5550.0,0.2258,111.0,2025-08-09,active,2025-06-17,2029-06-17
137,83,356496741991605,amex,67500,6750.0,0.2086,135.0,2025-08-14,active,2023-05-13,2028-05-13
138,83,4970342519701815,visa,32500,16250.0,0.133,325.0,2025-08-14,expired,2025-03-15,2030-03-15
139,83,4742153193625260,visa,23500,2350.0,0.1347,47.0,2025-08-20,active,2022-11-09,2025-11-09
140,84,348029335838439,amex,23500,7050.0,0.1206,141.0,2025-08-13,active,2024-07-10,2027-07-10
141,84,4745469351021401,visa,35000,3500.0,0.1518,70.0,2025-08-04,active,2021-10-14,2026-10-14
142,85,6990359717717030,discover,38000,11400.0,0.185,228.0,2025-08-31,active,2025-07-30,2029-07-30
143,86,6051648389533768,discover,8000,800.0,0.2183,25,2025-08-16,active,2022-03-23,2025-03-23
144,87,4064345973173033,visa,23000,6900.0,0.1954,138.0,2025-08-15,active,2022-04-07,2026-04-07
145,88,6451048480947318,discover,49000,39200.0,0.1703,784.0,2025-08-29,active,2025-04-09,2029-04-09
146,88,6995947611107976,discover,35500,10650.0,0.1671,213.0,2025-08-23,active,2025-05-07,2029-05-07
147,88,6226934854039098,discover,46500,13950.0,0.1694,279.0,2025-08-29,active,2025-05-01,2030-05-01
148,89,5613826870977779,mastercard,32500,3250.0,0.1253,65.0,2025-08-22,active,2024-02-04,2028-02-04
149,90,5779271107351289,mastercard,14000,1400.0,0.1444,28.0,2025-08-27,active,2023-08-26,2026-08-26
150,91,332333023993446,amex,52500,42000.0,0.2259,840.0,2025-08-30,active,2023-07-29,2027-07-29
151,91,330695235786529,amex,50000,40000.0,0.1378,800.0,2025-08-12,active,2024-05-13,2027-05-13
152,92,348854875311980,amex,9500,4750.0,0.1671,95.0,2025-08-11,blocked,2022-06-23,2025-06-23
153,92,5764255078688786,mastercard,33500,0.0,0.1435,25,2025-08-09,active,2021-03-12,2026-03-12
154,93,4701958663992879,visa,5500,550.0,0.1407,25,2025-08-30,active,2024-06-21,2028-06-21
155,94,5495629179644160,mastercard,58000,0.0,0.2188,25,2025-08-19,active,2025-01-03,2028-01-03
156,95,4287451202201754,visa,5000,500.0,0.1287,25,2025-08-10,active,2025-04-10,2029-04-10
157,96,4466275015269744,visa,74500,22350.0,0.1499,447.0,2025-08-25,active,2023-02-27,2026-02-27
158,96,348330958723836,amex,58000,46400.0,0.2038,928.0,2025-08-15,active,2025-03-14,2030-03-14
159,96,6923267148581970,discover,21500,2150.0,0.1258,43.0,2025-08-05,active,2022-09-26,2026-09-26
160,97,5092519201828523,mastercard,46500,37200.0,0.1394,744.0,2025-08-20,active,2025-03-07,2030-03-07
161,98,5795829158551163,mastercard,15500,4650.0,0.1567,93.0,2025-08-07,expired,2024-12-23,2027-12-23
162,99,6414248739626259,discover,19000,9500.0,0.2403,190.0,2025-08-09,active,2023-02-22,2028-02-22
163,99,6736772443435497,discover,10000,3000.0,0.1985,60.0,2025-08-29,active,2025-06-22,2028-06-22
164,100,338029903480424,amex,17500,5250.0,0.2323,105.0,2025-08-03,active,2023-09-08,2028-09-08
165,101,4657376242662254,visa,42500,0.0,0.24,25,2025-08-09,active,2025-03-22,2028-03-22
166,101,4401527311722641,visa,44500,0.0,0.2448,25,2025-08-12,active,2024-10-01,2028-10-01
167,102,4842933598474229,visa,5500,0.0,0.1515,25,2025-08-27,expired,2025-03-25,2030-03-25
168,102,6677153902262473,discover,27500,2750.0,0.1214,55.0,2025-08-25,active,2024-06-19,2028-06-19
169,103,4647614427873554,visa,4000,0.0,0.2129,25,2025-08-11,active,2024-11-17,2027-11-17
170,104,5067549393439690,mastercard,47500,14250.0,0.231,285.0,2025-08-25,active,2025-04-10,2029-04-10
171,104,328783573381330,amex,64500,6450.0,0.156,129.0,2025-08-09,active,2025-06-02,2028-06-02
172,105,5641224740985372,mastercard,12500,1250.0,0.1499,25,2025-08-03,active,2022-02-19,2025-02-19
173,105,5251071555870940,mastercard,8000,0.0,0.1398,25,2025-08-22,active,2023-05-12,2026-05-12
174,106,4199255125380781,visa,43000,4300.0,0.2298,86.0,2025-08-28,expired,2025-04-23,2028-04-23
175,107,5494197157557166,mastercard,25000,0.0,0.1426,25,2025-08-18,active,2025-04-15,2028-04-15
176,107,5061621856352007,mastercard,14000,1400.0,0.1606,28.0,2025-08-11,active,2024-04-10,2027-04-10
177,107,6856977143360809,discover,23000,6900.0,0.1257,138.0,2025-08-31,active,2023-02-27,2026-02-27
178,108,5927888818930461,mastercard,30500,15250.0,0.1921,305.0,2025-08-05,active,2023-01-26,2026-01-26
179,108,318569050965688,amex,23000,6900.0,0.1694,138.0,2025-08-07,active,2025-02-27,2028-02-27
180,109,5081472373564078,mastercard,33000,9900.0,0.2142,198.0,2025-08-26,active,2024-08-09,2029-08-09
181,110,6899951454983671,discover,5500,1650.0,0.1825,33.0,2025-08-20,active,2024-04-03,2028-04-03
182,111,6518571164560595,discover,24500,7350.0,0.2496,147.0,2025-08-09,blocked,2024-09-09,2027-09-09
183,112,6392002585653377,discover,10500,3150.0,0.1224,63.0,2025-08-08,active,2025-03-06,2028-03-06
184,113,5615487201240254,mastercard,11000,1100.0,0.1231,25,2025-08-03,expired,2024-07-04,2028-07-04
185,114,4998397673887246,visa,37500,11250.0,0.1479,225.0,2025-08-08,active,2024-12-22,2028-12-22
186,115,4009143529493074,visa,24000,2400.0,0.2489,48.0,2025-08-20,expired,2025-03-13,2029-03-13
187,115,6628973518962252,discover,34000,32300.0,0.2021,646.0,2025-08-03,active,2025-06-09,2029-06-09
188,116,305677125158904,amex,9000,900.0,0.2306,25,2025-08-07,active,2023-03-23,2028-03-23
189,117,6660812392788447,discover,62000,6200.0,0.1244,124.0,2025-08-19,active,2024-12-03,2029-12-03
190,117,5769584442022482,mastercard,20000,0.0,0.1907,25,2025-08-14,active,2022-10-09,2027-10-09
191,118,4450311802669141,visa,25500,2550.0,0.207,51.0,2025-08-15,active,2024-10-19,2027-10-19
192,119,4891199256924768,visa,10000,8000.0,0.1282,160.0,2025-08-03,active,2023-11-13,2027-11-13
193,120,4181405132517904,visa,34500,17250.0,0.125,345.0,2025-08-13,active,2025-05-07,2029-05-07
194,120,4671487831031456,visa,100000,10000.0,0.1816,200.0,2025-08-26,active,2025-05-02,2029-05-02
195,121,4740337449998709,visa,100000,30000.0,0.1991,600.0,2025-08-24,active,2022-07-01,2025-07-01
196,121,312641060326753,amex,81500,77425.0,0.204,1548.5,2025-08-03,active,2021-07-29,2026-07-29
197,122,4108965461253606,visa,16500,0.0,0.128,25,2025-08-16,active,2024-04-14,2027-04-14
198,122,386989484817036,amex,20500,6150.0,0.2485,123.0,2025-08-31,active,2023-10-11,2026-10-11
199,123,6375949330781117,discover,8000,0.0,0.2115,25,2025-08-15,active,2023-03-17,2028-03-17
200,123,4214441559674333,visa,63000,6300.0,0.2063,126.0,2025-08-25,active,2025-07-08,2029-07-08
201,124,5917033530049992,mastercard,29500,23600.0,0.1725,472.0,2025-08-13,active,2024-03-01,2029-03-01
202,124,6731739462487238,discover,32000,3200.0,0.1689,64.0,2025-08-12,expired,2023-12-19,2028-12-19
203,125,6871413493179670,discover,22500,11250.0,0.1675,225.0,2025-08-19,active,2023-12-25,2026-12-25
204,126,5116250698935464,mastercard,22500,2250.0,0.2265,45.0,2025-08-19,active,2024-08-08,2027-08-08
205,126,355703934271866,amex,35500,3550.0,0.1619,71.0,2025-08-21,active,2023-03-16,2027-03-16
206,127,5600011015616197,mastercard,29000,8700.0,0.1535,174.0,2025-08-10,expired,2022-05-13,2027-05-13
207,127,4213008823846990,visa,54500,16350.0,0.2093,327.0,2025-08-30,blocked,2025-07-27,2030-07-27
208,128,5310448177365561,mastercard,37000,11100.0,0.1364,222.0,2025-08-04,active,2025-07-07,2028-07-07
209,128,5063186417613023,mastercard,25000,2500.0,0.2194,50.0,2025-08-24,active,2025-03-30,2029-03-30
210,129,4676403239193252,visa,18000,1800.0,0.1394,36.0,2025-08-30,active,2025-07-23,2030-07-23
211,130,6937949995225296,discover,21500,2150.0,0.1592,43.0,2025-08-18,active,2022-10-30,2026-10-30
212,131,6868111433064098,discover,56000,16800.0,0.1931,336.0,2025-08-17,active,2023-03-07,2027-03-07
213,131,4627879025912046,visa,28000,8400.0,0.1419,168.0,2025-08-15,active,2023-10-09,2027-10-09
214,131,4323584180295599,visa,51000,5100.0,0.1809,102.0,2025-08-09,active,2024-09-13,2028-09-13
215,132,379551924741117,amex,28000,2800.0,0.2484,56.0,2025-08-31,active,2025-04-12,2028-04-12
216,132,5567611258423300,mastercard,11000,3300.0,0.167,66.0,2025-08-09,active,2024-11-28,2027-11-28
217,133,5482873210788312,mastercard,70000,21000.0,0.2131,420.0,2025-08-13,active,2025-07-10,2028-07-10
218,133,5072019708428741,mastercard,36000,3600.0,0.2131,72.0,2025-08-17,active,2025-07-09,2030-07-09
219,133,6512955510051081,discover,47500,23750.0,0.1899,475.0,2025-08-10,active,2025-06-22,2030-06-22
220,133,5003607223502830,mastercard,22500,11250.0,0.1553,225.0,2025-08-06,active,2025-06-08,2030-06-08
221,134,5916928091663166,mastercard,13000,3900.0,0.2287,78.0,2025-08-17,active,2024-12-29,2028-12-29
222,135,354410616649700,amex,20500,10250.0,0.1574,205.0,2025-08-27,active,2025-07-28,2030-07-28
223,136,4764296280924115,visa,9500,2850.0,0.2264,57.0,2025-08-22,active,2023-07-04,2027-07-04
224,137,6131525523228058,discover,70500,56400.0,0.2479,1128.0,2025-08-22,active,2025-05-13,2028-05-13
225,137,304762539501115,amex,41500,4150.0,0.1615,83.0,2025-08-23,active,2023-03-08,2027-03-08
226,137,5603174890304588,mastercard,30000,9000.0,0.2187,180.0,2025-08-17,active,2022-05-01,2027-05-01
227,138,322935545920559,amex,7000,3500.0,0.1618,70.0,2025-08-17,active,2025-03-26,2029-03-26
228,139,6983045762745116,discover,14000,4200.0,0.1941,84.0,2025-08-30,active,2024-03-08,2029-03-08
229,139,4152213368960083,visa,67000,20100.0,0.1762,402.0,2025-08-25,active,2024-12-11,2028-12-11
230,139,5074611399799271,mastercard,49500,14850.0,0.1712,297.0,2025-08-03,blocked,2025-02-07,2030-02-07
231,140,6885285898681843,discover,12000,3600.0,0.1715,72.0,2025-08-09,active,2025-03-09,2029-03-09
232,140,4737949994457444,visa,34500,10350.0,0.1787,207.0,2025-08-20,blocked,2022-07-30,2025-07-30
233,141,343475916043598,amex,32000,3200.0,0.187,64.0,2025-08-22,active,2022-07-26,2027-07-26
234,142,6585783756816784,discover,50500,15150.0,0.208,303.0,2025-08-17,active,2022-06-30,2026-06-30
235,142,6177613500788369,discover,47500,0.0,0.1448,25,2025-08-24,active,2022-02-24,2025-02-24
236,143,6999528502312653,discover,4500,3600.0,0.1509,72.0,2025-08-24,active,2025-02-01,2029-02-01
237,144,5490322347714695,mastercard,38500,11550.0,0.1516,231.0,2025-08-13,active,2022-10-02,2027-10-02
238,144,4200617413644594,visa,72000,21600.0,0.1345,432.0,2025-08-07,active,2025-03-14,2029-03-14
239,145,5706507612228305,mastercard,44500,13350.0,0.1568,267.0,2025-08-19,active,2025-05-30,2029-05-30
240,146,355950263560777,amex,2000,200.0,0.1987,25,2025-08-23,active,2025-06-24,2030-06-24
241,147,6399046008236962,discover,6000,600.0,0.1223,25,2025-08-23,active,2023-03-08,2028-03-08
242,148,4617906701512003,visa,23000,18400.0,0.1529,368.0,2025-08-21,active,2025-07-21,2028-07-21
243,149,4621833391929692,visa,37500,3750.0,0.2305,75.0,2025-08-09,active,2024-03-05,2027-03-05
244,149,6008228377427054,discover,14000,1400.0,0.1838,28.0,2025-08-19,active,2025-06-06,2029-06-06
245,150,5063228012698044,mastercard,25000,7500.0,0.1745,150.0,2025-08-18,active,2025-03-18,2030-03-18
246,150,6609606472452573,discover,22500,11250.0,0.1806,225.0,2025-08-10,active,2025-04-06,2030-04-06
247,151,4946577706129889,visa,57000,0.0,0.1909,25,2025-08-06,active,2024-03-04,2027-03-04
248,151,5616417005371860,mastercard,17000,5100.0,0.2147,102.0,2025-08-14,active,2023-11-03,2027-11-03
249,151,6647951279831242,discover,13000,1300.0,0.1669,26.0,2025-08-13,active,2024-06-18,2029-06-18
250,152,4991984808701708,visa,38000,19000.0,0.2334,380.0,2025-08-05,active,2024-12-10,2028-12-10
251,153,4740433689579672,visa,24500,2450.0,0.1308,49.0,2025-08-03,active,2023-11-28,2027-11-28
252,154,4070178502050254,visa,25500,12750.0,0.1413,255.0,2025-08-26,blocked,2024-06-09,2028-06-09
253,154,5010297599747539,mastercard,53500,16050.0,0.1974,321.0,2025-08-25,expired,2023-08-21,2027-08-21
254,155,326942041641537,amex,23000,11500.0,0.2424,230.0,2025-08-27,active,2023-06-04,2026-06-04
255,155,5379376699768160,mastercard,29500,23600.0,0.1647,472.0,2025-08-26,active,2024-10-04,2028-10-04
256,156,384968814499080,amex,27500,8250.0,0.1854,165.0,2025-08-07,active,2022-05-03,2026-05-03
257,156,345099986324535,amex,11500,1150.0,0.2158,25,2025-08-05,active,2021-12-18,2025-12-18
258,157,318466898593213,amex,43000,0.0,0.1736,25,2025-08-18,active,2024-05-22,2029-05-22
259,159,380022642597205,amex,100000,10000.0,0.1911,200.0,2025-08-07,active,2025-07-31,2029-07-31
260,159,6819214749847460,discover,94500,47250.0,0.1959,945.0,2025-08-31,active,2025-07-31,2028-07-31
261,159,372146172758045,amex,35500,10650.0,0.2282,213.0,2025-08-07,active,2025-07-30,2030-07-30
262,160,6988775445847413,discover,89500,26850.0,0.135,537.0,2025-08-21,blocked,2024-07-19,2027-07-19
263,160,5605962751934638,mastercard,25500,20400.0,0.1344,408.0,2025-08-28,active,2025-06-17,2028-06-17
264,160,379365611568622,amex,100000,10000.0,0.2456,200.0,2025-08-27,active,2024-06-10,2027-06-10
265,161,4531602274330372,visa,18000,1800.0,0.1898,36.0,2025-08-22,active,2024-09-26,2027-09-26
266,162,6311213807828780,discover,23000,11500.0,0.1301,230.0,2025-08-24,active,2024-07-10,2028-07-10
267,163,6635654180288252,discover,56500,5650.0,0.2389,113.0,2025-08-18,active,2023-02-09,2026-02-09
268,164,394699842882847,amex,43500,34800.0,0.14,696.0,2025-08-09,active,2024-08-01,2028-08-01
269,165,6123203668642778,discover,68000,34000.0,0.1756,680.0,2025-08-19,active,2024-02-26,2027-02-26
270,165,5876032087783471,mastercard,76500,7650.0,0.1729,153.0,2025-08-23,active,2025-02-23,2028-02-23
271,166,373562327700453,amex,17000,5100.0,0.1663,102.0,2025-08-20,active,2024-02-17,2029-02-17
272,166,6322857042402555,discover,8500,850.0,0.1878,25,2025-08-25,active,2023-12-29,2027-12-29
273,167,6041167881596467,discover,32000,16000.0,0.1708,320.0,2025-08-27,expired,2024-04-10,2029-04-10
274,168,384673322912489,amex,61500,6150.0,0.1895,123.0,2025-08-31,active,2024-08-01,2028-08-01
275,168,6239459942640760,discover,14000,4200.0,0.1277,84.0,2025-08-06,blocked,2024-07-17,2027-07-17
276,169,4138716283356890,visa,89500,8950.0,0.2208,179.0,2025-08-04,active,2025-05-19,2030-05-19
277,169,333743567027728,amex,73000,58400.0,0.1292,1168.0,2025-08-12,blocked,2025-07-15,2029-07-15
278,170,6945759599550553,discover,12000,3600.0,0.1932,72.0,2025-08-22,active,2024-04-20,2027-04-20
279,171,318395252520788,amex,54500,27250.0,0.1713,545.0,2025-08-12,active,2024-05-25,2027-05-25
280,171,5145744520302769,mastercard,17500,5250.0,0.1463,105.0,2025-08-18,active,2024-09-03,2028-09-03
281,172,332124402936340,amex,38000,0.0,0.1317,25,2025-08-27,active,2025-02-16,2029-02-16
282,172,325795990047941,amex,83000,66400.0,0.1508,1328.0,2025-08-06,active,2022-08-31,2027-08-31
283,172,4134348571339962,visa,47500,0.0,0.1911,25,2025-08-04,active,2024-06-27,2028-06-27
284,173,4202913813014948,visa,54000,5400.0,0.2003,108.0,2025-08-21,active,2021-02-13,2024-02-13
285,174,6645231919908213,discover,35500,0.0,0.171,25,2025-08-19,active,2023-06-01,2027-06-01
286,174,5366704171038919,mastercard,44500,0.0,0.2231,25,2025-08-17,active,2023-03-14,2028-03-14
287,175,5203449560714876,mastercard,40500,4050.0,0.2274,81.0,2025-08-17,active,2024-09-12,2027-09-12
288,176,6231631603781105,discover,9000,2700.0,0.247,54.0,2025-08-02,expired,2025-07-06,2029-07-06
289,176,6306670059946966,discover,27000,8100.0,0.1519,162.0,2025-08-24,active,2025-06-28,2030-06-28
290,177,4715800971408633,visa,22500,6750.0,0.1588,135.0,2025-08-29,active,2022-12-20,2025-12-20
291,177,6448883923759097,discover,55500,5550.0,0.1882,111.0,2025-08-30,active,2022-12-28,2025-12-28
292,178,345513919603482,amex,48500,14550.0,0.1757,291.0,2025-08-19,active,2025-07-27,2028-07-27
293,178,5693238004364758,mastercard,20500,6150.0,0.1747,123.0,2025-08-27,active,2024-05-02,2028-05-02
294,179,4637120631755297,visa,24000,7200.0,0.1249,144.0,2025-08-10,active,2023-05-17,2027-05-17
295,180,341572814361168,amex,61500,6150.0,0.1333,123.0,2025-08-14,blocked,2024-09-28,2027-09-28
296,180,4189260555465426,visa,94000,47000.0,0.1694,940.0,2025-08-26,active,2025-01-28,2028-01-28
297,181,5771403445459566,mastercard,50500,25250.0,0.15,505.0,2025-08-02,active,2023-05-29,2026-05-29
298,181,5272386974217368,mastercard,13000,10400.0,0.1678,208.0,2025-08-27,active,2023-12-23,2028-12-23
299,182,6093409916508113,discover,38500,11550.0,0.2228,231.0,2025-08-29,active,2025-02-16,2030-02-16
300,182,384843770062795,amex,75000,0.0,0.1949,25,2025-08-30,active,2025-07-20,2030-07-20
301,182,344966954217562,amex,36500,3650.0,0.1419,73.0,2025-08-02,expired,2025-03-21,2029-03-21
302,182,4734479459235163,visa,21000,16800.0,0.227,336.0,2025-08-15,active,2025-04-29,2028-04-29
303,183,4017078129457613,visa,29000,8700.0,0.2336,174.0,2025-08-26,blocked,2020-11-28,2024-11-28
304,183,4423552833728756,visa,27500,8250.0,0.1946,165.0,2025-08-19,active,2024-05-16,2028-05-16
305,184,364771158821870,amex,36500,10950.0,0.2228,219.0,2025-08-10,active,2025-06-07,2030-06-07
306,185,4161146446119830,visa,5500,1650.0,0.1795,33.0,2025-08-27,active,2024-12-26,2029-12-26
307,185,6388523774877007,discover,32500,3250.0,0.2354,65.0,2025-08-22,active,2024-06-06,2029-06-06
308,186,4808226799096660,visa,24000,0.0,0.1759,25,2025-08-31,active,2022-08-08,2027-08-08
309,187,371646821003709,amex,70500,35250.0,0.1261,705.0,2025-08-09,active,2021-11-13,2025-11-13
310,188,6693207098348492,discover,39000,11700.0,0.2099,234.0,2025-08-17,active,2025-04-12,2030-04-12
311,188,5965074456572676,mastercard,39500,19750.0,0.1559,395.0,2025-08-26,active,2024-05-28,2029-05-28
312,189,377950034522026,amex,7500,7125.0,0.1995,142.5,2025-08-09,active,2023-08-03,2027-08-03
313,190,352573309074063,amex,28500,8550.0,0.1762,171.0,2025-08-12,active,2025-01-17,2028-01-17
314,191,312583799005366,amex,22500,6750.0,0.1452,135.0,2025-08-17,active,2024-06-10,2027-06-10
315,192,362837237225931,amex,16500,1650.0,0.2253,33.0,2025-08-24,active,2020-11-08,2023-11-08
316,193,4894234037043333,visa,25000,12500.0,0.2022,250.0,2025-08-19,active,2025-03-12,2028-03-12
317,193,361257804737198,amex,19500,5850.0,0.2014,117.0,2025-08-26,blocked,2025-05-08,2030-05-08
318,194,6806455442157837,discover,19500,5850.0,0.1405,117.0,2025-08-11,active,2025-07-01,2030-07-01
319,195,5968859342883903,mastercard,15500,7750.0,0.1998,155.0,2025-08-21,active,2024-09-09,2028-09-09
320,196,5150321985965510,mastercard,76500,38250.0,0.1215,765.0,2025-08-15,active,2024-11-20,2028-11-20
321,196,6067347671499863,discover,99500,29850.0,0.1959,597.0,2025-08-25,active,2024-11-27,2029-11-27
322,196,324276221559637,amex,97500,0.0,0.1945,25,2025-08-15,active,2025-02-14,2028-02-14
323,196,303895546565317,amex,70500,21150.0,0.1838,423.0,2025-08-03,active,2024-10-15,2029-10-15
324,197,6366325673223487,discover,9500,2850.0,0.1478,57.0,2025-08-04,active,2024-05-25,2029-05-25
325,197,4090488660732644,visa,22000,11000.0,0.2353,220.0,2025-08-22,active,2024-11-25,2029-11-25
326,198,317609093716458,amex,32500,9750.0,0.1571,195.0,2025-08-26,active,2024-06-10,2027-06-10
327,198,6944733878052890,discover,19500,1950.0,0.1768,39.0,2025-08-31,expired,2025-01-25,2029-01-25
328,199,377198883743450,amex,18500,9250.0,0.1861,185.0,2025-08-21,active,2025-05-02,2029-05-02
329,200,5308996469243435,mastercard,44500,4450.0,0.1727,89.0,2025-08-12,active,2024-07-22,2029-07-22
330,200,360387108803546,amex,38000,19000.0,0.1696,380.0,2025-08-02,blocked,2025-01-28,2029-01-28
331,201,374769116122150,amex,7000,2100.0,0.1947,42.0,2025-08-23,active,2024-07-04,2029-07-04
332,202,4900415893335286,visa,18000,9000.0,0.206,180.0,2025-08-02,active,2024-12-02,2029-12-02
333,203,4295738010124571,visa,8000,2400.0,0.2385,48.0,2025-08-19,active,2025-05-24,2028-05-24
334,204,399913650551919,amex,28000,0.0,0.1735,25,2025-08-16,active,2022-10-24,2027-10-24
335,204,4708049293285071,visa,20000,6000.0,0.1309,120.0,2025-08-20,active,2024-12-06,2028-12-06
336,205,322094003717758,amex,8000,800.0,0.1701,25,2025-08-24,active,2023-11-13,2027-11-13
337,205,4126203069516571,visa,26000,2600.0,0.1353,52.0,2025-08-15,active,2021-09-10,2024-09-10
338,206,5399330255987920,mastercard,62000,31000.0,0.1488,620.0,2025-08-27,active,2024-01-15,2027-01-15
339,206,4096196804505211,visa,73000,21900.0,0.2295,438.0,2025-08-27,active,2022-06-04,2025-06-04
340,206,318044608197140,amex,60000,18000.0,0.1555,360.0,2025-08-20,active,2024-09-23,2027-09-23
341,207,6095806274566983,discover,31000,0.0,0.205,25,2025-08-17,active,2024-07-06,2029-07-06
342,208,4495776253847669,visa,23500,2350.0,0.2248,47.0,2025-08-08,active,2023-02-28,2028-02-28
343,208,372861746859026,amex,30000,15000.0,0.2249,300.0,2025-08-14,active,2023-05-29,2028-05-29
344,209,6603498246896701,discover,31000,15500.0,0.1692,310.0,2025-08-28,active,2024-06-04,2028-06-04
345,209,4215723125242352,visa,37000,11100.0,0.1707,222.0,2025-08-03,active,2024-02-14,2029-02-14
346,210,396172150520535,amex,37500,18750.0,0.1445,375.0,2025-08-05,active,2023-12-02,2026-12-02
347,211,5423221091294431,mastercard,21500,2150.0,0.2033,43.0,2025-08-04,active,2023-10-05,2028-10-05
348,212,6834377982402116,discover,41000,32800.0,0.1497,656.0,2025-08-08,active,2025-02-19,2028-02-19
349,213,4810096242657896,visa,34000,27200.0,0.1632,544.0,2025-08-18,active,2025-04-14,2030-04-14
350,213,326348882372544,amex,37500,18750.0,0.2031,375.0,2025-08-08,active,2025-04-06,2028-04-06
351,214,5805034553882872,mastercard,38500,11550.0,0.1774,231.0,2025-08-17,active,2022-03-15,2026-03-15
352,215,6458712075313685,discover,29500,8850.0,0.1334,177.0,2025-08-26,active,2025-07-21,2028-07-21
353,215,4741443010614452,visa,9500,950.0,0.1697,25,2025-08-11,active,2025-07-20,2030-07-20
354,216,4997115333497296,visa,21500,2150.0,0.1808,43.0,2025-08-04,active,2025-04-09,2030-04-09
355,216,334499758586188,amex,10000,1000.0,0.2289,25,2025-08-17,active,2024-04-30,2027-04-30
356,218,4599279437638274,visa,61500,30750.0,0.1479,615.0,2025-08-07,active,2022-09-25,2025-09-25
357,218,380704731483687,amex,21500,6450.0,0.1813,129.0,2025-08-29,active,2024-03-20,2028-03-20
358,219,6560076228212821,discover,4000,1200.0,0.2316,25,2025-08-18,active,2024-10-09,2027-10-09
359,220,372643933045969,amex,43500,13050.0,0.2189,261.0,2025-08-30,active,2021-12-24,2026-12-24
360,220,385312344358498,amex,100000,10000.0,0.2457,200.0,2025-08-23,active,2021-07-24,2024-07-24
361,220,4242106378170483,visa,100000,30000.0,0.1528,600.0,2025-08-18,active,2025-06-22,2029-06-22
362,220,358594219379313,amex,100000,30000.0,0.1451,600.0,2025-08-24,active,2025-04-29,2029-04-29
363,221,6877759358613417,discover,27000,2700.0,0.1295,54.0,2025-08-13,active,2022-06-19,2027-06-19
364,221,326723399076150,amex,80500,24150.0,0.1297,483.0,2025-08-09,active,2021-03-17,2024-03-17
365,221,4442364792149901,visa,40000,12000.0,0.1882,240.0,2025-08-14,active,2021-01-14,2026-01-14
366,222,379049915738067,amex,35000,28000.0,0.1695,560.0,2025-08-23,active,2024-07-10,2029-07-10
367,222,6102372643205869,discover,22500,18000.0,0.2475,360.0,2025-08-30,active,2024-04-04,2028-04-04
368,223,357932770115491,amex,24000,2400.0,0.2079,48.0,2025-08-08,active,2025-05-26,2029-05-26
369,224,6856888861085973,discover,32000,9600.0,0.1692,192.0,2025-08-17,active,2025-04-17,2030-04-17
370,225,5364470263276765,mastercard,55500,5550.0,0.2251,111.0,2025-08-27,active,2025-07-20,2029-07-20
371,225,6694947155347450,discover,27500,8250.0,0.1529,165.0,2025-08-26,active,2025-07-25,2028-07-25
372,226,389653945037548,amex,26500,7950.0,0.1882,159.0,2025-08-13,active,2022-02-13,2026-02-13
373,226,369329136964804,amex,30500,9150.0,0.1488,183.0,2025-08-08,active,2022-02-06,2026-02-06
374,227,6324051026583879,discover,25500,2550.0,0.1463,51.0,2025-08-11,blocked,2025-03-17,2028-03-17
375,227,366033273997415,amex,37500,11250.0,0.2217,225.0,2025-08-24,expired,2025-04-28,2028-04-28
376,228,4027607819516484,visa,47500,0.0,0.1819,25,2025-08-22,active,2024-08-15,2028-08-15
377,228,4614435754789350,visa,32500,30875.0,0.2069,617.5,2025-08-26,active,2025-03-24,2029-03-24
378,229,4687567071812923,visa,4500,2250.0,0.2322,45.0,2025-08-20,active,2024-12-29,2027-12-29
379,230,313376870580791,amex,49500,4950.0,0.2243,99.0,2025-08-14,active,2024-02-22,2029-02-22
380,230,6407078384784830,discover,41500,20750.0,0.1873,415.0,2025-08-26,active,2024-08-28,2028-08-28
381,231,304492728090317,amex,34500,3450.0,0.1518,69.0,2025-08-23,active,2024-08-17,2029-08-17
382,232,4678598444088959,visa,22000,6600.0,0.146,132.0,2025-08-07,expired,2024-11-18,2027-11-18
383,232,360526990152302,amex,9500,2850.0,0.2056,57.0,2025-08-14,active,2025-06-06,2030-06-06
384,233,5356540307991540,mastercard,66500,33250.0,0.1802,665.0,2025-08-31,active,2024-04-23,2029-04-23
385,234,331850042318206,amex,26000,7800.0,0.225,156.0,2025-08-03,active,2025-02-19,2028-02-19
386,235,5054847385779739,mastercard,54000,0.0,0.2424,25,2025-08-06,active,2025-06-06,2030-06-06
387,235,338151827238264,amex,50500,15150.0,0.1662,303.0,2025-08-05,active,2021-08-14,2026-08-14
388,236,6881559030819695,discover,41000,12300.0,0.2164,246.0,2025-08-16,active,2024-05-10,2028-05-10
389,236,388491508924464,amex,66500,6650.0,0.2393,133.0,2025-08-02,active,2022-11-20,2025-11-20
390,237,393558810822775,amex,41500,4150.0,0.2198,83.0,2025-08-16,active,2022-04-22,2026-04-22
391,237,5541238724937979,mastercard,60500,6050.0,0.1841,121.0,2025-08-24,active,2020-11-02,2023-11-02
392,238,396741662395671,amex,13500,12825.0,0.1673,256.5,2025-08-09,active,2022-10-14,2026-10-14
393,239,6490641227276531,discover,43500,13050.0,0.2433,261.0,2025-08-24,active,2022-09-16,2026-09-16
394,239,4054558345595562,visa,58500,17550.0,0.249,351.0,2025-08-23,active,2021-10-23,2025-10-23
395,240,6680895049108604,discover,64500,19350.0,0.1816,387.0,2025-08-13,blocked,2025-03-21,2028-03-21
396,241,4979336860931608,visa,62000,31000.0,0.2478,620.0,2025-08-19,active,2024-09-20,2029-09-20
397,241,4558391115320264,visa,72500,58000.0,0.1994,1160.0,2025-08-08,active,2023-03-30,2026-03-30
398,241,6379020388782188,discover,77000,23100.0,0.1887,462.0,2025-08-11,expired,2024-10-30,2027-10-30
399,242,6663420834812426,discover,10000,5000.0,0.1825,100.0,2025-08-06,active,2024-09-24,2028-09-24
400,243,6832796637958187,discover,21000,0.0,0.1554,25,2025-08-20,active,2024-10-01,2028-10-01
401,243,4446939953155664,visa,26500,7950.0,0.2,159.0,2025-08-02,blocked,2023-01-27,2026-01-27
402,244,4896496668118229,visa,100000,30000.0,0.1516,600.0,2025-08-26,active,2025-04-25,2028-04-25
403,244,368722037337840,amex,100000,30000.0,0.2126,600.0,2025-08-08,active,2023-02-07,2028-02-07
404,244,378304559657657,amex,87000,8700.0,0.193,174.0,2025-08-02,active,2023-10-01,2027-10-01
405,245,6764494363270561,discover,29500,8850.0,0.1662,177.0,2025-08-30,active,2023-02-15,2027-02-15
406,245,321867471520351,amex,55000,0.0,0.132,25,2025-08-18,active,2025-03-27,2030-03-27
407,246,313358508143229,amex,5000,500.0,0.2369,25,2025-08-15,active,2024-10-09,2028-10-09
408,246,4423381060891700,visa,11000,5500.0,0.1365,110.0,2025-08-04,active,2024-05-22,2027-05-22
409,247,396599052702599,amex,55000,16500.0,0.2445,330.0,2025-08-27,active,2024-08-25,2027-08-25
410,248,4407751306109221,visa,100000,50000.0,0.1964,1000.0,2025-08-11,active,2025-04-02,2030-04-02
411,248,4473204319274312,visa,98500,49250.0,0.1735,985.0,2025-08-14,active,2025-04-05,2029-04-05
412,249,6558062475552672,discover,13500,0.0,0.1515,25,2025-08-22,active,2022-02-12,2027-02-12
413,250,4005687069057112,visa,25000,7500.0,0.1879,150.0,2025-08-29,active,2022-05-28,2027-05-28
414,250,5353933054849516,mastercard,88000,26400.0,0.2263,528.0,2025-08-30,active,2023-10-17,2027-10-17
415,250,4830242646855190,visa,38000,3800.0,0.1245,76.0,2025-08-04,active,2022-09-27,2027-09-27
416,251,4510933465336330,visa,17000,5100.0,0.2121,102.0,2025-08-13,active,2024-10-15,2028-10-15
417,251,4098416437702170,visa,27500,8250.0,0.128,165.0,2025-08-28,active,2024-08-29,2028-08-29
418,251,5833971785681769,mastercard,69000,34500.0,0.1248,690.0,2025-08-21,active,2025-02-24,2029-02-24
419,252,5010559169833179,mastercard,23500,7050.0,0.1574,141.0,2025-08-17,active,2022-02-02,2026-02-02
420,252,306545259357076,amex,46000,23000.0,0.195,460.0,2025-08-14,active,2022-12-21,2025-12-21
421,252,362271926026118,amex,9500,2850.0,0.2319,57.0,2025-08-02,active,2023-05-08,2028-05-08
422,253,5609194908170032,mastercard,30000,24000.0,0.1728,480.0,2025-08-07,active,2024-03-20,2029-03-20
423,254,6777014972682119,discover,82000,24600.0,0.2042,492.0,2025-08-26,active,2023-03-27,2027-03-27
424,254,4773595691922051,visa,87500,8750.0,0.1722,175.0,2025-08-29,blocked,2022-07-02,2026-07-02
425,255,389250075167486,amex,63500,19050.0,0.1672,381.0,2025-08-05,active,2024-12-16,2027-12-16
426,255,6487477935995843,discover,51500,15450.0,0.1685,309.0,2025-08-21,active,2025-04-26,2028-04-26
427,256,4193064691267191,visa,8500,850.0,0.2451,25,2025-08-20,active,2025-05-09,2029-05-09
428,257,4387830568287533,visa,29000,2900.0,0.1431,58.0,2025-08-24,active,2023-08-11,2027-08-11
429,259,378112826993451,amex,23000,18400.0,0.1942,368.0,2025-08-07,active,2024-11-27,2027-11-27
430,260,6865039475055777,discover,8000,2400.0,0.1303,48.0,2025-08-11,active,2025-03-12,2030-03-12
431,261,335381157509272,amex,31000,3100.0,0.1553,62.0,2025-08-03,active,2022-03-14,2027-03-14
432,261,375629433916867,amex,12500,3750.0,0.1898,75.0,2025-08-12,active,2021-12-11,2026-12-11
433,262,341010427974935,amex,17000,8500.0,0.1395,170.0,2025-08-31,expired,2022-09-10,2027-09-10
434,263,6991329357538481,discover,23000,0.0,0.1622,25,2025-08-17,active,2024-04-29,2027-04-29
435,264,4642624554620213,visa,22000,2200.0,0.1526,44.0,2025-08-14,active,2022-11-06,2027-11-06
436,265,307173434660954,amex,14500,1450.0,0.1264,29.0,2025-08-23,active,2025-07-04,2030-07-04
437,265,4079516352141202,visa,10000,5000.0,0.2023,100.0,2025-08-17,active,2025-04-17,2029-04-17
438,266,364185413336650,amex,97000,77600.0,0.1643,1552.0,2025-08-21,active,2024-07-31,2029-07-31
439,266,381791578290524,amex,31000,24800.0,0.1421,496.0,2025-08-28,active,2025-03-20,2028-03-20
440,267,5999481414013856,mastercard,20000,6000.0,0.1357,120.0,2025-08-29,active,2025-05-01,2030-05-01
441,268,5017402098446988,mastercard,13000,1300.0,0.1724,26.0,2025-08-21,active,2025-07-29,2029-07-29
442,268,6291367591644915,discover,18500,5550.0,0.2135,111.0,2025-08-19,active,2025-07-08,2028-07-08
443,269,323156823428402,amex,15000,0.0,0.234,25,2025-08-31,active,2025-06-23,2030-06-23
444,269,4320253423867077,visa,20000,2000.0,0.1604,40.0,2025-08-06,active,2025-07-08,2028-07-08
445,270,6667408772107524,discover,29500,8850.0,0.1513,177.0,2025-08-08,active,2024-02-23,2027-02-23
446,270,4097247254265416,visa,38500,3850.0,0.2072,77.0,2025-08-20,active,2025-06-28,2030-06-28
447,271,5985238182893632,mastercard,21500,6450.0,0.2046,129.0,2025-08-18,active,2025-06-29,2030-06-29
448,271,4423573189959311,visa,38000,11400.0,0.1952,228.0,2025-08-07,active,2025-06-21,2030-06-21
449,272,6050707750884949,discover,18000,1800.0,0.2217,36.0,2025-08-16,active,2025-02-05,2028-02-05
450,273,4380595194845422,visa,36000,3600.0,0.1633,72.0,2025-08-05,active,2024-05-30,2029-05-30
451,274,391541963511096,amex,13500,0.0,0.1645,25,2025-08-23,active,2025-05-26,2029-05-26
452,274,5659050417372234,mastercard,40000,32000.0,0.2326,640.0,2025-08-17,active,2023-05-13,2027-05-13
453,275,4323812817189935,visa,23500,18800.0,0.1776,376.0,2025-08-23,active,2025-07-09,2030-07-09
454,275,4127596373114933,visa,18000,1800.0,0.2495,36.0,2025-08-18,active,2025-06-26,2028-06-26
455,276,394003818036485,amex,11000,3300.0,0.2081,66.0,2025-08-31,active,2025-06-18,2028-06-18
456,276,4408170284616878,visa,12000,1200.0,0.223,25,2025-08-08,active,2025-04-10,2030-04-10
457,276,6032043474334421,discover,12000,3600.0,0.167,72.0,2025-08-29,active,2024-12-28,2028-12-28
458,277,4413135557942072,visa,84500,0.0,0.1366,25,2025-08-09,active,2025-05-25,2030-05-25
459,277,6217618989878776,discover,43000,21500.0,0.1769,430.0,2025-08-13,active,2024-03-24,2029-03-24
460,278,5398189397204873,mastercard,12500,3750.0,0.167,75.0,2025-08-20,active,2023-04-24,2027-04-24
461,279,4734188079640315,visa,37500,30000.0,0.1863,600.0,2025-08-21,active,2023-08-30,2027-08-30
462,280,336205449339271,amex,32500,9750.0,0.1527,195.0,2025-08-15,active,2025-07-16,2029-07-16
463,281,5071537842055553,mastercard,34000,10200.0,0.1567,204.0,2025-08-26,active,2025-02-08,2029-02-08
464,282,6778889221007204,discover,65000,19500.0,0.1603,390.0,2025-08-26,expired,2021-06-05,2026-06-05
465,282,361757804104866,amex,67500,33750.0,0.1878,675.0,2025-08-10,expired,2024-01-07,2027-01-07
466,283,370498671101877,amex,35500,17750.0,0.15,355.0,2025-08-07,active,2025-02-16,2028-02-16
467,284,5073246689974903,mastercard,28500,8550.0,0.1539,171.0,2025-08-09,active,2024-11-03,2027-11-03
468,284,5469247048113018,mastercard,8500,2550.0,0.1519,51.0,2025-08-09,active,2023-08-25,2027-08-25
469,285,318127591700343,amex,17500,1750.0,0.1552,35.0,2025-08-25,active,2025-06-27,2029-06-27
470,286,305362512311541,amex,17000,5100.0,0.1348,102.0,2025-08-28,blocked,2025-06-09,2028-06-09
471,287,6136930052214426,discover,6500,650.0,0.205,25,2025-08-09,active,2025-01-22,2029-01-22
472,288,5561161599944261,mastercard,21000,2100.0,0.2306,42.0,2025-08-12,active,2024-11-26,2028-11-26
473,289,5682950814994023,mastercard,26500,13250.0,0.1652,265.0,2025-08-13,active,2023-09-16,2026-09-16
474,290,328805075078197,amex,24500,7350.0,0.1537,147.0,2025-08-27,active,2025-03-06,2029-03-06
475,290,377774449649304,amex,39500,3950.0,0.2249,79.0,2025-08-03,active,2025-04-30,2029-04-30
476,291,5648627553779385,mastercard,58500,17550.0,0.2049,351.0,2025-08-14,active,2024-11-26,2028-11-26
477,291,307254539601609,amex,21000,2100.0,0.2311,42.0,2025-08-28,active,2025-05-31,2030-05-31
478,292,6926251743160325,discover,53000,15900.0,0.2273,318.0,2025-08-25,active,2024-03-30,2029-03-30
479,292,5988442789523617,mastercard,50000,15000.0,0.1738,300.0,2025-08-10,active,2024-10-26,2029-10-26
480,293,395781273174271,amex,12500,3750.0,0.1373,75.0,2025-08-06,blocked,2025-06-07,2028-06-07
481,294,5627617640404655,mastercard,6000,600.0,0.1412,25,2025-08-14,active,2024-06-28,2027-06-28
482,295,4228920745952827,visa,7000,0.0,0.1826,25,2025-08-10,active,2024-08-08,2028-08-08
483,296,5732783969215100,mastercard,8500,850.0,0.1202,25,2025-08-16,active,2024-07-01,2028-07-01
484,297,386965371557310,amex,13000,3900.0,0.1206,78.0,2025-08-20,active,2024-02-22,2027-02-22
485,298,307933773129734,amex,23000,0.0,0.1605,25,2025-08-12,active,2024-07-05,2029-07-05
486,299,390826800907220,amex,17500,5250.0,0.2017,105.0,2025-08-04,active,2025-01-17,2030-01-17
487,299,352395960233159,amex,62000,6200.0,0.1871,124.0,2025-08-16,blocked,2025-07-13,2030-07-13
488,299,4323088806094175,visa,15000,1500.0,0.2441,30.0,2025-08-25,active,2024-04-11,2027-04-11
489,300,6758755850959145,discover,65500,0.0,0.2004,25,2025-08-31,active,2022-10-08,2026-10-08
490,300,362728651814204,amex,63500,6350.0,0.1919,127.0,2025-08-26,active,2023-10-17,2028-10-17
491,300,362176434939416,amex,64500,19350.0,0.1533,387.0,2025-08-03,active,2024-08-23,2028-08-23
492,301,6985857491106672,discover,37000,18500.0,0.2435,370.0,2025-08-18,active,2025-05-26,2029-05-26
493,301,337701249316459,amex,20000,6000.0,0.2404,120.0,2025-08-10,expired,2025-07-13,2028-07-13
494,302,6040793651875692,discover,20000,0.0,0.2374,25,2025-08-06,active,2024-04-23,2029-04-23
495,302,5273571256721230,mastercard,33500,16750.0,0.2215,335.0,2025-08-16,active,2023-03-05,2028-03-05
496,303,332425660098057,amex,17500,5250.0,0.1729,105.0,2025-08-21,active,2025-05-27,2028-05-27
497,303,313653298568499,amex,38500,0.0,0.2244,25,2025-08-28,expired,2025-05-03,2030-05-03
498,304,4746143370049174,visa,53000,15900.0,0.1704,318.0,2025-08-16,active,2024-07-10,2027-07-10
499,304,6387621577405458,discover,49000,24500.0,0.1359,490.0,2025-08-06,active,2024-12-14,2028-12-14
500,305,5785314198872634,mastercard,37000,0.0,0.1424,25,2025-08-22,active,2025-06-09,2030-06-09
501,305,5159007132044845,mastercard,20000,2000.0,0.2401,40.0,2025-08-17,active,2024-09-09,2028-09-09
502,306,6660456893911645,discover,14500,1450.0,0.1721,29.0,2025-08-31,active,2024-05-20,2029-05-20
503,307,376664760852085,amex,21000,10500.0,0.1767,210.0,2025-08-12,active,2024-11-28,2029-11-28
504,308,399887829887275,amex,20000,2000.0,0.1559,40.0,2025-08-07,active,2024-10-16,2029-10-16
505,308,306929873864006,amex,20500,6150.0,0.1597,123.0,2025-08-29,expired,2025-04-18,2028-04-18
506,308,5143031839330111,mastercard,32500,0.0,0.2069,25,2025-08-14,active,2025-05-18,2029-05-18
507,308,6552452961514369,discover,60500,6050.0,0.165,121.0,2025-08-24,expired,2025-03-27,2029-03-27
508,309,5871355669633895,mastercard,8000,2400.0,0.1898,48.0,2025-08-23,active,2025-05-06,2030-05-06
509,310,6019991624694762,discover,41000,4100.0,0.2242,82.0,2025-08-23,blocked,2023-08-16,2027-08-16
510,310,317973679901027,amex,26000,7800.0,0.2187,156.0,2025-08-23,active,2022-12-15,2027-12-15
511,311,5038721215190456,mastercard,18000,5400.0,0.226,108.0,2025-08-25,active,2025-01-07,2029-01-07
512,312,366339350824326,amex,17000,0.0,0.1513,25,2025-08-19,active,2022-10-20,2026-10-20
513,312,6559841420248435,discover,24500,2450.0,0.1564,49.0,2025-08-02,active,2022-05-11,2026-05-11
514,313,5809997024404310,mastercard,12500,6250.0,0.1829,125.0,2025-08-23,active,2025-02-28,2029-02-28
515,313,5277376554761727,mastercard,13000,1300.0,0.2431,26.0,2025-08-12,active,2025-05-27,2029-05-27
516,314,4266615393929427,visa,15500,4650.0,0.2282,93.0,2025-08-04,active,2025-07-03,2028-07-03
517,314,333906279895824,amex,66500,0.0,0.1815,25,2025-08-08,active,2025-07-29,2029-07-29
518,315,4371912759395571,visa,8500,850.0,0.131,25,2025-08-25,active,2023-11-29,2026-11-29
519,315,5065910044364364,mastercard,44000,4400.0,0.1473,88.0,2025-08-07,active,2023-12-02,2027-12-02
520,316,322007227683527,amex,50000,15000.0,0.2301,300.0,2025-08-18,blocked,2024-05-04,2027-05-04
521,316,371093385300090,amex,56500,45200.0,0.175,904.0,2025-08-22,expired,2021-10-28,2026-10-28
522,317,6754658617284703,discover,31000,9300.0,0.2244,186.0,2025-08-22,active,2025-03-21,2029-03-21
523,318,6841546351757351,discover,15000,1500.0,0.1341,30.0,2025-08-25,active,2025-06-07,2029-06-07
524,319,396560033752296,amex,25500,2550.0,0.1533,51.0,2025-08-06,active,2023-06-18,2028-06-18
525,320,314557953723766,amex,18000,9000.0,0.1291,180.0,2025-08-06,blocked,2023-08-07,2027-08-07
526,320,6081372298210935,discover,24500,0.0,0.1605,25,2025-08-23,active,2025-04-05,2028-04-05
527,321,4496284076953908,visa,22000,2200.0,0.2414,44.0,2025-08-23,expired,2023-07-31,2028-07-31
528,322,4078244666694836,visa,34500,10350.0,0.2084,207.0,2025-08-20,active,2025-04-14,2028-04-14
529,323,308559256297266,amex,27500,2750.0,0.1474,55.0,2025-08-31,active,2024-09-13,2027-09-13
530,324,5468927047233446,mastercard,25000,2500.0,0.1337,50.0,2025-08-13,active,2024-07-28,2028-07-28
531,325,4806862886887924,visa,41500,12450.0,0.2362,249.0,2025-08-10,active,2023-03-24,2028-03-24
532,325,318695613440883,amex,50000,15000.0,0.2329,300.0,2025-08-19,active,2025-07-01,2028-07-01
533,325,5476912377939801,mastercard,9500,950.0,0.2409,25,2025-08-02,active,2022-09-15,2025-09-15
534,326,4023915231336314,visa,26000,2600.0,0.1919,52.0,2025-08-04,active,2023-10-23,2028-10-23
535,327,6720129590317756,discover,19500,5850.0,0.2109,117.0,2025-08-24,active,2024-02-01,2027-02-01
536,328,6653244834387151,discover,36500,10950.0,0.2134,219.0,2025-08-11,active,2022-11-22,2026-11-22
537,329,6027282040093808,discover,34500,10350.0,0.2015,207.0,2025-08-20,active,2023-07-24,2027-07-24
538,330,4059324183252762,visa,14500,1450.0,0.2052,29.0,2025-08-03,active,2025-01-31,2028-01-31
539,331,342832670116781,amex,9000,2700.0,0.2483,54.0,2025-08-16,active,2021-10-30,2025-10-30
540,332,4251538642673022,visa,30500,3050.0,0.1945,61.0,2025-08-04,active,2025-05-13,2030-05-13
541,332,5040531984105075,mastercard,52500,42000.0,0.1886,840.0,2025-08-18,active,2025-06-17,2028-06-17
542,333,4378467970083076,visa,15000,4500.0,0.1582,90.0,2025-08-03,active,2023-07-21,2028-07-21
543,334,4172727973282901,visa,26000,7800.0,0.238,156.0,2025-08-06,active,2025-05-23,2030-05-23
544,334,4340636801990502,visa,14000,7000.0,0.1722,140.0,2025-08-04,active,2024-11-06,2027-11-06
545,335,6117064857968863,discover,50500,5050.0,0.1316,101.0,2025-08-30,expired,2024-06-22,2029-06-22
546,335,6904481388190114,discover,55500,27750.0,0.2108,555.0,2025-08-17,active,2025-07-17,2029-07-17
547,336,324960170921764,amex,19000,15200.0,0.2412,304.0,2025-08-17,active,2024-12-30,2027-12-30
548,337,5380453478277253,mastercard,52000,5200.0,0.2002,104.0,2025-08-13,active,2024-04-19,2027-04-19
549,337,389873587272993,amex,43500,4350.0,0.2142,87.0,2025-08-24,active,2024-06-26,2029-06-26
550,338,309398663984648,amex,14500,4350.0,0.1376,87.0,2025-08-16,active,2025-07-23,2029-07-23
551,338,6523918867622735,discover,64500,6450.0,0.2314,129.0,2025-08-30,active,2025-07-21,2028-07-21
552,338,4663340142156345,visa,49000,4900.0,0.1475,98.0,2025-08-07,active,2025-07-19,2029-07-19
553,339,5570444551434421,mastercard,16500,8250.0,0.1807,165.0,2025-08-10,active,2022-04-24,2025-04-24
554,340,321884246381512,amex,34500,3450.0,0.136,69.0,2025-08-31,active,2024-10-20,2027-10-20
555,341,364299872473539,amex,31000,3100.0,0.2347,62.0,2025-08-13,active,2025-06-25,2030-06-25
556,341,5007514518347923,mastercard,28500,2850.0,0.2445,57.0,2025-08-28,active,2023-11-19,2027-11-19
557,342,4081246437862430,visa,40500,4050.0,0.2021,81.0,2025-08-02,active,2025-03-28,2029-03-28
558,342,4069637491218790,visa,76500,22950.0,0.1212,459.0,2025-08-04,active,2025-06-16,2029-06-16
559,343,4125023160040272,visa,13500,4050.0,0.1903,81.0,2025-08-27,expired,2024-06-15,2029-06-15
560,344,4208614984250796,visa,43500,13050.0,0.2003,261.0,2025-08-28,active,2025-05-21,2029-05-21
561,344,320014144246073,amex,44000,13200.0,0.1521,264.0,2025-08-29,active,2023-11-06,2026-11-06
562,345,328599475763798,amex,24000,2400.0,0.1499,48.0,2025-08-12,active,2022-10-30,2027-10-30
563,346,5676074105939481,mastercard,22500,11250.0,0.2203,225.0,2025-08-28,active,2024-10-30,2027-10-30
564,347,6028586966096354,discover,36000,3600.0,0.2379,72.0,2025-08-14,active,2024-10-10,2028-10-10
565,348,4018426226441802,visa,41000,20500.0,0.1649,410.0,2025-08-11,active,2025-07-31,2029-07-31
566,349,365352437795076,amex,38000,11400.0,0.2205,228.0,2025-08-12,active,2025-06-15,2029-06-15
567,350,325122584679017,amex,33500,3350.0,0.2308,67.0,2025-08-29,active,2024-11-11,2027-11-11
568,351,6523967499902038,discover,20000,6000.0,0.1249,120.0,2025-08-02,active,2025-02-16,2029-02-16
569,352,4242695753851397,visa,6000,1800.0,0.1522,36.0,2025-08-07,active,2024-01-12,2029-01-12
570,353,5040852063346118,mastercard,63000,18900.0,0.1883,378.0,2025-08-08,active,2024-06-13,2028-06-13
571,353,393380419171603,amex,92000,27600.0,0.2244,552.0,2025-08-09,active,2022-03-24,2027-03-24
572,354,336602093137880,amex,27000,0.0,0.2381,25,2025-08-03,active,2022-06-16,2027-06-16
573,354,6777736576455459,discover,66500,19950.0,0.1525,399.0,2025-08-18,active,2021-11-23,2024-11-23
574,355,311026939553308,amex,15500,1550.0,0.2176,31.0,2025-08-08,active,2025-06-24,2030-06-24
575,356,314855070264062,amex,39000,0.0,0.1701,25,2025-08-11,active,2025-02-06,2028-02-06
576,357,348762164834279,amex,100000,30000.0,0.1271,600.0,2025-08-20,active,2024-02-05,2027-02-05
577,357,6252023589377125,discover,82000,8200.0,0.1898,164.0,2025-08-18,expired,2024-05-10,2027-05-10
578,358,395165991945644,amex,85500,25650.0,0.2198,513.0,2025-08-06,active,2025-04-29,2029-04-29
579,358,4524286785547018,visa,60000,0.0,0.2191,25,2025-08-21,active,2025-07-18,2029-07-18
580,358,367093672502800,amex,74500,7450.0,0.13,149.0,2025-08-17,blocked,2025-02-25,2030-02-25
581,359,6031613407992164,discover,43000,4300.0,0.1621,86.0,2025-08-07,active,2024-11-13,2028-11-13
582,360,5286785150668815,mastercard,9000,2700.0,0.1809,54.0,2025-08-24,active,2023-08-16,2028-08-16
583,361,6689409363646059,discover,71500,0.0,0.1355,25,2025-08-15,active,2024-08-11,2028-08-11
584,361,363224518256961,amex,91000,9100.0,0.2433,182.0,2025-08-22,active,2023-04-04,2026-04-04
585,361,386978487989631,amex,91000,27300.0,0.1276,546.0,2025-08-07,active,2024-12-01,2027-12-01
586,362,5259164230127469,mastercard,45000,4500.0,0.1834,90.0,2025-08-08,expired,2023-11-15,2026-11-15
587,363,6370855360622306,discover,8000,4000.0,0.1742,80.0,2025-08-08,active,2022-10-29,2026-10-29
588,363,6942984104003273,discover,17000,5100.0,0.2178,102.0,2025-08-11,active,2021-11-14,2024-11-14
589,364,6352356118820380,discover,33500,16750.0,0.2115,335.0,2025-08-20,active,2024-11-26,2029-11-26
590,365,4853111281779036,visa,17500,1750.0,0.1711,35.0,2025-08-14,active,2025-03-22,2029-03-22
591,366,4326598450337902,visa,15000,1500.0,0.1982,30.0,2025-08-02,active,2025-07-11,2030-07-11
592,366,5132452756719503,mastercard,21500,2150.0,0.1724,43.0,2025-08-16,active,2025-04-23,2029-04-23
593,367,6524948918529838,discover,7500,2250.0,0.2382,45.0,2025-08-31,active,2025-05-23,2028-05-23
594,368,6649136165765282,discover,25500,7650.0,0.2431,153.0,2025-08-26,active,2023-06-23,2028-06-23
595,369,4294849434577661,visa,25000,7500.0,0.1897,150.0,2025-08-15,active,2023-09-11,2028-09-11
596,369,4915956783239593,visa,15000,7500.0,0.2401,150.0,2025-08-20,active,2024-07-06,2027-07-06
597,370,6185360878072020,discover,49000,0.0,0.2126,25,2025-08-19,blocked,2025-06-15,2030-06-15
598,371,6676372037344836,discover,11500,0.0,0.1828,25,2025-08-16,active,2022-12-01,2026-12-01
599,372,374396770546739,amex,25000,2500.0,0.171,50.0,2025-08-25,active,2023-10-03,2026-10-03
600,373,6887305886810253,discover,16000,1600.0,0.2458,32.0,2025-08-27,active,2024-08-18,2027-08-18
601,374,6800958040146159,discover,33500,3350.0,0.1217,67.0,2025-08-02,active,2024-06-24,2029-06-24
602,374,4738854673474369,visa,43000,0.0,0.2027,25,2025-08-03,active,2023-03-01,2028-03-01
603,375,396718321305428,amex,13000,3900.0,0.2051,78.0,2025-08-24,active,2025-05-16,2029-05-16
604,376,4359409429412597,visa,22500,18000.0,0.216,360.0,2025-08-20,active,2024-08-21,2029-08-21
605,376,5388767660628951,mastercard,75500,37750.0,0.2215,755.0,2025-08-28,active,2025-05-27,2028-05-27
606,376,6838744308183632,discover,72500,21750.0,0.2064,435.0,2025-08-22,active,2024-10-31,2029-10-31
607,377,6638207154818513,discover,20000,0.0,0.1301,25,2025-08-17,active,2025-03-09,2028-03-09
608,378,6719288920302875,discover,32000,9600.0,0.1244,192.0,2025-08-18,active,2023-08-30,2027-08-30
609,379,5606778719249726,mastercard,21000,10500.0,0.2176,210.0,2025-08-16,active,2022-12-22,2026-12-22
610,379,6745145375257448,discover,59000,5900.0,0.2478,118.0,2025-08-12,active,2024-02-22,2027-02-22
611,379,4185111567338515,visa,31000,15500.0,0.1573,310.0,2025-08-15,active,2023-09-27,2027-09-27
612,380,4983831934650275,visa,12500,3750.0,0.1267,75.0,2025-08-31,active,2025-05-08,2029-05-08
613,381,5389234952457051,mastercard,100000,10000.0,0.2139,200.0,2025-08-29,active,2024-02-10,2028-02-10
614,381,5880324271618628,mastercard,100000,10000.0,0.1954,200.0,2025-08-16,expired,2024-12-29,2028-12-29
615,381,5370385478726819,mastercard,58000,17400.0,0.2235,348.0,2025-08-06,active,2023-10-02,2026-10-02
616,382,5328062539418545,mastercard,36500,18250.0,0.1284,365.0,2025-08-19,active,2024-03-14,2028-03-14
617,382,5140035630328267,mastercard,40000,20000.0,0.2068,400.0,2025-08-29,active,2023-09-15,2027-09-15
618,382,6571689621325086,discover,39000,11700.0,0.173,234.0,2025-08-19,active,2023-08-27,2028-08-27
619,383,6088230925872894,discover,14500,1450.0,0.2413,29.0,2025-08-23,active,2024-06-23,2028-06-23
620,384,360172628033649,amex,46000,4600.0,0.2273,92.0,2025-08-11,active,2025-01-17,2030-01-17
621,384,4163430310166366,visa,69500,6950.0,0.1881,139.0,2025-08-13,active,2025-02-19,2028-02-19
622,385,379622951108486,amex,65000,0.0,0.1697,25,2025-08-26,active,2024-07-17,2027-07-17
623,385,4260469017495389,visa,28000,8400.0,0.1694,168.0,2025-08-28,active,2024-07-31,2029-07-31
624,386,6788457321650242,discover,17500,0.0,0.1944,25,2025-08-13,active,2025-02-26,2030-02-26
625,386,6110729850230506,discover,32500,16250.0,0.1323,325.0,2025-08-19,active,2025-04-24,2029-04-24
626,387,6147955412982492,discover,30500,15250.0,0.2267,305.0,2025-08-07,active,2024-02-28,2027-02-28
627,387,320895217680126,amex,31000,9300.0,0.1416,186.0,2025-08-03,active,2025-06-03,2029-06-03
628,388,5491394303250274,mastercard,33000,3300.0,0.2258,66.0,2025-08-27,expired,2024-10-15,2028-10-15
629,388,340376543999428,amex,37500,11250.0,0.2159,225.0,2025-08-02,active,2025-03-25,2029-03-25
630,389,4486329085050487,visa,24000,7200.0,0.1635,144.0,2025-08-02,active,2025-06-17,2028-06-17
631,389,5772109074447939,mastercard,9500,950.0,0.1293,25,2025-08-05,active,2023-11-28,2028-11-28
632,390,356884865737449,amex,34000,0.0,0.169,25,2025-08-02,active,2024-10-23,2028-10-23
633,391,374120818036893,amex,43500,0.0,0.14,25,2025-08-28,active,2024-09-27,2029-09-27
634,391,304393516026957,amex,78000,23400.0,0.1372,468.0,2025-08-31,active,2024-07-27,2028-07-27
635,392,5163678175248135,mastercard,60000,48000.0,0.1701,960.0,2025-08-10,active,2022-04-18,2026-04-18
636,392,5930395395260885,mastercard,53500,42800.0,0.198,856.0,2025-08-19,active,2021-12-25,2024-12-25
637,393,4149974754737704,visa,25500,12750.0,0.1252,255.0,2025-08-15,active,2025-02-23,2030-02-23
638,393,6597739610340573,discover,12500,1250.0,0.2375,25,2025-08-25,active,2024-08-16,2029-08-16
639,394,317569430721887,amex,40500,12150.0,0.2081,243.0,2025-08-15,expired,2025-02-02,2028-02-02
640,394,387236341104857,amex,44000,4400.0,0.1745,88.0,2025-08-31,blocked,2025-05-18,2030-05-18
641,394,6281829127898852,discover,66500,6650.0,0.2442,133.0,2025-08-20,active,2024-07-17,2029-07-17
642,395,4585537304376318,visa,6500,1950.0,0.1935,39.0,2025-08-17,active,2024-11-06,2028-11-06
643,395,348144000407560,amex,36500,10950.0,0.2206,219.0,2025-08-05,active,2024-05-14,2027-05-14
644,396,6296822885427344,discover,39000,0.0,0.1831,25,2025-08-28,active,2025-04-18,2030-04-18
645,397,6366547587837105,discover,55000,5500.0,0.2168,110.0,2025-08-06,active,2022-05-25,2027-05-25
646,398,6718536017430402,discover,7000,2100.0,0.244,42.0,2025-08-03,active,2024-07-18,2028-07-18
647,398,6677527071279717,discover,9000,7200.0,0.2164,144.0,2025-08-12,active,2024-12-28,2027-12-28
648,399,6299043881767622,discover,37500,3750.0,0.1387,75.0,2025-08-13,active,2025-04-04,2028-04-04
649,399,5915846472560467,mastercard,45000,4500.0,0.2475,90.0,2025-08-03,active,2025-05-12,2028-05-12
650,400,4550261340973122,visa,6500,1950.0,0.1272,39.0,2025-08-28,active,2025-07-07,2030-07-07
651,401,305324216943532,amex,33000,26400.0,0.1765,528.0,2025-08-04,active,2025-02-07,2030-02-07
652,402,5805732136788645,mastercard,21000,10500.0,0.1373,210.0,2025-08-05,active,2023-09-11,2027-09-11
653,403,370529508687441,amex,8000,2400.0,0.1647,48.0,2025-08-23,active,2023-05-18,2026-05-18
654,404,6258692635600625,discover,19000,5700.0,0.1676,114.0,2025-08-17,active,2023-11-20,2026-11-20
655,405,319378495312734,amex,57500,17250.0,0.1889,345.0,2025-08-02,active,2023-10-17,2027-10-17
656,405,5134616461526532,mastercard,43500,13050.0,0.2301,261.0,2025-08-27,active,2023-03-06,2026-03-06
657,405,4014812971988408,visa,57500,17250.0,0.1782,345.0,2025-08-27,blocked,2023-10-17,2026-10-17
658,406,4268179300805889,visa,51000,25500.0,0.1629,510.0,2025-08-22,blocked,2025-04-13,2028-04-13
659,406,303340508105635,amex,36500,10950.0,0.2137,219.0,2025-08-23,active,2025-04-30,2030-04-30
660,407,4311669460212467,visa,37500,11250.0,0.2209,225.0,2025-08-06,active,2025-06-08,2029-06-08
661,407,398362074988495,amex,15000,4500.0,0.2301,90.0,2025-08-14,active,2024-10-15,2027-10-15
662,408,365657166578130,amex,6000,600.0,0.2011,25,2025-08-29,active,2024-08-27,2029-08-27
663,409,6416450862953223,discover,35500,10650.0,0.2495,213.0,2025-08-10,active,2022-03-28,2026-03-28
664,410,312613955745861,amex,61500,18450.0,0.1217,369.0,2025-08-12,active,2024-12-24,2029-12-24
665,410,4835442788598819,visa,30500,3050.0,0.1763,61.0,2025-08-14,active,2024-01-19,2027-01-19
666,410,6276223683127534,discover,67000,6700.0,0.1468,134.0,2025-08-25,active,2023-11-29,2028-11-29
667,410,378022801771062,amex,79500,7950.0,0.1672,159.0,2025-08-31,active,2025-02-23,2029-02-23
668,411,373534143910323,amex,31000,9300.0,0.1361,186.0,2025-08-18,active,2024-10-25,2029-10-25
669,411,6906674772011040,discover,31000,9300.0,0.1862,186.0,2025-08-09,active,2023-10-13,2026-10-13
670,412,4877795334225393,visa,11000,0.0,0.1374,25,2025-08-06,active,2024-11-21,2027-11-21
671,412,5774575021885211,mastercard,31500,9450.0,0.1602,189.0,2025-08-03,active,2023-01-07,2028-01-07
672,413,6878842047598358,discover,21000,6300.0,0.2179,126.0,2025-08-03,active,2024-03-06,2028-03-06
673,414,5853202546167946,mastercard,19000,9500.0,0.1788,190.0,2025-08-23,active,2024-12-31,2029-12-31
674,415,6361395945921185,discover,37000,11100.0,0.1425,222.0,2025-08-22,active,2025-03-03,2029-03-03
675,416,5779626389654997,mastercard,20000,2000.0,0.1312,40.0,2025-08-17,active,2024-06-29,2029-06-29
676,416,5008100142866906,mastercard,67000,33500.0,0.1312,670.0,2025-08-17,active,2022-11-29,2026-11-29
677,416,4967108004587242,visa,42000,4200.0,0.1829,84.0,2025-08-23,active,2025-08-01,2028-08-01
678,417,6652948305171972,discover,17500,5250.0,0.1283,105.0,2025-08-22,active,2025-04-29,2029-04-29
679,418,336757777342658,amex,10000,8000.0,0.1619,160.0,2025-08-08,active,2025-06-11,2029-06-11
680,418,6914077128061990,discover,4500,1350.0,0.2495,27.0,2025-08-14,active,2024-05-25,2028-05-25
681,419,372171243566830,amex,26500,7950.0,0.1653,159.0,2025-08-08,active,2025-07-14,2028-07-14
682,419,325587673507810,amex,40000,32000.0,0.1879,640.0,2025-08-09,active,2025-08-01,2028-08-01
683,420,6126149936319627,discover,10000,1000.0,0.2107,25,2025-08-10,active,2024-08-18,2028-08-18
684,421,366300636210516,amex,9000,900.0,0.1779,25,2025-08-16,active,2022-05-06,2025-05-06
685,421,4481135373965272,visa,55500,27750.0,0.1612,555.0,2025-08-25,active,2025-03-08,2030-03-08
686,422,348990712996991,amex,55500,0.0,0.2115,25,2025-08-07,expired,2024-01-11,2028-01-11
687,422,5933132689374602,mastercard,99000,0.0,0.1765,25,2025-08-19,active,2023-04-18,2026-04-18
688,423,5918425195617655,mastercard,16500,4950.0,0.1486,99.0,2025-08-13,active,2024-07-31,2027-07-31
689,424,4630228293352878,visa,40000,12000.0,0.1335,240.0,2025-08-25,active,2025-06-23,2029-06-23
690,425,372684746455072,amex,88500,26550.0,0.1334,531.0,2025-08-02,blocked,2025-07-22,2028-07-22
691,425,308808756450581,amex,22500,6750.0,0.1889,135.0,2025-08-05,active,2024-02-18,2028-02-18
692,426,6797447619378866,discover,59500,17850.0,0.2222,357.0,2025-08-11,active,2022-11-22,2026-11-22
693,426,5477496337922628,mastercard,40500,32400.0,0.2402,648.0,2025-08-13,active,2022-06-12,2027-06-12
694,426,6345052194050472,discover,31000,3100.0,0.2012,62.0,2025-08-29,blocked,2024-02-21,2027-02-21
695,426,4459773660985919,visa,60000,6000.0,0.1771,120.0,2025-08-11,active,2024-12-04,2027-12-04
696,427,6885874895571319,discover,20000,2000.0,0.2447,40.0,2025-08-10,expired,2024-08-16,2028-08-16
697,427,4639525747774372,visa,32500,26000.0,0.1489,520.0,2025-08-10,active,2022-01-25,2025-01-25
698,428,4898755798322900,visa,26000,13000.0,0.1966,260.0,2025-08-12,active,2021-10-29,2025-10-29
699,428,6585405919344246,discover,44000,13200.0,0.2161,264.0,2025-08-17,active,2022-03-13,2027-03-13
700,429,4653353597598096,visa,47000,4700.0,0.1442,94.0,2025-08-24,active,2023-07-13,2028-07-13
701,430,6578827376309773,discover,13000,3900.0,0.2257,78.0,2025-08-25,active,2025-02-26,2030-02-26
702,430,4979785500445072,visa,52500,5250.0,0.1404,105.0,2025-08-21,active,2025-03-19,2029-03-19
703,431,4079322652782546,visa,32500,9750.0,0.1632,195.0,2025-08-11,active,2024-03-14,2027-03-14
704,431,4177539872458198,visa,26000,7800.0,0.1245,156.0,2025-08-18,active,2024-10-28,2029-10-28
705,432,5805365972683950,mastercard,33000,9900.0,0.2163,198.0,2025-08-02,active,2024-11-28,2028-11-28
706,433,6721281568387027,discover,30500,9150.0,0.1785,183.0,2025-08-30,active,2025-02-10,2028-02-10
707,433,5413717306390858,mastercard,28000,2800.0,0.173,56.0,2025-08-10,active,2024-10-12,2027-10-12
708,434,4672386656067755,visa,33000,9900.0,0.222,198.0,2025-08-25,blocked,2025-01-14,2029-01-14
709,435,377250402589881,amex,37000,18500.0,0.1903,370.0,2025-08-12,active,2023-03-30,2028-03-30
710,435,378457208024104,amex,57000,5700.0,0.1277,114.0,2025-08-16,active,2023-05-30,2027-05-30
711,435,5166081611556613,mastercard,91500,9150.0,0.1222,183.0,2025-08-10,active,2024-12-26,2028-12-26
712,436,358408922706990,amex,10500,0.0,0.1989,25,2025-08-11,active,2024-11-25,2028-11-25
713,436,4363836472245581,visa,27000,8100.0,0.1881,162.0,2025-08-09,active,2025-03-08,2028-03-08
714,437,5449663900045398,mastercard,51500,5150.0,0.2112,103.0,2025-08-29,blocked,2023-12-22,2027-12-22
715,438,6725140961709987,discover,50500,25250.0,0.1847,505.0,2025-08-02,expired,2023-09-17,2026-09-17
716,438,6688130384691281,discover,36000,3600.0,0.1331,72.0,2025-08-10,active,2024-02-22,2027-02-22
717,439,6312536127698762,discover,21000,2100.0,0.2223,42.0,2025-08-30,active,2025-07-20,2028-07-20
718,439,374508098971733,amex,43000,21500.0,0.2206,430.0,2025-08-05,blocked,2023-08-23,2027-08-23
719,440,4447165044152644,visa,16500,1650.0,0.2057,33.0,2025-08-25,active,2024-09-10,2029-09-10
720,441,354191378049876,amex,46000,13800.0,0.1984,276.0,2025-08-27,active,2024-12-15,2027-12-15
721,441,6524276074146440,discover,16500,1650.0,0.2102,33.0,2025-08-08,active,2025-01-02,2029-01-02
722,442,4832621384155109,visa,26500,2650.0,0.1555,53.0,2025-08-06,active,2025-04-14,2029-04-14
723,443,305688084820727,amex,18500,9250.0,0.1709,185.0,2025-08-08,active,2021-10-13,2024-10-13
724,444,6813267273326277,discover,30500,9150.0,0.1771,183.0,2025-08-15,active,2025-05-21,2029-05-21
725,444,4946877492944993,visa,45000,13500.0,0.1462,270.0,2025-08-17,active,2025-06-24,2028-06-24
726,444,6684905366783203,discover,96500,9650.0,0.136,193.0,2025-08-24,active,2024-06-24,2028-06-24
727,445,4534038833315180,visa,7500,2250.0,0.1724,45.0,2025-08-19,active,2025-03-13,2029-03-13
728,446,4938895311543978,visa,83500,25050.0,0.183,501.0,2025-08-10,active,2022-06-01,2026-06-01
729,446,4066086236504602,visa,100000,30000.0,0.1427,600.0,2025-08-06,active,2024-03-09,2029-03-09
730,447,5518261350621084,mastercard,14000,4200.0,0.162,84.0,2025-08-17,active,2021-05-28,2024-05-28
731,448,6298109975268665,discover,20500,6150.0,0.1479,123.0,2025-08-19,active,2023-11-04,2028-11-04
732,448,5140737308714390,mastercard,17000,13600.0,0.1213,272.0,2025-08-30,expired,2024-04-01,2029-04-01
733,449,6260702474857988,discover,12000,6000.0,0.1423,120.0,2025-08-09,active,2025-06-19,2030-06-19
734,450,5293229725401493,mastercard,15500,1550.0,0.2436,31.0,2025-08-30,active,2025-06-21,2030-06-21
735,451,4886459478007924,visa,30500,3050.0,0.172,61.0,2025-08-21,active,2025-06-14,2028-06-14
736,451,350458387500770,amex,23000,11500.0,0.127,230.0,2025-08-08,active,2025-08-01,2030-08-01
737,452,5598043331569640,mastercard,21000,10500.0,0.1308,210.0,2025-08-14,active,2023-11-22,2026-11-22
738,452,5520622609316426,mastercard,90500,27150.0,0.15,543.0,2025-08-14,active,2024-09-07,2027-09-07
739,452,5310171719945740,mastercard,17000,5100.0,0.1985,102.0,2025-08-22,active,2024-07-03,2027-07-03
740,453,4056735263595176,visa,13000,6500.0,0.1437,130.0,2025-08-05,active,2024-02-13,2028-02-13
741,454,6710665602492357,discover,6000,600.0,0.1574,25,2025-08-23,active,2024-03-29,2028-03-29
742,455,5227997526158789,mastercard,21500,6450.0,0.2249,129.0,2025-08-05,active,2025-03-03,2030-03-03
743,456,4511142412484546,visa,90500,0.0,0.1297,25,2025-08-23,blocked,2024-04-08,2027-04-08
744,456,6419066954508570,discover,53000,42400.0,0.121,848.0,2025-08-05,active,2023-07-29,2027-07-29
745,456,6170613011273831,discover,84500,67600.0,0.2021,1352.0,2025-08-22,active,2024-11-24,2029-11-24
746,458,6564001915426078,discover,37000,11100.0,0.2307,222.0,2025-08-04,active,2025-05-25,2028-05-25
747,458,5411475466248223,mastercard,33500,3350.0,0.2037,67.0,2025-08-30,expired,2025-07-11,2028-07-11
748,459,6846038951592346,discover,45500,22750.0,0.1391,455.0,2025-08-29,active,2024-05-01,2028-05-01
749,460,5164950605411371,mastercard,20500,2050.0,0.2077,41.0,2025-08-22,active,2023-10-05,2028-10-05
750,461,4789078695760188,visa,13500,1350.0,0.1557,27.0,2025-08-24,active,2024-10-01,2027-10-01
751,461,374733435973697,amex,27500,22000.0,0.2064,440.0,2025-08-18,active,2024-03-18,2027-03-18
752,462,4750409370118596,visa,32000,16000.0,0.2105,320.0,2025-08-10,active,2025-07-22,2030-07-22
753,463,350957928184726,amex,17500,5250.0,0.1265,105.0,2025-08-08,active,2025-05-24,2030-05-24
754,463,5416119540627890,mastercard,26000,7800.0,0.2496,156.0,2025-08-25,active,2025-06-22,2030-06-22
755,464,4217959282233125,visa,51500,0.0,0.1848,25,2025-08-13,active,2025-05-09,2029-05-09
756,465,361627141342773,amex,53000,15900.0,0.161,318.0,2025-08-17,active,2023-03-24,2026-03-24
757,465,4420942079374158,visa,34500,3450.0,0.2003,69.0,2025-08-21,active,2024-02-06,2027-02-06
758,466,5530955877993642,mastercard,45000,13500.0,0.1798,270.0,2025-08-13,active,2025-06-20,2028-06-20
759,467,4292135111330107,visa,100000,0.0,0.1685,25,2025-08-26,active,2023-11-10,2026-11-10
760,467,384123222320873,amex,44000,4400.0,0.2352,88.0,2025-08-29,active,2024-12-14,2028-12-14
761,468,339137085878379,amex,30500,15250.0,0.1493,305.0,2025-08-05,active,2021-08-02,2024-08-02
762,469,4809937151931784,visa,11500,1150.0,0.1978,25,2025-08-19,active,2022-08-13,2027-08-13
763,470,373811337049462,amex,37000,3700.0,0.1607,74.0,2025-08-02,active,2024-11-30,2028-11-30
764,470,4535588234811808,visa,34000,32300.0,0.2047,646.0,2025-08-09,active,2024-09-26,2029-09-26
765,471,377982587537156,amex,28000,2800.0,0.133,56.0,2025-08-30,active,2025-06-26,2029-06-26
766,472,4666706331191611,visa,10500,0.0,0.1632,25,2025-08-25,active,2025-07-22,2030-07-22
767,472,4340377917037930,visa,21500,6450.0,0.2254,129.0,2025-08-20,active,2024-10-14,2027-10-14
768,473,382072162474246,amex,4000,3800.0,0.2411,76.0,2025-08-09,active,2025-06-14,2029-06-14
769,474,6529905367912072,discover,42000,0.0,0.1649,25,2025-08-19,active,2023-11-27,2028-11-27
770,474,5550819968445657,mastercard,44000,0.0,0.2272,25,2025-08-16,active,2025-04-26,2028-04-26
771,475,4515567409201675,visa,10500,1050.0,0.1976,25,2025-08-09,active,2025-06-14,2030-06-14
772,475,314058067091446,amex,67500,0.0,0.1875,25,2025-08-02,expired,2024-10-09,2028-10-09
773,475,4046454976834875,visa,9500,4750.0,0.1728,95.0,2025-08-11,expired,2024-03-30,2028-03-30
774,476,6625760138079511,discover,100000,50000.0,0.1422,1000.0,2025-08-30,active,2024-12-05,2027-12-05
775,476,308159590431507,amex,100000,10000.0,0.2209,200.0,2025-08-10,active,2025-06-08,2028-06-08
776,476,6631032319767025,discover,83000,8300.0,0.133,166.0,2025-08-18,active,2024-08-25,2028-08-25
777,477,389244183281137,amex,30000,9000.0,0.1553,180.0,2025-08-25,active,2024-12-01,2027-12-01
778,478,5975914489400946,mastercard,17500,5250.0,0.1532,105.0,2025-08-14,active,2022-09-12,2027-09-12
779,479,388780737676497,amex,21000,6300.0,0.189,126.0,2025-08-12,active,2021-12-12,2025-12-12
780,479,4871628974767666,visa,29000,2900.0,0.21,58.0,2025-08-04,active,2025-01-07,2028-01-07
781,480,325993176970856,amex,29500,2950.0,0.1948,59.0,2025-08-02,active,2025-07-02,2029-07-02
782,481,6704477714057702,discover,18500,9250.0,0.1224,185.0,2025-08-04,active,2024-07-10,2029-07-10
783,481,309985752563744,amex,35500,3550.0,0.1664,71.0,2025-08-25,active,2025-07-23,2029-07-23
784,482,6335420509530727,discover,90000,72000.0,0.137,1440.0,2025-08-22,active,2025-01-20,2029-01-20
785,482,388708942660366,amex,100000,30000.0,0.1902,600.0,2025-08-27,active,2025-06-27,2030-06-27
786,482,348294350079616,amex,100000,30000.0,0.1822,600.0,2025-08-29,active,2022-12-06,2025-12-06
787,483,4649191636950725,visa,9500,950.0,0.1247,25,2025-08-14,active,2024-07-07,2028-07-07
788,484,6982307008133490,discover,29500,8850.0,0.2431,177.0,2025-08-17,active,2022-07-15,2025-07-15
789,485,5494180169599112,mastercard,43500,13050.0,0.2371,261.0,2025-08-03,active,2025-06-06,2029-06-06
790,486,4465951120339059,visa,19500,5850.0,0.2084,117.0,2025-08-22,active,2023-01-16,2027-01-16
791,486,338375428846377,amex,8500,2550.0,0.2016,51.0,2025-08-22,active,2022-03-28,2026-03-28
792,487,5772179316250553,mastercard,23000,11500.0,0.1777,230.0,2025-08-21,active,2023-05-07,2027-05-07
793,488,5726877938894912,mastercard,72500,7250.0,0.1775,145.0,2025-08-18,active,2023-12-09,2027-12-09
794,488,6910407629696524,discover,36500,18250.0,0.1612,365.0,2025-08-09,active,2021-07-19,2026-07-19
795,488,304107191294337,amex,59500,5950.0,0.1749,119.0,2025-08-16,active,2021-04-20,2024-04-20
796,489,350193531101584,amex,48000,4800.0,0.1776,96.0,2025-08-09,expired,2025-03-29,2029-03-29
797,490,4174931756073021,visa,12000,0.0,0.1789,25,2025-08-09,active,2025-04-03,2028-04-03
798,491,4149262189224006,visa,25000,0.0,0.1881,25,2025-08-12,active,2025-05-22,2028-05-22
799,492,5514358047118004,mastercard,20500,6150.0,0.1308,123.0,2025-08-12,active,2024-04-12,2027-04-12
800,493,396027693477966,amex,33000,9900.0,0.1534,198.0,2025-08-18,active,2021-09-13,2025-09-13
801,493,6504224640694861,discover,18500,1850.0,0.1639,37.0,2025-08-10,active,2025-07-05,2029-07-05
802,494,4148816058019755,visa,27000,13500.0,0.1924,270.0,2025-08-14,active,2024-09-26,2027-09-26
803,494,304441442942670,amex,62500,31250.0,0.1279,625.0,2025-08-13,active,2024-11-06,2029-11-06
804,494,5786268497042416,mastercard,18500,9250.0,0.2065,185.0,2025-08-05,active,2025-05-26,2030-05-26
805,495,6817006814365972,discover,52500,15750.0,0.1975,315.0,2025-08-22,active,2025-02-27,2028-02-27
806,495,4541715007601751,visa,26500,7950.0,0.1898,159.0,2025-08-02,active,2025-04-08,2030-04-08
807,496,355761867706672,amex,23500,2350.0,0.1985,47.0,2025-08-07,active,2025-02-12,2028-02-12
808,498,330921527259783,amex,13000,6500.0,0.244,130.0,2025-08-16,blocked,2023-09-28,2027-09-28
809,498,4205994476988012,visa,12500,3750.0,0.2182,75.0,2025-08-27,active,2023-07-27,2027-07-27
810,499,4257016206370355,visa,28000,8400.0,0.235,168.0,2025-08-21,active,2025-07-31,2029-07-31
811,499,6166296586360253,discover,13500,4050.0,0.1835,81.0,2025-08-31,active,2025-07-16,2030-07-16
812,500,350806940978738,amex,9500,950.0,0.2262,25,2025-08-19,blocked,2024-09-15,2027-09-15
813,501,4006658484393004,visa,39500,3950.0,0.1493,79.0,2025-08-27,active,2023-06-14,2026-06-14
814,501,6064937590447905,discover,72500,21750.0,0.2268,435.0,2025-08-03,active,2025-03-25,2030-03-25
815,501,4276451300501985,visa,14500,4350.0,0.1588,87.0,2025-08-08,blocked,2023-10-16,2027-10-16
816,502,6406282850725532,discover,4500,450.0,0.2102,25,2025-08-19,active,2022-12-17,2026-12-17
817,503,5524711788750513,mastercard,26500,0.0,0.217,25,2025-08-05,active,2025-07-31,2030-07-31
818,504,4412007404515699,visa,13000,0.0,0.2243,25,2025-08-06,active,2022-09-28,2025-09-28
819,504,6899473879309252,discover,47500,4750.0,0.1263,95.0,2025-08-03,active,2022-09-10,2027-09-10
820,505,5413739491258193,mastercard,35000,10500.0,0.1952,210.0,2025-08-29,active,2024-08-07,2028-08-07
821,506,5145945681508951,mastercard,35000,3500.0,0.2112,70.0,2025-08-27,active,2023-05-21,2027-05-21
822,507,6633023042333883,discover,14500,4350.0,0.1941,87.0,2025-08-02,active,2023-09-05,2028-09-05
823,507,5704004386668470,mastercard,10000,3000.0,0.1399,60.0,2025-08-03,active,2024-10-14,2029-10-14
824,508,6636805373808823,discover,54500,16350.0,0.1934,327.0,2025-08-02,active,2024-12-09,2027-12-09
825,508,5477075186210986,mastercard,82500,24750.0,0.1799,495.0,2025-08-31,expired,2024-12-08,2028-12-08
826,509,6896006688127904,discover,24000,0.0,0.1423,25,2025-08-23,active,2023-07-04,2027-07-04
827,510,4792241997970310,visa,20000,6000.0,0.1891,120.0,2025-08-10,active,2025-02-18,2028-02-18
828,511,348789048334658,amex,100000,50000.0,0.1795,1000.0,2025-08-25,active,2024-11-12,2029-11-12
829,511,5180666405997430,mastercard,77000,7700.0,0.1923,154.0,2025-08-28,active,2025-07-19,2030-07-19
830,512,337126887041557,amex,11500,9200.0,0.1328,184.0,2025-08-22,active,2025-06-26,2030-06-26
831,513,4756247994433178,visa,20000,10000.0,0.1494,200.0,2025-08-27,active,2021-11-06,2025-11-06
832,513,6620840784640157,discover,71500,21450.0,0.1728,429.0,2025-08-14,active,2023-06-23,2027-06-23
833,514,365255424586672,amex,48500,14550.0,0.1944,291.0,2025-08-03,expired,2025-01-18,2028-01-18
834,514,6794060154138273,discover,17500,16625.0,0.2072,332.5,2025-08-18,active,2024-10-01,2028-10-01
835,515,6225468629661035,discover,11000,1100.0,0.1846,25,2025-08-22,active,2023-09-14,2027-09-14
836,516,4492627350600126,visa,67000,20100.0,0.2312,402.0,2025-08-22,active,2023-04-10,2027-04-10
837,516,390910091665954,amex,100000,30000.0,0.2416,600.0,2025-08-09,active,2022-11-12,2026-11-12
838,516,362742052258987,amex,35000,17500.0,0.1273,350.0,2025-08-26,expired,2024-10-22,2027-10-22
839,517,6910708611713402,discover,21500,2150.0,0.2436,43.0,2025-08-15,active,2022-12-02,2025-12-02
840,518,334946526505347,amex,18500,5550.0,0.2305,111.0,2025-08-04,active,2025-07-18,2030-07-18
841,519,338875598759204,amex,16000,1600.0,0.2075,32.0,2025-08-30,active,2025-06-11,2028-06-11
842,519,5301643032977444,mastercard,59000,47200.0,0.2208,944.0,2025-08-06,active,2024-09-30,2027-09-30
843,520,6404772464972834,discover,33000,9900.0,0.2234,198.0,2025-08-15,active,2022-01-28,2027-01-28
844,521,4997844298299316,visa,26500,0.0,0.137,25,2025-08-06,active,2024-10-21,2028-10-21
845,521,6024891055799915,discover,18500,5550.0,0.2166,111.0,2025-08-09,active,2025-07-16,2030-07-16
846,522,4234344070806313,visa,94500,9450.0,0.2043,189.0,2025-08-09,active,2025-03-22,2030-03-22
847,522,359073128211126,amex,54000,16200.0,0.1398,324.0,2025-08-23,active,2025-03-11,2030-03-11
848,522,6889377070507095,discover,42500,4250.0,0.1723,85.0,2025-08-06,active,2024-10-15,2029-10-15
849,522,5432657207980470,mastercard,33000,9900.0,0.2008,198.0,2025-08-27,active,2025-06-08,2030-06-08
850,523,6752399963691845,discover,18500,14800.0,0.134,296.0,2025-08-23,active,2022-03-31,2026-03-31
851,524,379282629016515,amex,18500,5550.0,0.195,111.0,2025-08-07,active,2024-05-04,2029-05-04
852,524,6155333179313475,discover,21500,10750.0,0.2001,215.0,2025-08-15,active,2023-02-08,2026-02-08
853,525,5100027864995870,mastercard,8500,2550.0,0.1357,51.0,2025-08-06,blocked,2023-11-08,2027-11-08
854,526,6319053769328792,discover,41000,0.0,0.2078,25,2025-08-27,active,2024-08-05,2028-08-05
855,527,6531152438720757,discover,75500,22650.0,0.2153,453.0,2025-08-11,active,2025-03-17,2028-03-17
856,527,319964596243840,amex,62000,18600.0,0.2277,372.0,2025-08-26,active,2025-03-03,2030-03-03
857,528,5685070518251103,mastercard,8000,800.0,0.1891,25,2025-08-16,active,2021-09-15,2026-09-15
858,528,4445661966760150,visa,6000,600.0,0.1505,25,2025-08-02,active,2025-03-22,2029-03-22
859,529,376475665732977,amex,12000,3600.0,0.2194,72.0,2025-08-12,active,2023-12-29,2026-12-29
860,530,5330946214706165,mastercard,29000,14500.0,0.1486,290.0,2025-08-28,active,2021-11-23,2025-11-23
861,531,5890781629309615,mastercard,28000,14000.0,0.1345,280.0,2025-08-28,active,2021-04-07,2025-04-07
862,532,6705904117977963,discover,17500,0.0,0.1948,25,2025-08-11,active,2023-02-14,2028-02-14
863,533,4874961229830878,visa,62500,6250.0,0.2126,125.0,2025-08-16,active,2024-10-11,2028-10-11
864,534,5759686862748230,mastercard,17000,1700.0,0.2127,34.0,2025-08-04,active,2024-03-07,2029-03-07
865,535,301336721156781,amex,25000,7500.0,0.1896,150.0,2025-08-31,active,2024-01-25,2027-01-25
866,536,4371650942315963,visa,44000,13200.0,0.1312,264.0,2025-08-09,active,2023-06-02,2028-06-02
867,536,318136900479046,amex,39500,11850.0,0.1566,237.0,2025-08-10,active,2024-11-25,2028-11-25
868,536,4519394278911926,visa,24000,12000.0,0.1975,240.0,2025-08-02,active,2025-03-20,2030-03-20
869,537,6814416661177294,discover,32000,9600.0,0.1732,192.0,2025-08-29,active,2024-08-07,2027-08-07
870,537,382404977957240,amex,39000,0.0,0.1276,25,2025-08-04,active,2024-06-02,2027-06-02
871,538,6598962249476419,discover,40500,12150.0,0.2455,243.0,2025-08-13,active,2024-03-21,2029-03-21
872,538,319901026334922,amex,66000,6600.0,0.2107,132.0,2025-08-17,active,2025-03-10,2029-03-10
873,539,6823955434482138,discover,15500,4650.0,0.1357,93.0,2025-08-22,active,2022-07-10,2025-07-10
874,540,313985532375083,amex,27000,13500.0,0.1515,270.0,2025-08-16,active,2025-07-26,2029-07-26
875,541,5243421395796562,mastercard,13000,3900.0,0.1838,78.0,2025-08-30,active,2025-06-06,2028-06-06
876,542,358048294078286,amex,23000,2300.0,0.2155,46.0,2025-08-18,active,2023-07-17,2027-07-17
877,543,6062587360805582,discover,12500,3750.0,0.1377,75.0,2025-08-06,active,2025-02-27,2030-02-27
878,544,6501153270341477,discover,41500,33200.0,0.2307,664.0,2025-08-19,active,2025-04-14,2029-04-14
879,544,6137998708053828,discover,42000,4200.0,0.216,84.0,2025-08-04,active,2025-06-16,2030-06-16
880,544,5965753764451256,mastercard,43500,13050.0,0.1399,261.0,2025-08-19,expired,2025-02-26,2028-02-26
881,545,342996138071860,amex,85500,42750.0,0.1941,855.0,2025-08-27,active,2025-07-09,2029-07-09
882,545,4068382921629860,visa,69000,6900.0,0.1441,138.0,2025-08-18,active,2024-05-02,2029-05-02
883,545,4363056956250969,visa,59000,29500.0,0.1382,590.0,2025-08-12,active,2024-04-26,2027-04-26
884,546,4888608110714923,visa,40000,12000.0,0.1518,240.0,2025-08-15,active,2025-04-14,2028-04-14
885,546,344372132677638,amex,34500,3450.0,0.213,69.0,2025-08-04,active,2024-10-16,2027-10-16
886,547,330979756842181,amex,55500,5550.0,0.2254,111.0,2025-08-29,active,2024-12-03,2027-12-03
887,547,4311265974603023,visa,25000,2500.0,0.1294,50.0,2025-08-18,active,2025-01-10,2028-01-10
888,548,5275888118592063,mastercard,5500,550.0,0.1351,25,2025-08-13,active,2024-06-21,2028-06-21
889,548,4891095310017925,visa,21000,10500.0,0.1716,210.0,2025-08-22,active,2024-07-11,2027-07-11
890,549,6020981940146961,discover,24500,0.0,0.2261,25,2025-08-03,blocked,2025-06-06,2028-06-06
891,550,350980635333501,amex,21000,2100.0,0.1444,42.0,2025-08-06,active,2024-07-06,2029-07-06
892,551,361730515133209,amex,41000,20500.0,0.1464,410.0,2025-08-29,active,2024-06-24,2028-06-24
893,551,5407413596653390,mastercard,65500,52400.0,0.1493,1048.0,2025-08-18,expired,2023-12-29,2027-12-29
894,552,4958000841626750,visa,13000,1300.0,0.1603,26.0,2025-08-18,active,2022-04-22,2027-04-22
895,553,4394558464201819,visa,18000,0.0,0.1478,25,2025-08-02,active,2024-06-11,2027-06-11
896,554,4609175075192677,visa,8000,2400.0,0.2243,48.0,2025-08-10,active,2025-06-18,2029-06-18
897,554,5843965688720204,mastercard,32000,9600.0,0.1304,192.0,2025-08-02,active,2025-03-30,2029-03-30
898,555,6641442719745314,discover,47000,4700.0,0.1679,94.0,2025-08-02,expired,2023-02-17,2028-02-17
899,556,4695473564272943,visa,11000,3300.0,0.1321,66.0,2025-08-27,active,2025-06-28,2030-06-28
900,556,350814647023607,amex,39500,31600.0,0.184,632.0,2025-08-27,active,2025-05-29,2028-05-29
901,556,353134176228095,amex,17500,1750.0,0.1839,35.0,2025-08-10,active,2025-05-30,2028-05-30
902,557,4584828173933969,visa,14500,11600.0,0.1234,232.0,2025-08-31,expired,2024-09-17,2027-09-17
903,558,6561206464676478,discover,60500,30250.0,0.1697,605.0,2025-08-12,active,2025-02-14,2029-02-14
904,558,4143999257099286,visa,61500,49200.0,0.1388,984.0,2025-08-13,active,2023-03-03,2026-03-03
905,558,5825520328659181,mastercard,80000,8000.0,0.2229,160.0,2025-08-18,active,2025-03-31,2030-03-31
906,559,4530673083038840,visa,27500,2750.0,0.176,55.0,2025-08-17,active,2025-07-02,2030-07-02
907,560,4910507197095744,visa,12000,3600.0,0.1561,72.0,2025-08-29,active,2023-10-19,2028-10-19
908,561,5876738431556769,mastercard,30500,15250.0,0.2389,305.0,2025-08-21,active,2023-09-20,2028-09-20
909,561,5273243703919056,mastercard,14000,4200.0,0.2088,84.0,2025-08-05,blocked,2023-12-22,2027-12-22
910,562,4768329876816051,visa,43500,4350.0,0.1812,87.0,2025-08-02,active,2025-02-11,2028-02-11
911,563,5743738013184341,mastercard,34500,10350.0,0.2317,207.0,2025-08-17,active,2022-08-27,2026-08-27
912,564,4114762073478735,visa,18500,1850.0,0.1565,37.0,2025-08-12,blocked,2023-01-31,2026-01-31
913,565,5116885926637008,mastercard,81500,8150.0,0.1549,163.0,2025-08-19,active,2025-05-20,2030-05-20
914,565,378165608804189,amex,39000,11700.0,0.1369,234.0,2025-08-11,blocked,2022-08-31,2027-08-31
915,565,5617346087363149,mastercard,100000,10000.0,0.1322,200.0,2025-08-04,active,2023-07-19,2028-07-19
916,566,5804503083491164,mastercard,32500,9750.0,0.1532,195.0,2025-08-07,active,2025-05-31,2029-05-31
917,566,6813372278181553,discover,12500,3750.0,0.2095,75.0,2025-08-19,active,2023-09-15,2027-09-15
918,567,4603384178760287,visa,19000,1900.0,0.2492,38.0,2025-08-17,active,2025-01-01,2030-01-01
919,567,4050391678128837,visa,86000,25800.0,0.1488,516.0,2025-08-22,active,2025-06-04,2030-06-04
920,567,4822781469539536,visa,85500,25650.0,0.2148,513.0,2025-08-09,blocked,2025-05-25,2030-05-25
921,567,5486115623067801,mastercard,75000,0.0,0.1563,25,2025-08-17,active,2025-07-09,2030-07-09
922,569,4447120836248748,visa,8500,850.0,0.1442,25,2025-08-28,active,2022-08-21,2026-08-21
923,569,4732776063951368,visa,31000,9300.0,0.1264,186.0,2025-08-13,active,2023-12-24,2028-12-24
924,570,336633756184535,amex,32500,9750.0,0.1826,195.0,2025-08-17,active,2025-07-01,2029-07-01
925,571,383618837448923,amex,6000,1800.0,0.2353,36.0,2025-08-14,active,2025-06-02,2030-06-02
926,572,367021782959881,amex,12000,0.0,0.214,25,2025-08-09,active,2024-11-30,2027-11-30
927,573,4380437412698086,visa,100000,30000.0,0.2316,600.0,2025-08-02,active,2024-12-20,2028-12-20
928,573,6078393132940275,discover,100000,10000.0,0.1667,200.0,2025-08-03,active,2024-11-21,2027-11-21
929,574,374863281070560,amex,21000,2100.0,0.2488,42.0,2025-08-17,active,2025-04-07,2029-04-07
930,574,310960066161531,amex,35500,17750.0,0.1728,355.0,2025-08-27,active,2024-01-22,2028-01-22
931,575,6918143369757554,discover,31000,3100.0,0.17,62.0,2025-08-08,active,2025-05-09,2028-05-09
932,576,5882499696608187,mastercard,49000,4900.0,0.1873,98.0,2025-08-03,active,2025-03-17,2029-03-17
933,576,6348745126193790,discover,38000,0.0,0.1406,25,2025-08-25,active,2025-07-06,2028-07-06
934,576,343121345579990,amex,31000,0.0,0.1441,25,2025-08-14,active,2023-03-14,2027-03-14
935,576,6230636578371510,discover,87000,43500.0,0.1507,870.0,2025-08-17,active,2023-11-19,2026-11-19
936,577,5224967371967557,mastercard,46500,13950.0,0.2252,279.0,2025-08-02,active,2024-01-30,2027-01-30
937,577,4289443882697694,visa,18500,1850.0,0.2078,37.0,2025-08-14,active,2021-06-28,2024-06-28
938,578,6908786391418359,discover,94000,47000.0,0.2142,940.0,2025-08-21,active,2021-03-31,2026-03-31
939,578,347427072544527,amex,27500,2750.0,0.1283,55.0,2025-08-21,active,2024-03-05,2028-03-05
940,578,6407519391460378,discover,85500,25650.0,0.2423,513.0,2025-08-02,active,2021-12-22,2026-12-22
941,579,4085877707501399,visa,34500,10350.0,0.2016,207.0,2025-08-12,active,2022-03-23,2027-03-23
942,580,6463177186266786,discover,59500,47600.0,0.2373,952.0,2025-08-27,active,2024-11-01,2028-11-01
943,580,4303262498640946,visa,43000,4300.0,0.2252,86.0,2025-08-10,active,2025-04-18,2029-04-18
944,580,5644349541217620,mastercard,36000,18000.0,0.1241,360.0,2025-08-04,active,2025-06-30,2030-06-30
945,581,5800920536504568,mastercard,24500,12250.0,0.1744,245.0,2025-08-03,active,2025-06-01,2030-06-01
946,581,5315240415758427,mastercard,7000,700.0,0.1742,25,2025-08-29,active,2025-05-31,2030-05-31
947,582,5333569420184457,mastercard,87500,43750.0,0.1309,875.0,2025-08-29,active,2023-11-27,2027-11-27
948,582,306410318417326,amex,100000,10000.0,0.1476,200.0,2025-08-22,expired,2023-11-01,2026-11-01
949,582,346120384672644,amex,72000,36000.0,0.1299,720.0,2025-08-21,blocked,2024-09-10,2027-09-10
950,583,4435354256286078,visa,29500,8850.0,0.2217,177.0,2025-08-18,active,2021-10-26,2024-10-26
951,583,4340749185058240,visa,33500,16750.0,0.2414,335.0,2025-08-26,active,2023-04-14,2028-04-14
952,584,4611959737253031,visa,3000,0.0,0.1555,25,2025-08-11,active,2025-06-02,2030-06-02
953,585,5805400923195078,mastercard,49500,4950.0,0.122,99.0,2025-08-29,active,2024-09-12,2027-09-12
954,585,4343292620555562,visa,17500,0.0,0.1989,25,2025-08-13,active,2024-09-21,2028-09-21
955,586,5393994310951888,mastercard,100000,30000.0,0.1911,600.0,2025-08-18,blocked,2025-06-20,2029-06-20
956,586,4957283978301898,visa,87000,26100.0,0.2021,522.0,2025-08-20,active,2025-06-30,2029-06-30
957,587,4745625670327188,visa,27000,13500.0,0.1877,270.0,2025-08-28,active,2023-03-14,2027-03-14
958,587,4207520469074390,visa,58000,17400.0,0.2274,348.0,2025-08-31,active,2024-03-28,2028-03-28
959,588,4244407319718901,visa,19000,5700.0,0.1275,114.0,2025-08-08,active,2021-11-14,2024-11-14
960,589,4694261666471079,visa,11500,3450.0,0.1438,69.0,2025-08-12,active,2025-05-03,2029-05-03
961,590,5130016183215290,mastercard,48500,0.0,0.1584,25,2025-08-27,active,2021-10-18,2025-10-18
962,591,4860428316723246,visa,20000,2000.0,0.1816,40.0,2025-08-03,active,2024-01-02,2028-01-02
963,591,6377889214181007,discover,22000,0.0,0.1233,25,2025-08-23,active,2023-06-29,2028-06-29
964,592,4117056476585757,visa,43000,12900.0,0.2352,258.0,2025-08-27,active,2025-05-10,2028-05-10
965,593,379109999378486,amex,30000,9000.0,0.1482,180.0,2025-08-03,active,2025-04-15,2028-04-15
966,594,5049820700026755,mastercard,81500,8150.0,0.1651,163.0,2025-08-27,active,2024-01-31,2028-01-31
967,594,4638251172303582,visa,63000,31500.0,0.2242,630.0,2025-08-07,expired,2023-02-12,2027-02-12
968,595,4480886112580443,visa,31500,15750.0,0.2476,315.0,2025-08-23,active,2023-03-21,2027-03-21
969,595,4127168109817663,visa,23000,6900.0,0.1311,138.0,2025-08-06,blocked,2024-01-30,2027-01-30
970,596,4070686864641473,visa,47500,14250.0,0.2292,285.0,2025-08-15,active,2024-07-27,2029-07-27
971,596,325257768997739,amex,23500,7050.0,0.1704,141.0,2025-08-30,active,2024-09-14,2027-09-14
972,597,5701409507151996,mastercard,12000,3600.0,0.2021,72.0,2025-08-09,active,2025-02-09,2030-02-09
973,598,5596115953384162,mastercard,11500,9200.0,0.2261,184.0,2025-08-23,expired,2025-05-08,2030-05-08
974,599,4566030980518343,visa,6500,650.0,0.1466,25,2025-08-09,active,2022-03-03,2027-03-03
975,599,6793472441676218,discover,27500,8250.0,0.1577,165.0,2025-08-02,active,2023-05-21,2028-05-21
976,600,5268348709295162,mastercard,37500,11250.0,0.1966,225.0,2025-08-19,active,2025-07-29,2030-07-29
977,600,6277331258128766,discover,34000,17000.0,0.1209,340.0,2025-08-27,active,2025-07-19,2029-07-19
978,601,6652246968516921,discover,22000,2200.0,0.1294,44.0,2025-08-05,active,2025-03-03,2029-03-03
979,602,347050057458076,amex,8000,2400.0,0.1895,48.0,2025-08-18,active,2025-06-14,2029-06-14
980,603,6607833594822452,discover,46000,4600.0,0.1898,92.0,2025-08-14,active,2024-07-24,2029-07-24
981,604,317654614119101,amex,95000,47500.0,0.2209,950.0,2025-08-29,active,2025-02-17,2030-02-17
982,604,4298358448012771,visa,72500,21750.0,0.2474,435.0,2025-08-24,active,2024-11-29,2028-11-29
983,604,339091744794080,amex,43000,12900.0,0.2231,258.0,2025-08-30,active,2024-12-28,2027-12-28
984,605,4641996584029376,visa,12500,3750.0,0.1365,75.0,2025-08-15,active,2023-09-04,2027-09-04
985,606,5386562600805980,mastercard,42500,12750.0,0.2322,255.0,2025-08-26,active,2025-05-22,2028-05-22
986,607,337828687220307,amex,31500,0.0,0.2481,25,2025-08-19,active,2021-08-23,2024-08-23
987,608,5397662154151980,mastercard,20500,2050.0,0.229,41.0,2025-08-23,active,2024-09-16,2027-09-16
988,608,5942863583492638,mastercard,17000,1700.0,0.2266,34.0,2025-08-17,active,2025-06-24,2030-06-24
989,609,4923355885728346,visa,17000,5100.0,0.187,102.0,2025-08-21,active,2023-07-04,2028-07-04
990,610,387530296149909,amex,31500,0.0,0.1757,25,2025-08-20,active,2023-12-16,2026-12-16
991,611,4454811891728458,visa,47500,4750.0,0.216,95.0,2025-08-10,active,2025-07-01,2030-07-01
992,611,5628865807200805,mastercard,11000,0.0,0.1304,25,2025-08-30,active,2025-07-11,2028-07-11
993,612,375292555680846,amex,26000,7800.0,0.1217,156.0,2025-08-05,active,2025-05-24,2030-05-24
994,612,5624249470025190,mastercard,18500,1850.0,0.1783,37.0,2025-08-06,active,2025-02-07,2030-02-07
995,613,377248774763083,amex,32000,9600.0,0.1372,192.0,2025-08-19,active,2025-04-06,2029-04-06
996,614,4063474180420223,visa,20000,10000.0,0.2215,200.0,2025-08-20,active,2025-02-13,2029-02-13
997,614,6828765755525868,discover,40500,4050.0,0.234,81.0,2025-08-13,active,2025-05-03,2029-05-03
998,614,387826487130002,amex,91500,45750.0,0.154,915.0,2025-08-22,active,2025-05-08,2029-05-08
999,614,6985294844704145,discover,82500,8250.0,0.2066,165.0,2025-08-14,active,2025-02-19,2029-02-19
1000,615,311819613875955,amex,7500,2250.0,0.1413,45.0,2025-08-20,active,2025-03-10,2029-03-10
1001,616,5419977118016774,mastercard,49500,24750.0,0.1267,495.0,2025-08-10,active,2024-07-29,2028-07-29
1002,616,392714369474934,amex,100000,50000.0,0.2106,1000.0,2025-08-18,active,2025-05-18,2029-05-18
1003,617,4877645808431965,visa,19000,0.0,0.1288,25,2025-08-24,active,2022-08-19,2027-08-19
1004,618,331260557402845,amex,9500,4750.0,0.1899,95.0,2025-08-16,active,2025-01-16,2029-01-16
1005,618,4268130783731835,visa,25000,7500.0,0.1342,150.0,2025-08-25,active,2024-12-06,2028-12-06
1006,619,5325802455711627,mastercard,20000,6000.0,0.1633,120.0,2025-08-31,active,2022-07-27,2025-07-27
1007,619,6327023174028106,discover,36500,10950.0,0.2309,219.0,2025-08-14,active,2021-01-26,2026-01-26
1008,620,6026335641629870,discover,18500,1850.0,0.163,37.0,2025-08-05,active,2025-07-09,2028-07-09
1009,621,5517236850448526,mastercard,12000,3600.0,0.2349,72.0,2025-08-06,active,2025-04-26,2030-04-26
1010,621,6224055306113900,discover,60000,6000.0,0.2053,120.0,2025-08-31,active,2025-05-24,2029-05-24
1011,622,308705683355563,amex,26000,2600.0,0.1967,52.0,2025-08-04,active,2024-11-04,2028-11-04
1012,623,6486980055733807,discover,14500,1450.0,0.2019,29.0,2025-08-02,active,2023-02-18,2027-02-18
1013,624,301750566558990,amex,22000,6600.0,0.162,132.0,2025-08-31,active,2025-06-01,2029-06-01
1014,625,5232420430063191,mastercard,83000,24900.0,0.2308,498.0,2025-08-17,active,2021-06-30,2025-06-30
1015,625,6359114202861223,discover,20000,10000.0,0.1735,200.0,2025-08-29,blocked,2022-03-04,2027-03-04
1016,625,5454224922430232,mastercard,74500,7450.0,0.122,149.0,2025-08-05,active,2025-03-23,2028-03-23
1017,626,5435097913532956,mastercard,98000,9800.0,0.2423,196.0,2025-08-15,active,2022-07-21,2027-07-21
1018,626,367640897795361,amex,38500,11550.0,0.1917,231.0,2025-08-02,active,2023-06-11,2026-06-11
1019,627,5602731567261736,mastercard,27000,2700.0,0.1389,54.0,2025-08-12,active,2022-08-05,2027-08-05
1020,627,6738243821462922,discover,100000,30000.0,0.243,600.0,2025-08-29,active,2022-08-03,2025-08-03
1021,628,322359062709401,amex,57500,5750.0,0.1297,115.0,2025-08-11,active,2023-08-08,2027-08-08
1022,628,5456708939350462,mastercard,19000,5700.0,0.1446,114.0,2025-08-22,expired,2025-06-25,2030-06-25
1023,629,383387895919053,amex,46000,4600.0,0.1953,92.0,2025-08-25,active,2025-02-12,2028-02-12
1024,629,308257232300708,amex,65000,6500.0,0.1925,130.0,2025-08-21,active,2024-02-29,2027-02-29
1025,630,375291483565086,amex,36000,10800.0,0.229,216.0,2025-08-16,active,2025-01-12,2030-01-12
1026,630,5525411055624126,mastercard,82500,24750.0,0.1747,495.0,2025-08-22,active,2025-05-31,2029-05-31
1027,630,305964703364245,amex,76000,60800.0,0.1403,1216.0,2025-08-15,active,2025-02-13,2030-02-13
1028,631,6143403715243109,discover,44000,4400.0,0.2079,88.0,2025-08-31,active,2025-07-12,2029-07-12
1029,631,331225264974787,amex,19500,15600.0,0.177,312.0,2025-08-22,active,2025-07-11,2029-07-11
1030,632,5070781010124480,mastercard,6000,1800.0,0.1988,36.0,2025-08-11,blocked,2025-02-18,2029-02-18
1031,633,4044910072314920,visa,25000,7500.0,0.1981,150.0,2025-08-02,active,2025-05-23,2030-05-23
1032,634,5107043105503158,mastercard,10000,1000.0,0.1915,25,2025-08-03,active,2025-07-31,2029-07-31
1033,634,314148351560951,amex,8000,2400.0,0.1371,48.0,2025-08-16,active,2024-03-11,2029-03-11
1034,635,6115111627143593,discover,17000,8500.0,0.1246,170.0,2025-08-05,active,2022-05-18,2025-05-18
1035,635,372553107371220,amex,46500,4650.0,0.1618,93.0,2025-08-03,active,2023-05-12,2026-05-12
1036,635,5408860969253360,mastercard,93000,9300.0,0.1219,186.0,2025-08-31,active,2021-06-16,2026-06-16
1037,636,4400998129719228,visa,26500,13250.0,0.2315,265.0,2025-08-11,active,2025-05-30,2029-05-30
1038,637,5543450266427386,mastercard,37500,30000.0,0.2363,600.0,2025-08-19,active,2025-01-10,2029-01-10
1039,638,5927243067779836,mastercard,25500,20400.0,0.186,408.0,2025-08-02,active,2024-07-02,2028-07-02
1040,639,4893513315792082,visa,17500,1750.0,0.1701,35.0,2025-08-28,active,2024-08-31,2028-08-31
1041,640,5951266086961108,mastercard,4500,1350.0,0.2075,27.0,2025-08-21,active,2023-03-25,2026-03-25
1042,641,6673608633399506,discover,23500,7050.0,0.1726,141.0,2025-08-17,active,2024-08-15,2029-08-15
1043,642,4050908306925098,visa,14000,0.0,0.2479,25,2025-08-13,active,2025-02-20,2029-02-20
1044,642,4994124361605029,visa,31000,3100.0,0.1993,62.0,2025-08-03,active,2025-07-23,2030-07-23
1045,643,4498367849032177,visa,8500,2550.0,0.2284,51.0,2025-08-24,active,2023-10-13,2028-10-13
1046,644,300437531575229,amex,35500,10650.0,0.2131,213.0,2025-08-09,active,2025-06-14,2028-06-14
1047,645,4367486756753515,visa,30000,24000.0,0.206,480.0,2025-08-17,active,2023-02-27,2027-02-27
1048,646,4207800378101032,visa,10000,0.0,0.1398,25,2025-08-09,active,2023-08-03,2028-08-03
1049,647,4975788516619076,visa,38000,0.0,0.1546,25,2025-08-21,active,2023-11-20,2027-11-20
1050,648,6162227726105402,discover,40500,12150.0,0.1225,243.0,2025-08-29,active,2025-06-20,2029-06-20
1051,649,392189568864993,amex,91500,27450.0,0.196,549.0,2025-08-10,active,2023-03-03,2028-03-03
1052,649,4238487614443373,visa,94000,75200.0,0.204,1504.0,2025-08-21,expired,2024-03-17,2029-03-17
1053,649,337947631834290,amex,19000,1900.0,0.1571,38.0,2025-08-20,active,2022-03-01,2025-03-01
1054,650,5461512167608960,mastercard,67500,6750.0,0.1692,135.0,2025-08-30,active,2025-07-28,2028-07-28
1055,650,6824256582938540,discover,28500,14250.0,0.1583,285.0,2025-08-12,active,2025-07-30,2030-07-30
1056,651,5466908144986029,mastercard,26000,2600.0,0.2232,52.0,2025-08-09,active,2025-06-15,2029-06-15
1057,652,330707919048786,amex,40000,20000.0,0.1667,400.0,2025-08-18,active,2022-01-09,2025-01-09
1058,653,351298294541833,amex,6000,4800.0,0.1928,96.0,2025-08-05,active,2025-05-09,2029-05-09
1059,654,307438203950078,amex,59500,5950.0,0.178,119.0,2025-08-12,active,2024-06-13,2028-06-13
1060,654,376036733614247,amex,10000,1000.0,0.2494,25,2025-08-26,active,2023-08-17,2026-08-17
1061,655,366148243648517,amex,31500,3150.0,0.2104,63.0,2025-08-23,active,2025-05-20,2028-05-20
1062,655,6146017419640009,discover,23000,2300.0,0.1736,46.0,2025-08-18,active,2024-11-10,2028-11-10
1063,656,6278387776540234,discover,32500,26000.0,0.219,520.0,2025-08-11,active,2025-07-25,2029-07-25
1064,656,4282656529367562,visa,41000,12300.0,0.219,246.0,2025-08-12,active,2025-03-23,2029-03-23
1065,657,5975955364220947,mastercard,14500,1450.0,0.1534,29.0,2025-08-10,active,2025-02-25,2029-02-25
1066,658,5901876927043885,mastercard,21500,6450.0,0.2326,129.0,2025-08-18,active,2025-07-02,2028-07-02
1067,659,5443029973854424,mastercard,74000,22200.0,0.2,444.0,2025-08-26,active,2023-06-03,2026-06-03
1068,659,368869890876342,amex,100000,50000.0,0.16,1000.0,2025-08-27,active,2024-08-13,2027-08-13
1069,659,6378156162173671,discover,38000,11400.0,0.1886,228.0,2025-08-17,active,2023-11-28,2028-11-28
1070,660,4916661624698896,visa,50000,47500.0,0.1424,950.0,2025-08-25,active,2024-04-28,2028-04-28
1071,661,5247686707167148,mastercard,40500,12150.0,0.1667,243.0,2025-08-21,active,2025-04-13,2030-04-13
1072,661,5352980093413734,mastercard,53500,5350.0,0.1367,107.0,2025-08-11,active,2023-06-18,2027-06-18
1073,662,358221819517190,amex,80500,64400.0,0.1765,1288.0,2025-08-17,active,2025-07-18,2028-07-18
1074,662,4316453833642550,visa,100000,30000.0,0.1518,600.0,2025-08-24,blocked,2025-07-04,2029-07-04
1075,662,4012546759149995,visa,79500,63600.0,0.1813,1272.0,2025-08-09,active,2025-07-26,2029-07-26
1076,663,5583201435456367,mastercard,5500,1650.0,0.187,33.0,2025-08-27,expired,2024-10-23,2029-10-23
1077,663,5644498106326739,mastercard,14500,4350.0,0.1235,87.0,2025-08-28,active,2023-06-23,2028-06-23
1078,664,329921192474350,amex,9500,9025.0,0.2063,180.5,2025-08-19,active,2024-10-24,2029-10-24
1079,665,6211203829983990,discover,25000,2500.0,0.2355,50.0,2025-08-26,active,2021-09-16,2025-09-16
1080,666,376168068030400,amex,96500,28950.0,0.2478,579.0,2025-08-10,active,2023-02-06,2028-02-06
1081,666,5143360574321115,mastercard,57000,0.0,0.1632,25,2025-08-22,active,2022-10-04,2027-10-04
1082,666,4791969091364176,visa,68000,6800.0,0.194,136.0,2025-08-02,blocked,2023-01-17,2028-01-17
1083,667,5609016801153609,mastercard,18500,1850.0,0.1473,37.0,2025-08-11,active,2022-11-23,2026-11-23
1084,668,6320096015353053,discover,20000,2000.0,0.2455,40.0,2025-08-25,active,2023-06-04,2027-06-04
1085,668,4497046485551693,visa,27000,25650.0,0.1568,513.0,2025-08-28,active,2023-05-02,2028-05-02
1086,669,311935391038916,amex,40000,20000.0,0.1847,400.0,2025-08-23,active,2025-07-29,2029-07-29
1087,669,5185868043942900,mastercard,39000,37050.0,0.208,741.0,2025-08-18,active,2025-07-26,2030-07-26
1088,671,378398037037731,amex,24500,12250.0,0.1679,245.0,2025-08-19,active,2021-09-28,2024-09-28
1089,671,385307487813409,amex,14500,4350.0,0.205,87.0,2025-08-31,active,2022-11-02,2027-11-02
1090,672,5617000485412348,mastercard,20000,6000.0,0.2337,120.0,2025-08-20,active,2023-01-22,2026-01-22
1091,673,6255614412987010,discover,23500,11750.0,0.1368,235.0,2025-08-12,active,2023-06-19,2028-06-19
1092,674,4148324096526121,visa,21000,6300.0,0.2495,126.0,2025-08-20,active,2022-11-05,2026-11-05
1093,675,4112330167965567,visa,31000,9300.0,0.1488,186.0,2025-08-25,active,2023-08-28,2026-08-28
1094,676,4434462280749053,visa,10000,3000.0,0.2495,60.0,2025-08-25,active,2025-04-09,2030-04-09
1095,676,309428168362577,amex,24000,2400.0,0.1234,48.0,2025-08-18,active,2025-01-13,2028-01-13
1096,677,4591579815551849,visa,38500,3850.0,0.2467,77.0,2025-08-13,active,2025-03-31,2030-03-31
1097,678,5173284248729802,mastercard,19000,1900.0,0.2002,38.0,2025-08-22,blocked,2021-06-26,2024-06-26
1098,678,4342045781314562,visa,56000,5600.0,0.1495,112.0,2025-08-08,active,2025-05-27,2029-05-27
1099,679,4113146442143778,visa,31000,3100.0,0.1236,62.0,2025-08-29,active,2025-07-02,2030-07-02
1100,680,6702604976979987,discover,42500,12750.0,0.1724,255.0,2025-08-20,active,2023-01-04,2027-01-04
1101,680,5507649967276339,mastercard,51500,0.0,0.1234,25,2025-08-03,active,2024-04-13,2029-04-13
1102,681,305220112704225,amex,41000,4100.0,0.149,82.0,2025-08-22,active,2024-11-11,2029-11-11
1103,681,4433161669744697,visa,15000,7500.0,0.1349,150.0,2025-08-21,expired,2021-11-21,2025-11-21
1104,681,4115787239037155,visa,51500,15450.0,0.1214,309.0,2025-08-14,active,2024-07-23,2028-07-23
1105,682,358846937147875,amex,100000,30000.0,0.2071,600.0,2025-08-13,active,2021-08-26,2026-08-26
1106,682,6844400274894244,discover,85000,0.0,0.199,25,2025-08-08,active,2022-10-21,2026-10-21
1107,683,6711881618277347,discover,6000,600.0,0.1965,25,2025-08-16,expired,2024-02-13,2028-02-13
1108,684,5318815675413545,mastercard,19500,1950.0,0.177,39.0,2025-08-16,active,2024-11-19,2029-11-19
1109,684,4770455300173141,visa,6500,1950.0,0.1424,39.0,2025-08-13,active,2024-05-06,2028-05-06
1110,685,367240555251774,amex,17500,5250.0,0.1662,105.0,2025-08-12,active,2025-06-26,2030-06-26
1111,686,337428220220410,amex,14500,1450.0,0.2376,29.0,2025-08-14,active,2024-07-03,2028-07-03
1112,687,4487609673725009,visa,67000,20100.0,0.2467,402.0,2025-08-25,active,2025-01-29,2028-01-29
1113,687,5205065069615884,mastercard,73500,36750.0,0.1657,735.0,2025-08-08,active,2025-02-06,2030-02-06
1114,688,4020896760406232,visa,24500,2450.0,0.1356,49.0,2025-08-28,active,2023-07-15,2027-07-15
1115,688,5960586531434220,mastercard,16000,1600.0,0.2373,32.0,2025-08-08,active,2024-08-27,2027-08-27
1116,689,5287499589367428,mastercard,87000,26100.0,0.1243,522.0,2025-08-17,active,2025-04-28,2029-04-28
1117,689,6873880111305292,discover,91500,27450.0,0.1489,549.0,2025-08-31,expired,2022-05-29,2027-05-29
1118,689,304480632448968,amex,23500,7050.0,0.1245,141.0,2025-08-29,active,2022-08-24,2026-08-24
1119,690,354279339970214,amex,18000,1800.0,0.1301,36.0,2025-08-14,active,2025-05-28,2029-05-28
1120,690,6610296544190437,discover,51500,0.0,0.1417,25,2025-08-23,active,2025-02-12,2028-02-12
1121,690,4356237246456048,visa,61500,0.0,0.2334,25,2025-08-04,active,2025-07-13,2029-07-13
1122,691,5226791117851259,mastercard,79500,39750.0,0.179,795.0,2025-08-27,expired,2025-01-08,2030-01-08
1123,691,5229253841875761,mastercard,32000,9600.0,0.1687,192.0,2025-08-17,active,2025-06-20,2029-06-20
1124,692,5660798334083378,mastercard,32000,25600.0,0.2305,512.0,2025-08-05,active,2022-10-07,2026-10-07
1125,693,6680807956530002,discover,10000,1000.0,0.2498,25,2025-08-02,active,2024-12-28,2028-12-28
1126,694,6092803371421374,discover,44000,0.0,0.1848,25,2025-08-20,active,2023-10-22,2026-10-22
1127,694,6894954276293369,discover,17500,1750.0,0.1384,35.0,2025-08-11,active,2024-02-25,2027-02-25
1128,695,398161809809880,amex,39000,11700.0,0.2012,234.0,2025-08-09,active,2023-03-31,2026-03-31
1129,696,352275942673272,amex,8000,800.0,0.1332,25,2025-08-12,expired,2025-07-31,2028-07-31
1130,697,6993297451165160,discover,15500,7750.0,0.1426,155.0,2025-08-11,active,2025-06-02,2029-06-02
1131,698,6605752966471181,discover,83000,8300.0,0.2056,166.0,2025-08-16,active,2022-10-30,2025-10-30
1132,698,4846550636985167,visa,71500,7150.0,0.2336,143.0,2025-08-13,active,2023-12-31,2028-12-31
1133,698,6697602236449951,discover,87500,26250.0,0.1785,525.0,2025-08-02,active,2023-04-06,2026-04-06
1134,699,391626317774422,amex,46500,37200.0,0.2315,744.0,2025-08-23,active,2024-12-07,2027-12-07
1135,700,6381903473175102,discover,6000,1800.0,0.1903,36.0,2025-08-25,active,2025-07-20,2029-07-20
1136,700,5271045351356343,mastercard,4000,1200.0,0.1771,25,2025-08-04,active,2025-07-04,2030-07-04
1137,701,6335471543382541,discover,100000,50000.0,0.1908,1000.0,2025-08-06,active,2024-08-25,2028-08-25
1138,701,5994580284571869,mastercard,26500,2650.0,0.2183,53.0,2025-08-23,active,2025-03-20,2028-03-20
1139,701,5549931453651338,mastercard,100000,30000.0,0.2223,600.0,2025-08-15,active,2024-07-04,2027-07-04
1140,701,6160543370736712,discover,40000,4000.0,0.1538,80.0,2025-08-02,active,2024-09-08,2029-09-08
1141,702,4217894069729672,visa,33000,26400.0,0.1316,528.0,2025-08-15,active,2024-09-09,2028-09-09
1142,702,4678758647401925,visa,11000,3300.0,0.234,66.0,2025-08-16,expired,2025-02-06,2028-02-06
1143,703,4614384039726754,visa,4500,450.0,0.1744,25,2025-08-20,active,2024-06-12,2028-06-12
1144,704,4956360385528823,visa,13500,1350.0,0.1393,27.0,2025-08-21,expired,2021-11-11,2024-11-11
1145,704,335859919776385,amex,36500,3650.0,0.2115,73.0,2025-08-23,active,2024-01-31,2028-01-31
1146,705,337636628711716,amex,45500,13650.0,0.2455,273.0,2025-08-12,active,2023-01-05,2026-01-05
1147,706,306989582948630,amex,41500,12450.0,0.215,249.0,2025-08-24,active,2025-04-22,2030-04-22
1148,707,6939431491421544,discover,29000,2900.0,0.1722,58.0,2025-08-28,active,2022-07-26,2027-07-26
1149,708,374040527703547,amex,40000,32000.0,0.2414,640.0,2025-08-27,active,2025-07-13,2029-07-13
1150,708,6997510906519407,discover,27000,8100.0,0.1565,162.0,2025-08-27,active,2025-05-07,2028-05-07
1151,709,4708292209251390,visa,16000,1600.0,0.1961,32.0,2025-08-13,active,2023-09-03,2026-09-03
1152,709,6472990555237839,discover,79500,0.0,0.1997,25,2025-08-31,active,2023-09-27,2027-09-27
1153,710,342633338846519,amex,35500,3550.0,0.1469,71.0,2025-08-11,active,2025-05-15,2028-05-15
1154,711,5016064490359341,mastercard,29000,2900.0,0.1829,58.0,2025-08-30,active,2024-02-13,2029-02-13
1155,711,5071821821606392,mastercard,14000,1400.0,0.1887,28.0,2025-08-14,active,2022-08-19,2025-08-19
1156,712,4802388369702579,visa,56500,16950.0,0.2217,339.0,2025-08-15,active,2022-11-25,2025-11-25
1157,712,5547286399624023,mastercard,68000,54400.0,0.1541,1088.0,2025-08-21,active,2023-12-10,2028-12-10
1158,712,391450909039572,amex,31500,9450.0,0.2,189.0,2025-08-21,active,2024-01-18,2028-01-18
1159,713,4067333827653480,visa,23000,18400.0,0.159,368.0,2025-08-14,active,2021-10-10,2026-10-10
1160,714,385520101544484,amex,29500,2950.0,0.1384,59.0,2025-08-16,active,2025-07-06,2030-07-06
1161,715,6032217759902549,discover,29000,14500.0,0.1946,290.0,2025-08-02,expired,2024-07-27,2027-07-27
1162,716,4372810297295755,visa,22000,2200.0,0.1761,44.0,2025-08-16,active,2024-01-10,2027-01-10
1163,716,6330225176668992,discover,29000,14500.0,0.1836,290.0,2025-08-15,active,2024-01-13,2027-01-13
1164,717,382956562192959,amex,22000,2200.0,0.2365,44.0,2025-08-20,active,2025-06-05,2030-06-05
1165,717,6537637825648586,discover,27000,13500.0,0.2494,270.0,2025-08-15,active,2025-07-31,2029-07-31
1166,718,6051865067996451,discover,33000,9900.0,0.1962,198.0,2025-08-02,active,2024-01-07,2028-01-07
1167,719,6042646979508046,discover,58000,5800.0,0.21,116.0,2025-08-22,active,2024-07-22,2027-07-22
1168,720,304162750209225,amex,80500,40250.0,0.144,805.0,2025-08-26,active,2024-09-08,2027-09-08
1169,720,346276351487497,amex,61500,6150.0,0.161,123.0,2025-08-05,active,2025-04-29,2028-04-29
1170,720,389385335849999,amex,64500,6450.0,0.1763,129.0,2025-08-13,active,2025-07-01,2028-07-01
1171,721,322875120901817,amex,77500,23250.0,0.218,465.0,2025-08-16,active,2025-01-18,2029-01-18
1172,721,6336098910504596,discover,17500,0.0,0.2004,25,2025-08-16,active,2024-11-13,2027-11-13
1173,722,397583445942104,amex,8500,4250.0,0.2079,85.0,2025-08-30,active,2024-01-18,2027-01-18
1174,722,6549078725505415,discover,9500,2850.0,0.1263,57.0,2025-08-08,active,2023-12-06,2028-12-06
1175,723,6960616941351284,discover,50000,47500.0,0.1466,950.0,2025-08-29,active,2025-07-22,2030-07-22
1176,723,382770699226915,amex,62000,31000.0,0.2075,620.0,2025-08-30,active,2025-04-11,2030-04-11
1177,724,5761002351209459,mastercard,28500,14250.0,0.1959,285.0,2025-08-12,expired,2025-01-21,2029-01-21
1178,725,5856337598491387,mastercard,29000,8700.0,0.1847,174.0,2025-08-02,active,2025-07-14,2030-07-14
1179,726,4133795233143241,visa,72500,21750.0,0.1216,435.0,2025-08-16,active,2024-09-02,2028-09-02
1180,726,6963387908132208,discover,85000,8500.0,0.2343,170.0,2025-08-11,active,2021-12-08,2024-12-08
1181,726,5519788164957104,mastercard,41000,20500.0,0.2331,410.0,2025-08-21,active,2021-12-07,2026-12-07
1182,727,322417018313774,amex,34000,10200.0,0.1245,204.0,2025-08-30,blocked,2024-11-17,2028-11-17
1183,728,5517333581368220,mastercard,20000,6000.0,0.2342,120.0,2025-08-29,active,2025-02-13,2030-02-13
1184,728,6854621167006208,discover,25000,7500.0,0.227,150.0,2025-08-10,active,2025-02-28,2028-02-28
1185,729,336292135011344,amex,30000,9000.0,0.1904,180.0,2025-08-24,expired,2025-07-12,2029-07-12
1186,729,4929184899454949,visa,38500,11550.0,0.1657,231.0,2025-08-16,active,2025-04-17,2028-04-17
1187,730,342175639490465,amex,24500,2450.0,0.1591,49.0,2025-08-11,active,2024-07-27,2028-07-27
1188,731,352528886465089,amex,52500,15750.0,0.1525,315.0,2025-08-04,active,2024-08-23,2027-08-23
1189,731,5913699754839377,mastercard,58500,5850.0,0.2173,117.0,2025-08-16,active,2025-05-11,2028-05-11
1190,731,5241250383412472,mastercard,95000,9500.0,0.2467,190.0,2025-08-29,active,2024-07-04,2027-07-04
1191,732,6537006323998877,discover,18500,14800.0,0.2443,296.0,2025-08-07,active,2022-01-18,2025-01-18
1192,733,6558263218945108,discover,17500,5250.0,0.2195,105.0,2025-08-20,active,2025-01-02,2029-01-02
1193,734,4199428178342064,visa,69500,20850.0,0.2055,417.0,2025-08-20,active,2024-07-27,2027-07-27
1194,734,5433497197204093,mastercard,64500,6450.0,0.1393,129.0,2025-08-26,active,2024-07-22,2028-07-22
1195,735,4917316332430872,visa,28000,14000.0,0.1824,280.0,2025-08-09,active,2024-05-30,2028-05-30
1196,736,5125798969102419,mastercard,33000,3300.0,0.1433,66.0,2025-08-26,active,2024-05-26,2029-05-26
1197,736,320769915283119,amex,13000,3900.0,0.1859,78.0,2025-08-13,active,2024-04-15,2028-04-15
1198,737,4800544027760123,visa,55000,0.0,0.1379,25,2025-08-28,active,2023-02-23,2027-02-23
1199,737,4366857439738471,visa,13000,12350.0,0.1854,247.0,2025-08-29,active,2024-02-10,2028-02-10
1200,738,4823637251129803,visa,55000,5500.0,0.1312,110.0,2025-08-06,active,2025-05-17,2030-05-17
1201,738,4674825229254654,visa,19500,0.0,0.1489,25,2025-08-04,active,2025-01-04,2029-01-04
1202,739,4365354237246676,visa,13000,6500.0,0.1418,130.0,2025-08-31,active,2025-06-22,2028-06-22
1203,740,4455224205964254,visa,34500,10350.0,0.1268,207.0,2025-08-10,active,2025-06-26,2030-06-26
1204,741,6034897311601565,discover,60000,48000.0,0.1984,960.0,2025-08-07,blocked,2024-11-05,2029-11-05
1205,742,342401504379086,amex,47000,14100.0,0.1891,282.0,2025-08-18,active,2024-09-26,2027-09-26
1206,743,5645487597997425,mastercard,29000,14500.0,0.2399,290.0,2025-08-22,active,2025-05-01,2029-05-01
1207,744,5682756849785078,mastercard,25500,12750.0,0.238,255.0,2025-08-17,blocked,2024-05-29,2028-05-29
1208,744,4580867894511932,visa,26500,2650.0,0.1737,53.0,2025-08-04,active,2025-04-27,2029-04-27
1209,745,323710029596351,amex,43000,4300.0,0.1656,86.0,2025-08-03,active,2025-06-06,2029-06-06
1210,745,5613014464197294,mastercard,54000,0.0,0.1275,25,2025-08-15,active,2022-09-10,2027-09-10
1211,746,5289401171303709,mastercard,9500,2850.0,0.1888,57.0,2025-08-15,active,2025-02-24,2028-02-24
1212,746,6373169275927460,discover,45500,13650.0,0.1221,273.0,2025-08-14,active,2024-02-06,2027-02-06
1213,747,4097018325661806,visa,80000,24000.0,0.1885,480.0,2025-08-12,active,2021-07-14,2024-07-14
1214,747,6001022212683905,discover,79500,0.0,0.1246,25,2025-08-31,expired,2021-07-18,2026-07-18
1215,747,4693491067698710,visa,18500,14800.0,0.1998,296.0,2025-08-04,active,2021-08-16,2025-08-16
1216,747,6328225196429586,discover,79000,39500.0,0.178,790.0,2025-08-05,active,2021-09-08,2025-09-08
1217,748,344965502421825,amex,9000,4500.0,0.1882,90.0,2025-08-12,active,2024-01-05,2029-01-05
1218,748,302424263352317,amex,61000,18300.0,0.1854,366.0,2025-08-17,blocked,2024-05-01,2028-05-01
1219,749,5061392031867674,mastercard,34000,3400.0,0.235,68.0,2025-08-07,active,2023-12-08,2028-12-08
1220,749,5900496309666762,mastercard,19500,0.0,0.1241,25,2025-08-07,blocked,2025-05-24,2029-05-24
1221,750,399104716495458,amex,53000,42400.0,0.1596,848.0,2025-08-15,active,2024-06-25,2029-06-25
1222,750,5715342789328732,mastercard,32500,26000.0,0.2198,520.0,2025-08-15,expired,2024-03-23,2028-03-23
1223,751,5749464540300214,mastercard,30000,9000.0,0.174,180.0,2025-08-26,active,2023-08-07,2027-08-07
1224,752,5882323453356682,mastercard,15000,7500.0,0.1978,150.0,2025-08-25,active,2022-01-28,2027-01-28
1225,752,349203980133761,amex,33000,16500.0,0.237,330.0,2025-08-23,active,2024-10-05,2027-10-05
1226,753,4115816231539428,visa,13000,1300.0,0.1666,26.0,2025-08-16,active,2022-06-24,2025-06-24
1227,753,4639750579215109,visa,58000,5800.0,0.1281,116.0,2025-08-22,active,2025-03-10,2028-03-10
1228,753,4277320656942763,visa,22500,2250.0,0.2284,45.0,2025-08-18,active,2025-03-03,2028-03-03
1229,754,6631143107539871,discover,37500,18750.0,0.1546,375.0,2025-08-07,active,2024-05-16,2027-05-16
1230,754,5064614383816742,mastercard,36000,3600.0,0.2144,72.0,2025-08-28,active,2025-07-15,2030-07-15
1231,755,6438947528972459,discover,18000,5400.0,0.1923,108.0,2025-08-20,active,2024-08-30,2029-08-30
1232,755,354042100149961,amex,31000,15500.0,0.1779,310.0,2025-08-12,active,2022-09-16,2026-09-16
1233,756,4579866269233953,visa,41000,20500.0,0.1242,410.0,2025-08-23,active,2025-03-18,2028-03-18
1234,757,5952563773125245,mastercard,41500,4150.0,0.2292,83.0,2025-08-27,active,2024-08-13,2029-08-13
1235,757,4175173358362492,visa,31000,0.0,0.1313,25,2025-08-15,active,2022-05-03,2026-05-03
1236,758,6171359358910548,discover,13500,6750.0,0.163,135.0,2025-08-07,active,2025-07-12,2028-07-12
1237,759,5316120992868784,mastercard,37500,18750.0,0.2103,375.0,2025-08-17,active,2024-12-05,2029-12-05
1238,759,6209750669912856,discover,23000,2300.0,0.1935,46.0,2025-08-10,active,2025-06-10,2029-06-10
1239,760,4115685402621806,visa,79500,7950.0,0.2053,159.0,2025-08-02,active,2024-12-01,2029-12-01
1240,760,5351852291656130,mastercard,73500,22050.0,0.2255,441.0,2025-08-27,active,2023-05-15,2028-05-15
1241,761,354430074577741,amex,9000,2700.0,0.2368,54.0,2025-08-28,active,2024-05-10,2028-05-10
1242,761,4831633253363057,visa,39000,3900.0,0.1802,78.0,2025-08-18,active,2024-11-03,2028-11-03
1243,762,5507666069508526,mastercard,7000,6650.0,0.1747,133.0,2025-08-21,active,2021-08-13,2024-08-13
1244,763,6474141240439684,discover,29500,2950.0,0.1614,59.0,2025-08-27,active,2025-05-24,2028-05-24
1245,764,5087163881939271,mastercard,5000,0.0,0.1858,25,2025-08-20,active,2025-07-08,2028-07-08
1246,765,6921650181757601,discover,17500,14000.0,0.2455,280.0,2025-08-15,active,2023-12-18,2026-12-18
1247,766,6249152893281665,discover,10500,1050.0,0.1305,25,2025-08-17,active,2025-02-27,2030-02-27
1248,767,6493135276255937,discover,59500,29750.0,0.1681,595.0,2025-08-04,active,2024-12-26,2029-12-26
1249,768,6516391727154836,discover,63500,31750.0,0.1321,635.0,2025-08-25,expired,2022-05-12,2027-05-12
1250,768,303346074968757,amex,46500,4650.0,0.2168,93.0,2025-08-15,active,2023-02-01,2028-02-01
1251,768,5187398212558877,mastercard,61000,6100.0,0.237,122.0,2025-08-13,active,2022-12-18,2025-12-18
1252,769,6508656996387447,discover,28500,2850.0,0.1497,57.0,2025-08-04,active,2025-06-06,2028-06-06
1253,769,5410657299766562,mastercard,52000,15600.0,0.2263,312.0,2025-08-22,active,2022-11-29,2026-11-29
1254,770,6777441084397118,discover,20500,2050.0,0.1271,41.0,2025-08-02,active,2022-01-22,2027-01-22
1255,771,5582717320310666,mastercard,37500,11250.0,0.2113,225.0,2025-08-05,active,2025-03-02,2029-03-02
1256,771,6978884587957971,discover,58000,5800.0,0.2336,116.0,2025-08-04,active,2025-01-14,2029-01-14
1257,771,6190692395108327,discover,99500,49750.0,0.2451,995.0,2025-08-14,active,2025-06-09,2030-06-09
1258,771,320032650305241,amex,51000,40800.0,0.2181,816.0,2025-08-03,active,2025-01-13,2029-01-13
1259,772,5352949576039610,mastercard,8500,0.0,0.2084,25,2025-08-07,active,2025-07-18,2030-07-18
1260,773,5868761297676213,mastercard,11000,5500.0,0.202,110.0,2025-08-14,active,2023-03-03,2027-03-03
1261,773,4538348995312008,visa,62500,18750.0,0.195,375.0,2025-08-03,active,2025-08-01,2029-08-01
1262,774,4703642373313424,visa,5000,500.0,0.235,25,2025-08-16,active,2021-11-11,2025-11-11
1263,774,6217794292101727,discover,19000,9500.0,0.2197,190.0,2025-08-04,active,2023-01-04,2028-01-04
1264,775,4796313240496196,visa,39500,19750.0,0.2466,395.0,2025-08-12,active,2025-06-02,2030-06-02
1265,775,4457065868623785,visa,20500,2050.0,0.1801,41.0,2025-08-23,active,2025-05-28,2029-05-28
1266,776,5917670700227962,mastercard,9000,2700.0,0.1638,54.0,2025-08-16,active,2024-07-12,2028-07-12
1267,777,4398780646594918,visa,100000,0.0,0.2039,25,2025-08-28,active,2024-09-04,2029-09-04
1268,777,393203922686870,amex,100000,30000.0,0.1677,600.0,2025-08-25,active,2023-07-06,2027-07-06
1269,777,357653092464308,amex,99500,49750.0,0.1368,995.0,2025-08-07,active,2022-12-23,2025-12-23
1270,778,5664350945573149,mastercard,8500,0.0,0.2444,25,2025-08-15,active,2024-04-18,2029-04-18
1271,778,6603828071002458,discover,49500,4950.0,0.2185,99.0,2025-08-10,active,2025-05-09,2030-05-09
1272,779,6979339338338768,discover,13000,3900.0,0.1917,78.0,2025-08-27,active,2024-12-01,2027-12-01
1273,780,4738681652235079,visa,41000,4100.0,0.1906,82.0,2025-08-17,active,2025-08-01,2029-08-01
1274,780,4684960334299508,visa,47500,4750.0,0.14,95.0,2025-08-25,active,2025-08-01,2029-08-01
1275,781,4767778673971819,visa,31500,9450.0,0.2048,189.0,2025-08-16,active,2024-12-12,2028-12-12
1276,781,5305374062426103,mastercard,31000,24800.0,0.1564,496.0,2025-08-19,active,2025-03-22,2028-03-22
1277,782,391986613294063,amex,27000,2700.0,0.1437,54.0,2025-08-16,active,2023-02-17,2027-02-17
1278,782,6268500728438580,discover,17500,5250.0,0.2008,105.0,2025-08-20,blocked,2021-03-28,2026-03-28
1279,783,5450514904873597,mastercard,62000,49600.0,0.1493,992.0,2025-08-11,expired,2024-09-22,2028-09-22
1280,783,399610779977222,amex,27500,26125.0,0.1758,522.5,2025-08-29,blocked,2023-06-02,2028-06-02
1281,784,5300270275076976,mastercard,7000,6650.0,0.1516,133.0,2025-08-19,active,2025-07-26,2030-07-26
1282,784,338690168120750,amex,32000,3200.0,0.1723,64.0,2025-08-29,active,2025-07-05,2028-07-05
1283,785,393922445565232,amex,11500,1150.0,0.1595,25,2025-08-19,expired,2023-03-08,2026-03-08
1284,785,5999517699330381,mastercard,22500,11250.0,0.1959,225.0,2025-08-20,blocked,2023-09-18,2027-09-18
1285,786,6951063611287408,discover,19000,5700.0,0.1789,114.0,2025-08-08,expired,2024-11-05,2027-11-05
1286,787,5145287899996289,mastercard,100000,30000.0,0.2215,600.0,2025-08-07,active,2024-11-08,2027-11-08
1287,787,305608319126048,amex,29000,2900.0,0.2498,58.0,2025-08-20,active,2025-01-08,2030-01-08
1288,787,4844093865471927,visa,59000,47200.0,0.2094,944.0,2025-08-13,active,2025-06-04,2028-06-04
1289,788,6623005609446150,discover,16500,0.0,0.138,25,2025-08-30,blocked,2025-07-12,2028-07-12
1290,789,4665660505908557,visa,77000,61600.0,0.183,1232.0,2025-08-30,active,2023-12-22,2027-12-22
1291,789,5919474372990352,mastercard,86000,25800.0,0.2228,516.0,2025-08-26,active,2022-01-14,2027-01-14
1292,789,4910276471424321,visa,95000,9500.0,0.2257,190.0,2025-08-20,active,2022-02-20,2025-02-20
1293,790,5773813309831452,mastercard,13000,3900.0,0.1894,78.0,2025-08-26,active,2023-09-09,2027-09-09
1294,791,5874256568668058,mastercard,28000,14000.0,0.1265,280.0,2025-08-13,blocked,2023-11-05,2026-11-05
1295,792,5815750154385781,mastercard,25000,12500.0,0.1264,250.0,2025-08-17,active,2024-12-15,2029-12-15
1296,792,391488151446619,amex,56500,16950.0,0.1643,339.0,2025-08-05,active,2025-03-25,2030-03-25
1297,793,362666885455363,amex,23500,7050.0,0.1753,141.0,2025-08-13,active,2024-05-03,2028-05-03
1298,794,5442381622664849,mastercard,48000,0.0,0.2043,25,2025-08-05,active,2022-11-19,2027-11-19
1299,794,5635805331513135,mastercard,64500,19350.0,0.226,387.0,2025-08-16,active,2024-09-11,2027-09-11
1300,795,347937223917619,amex,33500,10050.0,0.1925,201.0,2025-08-30,active,2025-06-29,2029-06-29
1301,796,331357408747407,amex,19500,15600.0,0.182,312.0,2025-08-20,active,2025-03-29,2030-03-29
1302,798,4618344251180954,visa,32500,9750.0,0.1301,195.0,2025-08-30,blocked,2023-11-02,2027-11-02
1303,798,5863484016170649,mastercard,16000,1600.0,0.1596,32.0,2025-08-12,active,2025-06-14,2028-06-14
1304,799,5015691461641573,mastercard,48500,4850.0,0.1753,97.0,2025-08-18,active,2025-05-10,2029-05-10
1305,800,6810907195714514,discover,20000,2000.0,0.1328,40.0,2025-08-20,active,2024-10-23,2028-10-23
1306,800,5873680729661808,mastercard,68500,6850.0,0.2363,137.0,2025-08-18,active,2022-12-26,2025-12-26
1307,800,5723099070464450,mastercard,45000,13500.0,0.2062,270.0,2025-08-14,active,2022-11-13,2025-11-13
1308,801,4818733002763272,visa,100000,10000.0,0.2217,200.0,2025-08-09,active,2023-04-25,2026-04-25
1309,801,332605904735352,amex,100000,10000.0,0.2185,200.0,2025-08-23,blocked,2023-04-23,2027-04-23
1310,802,339734513599642,amex,20500,16400.0,0.2023,328.0,2025-08-28,active,2023-11-02,2026-11-02
1311,803,5740514316411991,mastercard,21000,6300.0,0.1677,126.0,2025-08-11,active,2025-01-11,2029-01-11
1312,804,342600628922384,amex,100000,10000.0,0.2306,200.0,2025-08-21,blocked,2022-03-12,2026-03-12
1313,804,394589225174752,amex,48000,14400.0,0.2009,288.0,2025-08-16,active,2024-05-24,2028-05-24
1314,804,363836766570310,amex,73500,7350.0,0.1366,147.0,2025-08-04,active,2021-06-28,2024-06-28
1315,804,6534214483545749,discover,100000,80000.0,0.2126,1600.0,2025-08-09,active,2023-11-22,2028-11-22
1316,805,5525430935352151,mastercard,69500,20850.0,0.2084,417.0,2025-08-11,active,2023-10-08,2026-10-08
1317,805,6899247157561080,discover,35000,17500.0,0.1251,350.0,2025-08-08,active,2024-09-29,2027-09-29
1318,806,5955121698323285,mastercard,34000,10200.0,0.154,204.0,2025-08-06,blocked,2024-10-20,2027-10-20
1319,807,5144537150451967,mastercard,34000,3400.0,0.1842,68.0,2025-08-18,active,2024-10-28,2028-10-28
1320,807,4591326842326355,visa,82500,66000.0,0.1739,1320.0,2025-08-23,active,2025-07-11,2029-07-11
1321,808,5105719732381545,mastercard,26000,7800.0,0.179,156.0,2025-08-19,active,2023-09-12,2026-09-12
1322,809,4235640930999868,visa,17500,5250.0,0.2142,105.0,2025-08-02,active,2022-12-24,2027-12-24
1323,810,6999938191948746,discover,38000,11400.0,0.1505,228.0,2025-08-23,active,2023-02-13,2026-02-13
1324,810,5415517586373533,mastercard,50000,0.0,0.1245,25,2025-08-18,active,2023-04-03,2027-04-03
1325,811,6858431162106514,discover,34000,27200.0,0.1469,544.0,2025-08-21,blocked,2024-10-15,2028-10-15
1326,811,331055771030275,amex,55000,16500.0,0.1924,330.0,2025-08-22,active,2025-03-29,2028-03-29
1327,812,6935843423149452,discover,15500,1550.0,0.1419,31.0,2025-08-24,active,2024-12-18,2027-12-18
1328,813,4981804099915141,visa,53500,16050.0,0.1666,321.0,2025-08-03,active,2023-06-06,2026-06-06
1329,813,5474296364122647,mastercard,14500,0.0,0.21,25,2025-08-24,active,2022-07-21,2026-07-21
1330,813,353960424081744,amex,66500,33250.0,0.2075,665.0,2025-08-31,active,2022-07-27,2026-07-27
1331,813,6852768209188122,discover,78500,23550.0,0.1707,471.0,2025-08-31,active,2023-07-07,2027-07-07
1332,814,6020979096351591,discover,32000,0.0,0.1644,25,2025-08-08,active,2023-12-12,2027-12-12
1333,815,5379708604377587,mastercard,9000,4500.0,0.1458,90.0,2025-08-04,active,2025-04-10,2029-04-10
1334,816,5003256964741331,mastercard,10000,1000.0,0.1319,25,2025-08-15,active,2023-04-19,2027-04-19
1335,817,322663154309903,amex,16500,8250.0,0.1939,165.0,2025-08-09,active,2024-03-22,2029-03-22
1336,818,6671364635145228,discover,12500,1250.0,0.1376,25,2025-08-06,active,2025-06-17,2030-06-17
1337,819,329799349657758,amex,56500,16950.0,0.1488,339.0,2025-08-07,active,2022-09-17,2027-09-17
1338,819,6406412315402447,discover,43500,0.0,0.1211,25,2025-08-16,active,2024-03-09,2027-03-09
1339,820,4349141052696364,visa,20500,2050.0,0.2412,41.0,2025-08-25,active,2021-10-17,2025-10-17
1340,821,343676879674672,amex,12000,9600.0,0.1868,192.0,2025-08-24,active,2025-06-27,2030-06-27
1341,821,5332798821702671,mastercard,22500,0.0,0.17,25,2025-08-11,active,2025-07-11,2030-07-11
1342,822,4475616038495260,visa,14000,4200.0,0.2345,84.0,2025-08-28,active,2024-09-27,2029-09-27
1343,823,4410966159293257,visa,21500,6450.0,0.126,129.0,2025-08-19,active,2023-12-19,2028-12-19
1344,824,5034711202730238,mastercard,2500,750.0,0.1945,25,2025-08-12,active,2025-05-13,2030-05-13
1345,825,5072230335823398,mastercard,73500,7350.0,0.1667,147.0,2025-08-05,active,2025-07-24,2030-07-24
1346,825,6738792787678236,discover,96500,28950.0,0.1917,579.0,2025-08-11,active,2025-06-15,2030-06-15
1347,825,6514448657430620,discover,64500,6450.0,0.1284,129.0,2025-08-23,active,2025-07-09,2030-07-09
1348,826,4987202981130084,visa,29000,14500.0,0.1484,290.0,2025-08-05,expired,2025-02-04,2030-02-04
1349,826,4179633050749504,visa,38500,11550.0,0.2301,231.0,2025-08-07,active,2025-02-27,2028-02-27
1350,827,4284416169362408,visa,18000,5400.0,0.2197,108.0,2025-08-29,active,2025-01-30,2030-01-30
1351,827,5238137057410376,mastercard,25500,7650.0,0.1739,153.0,2025-08-25,active,2023-06-14,2026-06-14
1352,828,5851635781164466,mastercard,32500,3250.0,0.2248,65.0,2025-08-05,active,2024-06-24,2028-06-24
1353,829,4029158511858110,visa,44000,0.0,0.1699,25,2025-08-06,active,2022-05-06,2026-05-06
1354,830,6828901408123563,discover,37000,3700.0,0.1844,74.0,2025-08-14,active,2022-04-12,2026-04-12
1355,830,5788847871819383,mastercard,27000,0.0,0.207,25,2025-08-16,active,2023-07-18,2027-07-18
1356,830,373080282131148,amex,46000,0.0,0.2018,25,2025-08-29,active,2022-10-15,2026-10-15
1357,831,346978942596349,amex,76500,0.0,0.2409,25,2025-08-20,active,2021-09-18,2024-09-18
1358,831,5345004195113030,mastercard,58000,17400.0,0.2317,348.0,2025-08-04,active,2024-02-10,2028-02-10
1359,831,6684648209872848,discover,46000,36800.0,0.1337,736.0,2025-08-14,active,2022-01-09,2027-01-09
1360,832,305572477213963,amex,22000,2200.0,0.1399,44.0,2025-08-24,expired,2025-01-10,2029-01-10
1361,832,394172319017066,amex,13000,0.0,0.1516,25,2025-08-16,active,2024-05-03,2028-05-03
1362,833,5584047057126565,mastercard,55000,27500.0,0.1562,550.0,2025-08-23,active,2025-07-20,2030-07-20
1363,833,4571112070180589,visa,31500,9450.0,0.1941,189.0,2025-08-17,active,2025-07-08,2029-07-08
1364,834,5552576150335984,mastercard,13500,6750.0,0.2293,135.0,2025-08-15,active,2025-04-18,2028-04-18
1365,835,5043422997853210,mastercard,35500,10650.0,0.1513,213.0,2025-08-30,active,2024-08-29,2029-08-29
1366,836,300376584901405,amex,22500,6750.0,0.2157,135.0,2025-08-06,active,2023-10-23,2027-10-23
1367,836,4959027990463691,visa,37000,11100.0,0.2384,222.0,2025-08-18,active,2024-09-19,2029-09-19
1368,837,5626961636771775,mastercard,15500,1550.0,0.1734,31.0,2025-08-31,active,2025-07-09,2030-07-09
1369,837,5691548978814124,mastercard,23000,18400.0,0.2233,368.0,2025-08-26,active,2025-07-14,2028-07-14
1370,838,6550562448188867,discover,10500,3150.0,0.213,63.0,2025-08-29,active,2025-03-20,2030-03-20
1371,839,5870741420134984,mastercard,41000,32800.0,0.248,656.0,2025-08-25,active,2024-09-22,2029-09-22
1372,840,304624786357236,amex,65500,52400.0,0.1826,1048.0,2025-08-09,active,2024-12-28,2027-12-28
1373,840,5454468432109549,mastercard,39500,11850.0,0.1744,237.0,2025-08-17,active,2024-03-20,2029-03-20
1374,841,6909919984676170,discover,14000,7000.0,0.132,140.0,2025-08-03,active,2024-08-21,2027-08-21
1375,841,5576210902805795,mastercard,41000,12300.0,0.1231,246.0,2025-08-03,active,2024-08-24,2027-08-24
1376,842,6305727562202175,discover,13000,3900.0,0.1433,78.0,2025-08-31,active,2024-11-05,2029-11-05
1377,843,4137607203248932,visa,14000,1400.0,0.1805,28.0,2025-08-31,active,2024-05-20,2029-05-20
1378,843,366853241484268,amex,44000,13200.0,0.2464,264.0,2025-08-25,active,2025-06-10,2030-06-10
1379,843,365857856451924,amex,54500,5450.0,0.1938,109.0,2025-08-10,active,2024-02-18,2028-02-18
1380,844,316522873511877,amex,93000,27900.0,0.1513,558.0,2025-08-22,active,2025-03-24,2029-03-24
1381,844,6747639710318872,discover,40000,32000.0,0.2336,640.0,2025-08-15,expired,2025-01-15,2029-01-15
1382,844,6742050578462216,discover,95500,28650.0,0.2203,573.0,2025-08-12,active,2023-06-05,2027-06-05
1383,845,331214138298790,amex,61500,30750.0,0.228,615.0,2025-08-15,active,2025-07-21,2030-07-21
1384,845,366017059396701,amex,35000,17500.0,0.21,350.0,2025-08-07,active,2024-06-13,2028-06-13
1385,846,6552957873516832,discover,33000,3300.0,0.1407,66.0,2025-08-30,active,2021-05-01,2024-05-01
1386,847,4021498008475557,visa,31000,0.0,0.1521,25,2025-08-23,active,2024-11-24,2028-11-24
1387,847,4321836694983598,visa,25500,2550.0,0.1882,51.0,2025-08-14,active,2024-08-28,2027-08-28
1388,848,6584562713702446,discover,53000,5300.0,0.1883,106.0,2025-08-13,active,2025-07-23,2030-07-23
1389,848,4660947830626465,visa,93000,27900.0,0.2399,558.0,2025-08-20,active,2025-01-27,2030-01-27
1390,848,363128420927493,amex,26500,2650.0,0.2275,53.0,2025-08-20,active,2025-04-30,2030-04-30
1391,849,4512851368405416,visa,15500,0.0,0.1415,25,2025-08-09,active,2025-07-28,2029-07-28
1392,849,6775190032260734,discover,7500,2250.0,0.2171,45.0,2025-08-09,active,2025-06-05,2030-06-05
1393,850,6431032338543767,discover,20500,6150.0,0.2171,123.0,2025-08-19,active,2022-01-18,2025-01-18
1394,850,359968224312125,amex,16500,4950.0,0.1852,99.0,2025-08-18,active,2022-10-10,2027-10-10
1395,851,4412570670779244,visa,24500,0.0,0.2157,25,2025-08-17,active,2025-01-03,2029-01-03
1396,852,4568731024264596,visa,8500,850.0,0.1943,25,2025-08-10,expired,2025-07-28,2028-07-28
1397,853,4090358587263275,visa,29500,2950.0,0.1838,59.0,2025-08-04,active,2023-04-01,2026-04-01
1398,853,4238728807366497,visa,30500,3050.0,0.2043,61.0,2025-08-28,active,2023-04-08,2027-04-08
1399,854,4964335623950211,visa,6000,1800.0,0.2347,36.0,2025-08-18,active,2025-06-21,2028-06-21
1400,854,4822205322089395,visa,34500,27600.0,0.1888,552.0,2025-08-18,active,2022-10-15,2025-10-15
1401,855,4147824759911739,visa,8500,2550.0,0.1744,51.0,2025-08-03,active,2024-08-28,2028-08-28
1402,856,6602731603502450,discover,16000,4800.0,0.1365,96.0,2025-08-16,active,2024-08-21,2027-08-21
1403,857,324169456468667,amex,67500,20250.0,0.2412,405.0,2025-08-25,active,2023-05-09,2028-05-09
1404,857,4428400001374378,visa,34500,17250.0,0.2151,345.0,2025-08-02,active,2022-08-25,2026-08-25
1405,857,5225833762233450,mastercard,24000,12000.0,0.1559,240.0,2025-08-17,active,2021-10-10,2025-10-10
1406,858,6100005911862479,discover,26500,7950.0,0.148,159.0,2025-08-08,expired,2024-09-08,2029-09-08
1407,859,5696315558008757,mastercard,11500,1150.0,0.1627,25,2025-08-24,active,2023-03-26,2027-03-26
1408,860,5370844468501381,mastercard,48500,14550.0,0.1677,291.0,2025-08-30,active,2022-06-10,2027-06-10
1409,860,329326457017733,amex,53500,16050.0,0.1249,321.0,2025-08-03,active,2023-10-20,2028-10-20
1410,861,6127931082627756,discover,9500,950.0,0.2115,25,2025-08-25,active,2025-07-08,2030-07-08
1411,862,6095661182892107,discover,27000,8100.0,0.176,162.0,2025-08-09,active,2023-12-04,2028-12-04
1412,862,6533631492896918,discover,58000,0.0,0.1356,25,2025-08-17,active,2024-12-20,2028-12-20
1413,863,349642206992558,amex,17000,1700.0,0.1214,34.0,2025-08-27,active,2024-08-19,2027-08-19
1414,864,6563449108853488,discover,16500,4950.0,0.2362,99.0,2025-08-28,active,2024-09-07,2027-09-07
1415,865,6783407932818167,discover,25500,2550.0,0.1787,51.0,2025-08-05,active,2022-03-12,2026-03-12
1416,866,6361745741791848,discover,9500,0.0,0.223,25,2025-08-02,active,2021-01-05,2024-01-05
1417,867,5148904011392158,mastercard,12000,1200.0,0.2344,25,2025-08-20,active,2025-06-11,2030-06-11
1418,867,343764561846891,amex,46500,37200.0,0.2026,744.0,2025-08-25,active,2024-10-03,2029-10-03
1419,868,6470914871929083,discover,18000,1800.0,0.2354,36.0,2025-08-28,active,2024-01-03,2029-01-03
1420,869,6812666991699277,discover,15500,4650.0,0.2078,93.0,2025-08-18,active,2024-12-04,2027-12-04
1421,870,386597759776738,amex,28000,2800.0,0.2373,56.0,2025-08-12,active,2021-02-07,2024-02-07
1422,871,5733934741267886,mastercard,23000,2300.0,0.1268,46.0,2025-08-09,active,2022-11-29,2026-11-29
1423,871,360521732133058,amex,23500,18800.0,0.2085,376.0,2025-08-20,active,2025-06-29,2029-06-29
1424,872,5295576930888370,mastercard,57000,0.0,0.2151,25,2025-08-25,active,2024-06-01,2029-06-01
1425,872,4623154344919747,visa,71500,21450.0,0.191,429.0,2025-08-30,active,2021-12-22,2026-12-22
1426,872,4724985963436509,visa,75500,22650.0,0.1743,453.0,2025-08-06,active,2023-05-13,2026-05-13
1427,873,5408962870132156,mastercard,37000,29600.0,0.128,592.0,2025-08-23,active,2025-06-15,2029-06-15
1428,873,6104599920718980,discover,9000,2700.0,0.1302,54.0,2025-08-05,expired,2025-05-11,2028-05-11
1429,874,5461173417414655,mastercard,22000,2200.0,0.1312,44.0,2025-08-07,expired,2022-05-22,2026-05-22
1430,875,4649156630363386,visa,22000,2200.0,0.172,44.0,2025-08-02,active,2024-06-20,2029-06-20
1431,876,301916536470669,amex,15000,1500.0,0.2214,30.0,2025-08-17,active,2025-03-13,2030-03-13
1432,876,5414524486491535,mastercard,28000,14000.0,0.1223,280.0,2025-08-10,active,2024-01-26,2029-01-26
1433,877,306392946513271,amex,30500,15250.0,0.1589,305.0,2025-08-22,active,2023-10-30,2026-10-30
1434,878,338470981920509,amex,32000,25600.0,0.2316,512.0,2025-08-09,active,2024-11-25,2028-11-25
1435,878,5625932865711924,mastercard,49000,4900.0,0.1341,98.0,2025-08-18,active,2025-07-28,2030-07-28
1436,879,6238183924516791,discover,10000,5000.0,0.172,100.0,2025-08-23,active,2025-06-03,2029-06-03
1437,879,4172923359133531,visa,16500,4950.0,0.1658,99.0,2025-08-07,active,2025-01-31,2028-01-31
1438,880,350409414771682,amex,20500,2050.0,0.1993,41.0,2025-08-07,active,2024-09-02,2029-09-02
1439,881,5163629703864732,mastercard,6500,650.0,0.1483,25,2025-08-06,expired,2025-01-24,2028-01-24
1440,882,5681254145287847,mastercard,55500,5550.0,0.121,111.0,2025-08-10,active,2023-03-06,2028-03-06
1441,883,341057940652532,amex,23000,2300.0,0.2022,46.0,2025-08-10,active,2023-12-04,2026-12-04
1442,884,319955089775472,amex,60500,6050.0,0.2219,121.0,2025-08-25,active,2025-06-18,2030-06-18
1443,884,6250162204377149,discover,52500,42000.0,0.2404,840.0,2025-08-07,active,2024-04-02,2029-04-02
1444,885,328305682080820,amex,45500,13650.0,0.2034,273.0,2025-08-29,active,2024-11-26,2028-11-26
1445,886,4925210942354791,visa,36000,3600.0,0.2149,72.0,2025-08-17,active,2024-01-17,2027-01-17
1446,887,4251002279825799,visa,45500,36400.0,0.1522,728.0,2025-08-27,active,2024-09-19,2029-09-19
1447,887,5260322408077003,mastercard,59500,17850.0,0.1335,357.0,2025-08-05,active,2024-07-17,2029-07-17
1448,888,360888959208515,amex,78000,7800.0,0.1382,156.0,2025-08-29,active,2023-04-19,2026-04-19
1449,888,4999749411715903,visa,100000,80000.0,0.2283,1600.0,2025-08-18,active,2024-03-13,2028-03-13
1450,889,4125996848343297,visa,11000,1100.0,0.1754,25,2025-08-17,active,2024-08-06,2029-08-06
1451,890,5959957194770071,mastercard,96000,28800.0,0.2164,576.0,2025-08-24,active,2025-06-18,2028-06-18
1452,890,5635921723405155,mastercard,17000,1700.0,0.241,34.0,2025-08-22,expired,2025-04-10,2030-04-10
1453,891,338706115421188,amex,100000,10000.0,0.1995,200.0,2025-08-21,active,2024-07-10,2028-07-10
1454,891,6595173366648143,discover,38500,3850.0,0.2226,77.0,2025-08-30,active,2021-07-15,2024-07-15
1455,892,4110638224432654,visa,46500,13950.0,0.2066,279.0,2025-08-21,active,2025-04-26,2028-04-26
1456,892,6855179154369803,discover,33500,10050.0,0.1983,201.0,2025-08-10,active,2025-04-04,2029-04-04
1457,892,394080910069569,amex,38500,0.0,0.1897,25,2025-08-08,active,2025-01-03,2030-01-03
1458,893,6926640307505999,discover,86000,0.0,0.243,25,2025-08-10,active,2022-11-30,2027-11-30
1459,893,4091796510592086,visa,21500,2150.0,0.2142,43.0,2025-08-11,active,2024-08-08,2027-08-08
1460,893,5931856654934781,mastercard,41000,4100.0,0.1872,82.0,2025-08-18,active,2023-08-04,2027-08-04
1461,893,6320197030781762,discover,12500,3750.0,0.1425,75.0,2025-08-12,blocked,2024-02-29,2029-02-29
1462,894,4277615180784424,visa,8500,2550.0,0.1765,51.0,2025-08-24,active,2023-03-08,2027-03-08
1463,895,5597657125445847,mastercard,15000,4500.0,0.2472,90.0,2025-08-13,active,2025-08-01,2030-08-01
1464,896,4140905444962521,visa,5500,2750.0,0.152,55.0,2025-08-30,active,2024-07-07,2028-07-07
1465,897,5907666752442031,mastercard,19000,9500.0,0.1966,190.0,2025-08-17,active,2024-03-03,2028-03-03
1466,898,4245077836350968,visa,67500,20250.0,0.1939,405.0,2025-08-06,active,2021-10-15,2024-10-15
1467,898,5393526017726558,mastercard,100000,30000.0,0.1365,600.0,2025-08-15,active,2021-11-22,2024-11-22
1468,898,5701823320025304,mastercard,66000,33000.0,0.1812,660.0,2025-08-11,active,2025-07-27,2029-07-27
1469,898,333115648356287,amex,82000,24600.0,0.2092,492.0,2025-08-26,active,2023-06-03,2026-06-03
1470,899,6492152964587166,discover,41000,4100.0,0.1995,82.0,2025-08-24,active,2022-03-19,2027-03-19
1471,900,4701821557412512,visa,25500,7650.0,0.191,153.0,2025-08-30,active,2022-04-23,2027-04-23
1472,900,4791944557669625,visa,36500,18250.0,0.1787,365.0,2025-08-05,active,2022-11-09,2026-11-09
1473,900,5457417565923002,mastercard,22500,2250.0,0.2471,45.0,2025-08-06,active,2022-10-06,2026-10-06
1474,900,6433351999721115,discover,93000,0.0,0.141,25,2025-08-26,active,2022-06-23,2027-06-23
1475,901,5067642011731010,mastercard,100000,80000.0,0.124,1600.0,2025-08-23,active,2025-06-30,2028-06-30
1476,901,320495668651038,amex,48500,0.0,0.1474,25,2025-08-23,active,2025-05-30,2029-05-30
1477,901,5929025324488807,mastercard,25000,12500.0,0.2262,250.0,2025-08-24,active,2024-05-10,2029-05-10
1478,902,5959289146312453,mastercard,19000,1900.0,0.154,38.0,2025-08-24,active,2023-08-03,2027-08-03
1479,903,4847818222344944,visa,10500,0.0,0.2235,25,2025-08-19,active,2025-05-17,2030-05-17
1480,903,345142157299142,amex,25000,7500.0,0.1272,150.0,2025-08-04,active,2025-03-02,2030-03-02
1481,904,5764612395545259,mastercard,5000,500.0,0.1774,25,2025-08-28,expired,2022-10-18,2025-10-18
1482,904,6309780399346862,discover,22000,11000.0,0.1823,220.0,2025-08-08,active,2022-06-16,2027-06-16
1483,905,5828918350739848,mastercard,11500,3450.0,0.1642,69.0,2025-08-13,active,2024-09-20,2028-09-20
1484,905,4462785662176272,visa,33500,3350.0,0.2263,67.0,2025-08-28,active,2023-10-20,2026-10-20
1485,906,314997530144633,amex,25500,2550.0,0.1618,51.0,2025-08-11,active,2024-10-31,2028-10-31
1486,906,5219884813120593,mastercard,9000,900.0,0.1946,25,2025-08-21,active,2023-06-19,2028-06-19
1487,906,5220241766970683,mastercard,10500,3150.0,0.1407,63.0,2025-08-07,active,2025-04-05,2030-04-05
1488,907,4097735496259590,visa,27000,8100.0,0.1318,162.0,2025-08-13,active,2022-08-15,2025-08-15
1489,907,334364669370675,amex,21000,2100.0,0.1578,42.0,2025-08-08,active,2024-05-30,2028-05-30
1490,908,357205553216855,amex,8000,800.0,0.14,25,2025-08-28,blocked,2022-07-12,2025-07-12
1491,909,5607228849939288,mastercard,30000,3000.0,0.2125,60.0,2025-08-30,active,2024-12-27,2029-12-27
1492,910,328544305236141,amex,9000,0.0,0.2048,25,2025-08-02,active,2023-08-18,2026-08-18
1493,910,5005029407993977,mastercard,17500,14000.0,0.1866,280.0,2025-08-04,active,2025-04-27,2030-04-27
1494,911,390542487840414,amex,29000,2900.0,0.1538,58.0,2025-08-23,active,2023-08-30,2026-08-30
1495,912,315699229137901,amex,30000,9000.0,0.1881,180.0,2025-08-23,active,2024-10-20,2029-10-20
1496,912,5309947914159284,mastercard,27500,13750.0,0.2343,275.0,2025-08-14,active,2024-01-28,2028-01-28
1497,913,5746678563716436,mastercard,34000,10200.0,0.2478,204.0,2025-08-05,active,2021-02-07,2026-02-07
1498,913,324171687478256,amex,44500,13350.0,0.1555,267.0,2025-08-25,active,2024-04-19,2027-04-19
1499,913,4028831491410112,visa,38000,0.0,0.2041,25,2025-08-27,active,2020-12-23,2023-12-23
1500,914,6961942380212458,discover,38500,36575.0,0.2313,731.5,2025-08-17,active,2021-11-17,2025-11-17
1501,915,5785743642542470,mastercard,10000,3000.0,0.2012,60.0,2025-08-05,active,2023-06-15,2027-06-15
1502,915,6669207297223187,discover,56500,16950.0,0.2343,339.0,2025-08-24,active,2023-01-16,2028-01-16
1503,916,339750829038569,amex,9000,2700.0,0.2443,54.0,2025-08-19,active,2025-02-19,2028-02-19
1504,917,5626849414790447,mastercard,43000,12900.0,0.165,258.0,2025-08-30,active,2022-07-22,2025-07-22
1505,918,6082382000297806,discover,20000,6000.0,0.215,120.0,2025-08-19,active,2025-07-19,2029-07-19
1506,919,4922221288169035,visa,23500,2350.0,0.2265,47.0,2025-08-26,expired,2025-03-12,2030-03-12
1507,920,6234424160838814,discover,32500,3250.0,0.1959,65.0,2025-08-21,active,2025-07-06,2030-07-06
1508,921,5322846619997108,mastercard,17500,5250.0,0.2196,105.0,2025-08-14,active,2025-06-17,2028-06-17
1509,921,5375214554472270,mastercard,61000,48800.0,0.2335,976.0,2025-08-18,blocked,2025-07-02,2028-07-02
1510,921,6442259730374850,discover,60000,18000.0,0.2218,360.0,2025-08-16,active,2024-06-08,2027-06-08
1511,922,4608307736675859,visa,5500,0.0,0.2376,25,2025-08-04,active,2023-07-19,2027-07-19
1512,923,5353837902389405,mastercard,16000,8000.0,0.2151,160.0,2025-08-23,active,2025-01-14,2030-01-14
1513,923,5781207962480995,mastercard,18000,1800.0,0.1541,36.0,2025-08-06,active,2024-08-25,2027-08-25
1514,924,5720170117555677,mastercard,15000,4500.0,0.1824,90.0,2025-08-13,active,2025-07-14,2029-07-14
1515,925,349989071677880,amex,23000,2300.0,0.2253,46.0,2025-08-11,expired,2024-09-30,2027-09-30
1516,925,4083341871550393,visa,28000,2800.0,0.1862,56.0,2025-08-29,blocked,2024-03-30,2027-03-30
1517,926,5731295048881987,mastercard,18500,1850.0,0.2302,37.0,2025-08-20,active,2025-02-09,2030-02-09
1518,927,6809928398639106,discover,30000,9000.0,0.1559,180.0,2025-08-15,active,2022-02-28,2025-02-28
1519,927,4381691948670769,visa,66000,52800.0,0.1729,1056.0,2025-08-29,active,2024-03-05,2029-03-05
1520,928,310154272557301,amex,24000,0.0,0.126,25,2025-08-17,active,2024-08-17,2029-08-17
1521,929,5272752152723114,mastercard,26500,2650.0,0.1288,53.0,2025-08-14,active,2023-08-05,2027-08-05
1522,929,6775972777198460,discover,84500,25350.0,0.2113,507.0,2025-08-11,expired,2023-12-17,2026-12-17
1523,929,6409683486987164,discover,89000,8900.0,0.2225,178.0,2025-08-21,active,2025-02-03,2029-02-03
1524,930,6053908110007783,discover,25500,12750.0,0.2281,255.0,2025-08-07,active,2023-01-08,2028-01-08
1525,931,6032250819339227,discover,67000,0.0,0.1578,25,2025-08-13,active,2022-09-16,2027-09-16
1526,931,347278792447717,amex,71500,21450.0,0.173,429.0,2025-08-14,active,2023-01-04,2026-01-04
1527,932,5061376982376182,mastercard,33000,9900.0,0.1987,198.0,2025-08-30,active,2024-06-18,2029-06-18
1528,933,6909128121263581,discover,8500,2550.0,0.1822,51.0,2025-08-03,active,2024-01-22,2028-01-22
1529,934,4933562844372828,visa,6500,1950.0,0.2141,39.0,2025-08-05,active,2025-05-20,2028-05-20
1530,935,332091828124796,amex,50000,0.0,0.2385,25,2025-08-23,active,2025-03-13,2029-03-13
1531,936,5940993751376848,mastercard,11000,0.0,0.2158,25,2025-08-05,active,2021-10-06,2025-10-06
1532,937,4845192084965385,visa,20500,6150.0,0.1541,123.0,2025-08-13,blocked,2023-02-07,2028-02-07
1533,937,393401075287997,amex,22000,11000.0,0.2323,220.0,2025-08-30,active,2023-04-23,2026-04-23
1534,938,5259312272544955,mastercard,40500,4050.0,0.1521,81.0,2025-08-02,active,2025-03-16,2028-03-16
1535,938,367723967783907,amex,23000,2300.0,0.1729,46.0,2025-08-19,active,2023-06-29,2026-06-29
1536,939,309907372291764,amex,15500,4650.0,0.1483,93.0,2025-08-04,active,2024-03-24,2027-03-24
1537,940,5919565058484149,mastercard,15000,1500.0,0.1899,30.0,2025-08-28,active,2022-01-18,2025-01-18
1538,941,5511748636938058,mastercard,74500,7450.0,0.2453,149.0,2025-08-17,active,2023-07-28,2027-07-28
1539,941,5517593172610845,mastercard,95500,47750.0,0.2402,955.0,2025-08-04,active,2024-05-18,2027-05-18
1540,942,4265088997558537,visa,27500,22000.0,0.2067,440.0,2025-08-19,blocked,2024-06-01,2029-06-01
1541,943,4965119888744732,visa,32500,9750.0,0.2033,195.0,2025-08-18,active,2023-01-01,2027-01-01
1542,943,6706085588348564,discover,25000,7500.0,0.231,150.0,2025-08-24,active,2023-10-31,2026-10-31
1543,944,365277015626699,amex,61500,18450.0,0.1902,369.0,2025-08-28,active,2025-01-24,2028-01-24
1544,945,4854631646066493,visa,17500,1750.0,0.183,35.0,2025-08-12,active,2024-09-29,2027-09-29
1545,946,5314932548592820,mastercard,18500,1850.0,0.1759,37.0,2025-08-12,active,2025-06-20,2029-06-20
1546,947,4090028100032666,visa,35000,10500.0,0.1929,210.0,2025-08-18,active,2022-12-26,2026-12-26
1547,947,399162776502942,amex,57000,28500.0,0.2185,570.0,2025-08-06,active,2024-06-19,2027-06-19
1548,948,337592719766162,amex,7500,6000.0,0.1988,120.0,2025-08-27,active,2022-05-14,2025-05-14
1549,948,4701774460834864,visa,19500,1950.0,0.1834,39.0,2025-08-12,active,2023-12-20,2026-12-20
1550,949,5331534976217410,mastercard,35000,3500.0,0.1788,70.0,2025-08-05,active,2025-07-12,2028-07-12
1551,950,6898239732786028,discover,27000,8100.0,0.2012,162.0,2025-08-28,active,2023-11-06,2028-11-06
1552,951,301219914995253,amex,42000,4200.0,0.1675,84.0,2025-08-02,active,2024-03-06,2029-03-06
1553,952,6059445991452102,discover,43500,13050.0,0.219,261.0,2025-08-18,active,2024-09-25,2029-09-25
1554,952,4360421210046879,visa,53500,16050.0,0.1388,321.0,2025-08-03,active,2025-05-05,2029-05-05
1555,952,342556862229054,amex,57500,17250.0,0.1798,345.0,2025-08-02,active,2025-01-29,2028-01-29
1556,953,5936907064872358,mastercard,39000,11700.0,0.1444,234.0,2025-08-19,active,2025-07-30,2030-07-30
1557,953,317520477004830,amex,44000,22000.0,0.1708,440.0,2025-08-16,active,2025-04-28,2029-04-28
1558,954,5743832622506348,mastercard,29500,2950.0,0.1506,59.0,2025-08-25,active,2023-09-03,2027-09-03
1559,954,4146467503809541,visa,16500,13200.0,0.2104,264.0,2025-08-03,active,2025-07-11,2029-07-11
1560,955,4044330509809934,visa,31000,15500.0,0.1954,310.0,2025-08-15,active,2024-06-21,2029-06-21
1561,957,386558422527768,amex,23000,18400.0,0.1636,368.0,2025-08-24,active,2025-01-27,2029-01-27
1562,958,5775019325267494,mastercard,25000,20000.0,0.2192,400.0,2025-08-07,active,2022-10-21,2025-10-21
1563,958,323814987142035,amex,30500,9150.0,0.1784,183.0,2025-08-09,active,2024-08-04,2028-08-04
1564,959,6362317553373477,discover,39500,3950.0,0.1483,79.0,2025-08-29,active,2025-05-06,2029-05-06
1565,959,382765469915897,amex,100000,10000.0,0.1237,200.0,2025-08-09,active,2024-09-28,2029-09-28
1566,960,4442983687619075,visa,37000,35150.0,0.1715,703.0,2025-08-05,blocked,2022-07-16,2026-07-16
1567,960,310749818869611,amex,17000,8500.0,0.1886,170.0,2025-08-02,active,2024-06-29,2029-06-29
1568,962,4126831562420605,visa,33500,10050.0,0.1725,201.0,2025-08-26,expired,2023-01-24,2026-01-24
1569,963,326821947190232,amex,8000,800.0,0.1337,25,2025-08-28,active,2025-06-13,2030-06-13
1570,963,6592123034899056,discover,47500,4750.0,0.2492,95.0,2025-08-30,active,2025-02-07,2028-02-07
1571,964,363118670198783,amex,98500,29550.0,0.2087,591.0,2025-08-11,blocked,2024-10-13,2027-10-13
1572,964,4312547099734135,visa,45500,4550.0,0.1562,91.0,2025-08-02,active,2023-11-11,2027-11-11
1573,965,4862943681314539,visa,23500,11750.0,0.2045,235.0,2025-08-26,active,2022-03-12,2027-03-12
1574,965,6845845840222776,discover,16500,0.0,0.1369,25,2025-08-19,expired,2024-06-17,2027-06-17
1575,966,327934445190677,amex,13500,4050.0,0.1387,81.0,2025-08-25,active,2024-12-24,2029-12-24
1576,967,6344371084257542,discover,23000,2300.0,0.2478,46.0,2025-08-12,active,2024-05-10,2028-05-10
1577,968,386898322535022,amex,36000,3600.0,0.154,72.0,2025-08-14,active,2024-02-07,2028-02-07
1578,969,4370587752221200,visa,30500,3050.0,0.1216,61.0,2025-08-06,active,2025-03-05,2029-03-05
1579,969,4338738453500215,visa,91500,9150.0,0.1735,183.0,2025-08-19,active,2024-12-23,2029-12-23
1580,970,5658694919978513,mastercard,19500,5850.0,0.2242,117.0,2025-08-25,active,2024-06-05,2028-06-05
1581,971,5759428318886166,mastercard,20500,6150.0,0.1517,123.0,2025-08-11,active,2025-07-04,2028-07-04
1582,972,341682497705491,amex,10500,0.0,0.2412,25,2025-08-10,active,2021-07-29,2026-07-29
1583,972,376512674907535,amex,63000,18900.0,0.1868,378.0,2025-08-10,blocked,2021-09-30,2024-09-30
1584,973,395651582230947,amex,54500,5450.0,0.1645,109.0,2025-08-15,active,2025-07-21,2028-07-21
1585,973,6124983344146796,discover,63000,31500.0,0.1963,630.0,2025-08-13,active,2025-07-09,2030-07-09
1586,974,5735290831168674,mastercard,10000,1000.0,0.2212,25,2025-08-16,active,2025-05-16,2029-05-16
1587,974,6320718116944182,discover,23500,7050.0,0.1848,141.0,2025-08-23,active,2023-12-29,2028-12-29
1588,975,4539874054191999,visa,11500,0.0,0.2354,25,2025-08-21,active,2023-08-31,2028-08-31
1589,976,6426142274045122,discover,47500,23750.0,0.1628,475.0,2025-08-28,active,2025-05-17,2030-05-17
1590,977,6081035743189100,discover,25500,20400.0,0.2329,408.0,2025-08-31,active,2024-11-03,2029-11-03
1591,978,5854997263150810,mastercard,31500,3150.0,0.1769,63.0,2025-08-28,active,2023-09-24,2027-09-24
1592,979,379035406428235,amex,53500,16050.0,0.1564,321.0,2025-08-19,active,2025-01-05,2030-01-05
1593,979,4864841212349605,visa,36500,29200.0,0.1466,584.0,2025-08-17,active,2025-01-22,2030-01-22
1594,979,5526436113887057,mastercard,31000,9300.0,0.141,186.0,2025-08-21,active,2024-05-11,2028-05-11
1595,980,6009646146994838,discover,30500,3050.0,0.1658,61.0,2025-08-25,active,2025-06-13,2030-06-13
1596,980,386778953249753,amex,34000,10200.0,0.1254,204.0,2025-08-22,active,2025-02-01,2028-02-01
1597,981,5603861574236837,mastercard,39000,11700.0,0.2077,234.0,2025-08-16,active,2024-11-21,2027-11-21
1598,982,4746120465456566,visa,17500,5250.0,0.1701,105.0,2025-08-26,active,2025-02-26,2030-02-26
1599,983,4392223042103799,visa,29000,8700.0,0.2375,174.0,2025-08-11,active,2025-05-21,2028-05-21
1600,984,6012335793775901,discover,38000,11400.0,0.1369,228.0,2025-08-28,active,2023-01-12,2028-01-12
1601,986,6045740850749113,discover,14500,1450.0,0.19,29.0,2025-08-08,active,2024-01-20,2027-01-20
1602,986,393826831380033,amex,48500,14550.0,0.228,291.0,2025-08-31,active,2023-10-27,2026-10-27
1603,987,6140476194561581,discover,17500,14000.0,0.2039,280.0,2025-08-02,active,2025-03-13,2028-03-13
1604,988,5922319789589320,mastercard,69000,20700.0,0.2494,414.0,2025-08-19,active,2023-11-14,2026-11-14
1605,988,4723227478301944,visa,61000,0.0,0.1862,25,2025-08-19,active,2024-01-14,2027-01-14
1606,988,5537424941785847,mastercard,83500,8350.0,0.1402,167.0,2025-08-20,active,2025-02-02,2028-02-02
1607,988,4915719104397923,visa,75000,7500.0,0.1237,150.0,2025-08-25,active,2024-07-23,2027-07-23
1608,989,396310626844187,amex,41000,4100.0,0.2284,82.0,2025-08-31,active,2025-07-23,2029-07-23
1609,989,6872962042975810,discover,52000,15600.0,0.2456,312.0,2025-08-11,active,2025-06-05,2030-06-05
1610,989,5592306511768251,mastercard,80500,24150.0,0.236,483.0,2025-08-28,active,2025-07-04,2028-07-04
1611,989,6054690508495170,discover,15500,0.0,0.2249,25,2025-08-26,active,2025-06-27,2028-06-27
1612,990,6887526322844133,discover,10000,3000.0,0.1618,60.0,2025-08-22,active,2024-09-25,2027-09-25
1613,991,6700233582350627,discover,44000,0.0,0.1307,25,2025-08-27,active,2022-10-17,2027-10-17
1614,992,5286041614354349,mastercard,28500,14250.0,0.2178,285.0,2025-08-24,active,2022-04-22,2027-04-22
1615,993,374643330403058,amex,27000,2700.0,0.1354,54.0,2025-08-23,active,2023-08-29,2028-08-29
1616,994,6292580994919437,discover,17000,8500.0,0.1478,170.0,2025-08-07,active,2025-02-07,2028-02-07
1617,995,6556850220805384,discover,36000,10800.0,0.244,216.0,2025-08-23,active,2025-07-21,2029-07-21
1618,995,313246518359146,amex,36000,3600.0,0.1417,72.0,2025-08-05,active,2025-06-10,2030-06-10
1619,996,5400771601083173,mastercard,36500,29200.0,0.2144,584.0,2025-08-15,active,2025-04-26,2030-04-26
1620,998,6531752861224000,discover,31500,3150.0,0.1946,63.0,2025-08-17,active,2022-02-25,2026-02-25
1621,999,300228740897578,amex,38500,11550.0,0.2331,231.0,2025-08-31,active,2025-03-21,2029-03-21
1622,1000,5642149288416344,mastercard,100000,30000.0,0.2045,600.0,2025-08-31,active,2025-03-02,2029-03-02
1623,1000,5920551570453304,mastercard,100000,30000.0,0.2011,600.0,2025-08-19,active,2023-08-23,2027-08-23
1624,1001,5687443373140290,mastercard,38000,11400.0,0.1266,228.0,2025-08-05,active,2024-12-13,2027-12-13
1625,1001,4114075597862163,visa,50500,5050.0,0.1597,101.0,2025-08-25,blocked,2024-12-26,2029-12-26
1626,1001,5447550823828881,mastercard,20500,0.0,0.1503,25,2025-08-16,active,2025-03-08,2028-03-08
1627,1002,4732714635542846,visa,64500,19350.0,0.2189,387.0,2025-08-22,active,2025-05-02,2028-05-02
1628,1002,5032383227049432,mastercard,100000,30000.0,0.158,600.0,2025-08-07,active,2025-07-05,2030-07-05
1629,1002,5458023310818548,mastercard,67000,6700.0,0.217,134.0,2025-08-27,active,2024-03-28,2028-03-28
1630,1003,6374909944718132,discover,39000,11700.0,0.1728,234.0,2025-08-30,active,2023-12-04,2026-12-04
1631,1004,347337025556348,amex,32500,3250.0,0.1349,65.0,2025-08-30,active,2024-12-31,2028-12-31
1632,1005,4749223966528514,visa,52500,5250.0,0.12,105.0,2025-08-26,active,2023-03-19,2028-03-19
1633,1005,357456599250763,amex,28500,22800.0,0.2281,456.0,2025-08-27,active,2023-11-21,2027-11-21
1634,1006,5712146307009583,mastercard,50500,5050.0,0.1535,101.0,2025-08-26,active,2025-07-14,2028-07-14
1635,1007,5102655747449366,mastercard,95000,9500.0,0.1623,190.0,2025-08-06,active,2023-09-18,2026-09-18
1636,1007,4289740939349647,visa,14500,1450.0,0.2418,29.0,2025-08-13,active,2025-06-23,2030-06-23
1637,1007,6215426267188926,discover,78500,39250.0,0.128,785.0,2025-08-08,active,2025-01-30,2029-01-30
1638,1008,5217759414477204,mastercard,34500,10350.0,0.2359,207.0,2025-08-16,active,2025-02-16,2028-02-16
1639,1008,6916276243960630,discover,33000,16500.0,0.1966,330.0,2025-08-07,active,2024-11-30,2028-11-30
1640,1009,4787356392118781,visa,83500,25050.0,0.1698,501.0,2025-08-29,active,2025-08-01,2028-08-01
1641,1009,4059734468500947,visa,56500,5650.0,0.2185,113.0,2025-08-26,active,2025-07-31,2029-07-31
1642,1010,4662908792968636,visa,18500,5550.0,0.2276,111.0,2025-08-09,active,2025-03-27,2029-03-27
1643,1011,5600755040841383,mastercard,38500,3850.0,0.1266,77.0,2025-08-04,active,2024-05-30,2029-05-30
1644,1012,4790779886182561,visa,46500,13950.0,0.1539,279.0,2025-08-30,active,2024-08-10,2028-08-10
1645,1012,4222446616517586,visa,39000,3900.0,0.2491,78.0,2025-08-29,active,2024-07-08,2028-07-08
1646,1012,338833923840991,amex,55500,27750.0,0.2357,555.0,2025-08-04,active,2023-05-03,2027-05-03
1647,1013,6427359840705472,discover,100000,10000.0,0.1373,200.0,2025-08-10,active,2023-03-19,2028-03-19
1648,1013,5967947189166807,mastercard,75500,7550.0,0.1349,151.0,2025-08-03,active,2023-09-23,2028-09-23
1649,1013,6766002200364238,discover,31500,9450.0,0.1523,189.0,2025-08-12,active,2023-07-18,2026-07-18
1650,1014,356212025409411,amex,38500,3850.0,0.2223,77.0,2025-08-12,active,2022-08-18,2027-08-18
1651,1014,4765698364950926,visa,26000,7800.0,0.2406,156.0,2025-08-27,active,2022-05-25,2027-05-25
1652,1015,5143061432885899,mastercard,38500,0.0,0.1251,25,2025-08-23,active,2022-09-20,2026-09-20
1653,1015,4892371044907113,visa,69500,20850.0,0.153,417.0,2025-08-19,expired,2024-10-16,2028-10-16
1654,1016,6858039127790538,discover,37500,11250.0,0.1299,225.0,2025-08-24,active,2025-02-15,2029-02-15
1655,1017,329703977338004,amex,17000,5100.0,0.2068,102.0,2025-08-28,active,2021-11-19,2025-11-19
1656,1017,6944104232008658,discover,28000,22400.0,0.2105,448.0,2025-08-24,active,2023-06-25,2026-06-25
1657,1018,5421147467573251,mastercard,20000,6000.0,0.1633,120.0,2025-08-15,active,2024-10-01,2027-10-01
1658,1019,5219792476174035,mastercard,32000,3200.0,0.1249,64.0,2025-08-26,active,2023-06-13,2028-06-13
1659,1019,4727340697541326,visa,17000,16150.0,0.2123,323.0,2025-08-31,active,2023-05-23,2028-05-23
1660,1020,308922983092213,amex,8500,4250.0,0.124,85.0,2025-08-23,active,2022-01-03,2026-01-03
1661,1021,6072943062873451,discover,22000,20900.0,0.168,418.0,2025-08-05,active,2023-07-31,2028-07-31
1662,1021,358679316027863,amex,50000,47500.0,0.1585,950.0,2025-08-31,active,2025-03-28,2030-03-28
1663,1022,4280695521109531,visa,95000,28500.0,0.1634,570.0,2025-08-27,active,2024-10-28,2027-10-28
1664,1022,6134112928810423,discover,80000,24000.0,0.2071,480.0,2025-08-22,active,2025-01-15,2030-01-15
1665,1023,345085548859806,amex,75500,22650.0,0.1598,453.0,2025-08-20,active,2024-04-07,2027-04-07
1666,1023,398440602690959,amex,85500,25650.0,0.1649,513.0,2025-08-22,active,2022-10-09,2025-10-09
1667,1024,5077730881530293,mastercard,37000,11100.0,0.244,222.0,2025-08-27,blocked,2024-06-23,2027-06-23
1668,1024,6925384127913253,discover,33000,3300.0,0.2114,66.0,2025-08-18,active,2024-08-05,2027-08-05
1669,1024,4416274221211544,visa,36000,3600.0,0.2397,72.0,2025-08-26,active,2024-10-07,2029-10-07
1670,1025,4016810713779730,visa,24500,7350.0,0.202,147.0,2025-08-05,active,2024-05-01,2029-05-01
1671,1026,5720403240440121,mastercard,100000,0.0,0.1645,25,2025-08-15,expired,2025-07-20,2030-07-20
1672,1026,5436145501290431,mastercard,100000,50000.0,0.247,1000.0,2025-08-19,active,2025-06-14,2030-06-14
1673,1026,6469836332094816,discover,78000,23400.0,0.1448,468.0,2025-08-30,active,2025-07-28,2029-07-28
1674,1027,6014618702739246,discover,46000,13800.0,0.2215,276.0,2025-08-04,active,2025-03-21,2030-03-21
1675,1027,5508823243969647,mastercard,52000,5200.0,0.1477,104.0,2025-08-06,active,2025-05-15,2029-05-15
1676,1028,5921332406186946,mastercard,32500,9750.0,0.1715,195.0,2025-08-28,blocked,2024-12-26,2028-12-26
1677,1029,369582616913438,amex,24500,2450.0,0.1403,49.0,2025-08-12,active,2025-01-06,2028-01-06
1678,1029,6219747604404241,discover,11500,1150.0,0.2101,25,2025-08-15,active,2023-12-07,2026-12-07
1679,1029,6046430072476605,discover,18500,0.0,0.1483,25,2025-08-28,active,2025-04-18,2030-04-18
1680,1030,376693777242427,amex,100000,10000.0,0.2217,200.0,2025-08-04,active,2024-07-23,2028-07-23
1681,1030,6128261249987799,discover,94500,28350.0,0.2056,567.0,2025-08-28,active,2025-01-24,2029-01-24
1682,1030,4681275610408673,visa,30000,3000.0,0.2229,60.0,2025-08-31,active,2022-07-03,2026-07-03
1683,1031,5471656938651205,mastercard,27500,0.0,0.1661,25,2025-08-06,active,2022-12-30,2025-12-30
1684,1031,377016962023362,amex,36500,10950.0,0.172,219.0,2025-08-26,active,2024-04-11,2027-04-11
1685,1032,362354351290458,amex,6500,1950.0,0.1485,39.0,2025-08-19,active,2025-06-03,2029-06-03
1686,1033,4500451066605880,visa,29500,2950.0,0.1939,59.0,2025-08-22,active,2025-07-06,2029-07-06
1687,1033,4588322570211686,visa,42500,34000.0,0.2264,680.0,2025-08-07,active,2025-04-07,2030-04-07
1688,1034,4498965691781548,visa,100000,10000.0,0.2244,200.0,2025-08-25,active,2024-06-06,2028-06-06
1689,1034,5664493474303426,mastercard,63000,18900.0,0.2171,378.0,2025-08-10,active,2025-03-17,2030-03-17
1690,1034,4155681609640578,visa,100000,30000.0,0.1743,600.0,2025-08-26,active,2025-04-15,2029-04-15
1691,1035,6147307480279727,discover,50500,15150.0,0.1345,303.0,2025-08-20,active,2024-08-21,2027-08-21
1692,1035,365217456589884,amex,47000,23500.0,0.1751,470.0,2025-08-11,active,2024-08-18,2029-08-18
1693,1035,4684145795573815,visa,81000,24300.0,0.2132,486.0,2025-08-20,blocked,2025-03-30,2029-03-30
1694,1035,4561302327639169,visa,93000,27900.0,0.1849,558.0,2025-08-26,active,2024-10-02,2029-10-02
1695,1036,6596471817534096,discover,20500,6150.0,0.1947,123.0,2025-08-22,active,2021-08-02,2026-08-02
1696,1037,6563440602109162,discover,56000,5600.0,0.174,112.0,2025-08-15,blocked,2025-06-12,2030-06-12
1697,1037,5322637319682436,mastercard,17500,8750.0,0.2181,175.0,2025-08-30,active,2025-07-17,2028-07-17
1698,1038,5671569147012983,mastercard,35500,10650.0,0.2173,213.0,2025-08-10,active,2024-12-18,2029-12-18
1699,1038,6460715006652853,discover,22000,11000.0,0.1538,220.0,2025-08-13,active,2021-06-16,2024-06-16
1700,1039,392222006597741,amex,35500,10650.0,0.1376,213.0,2025-08-03,active,2025-01-01,2029-01-01
1701,1040,5068721704668708,mastercard,5500,4400.0,0.1994,88.0,2025-08-06,active,2023-05-30,2027-05-30
1702,1041,4465836599801665,visa,10000,1000.0,0.1332,25,2025-08-09,active,2024-12-24,2029-12-24
1703,1042,5086102130509639,mastercard,28500,14250.0,0.1916,285.0,2025-08-30,active,2024-11-07,2028-11-07
1704,1042,6082474079434441,discover,64500,19350.0,0.169,387.0,2025-08-29,active,2025-06-07,2029-06-07
1705,1043,5239295019761032,mastercard,17500,1750.0,0.171,35.0,2025-08-29,active,2025-07-18,2028-07-18
1706,1043,6267051193883090,discover,20000,16000.0,0.2015,320.0,2025-08-04,active,2025-03-04,2029-03-04
1707,1044,4930420185905273,visa,33500,10050.0,0.2194,201.0,2025-08-16,active,2025-06-06,2028-06-06
1708,1044,5241286503841019,mastercard,17000,5100.0,0.2487,102.0,2025-08-22,active,2025-07-07,2030-07-07
1709,1045,344066159222097,amex,16500,1650.0,0.2078,33.0,2025-08-28,active,2023-10-16,2028-10-16
1710,1046,5559143211724560,mastercard,13000,10400.0,0.1865,208.0,2025-08-03,active,2024-10-24,2027-10-24
1711,1047,6808713538473242,discover,34500,17250.0,0.2355,345.0,2025-08-24,expired,2025-07-31,2028-07-31
1712,1048,392570727929046,amex,74500,22350.0,0.2,447.0,2025-08-26,active,2025-05-25,2030-05-25
1713,1048,4721370261671672,visa,88000,44000.0,0.1396,880.0,2025-08-25,active,2025-03-06,2028-03-06
1714,1049,4830832091431938,visa,10000,1000.0,0.2217,25,2025-08-27,active,2023-05-24,2026-05-24
1715,1050,5307313972988728,mastercard,27000,8100.0,0.1295,162.0,2025-08-31,blocked,2024-02-27,2028-02-27
1716,1050,5876809007796427,mastercard,29500,2950.0,0.1245,59.0,2025-08-30,active,2024-03-11,2029-03-11
1717,1051,4385413174485195,visa,18000,1800.0,0.2429,36.0,2025-08-23,active,2023-10-19,2027-10-19
1718,1051,388551088921710,amex,25000,0.0,0.1789,25,2025-08-19,active,2025-04-25,2030-04-25
1719,1053,6460872547775388,discover,66500,33250.0,0.1785,665.0,2025-08-15,active,2024-03-26,2029-03-26
1720,1053,6811016219897446,discover,44000,4400.0,0.1317,88.0,2025-08-19,active,2025-07-12,2028-07-12
1721,1053,316491907044519,amex,81500,40750.0,0.2281,815.0,2025-08-29,active,2024-12-15,2028-12-15
1722,1054,4901748425246719,visa,73500,58800.0,0.1698,1176.0,2025-08-31,expired,2024-12-03,2027-12-03
1723,1054,6390875358983243,discover,100000,50000.0,0.1983,1000.0,2025-08-30,active,2025-01-29,2030-01-29
1724,1054,4333169543232469,visa,100000,80000.0,0.1663,1600.0,2025-08-15,active,2024-12-04,2028-12-04
1725,1055,6772043971888427,discover,27000,8100.0,0.1689,162.0,2025-08-21,active,2022-07-07,2027-07-07
1726,1056,5928403476964544,mastercard,96500,9650.0,0.1711,193.0,2025-08-21,active,2024-01-12,2028-01-12
1727,1056,5836930801187213,mastercard,40000,4000.0,0.1446,80.0,2025-08-02,blocked,2025-07-21,2030-07-21
1728,1057,6572386160186191,discover,5500,550.0,0.2405,25,2025-08-26,expired,2022-06-15,2027-06-15
1729,1058,6958051840477350,discover,30000,24000.0,0.1866,480.0,2025-08-18,active,2022-11-26,2025-11-26
1730,1058,6322855633660235,discover,22000,2200.0,0.2224,44.0,2025-08-17,active,2022-05-28,2027-05-28
1731,1059,5891305102719058,mastercard,100000,10000.0,0.1798,200.0,2025-08-29,active,2023-10-08,2027-10-08
1732,1059,362330947976885,amex,51500,0.0,0.1457,25,2025-08-27,active,2025-07-23,2029-07-23
1733,1059,382954637333003,amex,86500,43250.0,0.1554,865.0,2025-08-05,active,2025-07-26,2028-07-26
1734,1060,5530128194001129,mastercard,84000,8400.0,0.1267,168.0,2025-08-23,active,2024-05-07,2027-05-07
1735,1060,314656637070437,amex,20000,6000.0,0.2115,120.0,2025-08-04,active,2023-07-07,2027-07-07
1736,1061,362228476600974,amex,10500,1050.0,0.1202,25,2025-08-31,blocked,2025-07-08,2030-07-08
1737,1062,381514185940048,amex,49500,14850.0,0.1636,297.0,2025-08-02,active,2024-03-13,2028-03-13
1738,1062,395697755612340,amex,50000,5000.0,0.2181,100.0,2025-08-12,active,2021-01-21,2024-01-21
1739,1062,4150762942012172,visa,71000,35500.0,0.1255,710.0,2025-08-11,active,2025-02-28,2028-02-28
1740,1063,319857787341372,amex,14000,11200.0,0.2133,224.0,2025-08-16,active,2022-04-24,2025-04-24
1741,1063,6187749789535258,discover,53000,15900.0,0.2251,318.0,2025-08-12,active,2022-12-07,2025-12-07
1742,1064,4436043872430884,visa,27500,2750.0,0.215,55.0,2025-08-15,active,2024-07-05,2028-07-05
1743,1064,342509693375790,amex,45000,36000.0,0.2443,720.0,2025-08-02,active,2021-12-11,2025-12-11
1744,1065,354505296537047,amex,48500,14550.0,0.1853,291.0,2025-08-03,active,2024-11-01,2029-11-01
1745,1065,5505183440275547,mastercard,42000,21000.0,0.1362,420.0,2025-08-10,active,2025-03-17,2028-03-17
1746,1066,5693683402110454,mastercard,30000,3000.0,0.2015,60.0,2025-08-26,active,2024-12-04,2029-12-04
1747,1066,5493096663491660,mastercard,33000,3300.0,0.162,66.0,2025-08-16,expired,2025-05-23,2030-05-23
1748,1066,355436233193121,amex,61500,18450.0,0.1362,369.0,2025-08-23,expired,2024-12-06,2029-12-06
1749,1067,4077898196870666,visa,62000,18600.0,0.227,372.0,2025-08-04,active,2024-06-10,2027-06-10
1750,1067,5812724901405439,mastercard,16000,4800.0,0.169,96.0,2025-08-21,active,2024-01-22,2028-01-22
1751,1068,339537258015358,amex,89000,8900.0,0.1737,178.0,2025-08-29,active,2023-12-04,2028-12-04
1752,1068,4201926860173855,visa,49500,24750.0,0.166,495.0,2025-08-13,active,2024-05-21,2028-05-21
1753,1068,6614266244367704,discover,98500,49250.0,0.1221,985.0,2025-08-03,active,2022-11-06,2025-11-06
1754,1069,391359748956425,amex,39500,3950.0,0.164,79.0,2025-08-08,active,2025-05-27,2029-05-27
1755,1069,4053725656337343,visa,31500,9450.0,0.1919,189.0,2025-08-04,active,2025-06-16,2030-06-16
1756,1070,4242012776066259,visa,28500,14250.0,0.1907,285.0,2025-08-11,active,2023-10-28,2027-10-28
1757,1071,321727421940478,amex,44000,4400.0,0.1762,88.0,2025-08-05,active,2023-04-04,2026-04-04
1758,1072,4263827941455097,visa,25000,2500.0,0.1454,50.0,2025-08-03,active,2025-07-14,2028-07-14
1759,1073,5429852704973444,mastercard,17000,8500.0,0.2343,170.0,2025-08-27,active,2025-04-12,2029-04-12
1760,1073,6591311015221815,discover,47500,14250.0,0.1662,285.0,2025-08-19,active,2024-11-18,2029-11-18
1761,1073,6608823235113952,discover,27500,8250.0,0.2136,165.0,2025-08-20,active,2021-08-12,2025-08-12
1762,1074,6681013247073081,discover,22500,2250.0,0.1561,45.0,2025-08-09,active,2024-01-24,2027-01-24
1763,1075,351733016548765,amex,24500,2450.0,0.1317,49.0,2025-08-28,active,2025-06-28,2030-06-28
1764,1075,351728642136017,amex,41000,12300.0,0.242,246.0,2025-08-31,active,2025-05-13,2029-05-13
1765,1076,353196516441805,amex,4500,1350.0,0.1236,27.0,2025-08-12,active,2023-10-13,2026-10-13
1766,1077,320796199097989,amex,29500,0.0,0.216,25,2025-08-24,active,2024-11-21,2028-11-21
1767,1078,6815749167165670,discover,22500,6750.0,0.2369,135.0,2025-08-15,active,2025-01-28,2030-01-28
1768,1079,6820385285794015,discover,26000,2600.0,0.1308,52.0,2025-08-13,blocked,2024-06-18,2029-06-18
1769,1079,311881167873480,amex,20500,10250.0,0.1352,205.0,2025-08-10,active,2025-03-22,2029-03-22
1770,1080,4695402313426839,visa,8500,850.0,0.1697,25,2025-08-21,active,2025-07-25,2030-07-25
1771,1082,370016845122402,amex,60000,18000.0,0.2188,360.0,2025-08-27,blocked,2022-09-07,2027-09-07
1772,1083,4476040962629225,visa,94000,0.0,0.2219,25,2025-08-24,active,2025-03-15,2030-03-15
1773,1083,4985327272066754,visa,50000,5000.0,0.1219,100.0,2025-08-20,active,2024-02-02,2029-02-02
1774,1083,337450883068294,amex,94500,9450.0,0.2312,189.0,2025-08-31,active,2023-09-21,2026-09-21
1775,1084,5942791916379800,mastercard,44500,13350.0,0.139,267.0,2025-08-07,active,2023-10-31,2027-10-31
1776,1085,5979708770152424,mastercard,24500,7350.0,0.1313,147.0,2025-08-31,expired,2023-04-08,2026-04-08
1777,1086,4367400925427098,visa,20500,2050.0,0.2099,41.0,2025-08-18,active,2022-05-27,2025-05-27
1778,1086,330714883054508,amex,62500,0.0,0.2028,25,2025-08-23,active,2021-12-08,2025-12-08
1779,1087,4974884674822328,visa,32000,9600.0,0.1415,192.0,2025-08-12,active,2025-01-14,2029-01-14
1780,1088,6426588406612450,discover,58500,0.0,0.1763,25,2025-08-03,active,2023-06-13,2026-06-13
1781,1088,4811607621096926,visa,16000,4800.0,0.132,96.0,2025-08-19,active,2025-04-09,2028-04-09
1782,1089,5141092443295405,mastercard,9500,0.0,0.2316,25,2025-08-24,active,2025-07-24,2029-07-24
1783,1090,4724727318897060,visa,21500,2150.0,0.1706,43.0,2025-08-02,active,2025-06-13,2029-06-13
1784,1091,4991673421421140,visa,14000,1400.0,0.1926,28.0,2025-08-04,active,2025-01-13,2030-01-13
1785,1092,5907038394271342,mastercard,28000,14000.0,0.1274,280.0,2025-08-23,active,2024-05-19,2028-05-19
1786,1092,5257164004895241,mastercard,28000,8400.0,0.2028,168.0,2025-08-27,active,2024-03-15,2027-03-15
1787,1093,6639718012063357,discover,52000,15600.0,0.1952,312.0,2025-08-24,active,2024-11-07,2029-11-07
1788,1093,6756466766749134,discover,26000,7800.0,0.1334,156.0,2025-08-31,active,2025-05-03,2030-05-03
1789,1094,4324221645324421,visa,71500,7150.0,0.1324,143.0,2025-08-02,active,2023-05-30,2027-05-30
1790,1094,4058198365146905,visa,54000,5400.0,0.1311,108.0,2025-08-31,active,2025-01-11,2030-01-11
1791,1094,6900578341080750,discover,46000,4600.0,0.1277,92.0,2025-08-31,expired,2025-01-01,2029-01-01
1792,1094,313640294220859,amex,94000,9400.0,0.2426,188.0,2025-08-27,active,2023-06-30,2026-06-30
1793,1095,395995924197166,amex,25000,0.0,0.2382,25,2025-08-08,active,2024-06-14,2028-06-14
1794,1095,4703280325383614,visa,5500,1650.0,0.2121,33.0,2025-08-05,active,2024-04-02,2029-04-02
1795,1096,4481114687261173,visa,4500,1350.0,0.1425,27.0,2025-08-13,active,2024-10-18,2027-10-18
1796,1097,5559967313121312,mastercard,61000,6100.0,0.1532,122.0,2025-08-23,active,2024-02-03,2027-02-03
1797,1097,4362153944060146,visa,50000,5000.0,0.2104,100.0,2025-08-02,active,2025-04-06,2028-04-06
1798,1098,375393600748133,amex,8500,2550.0,0.1474,51.0,2025-08-24,active,2024-09-20,2027-09-20
1799,1099,6518007565825548,discover,23000,0.0,0.1858,25,2025-08-19,active,2025-02-21,2028-02-21
1800,1100,5358790507309072,mastercard,27000,2700.0,0.2442,54.0,2025-08-23,active,2025-06-10,2029-06-10
1801,1100,6667313962863389,discover,14500,7250.0,0.16,145.0,2025-08-02,active,2025-02-20,2029-02-20
1802,1101,393939427282881,amex,20500,2050.0,0.1678,41.0,2025-08-21,active,2025-04-05,2029-04-05
1803,1101,5874477064813357,mastercard,48000,4800.0,0.2003,96.0,2025-08-20,active,2025-07-02,2028-07-02
1804,1102,5506884393939606,mastercard,27000,21600.0,0.2334,432.0,2025-08-08,active,2025-03-20,2028-03-20
1805,1103,378745456031868,amex,46000,13800.0,0.1669,276.0,2025-08-07,active,2025-04-01,2029-04-01
1806,1104,4296454827719591,visa,100000,80000.0,0.2011,1600.0,2025-08-20,active,2025-01-19,2028-01-19
1807,1104,347729118844014,amex,100000,10000.0,0.1203,200.0,2025-08-07,expired,2024-01-02,2029-01-02
1808,1104,6172588284427180,discover,33000,9900.0,0.1624,198.0,2025-08-31,active,2022-12-24,2026-12-24
1809,1105,312174475636518,amex,60000,48000.0,0.1231,960.0,2025-08-16,active,2021-11-05,2025-11-05
1810,1105,4250682120358139,visa,27000,13500.0,0.1778,270.0,2025-08-21,active,2024-02-27,2029-02-27
1811,1106,6245240558972359,discover,100000,95000.0,0.2484,1900.0,2025-08-21,active,2024-11-29,2029-11-29
1812,1106,322929770259845,amex,94000,9400.0,0.2295,188.0,2025-08-06,active,2025-04-09,2029-04-09
1813,1107,6291298967335370,discover,10500,8400.0,0.148,168.0,2025-08-08,active,2024-12-30,2029-12-30
1814,1108,357632951662156,amex,23000,6900.0,0.1551,138.0,2025-08-19,active,2024-12-22,2028-12-22
1815,1109,5036638602687175,mastercard,16000,4800.0,0.238,96.0,2025-08-02,active,2025-07-18,2029-07-18
1816,1110,6585228876172746,discover,12000,3600.0,0.152,72.0,2025-08-11,active,2023-02-08,2026-02-08
1817,1110,5870351719949745,mastercard,52500,26250.0,0.1985,525.0,2025-08-03,active,2022-11-12,2025-11-12
1818,1110,4712534611555240,visa,63500,60325.0,0.1928,1206.5,2025-08-23,active,2023-07-21,2027-07-21
1819,1111,5083953116951522,mastercard,16500,0.0,0.1626,25,2025-08-26,active,2024-12-07,2028-12-07
1820,1112,6137667080606050,discover,22500,0.0,0.1236,25,2025-08-05,active,2024-04-04,2028-04-04
1821,1112,301440790438935,amex,12000,3600.0,0.1791,72.0,2025-08-25,active,2023-03-03,2026-03-03
1822,1113,322411341481268,amex,8500,6800.0,0.2335,136.0,2025-08-14,active,2024-06-27,2027-06-27
1823,1114,6383968856069456,discover,17000,5100.0,0.2302,102.0,2025-08-16,active,2024-08-15,2029-08-15
1824,1115,379965912394494,amex,20000,0.0,0.1802,25,2025-08-24,active,2023-08-12,2026-08-12
1825,1115,349023077146502,amex,26500,13250.0,0.1217,265.0,2025-08-04,expired,2025-07-06,2029-07-06
1826,1116,4081898137801104,visa,32000,16000.0,0.1861,320.0,2025-08-22,active,2025-07-25,2028-07-25
1827,1116,332567211951109,amex,45500,4550.0,0.2144,91.0,2025-08-23,active,2025-07-19,2029-07-19
1828,1117,5165514620008888,mastercard,58500,17550.0,0.1748,351.0,2025-08-25,active,2025-04-09,2030-04-09
1829,1117,6222855693149354,discover,25500,7650.0,0.1258,153.0,2025-08-31,active,2023-01-12,2028-01-12
1830,1119,4990377731102537,visa,57000,17100.0,0.1485,342.0,2025-08-12,blocked,2023-10-07,2028-10-07
1831,1119,314940074672397,amex,24500,7350.0,0.1897,147.0,2025-08-04,active,2025-06-21,2030-06-21
1832,1120,4760595587042537,visa,8000,4000.0,0.1728,80.0,2025-08-24,expired,2025-07-28,2029-07-28
1833,1120,349660702873723,amex,17500,1750.0,0.1669,35.0,2025-08-05,expired,2025-04-27,2028-04-27
1834,1121,6296682734289042,discover,22500,6750.0,0.1622,135.0,2025-08-23,active,2024-03-29,2029-03-29
1835,1122,6889589932191330,discover,8000,2400.0,0.1364,48.0,2025-08-17,active,2024-06-13,2028-06-13
1836,1123,364504462404416,amex,15500,4650.0,0.1752,93.0,2025-08-23,active,2022-02-09,2025-02-09
1837,1123,317000337904742,amex,31500,15750.0,0.2173,315.0,2025-08-03,active,2021-07-22,2024-07-22
1838,1124,4856902891708880,visa,32500,3250.0,0.1558,65.0,2025-08-03,active,2025-06-07,2028-06-07
1839,1124,6722696673495860,discover,23000,18400.0,0.1622,368.0,2025-08-03,active,2024-12-10,2029-12-10
1840,1125,4465167921271952,visa,21000,10500.0,0.1828,210.0,2025-08-18,active,2024-10-18,2027-10-18
1841,1126,6201648547133258,discover,66000,19800.0,0.1961,396.0,2025-08-15,active,2021-05-03,2026-05-03
1842,1126,4043625691539305,visa,63500,0.0,0.2416,25,2025-08-17,active,2023-12-11,2026-12-11
1843,1127,6610106195816189,discover,22500,2250.0,0.1393,45.0,2025-08-24,active,2023-12-01,2028-12-01
1844,1128,4450181878503743,visa,66500,63175.0,0.1297,1263.5,2025-08-12,active,2024-12-05,2029-12-05
1845,1129,6189124152121933,discover,42500,21250.0,0.1222,425.0,2025-08-23,active,2025-04-25,2028-04-25
1846,1130,6957377564108945,discover,33000,16500.0,0.1822,330.0,2025-08-26,active,2024-05-10,2027-05-10
1847,1130,5764941330984552,mastercard,47500,14250.0,0.1621,285.0,2025-08-29,active,2024-05-07,2028-05-07
1848,1131,4413632558613333,visa,15500,4650.0,0.1756,93.0,2025-08-27,active,2021-11-06,2025-11-06
1849,1132,5723679082135221,mastercard,22500,2250.0,0.13,45.0,2025-08-18,active,2025-07-10,2028-07-10
1850,1132,4879933309138919,visa,96500,28950.0,0.2269,579.0,2025-08-02,active,2025-06-07,2029-06-07
1851,1132,5896818143358628,mastercard,89000,44500.0,0.1857,890.0,2025-08-19,active,2025-04-28,2029-04-28
1852,1132,6796807687902446,discover,99500,29850.0,0.1406,597.0,2025-08-08,active,2025-04-30,2029-04-30
1853,1133,6484092702907542,discover,26500,25175.0,0.1543,503.5,2025-08-20,active,2024-05-12,2029-05-12
1854,1133,5639159658668140,mastercard,9000,2700.0,0.19,54.0,2025-08-10,active,2024-08-16,2028-08-16
1855,1134,5263345708117596,mastercard,66500,19950.0,0.2438,399.0,2025-08-11,active,2024-03-23,2027-03-23
1856,1134,390895710706114,amex,80500,8050.0,0.2421,161.0,2025-08-07,active,2025-07-08,2028-07-08
1857,1134,6065855229509443,discover,100000,10000.0,0.2242,200.0,2025-08-10,active,2024-04-20,2027-04-20
1858,1134,6181745757682636,discover,100000,10000.0,0.2083,200.0,2025-08-22,active,2024-10-04,2029-10-04
1859,1135,5036590774674334,mastercard,42000,33600.0,0.2119,672.0,2025-08-16,active,2020-09-30,2025-09-30
1860,1135,4333431727496318,visa,25500,12750.0,0.1505,255.0,2025-08-10,active,2023-07-21,2027-07-21
1861,1137,385263231078577,amex,40000,0.0,0.1912,25,2025-08-15,active,2023-11-02,2028-11-02
1862,1137,5011866827263401,mastercard,7000,3500.0,0.1909,70.0,2025-08-11,active,2025-04-30,2030-04-30
1863,1138,4827151319482882,visa,17000,1700.0,0.2108,34.0,2025-08-10,active,2025-03-22,2029-03-22
1864,1138,371886835473745,amex,21500,6450.0,0.1605,129.0,2025-08-24,expired,2025-03-18,2028-03-18
1865,1139,6931980712336781,discover,20000,16000.0,0.2141,320.0,2025-08-12,active,2025-07-05,2028-07-05
1866,1140,6399770414588613,discover,54500,27250.0,0.1453,545.0,2025-08-09,active,2023-09-20,2027-09-20
1867,1140,4632877554840042,visa,54000,43200.0,0.2469,864.0,2025-08-27,active,2021-11-19,2024-11-19
1868,1140,376019666793992,amex,43500,13050.0,0.2075,261.0,2025-08-08,active,2024-04-09,2029-04-09
1869,1141,6989097892079833,discover,94000,28200.0,0.2344,564.0,2025-08-05,blocked,2025-04-03,2028-04-03
1870,1141,308319526467445,amex,31000,15500.0,0.2351,310.0,2025-08-25,active,2025-03-06,2030-03-06
1871,1141,305467884880595,amex,30000,24000.0,0.1573,480.0,2025-08-02,active,2025-01-27,2029-01-27
1872,1142,337142438801372,amex,65500,6550.0,0.199,131.0,2025-08-19,active,2025-02-16,2029-02-16
1873,1142,6965738537512207,discover,40500,0.0,0.2272,25,2025-08-12,active,2024-05-25,2027-05-25
1874,1142,4560222470321337,visa,75500,22650.0,0.1277,453.0,2025-08-19,active,2024-12-14,2027-12-14
1875,1143,5938555079320082,mastercard,29000,27550.0,0.1548,551.0,2025-08-27,active,2025-04-19,2029-04-19
1876,1143,6108557041936406,discover,14000,0.0,0.1687,25,2025-08-05,expired,2025-05-27,2028-05-27
1877,1144,4329501023232139,visa,6500,650.0,0.2086,25,2025-08-31,active,2025-03-25,2030-03-25
1878,1145,4427350221491610,visa,31500,9450.0,0.198,189.0,2025-08-29,active,2025-05-30,2028-05-30
1879,1146,397842814351941,amex,7000,0.0,0.1809,25,2025-08-21,active,2025-06-12,2030-06-12
1880,1147,4911543167014104,visa,20500,2050.0,0.1878,41.0,2025-08-28,active,2025-05-29,2030-05-29
1881,1147,5009832736529397,mastercard,13500,1350.0,0.2482,27.0,2025-08-25,active,2022-05-12,2026-05-12
1882,1148,367916712794401,amex,57500,5750.0,0.1653,115.0,2025-08-20,active,2024-01-16,2027-01-16
1883,1149,5497073068688786,mastercard,14500,4350.0,0.1947,87.0,2025-08-31,active,2025-05-26,2028-05-26
1884,1150,5854040261668450,mastercard,40500,4050.0,0.2236,81.0,2025-08-25,active,2024-12-25,2028-12-25
1885,1150,381906045982781,amex,11500,5750.0,0.2469,115.0,2025-08-12,active,2025-03-28,2029-03-28
1886,1151,4729126981533453,visa,30500,9150.0,0.1587,183.0,2025-08-08,active,2023-06-23,2028-06-23
1887,1152,5310208520564598,mastercard,33500,10050.0,0.1536,201.0,2025-08-03,active,2023-06-06,2026-06-06
1888,1152,319743950444920,amex,56500,16950.0,0.1564,339.0,2025-08-13,active,2025-01-24,2029-01-24
1889,1153,4179494422832995,visa,13500,4050.0,0.2357,81.0,2025-08-29,active,2025-04-21,2030-04-21
1890,1154,6304955094786416,discover,35000,28000.0,0.1919,560.0,2025-08-07,active,2023-02-02,2028-02-02
1891,1155,392512118946231,amex,8500,2550.0,0.2472,51.0,2025-08-14,active,2021-08-16,2025-08-16
1892,1155,5630043359015640,mastercard,55000,5500.0,0.2364,110.0,2025-08-13,active,2023-09-22,2028-09-22
1893,1155,314673592839625,amex,47500,14250.0,0.2331,285.0,2025-08-10,active,2025-05-21,2029-05-21
1894,1156,6566576406336558,discover,7500,3750.0,0.1782,75.0,2025-08-04,active,2024-05-05,2027-05-05
1895,1157,5924962344369285,mastercard,21000,6300.0,0.174,126.0,2025-08-24,active,2021-12-18,2025-12-18
1896,1158,6417333601078676,discover,24000,2400.0,0.1479,48.0,2025-08-25,expired,2023-11-08,2027-11-08
1897,1158,4654980618464876,visa,6000,600.0,0.2069,25,2025-08-13,active,2023-09-29,2028-09-29
1898,1159,4363242866227192,visa,15500,7750.0,0.1491,155.0,2025-08-14,active,2022-07-26,2026-07-26
1899,1159,6390607277236576,discover,16500,4950.0,0.1797,99.0,2025-08-15,active,2022-07-01,2026-07-01
1900,1160,4640226123494572,visa,15000,12000.0,0.1541,240.0,2025-08-04,active,2022-08-21,2027-08-21
1901,1161,4481099578183380,visa,53000,5300.0,0.1487,106.0,2025-08-09,active,2025-02-19,2028-02-19
1902,1162,4533085198386069,visa,53000,42400.0,0.1438,848.0,2025-08-21,active,2022-12-31,2027-12-31
1903,1163,4030897586380404,visa,32000,9600.0,0.2411,192.0,2025-08-04,active,2024-09-11,2027-09-11
1904,1163,4306354853961048,visa,45000,42750.0,0.193,855.0,2025-08-02,active,2024-01-01,2029-01-01
1905,1164,6584024938713899,discover,31000,29450.0,0.1939,589.0,2025-08-09,active,2022-12-10,2026-12-10
1906,1165,358905730199526,amex,36000,3600.0,0.211,72.0,2025-08-27,active,2022-11-24,2026-11-24
1907,1166,6636305128163799,discover,11000,1100.0,0.2343,25,2025-08-16,active,2024-10-13,2027-10-13
1908,1167,368369570015034,amex,11500,5750.0,0.2494,115.0,2025-08-15,active,2023-07-16,2026-07-16
1909,1167,6213433571205749,discover,10500,3150.0,0.1485,63.0,2025-08-19,active,2023-04-29,2026-04-29
1910,1168,5870245645310769,mastercard,10500,3150.0,0.1821,63.0,2025-08-02,active,2025-06-21,2028-06-21
1911,1169,6744359345716156,discover,29500,8850.0,0.1706,177.0,2025-08-15,active,2024-11-23,2027-11-23
1912,1169,4323123036726847,visa,12500,6250.0,0.1905,125.0,2025-08-15,active,2024-12-05,2027-12-05
1913,1170,320628958042485,amex,30000,3000.0,0.2017,60.0,2025-08-23,active,2025-07-10,2028-07-10
1914,1171,4143678587334667,visa,80500,24150.0,0.1719,483.0,2025-08-06,active,2024-03-08,2029-03-08
1915,1171,6370387746438508,discover,18000,0.0,0.1684,25,2025-08-16,active,2024-06-08,2027-06-08
1916,1171,354283588742109,amex,37500,11250.0,0.2315,225.0,2025-08-03,active,2023-09-24,2026-09-24
1917,1172,389830186080753,amex,28500,14250.0,0.2058,285.0,2025-08-25,active,2025-07-16,2028-07-16
1918,1173,6004270983965489,discover,24000,7200.0,0.1456,144.0,2025-08-26,active,2024-12-05,2029-12-05
1919,1173,4536347167804780,visa,24000,7200.0,0.2091,144.0,2025-08-24,active,2025-01-19,2030-01-19
1920,1174,5491480874592189,mastercard,9000,900.0,0.2207,25,2025-08-03,active,2024-06-06,2027-06-06
1921,1175,361841657141787,amex,19500,5850.0,0.2132,117.0,2025-08-02,active,2023-09-20,2028-09-20
1922,1175,6246302578653578,discover,20500,10250.0,0.1708,205.0,2025-08-30,active,2024-02-13,2028-02-13
1923,1176,4124586154799844,visa,6500,5200.0,0.2082,104.0,2025-08-04,active,2024-02-14,2029-02-14
1924,1176,5762890823710596,mastercard,21500,2150.0,0.1457,43.0,2025-08-24,active,2023-11-14,2026-11-14
1925,1177,5722437581162596,mastercard,53500,50825.0,0.1855,1016.5,2025-08-04,active,2025-06-03,2028-06-03
1926,1177,6716315938096278,discover,73500,69825.0,0.1321,1396.5,2025-08-25,active,2025-05-07,2028-05-07
1927,1178,340260835889743,amex,38500,11550.0,0.1597,231.0,2025-08-29,blocked,2024-11-11,2029-11-11
1928,1178,320495492876756,amex,50500,25250.0,0.1496,505.0,2025-08-18,active,2025-04-17,2029-04-17
1929,1179,5924133733264081,mastercard,12500,10000.0,0.1589,200.0,2025-08-11,active,2024-07-17,2029-07-17
1930,1179,5084273599192157,mastercard,63500,31750.0,0.1756,635.0,2025-08-31,active,2024-09-24,2029-09-24
1931,1180,6120528700190624,discover,36500,18250.0,0.1398,365.0,2025-08-04,active,2024-12-26,2028-12-26
1932,1181,5443762920665456,mastercard,40000,4000.0,0.127,80.0,2025-08-08,active,2024-12-31,2028-12-31
1933,1181,4955753882578437,visa,7500,0.0,0.1818,25,2025-08-26,active,2023-03-01,2026-03-01
1934,1182,6911781887581589,discover,32000,9600.0,0.1887,192.0,2025-08-30,active,2025-04-11,2028-04-11
1935,1183,4871957156210004,visa,6000,1800.0,0.222,36.0,2025-08-27,active,2024-02-11,2029-02-11
1936,1184,6859003708614639,discover,18500,1850.0,0.1384,37.0,2025-08-29,active,2024-05-16,2027-05-16
1937,1185,5762314701260562,mastercard,30500,15250.0,0.1724,305.0,2025-08-20,active,2025-05-10,2028-05-10
1938,1185,4342148763029862,visa,32000,3200.0,0.1305,64.0,2025-08-02,active,2025-04-09,2028-04-09
1939,1186,5591358263747888,mastercard,70500,21150.0,0.1631,423.0,2025-08-21,active,2025-06-07,2029-06-07
1940,1186,4339172328823927,visa,63500,19050.0,0.132,381.0,2025-08-08,active,2025-06-29,2029-06-29
1941,1186,344054755324136,amex,52000,5200.0,0.1244,104.0,2025-08-29,active,2025-05-25,2029-05-25
1942,1187,310717878967536,amex,20500,16400.0,0.1201,328.0,2025-08-28,active,2025-07-30,2028-07-30
1943,1188,327537373269537,amex,39000,3900.0,0.1606,78.0,2025-08-20,blocked,2021-06-01,2025-06-01
1944,1189,6951436920091258,discover,16000,12800.0,0.2323,256.0,2025-08-25,blocked,2025-04-04,2028-04-04
1945,1189,4895389706401374,visa,16500,4950.0,0.171,99.0,2025-08-17,active,2025-05-20,2030-05-20
1946,1190,6924610599318044,discover,57000,45600.0,0.1992,912.0,2025-08-02,active,2025-05-09,2029-05-09
1947,1191,4594906035627061,visa,39500,3950.0,0.1671,79.0,2025-08-03,expired,2024-10-26,2029-10-26
1948,1191,4953728177408988,visa,26000,7800.0,0.1951,156.0,2025-08-13,active,2025-03-25,2029-03-25
1949,1192,351643398288367,amex,26000,2600.0,0.1971,52.0,2025-08-10,active,2021-11-14,2024-11-14
1950,1193,5875719887230755,mastercard,26000,7800.0,0.1729,156.0,2025-08-22,active,2025-07-02,2030-07-02
1951,1193,4300932206462066,visa,17000,5100.0,0.2001,102.0,2025-08-18,active,2025-07-17,2028-07-17
1952,1194,4028296380264928,visa,21500,2150.0,0.1297,43.0,2025-08-05,active,2023-06-01,2026-06-01
1953,1194,381772925783636,amex,9000,2700.0,0.1366,54.0,2025-08-02,active,2024-10-01,2027-10-01
1954,1195,4011812307388801,visa,100000,10000.0,0.1313,200.0,2025-08-10,active,2022-11-23,2025-11-23
1955,1195,6521010745205009,discover,100000,50000.0,0.1287,1000.0,2025-08-22,active,2025-05-01,2028-05-01
1956,1196,311150412250112,amex,39500,11850.0,0.2211,237.0,2025-08-31,active,2025-06-22,2029-06-22
1957,1197,4390973807991493,visa,17000,5100.0,0.198,102.0,2025-08-03,active,2024-12-24,2027-12-24
1958,1197,6881756109583483,discover,13000,1300.0,0.1285,26.0,2025-08-07,active,2024-10-06,2029-10-06
1959,1197,5479905233475091,mastercard,53000,42400.0,0.1916,848.0,2025-08-13,active,2025-07-17,2029-07-17
1960,1198,305858811855771,amex,43500,34800.0,0.1775,696.0,2025-08-16,active,2023-04-18,2026-04-18
1961,1199,6106104203073538,discover,42500,34000.0,0.1387,680.0,2025-08-18,active,2025-07-15,2030-07-15
1962,1200,4786169008534755,visa,55500,16650.0,0.177,333.0,2025-08-18,active,2022-05-17,2027-05-17
1963,1200,346926626395198,amex,22500,2250.0,0.2272,45.0,2025-08-19,active,2022-08-21,2027-08-21
1964,1201,315529927777135,amex,24000,7200.0,0.1986,144.0,2025-08-28,active,2025-07-12,2030-07-12
1965,1202,4311378718797892,visa,34000,0.0,0.1276,25,2025-08-03,blocked,2025-04-20,2028-04-20
1966,1203,300906250946660,amex,33500,16750.0,0.1741,335.0,2025-08-20,active,2024-09-13,2027-09-13
1967,1203,352889737840704,amex,52000,5200.0,0.1235,104.0,2025-08-10,active,2024-02-01,2029-02-01
1968,1204,6723797309053301,discover,14500,11600.0,0.1408,232.0,2025-08-05,active,2025-02-18,2030-02-18
1969,1205,385502313744715,amex,21000,6300.0,0.1267,126.0,2025-08-28,active,2024-04-24,2028-04-24
1970,1206,4748838268201202,visa,77500,62000.0,0.2249,1240.0,2025-08-14,blocked,2023-12-02,2027-12-02
1971,1206,6795757186972500,discover,28000,8400.0,0.1806,168.0,2025-08-15,active,2024-11-02,2029-11-02
1972,1207,392315110817831,amex,49500,14850.0,0.2299,297.0,2025-08-04,blocked,2024-06-07,2028-06-07
1973,1207,6617658818837606,discover,17000,5100.0,0.2113,102.0,2025-08-04,active,2023-12-26,2028-12-26
1974,1207,6584939178264083,discover,42000,12600.0,0.1555,252.0,2025-08-08,active,2024-07-20,2029-07-20
1975,1208,399108771756635,amex,23000,2300.0,0.1201,46.0,2025-08-08,active,2023-12-09,2028-12-09
1976,1209,5200738654370112,mastercard,27500,13750.0,0.1961,275.0,2025-08-18,active,2024-06-22,2029-06-22
1977,1210,6619348776013109,discover,13500,4050.0,0.1371,81.0,2025-08-13,active,2024-12-31,2028-12-31
1978,1210,6182652271068466,discover,53000,42400.0,0.1665,848.0,2025-08-15,active,2025-06-06,2029-06-06
1979,1211,4037497364567121,visa,14000,4200.0,0.1589,84.0,2025-08-19,active,2024-12-21,2027-12-21
1980,1212,357213191396839,amex,65500,6550.0,0.2224,131.0,2025-08-18,active,2022-03-12,2025-03-12
1981,1212,5207113503366894,mastercard,50000,15000.0,0.1986,300.0,2025-08-17,active,2025-05-03,2029-05-03
1982,1213,5245719554968472,mastercard,19000,1900.0,0.1722,38.0,2025-08-10,active,2024-03-22,2029-03-22
1983,1214,6171699444283963,discover,20500,0.0,0.1841,25,2025-08-30,active,2023-04-29,2027-04-29
1984,1215,347120073168080,amex,44000,35200.0,0.1436,704.0,2025-08-06,active,2024-01-25,2029-01-25
1985,1216,6532999839187599,discover,21000,6300.0,0.1853,126.0,2025-08-11,blocked,2020-11-20,2024-11-20
1986,1217,5464118803467006,mastercard,48000,14400.0,0.1983,288.0,2025-08-19,active,2024-12-23,2028-12-23
1987,1217,4637072185082261,visa,38500,11550.0,0.1599,231.0,2025-08-12,active,2025-03-08,2028-03-08
1988,1218,4175240017550493,visa,59000,5900.0,0.1913,118.0,2025-08-11,active,2023-10-14,2027-10-14
1989,1218,4153387928392912,visa,100000,80000.0,0.1853,1600.0,2025-08-05,active,2025-03-07,2028-03-07
1990,1219,4074326284323760,visa,96000,28800.0,0.169,576.0,2025-08-06,active,2023-04-08,2027-04-08
1991,1219,6222647283334326,discover,57500,5750.0,0.2074,115.0,2025-08-07,active,2022-04-27,2027-04-27
1992,1220,383441730981819,amex,23500,2350.0,0.2151,47.0,2025-08-29,active,2022-09-24,2026-09-24
1993,1220,5963597522883209,mastercard,21000,10500.0,0.1837,210.0,2025-08-10,active,2023-03-01,2028-03-01
1994,1221,5936778514554944,mastercard,5000,2500.0,0.1598,50.0,2025-08-27,expired,2024-08-09,2029-08-09
1995,1222,5683233483375573,mastercard,33500,3350.0,0.1642,67.0,2025-08-09,expired,2025-02-13,2030-02-13
1996,1222,4653126456967570,visa,19000,15200.0,0.1339,304.0,2025-08-29,active,2024-12-04,2028-12-04
1997,1222,5333562550135841,mastercard,28000,8400.0,0.2119,168.0,2025-08-09,active,2025-06-30,2028-06-30
1998,1223,5022017382260686,mastercard,35000,10500.0,0.2104,210.0,2025-08-22,active,2025-01-09,2030-01-09
1999,1224,6488639987568192,discover,28500,0.0,0.219,25,2025-08-20,active,2025-06-07,2030-06-07
2000,1225,393835093275329,amex,61500,6150.0,0.1989,123.0,2025-08-29,active,2025-05-05,2029-05-05
2001,1226,4130653323969118,visa,58000,17400.0,0.1602,348.0,2025-08-23,active,2025-05-12,2029-05-12
2002,1227,6446592396597826,discover,24500,23275.0,0.1885,465.5,2025-08-02,active,2022-08-07,2025-08-07
2003,1227,6008884391349731,discover,7500,750.0,0.1476,25,2025-08-18,active,2022-08-12,2026-08-12
2004,1227,5904428236160109,mastercard,40500,4050.0,0.217,81.0,2025-08-28,active,2025-04-02,2028-04-02
2005,1228,4210151060978497,visa,20500,6150.0,0.242,123.0,2025-08-22,active,2024-10-25,2028-10-25
2006,1228,6663100945319422,discover,10500,3150.0,0.1625,63.0,2025-08-27,active,2025-01-29,2029-01-29
2007,1229,5507623327509444,mastercard,57000,28500.0,0.1308,570.0,2025-08-31,blocked,2024-07-26,2027-07-26
2008,1229,393601616876307,amex,100000,30000.0,0.1411,600.0,2025-08-28,active,2023-09-08,2027-09-08
2009,1230,5639170138988102,mastercard,25500,2550.0,0.2271,51.0,2025-08-19,active,2025-07-06,2029-07-06
2010,1231,5586234223422641,mastercard,42000,33600.0,0.1536,672.0,2025-08-10,expired,2025-03-17,2028-03-17
2011,1233,377606125174342,amex,20000,10000.0,0.1904,200.0,2025-08-09,expired,2023-11-18,2026-11-18
2012,1233,5903169646680268,mastercard,27000,8100.0,0.2166,162.0,2025-08-13,active,2024-11-11,2028-11-11
2013,1234,6124768597664692,discover,52000,26000.0,0.1977,520.0,2025-08-30,active,2025-05-18,2029-05-18
2014,1234,5774694825457634,mastercard,16500,4950.0,0.2068,99.0,2025-08-07,active,2025-04-13,2029-04-13
2015,1234,6835281372420465,discover,22500,6750.0,0.1406,135.0,2025-08-22,active,2025-03-27,2029-03-27
2016,1235,6267798300203043,discover,10000,5000.0,0.2397,100.0,2025-08-17,active,2023-05-31,2026-05-31
2017,1236,5153238840995550,mastercard,20500,6150.0,0.2284,123.0,2025-08-17,active,2025-07-04,2029-07-04
2018,1236,4985448066764629,visa,6500,650.0,0.2452,25,2025-08-23,active,2025-06-28,2030-06-28
2019,1237,312654737042141,amex,50500,0.0,0.1506,25,2025-08-16,active,2025-05-25,2028-05-25
2020,1237,4009854506935763,visa,85000,25500.0,0.2321,510.0,2025-08-05,active,2025-04-14,2030-04-14
2021,1237,5360620376020707,mastercard,92500,46250.0,0.1509,925.0,2025-08-14,active,2025-04-25,2029-04-25
2022,1238,6607904660055931,discover,12000,3600.0,0.1562,72.0,2025-08-08,expired,2025-04-17,2030-04-17
2023,1239,6159028798262255,discover,31500,0.0,0.2355,25,2025-08-30,active,2023-11-08,2027-11-08
2024,1240,4890660363409161,visa,36500,3650.0,0.1484,73.0,2025-08-09,blocked,2024-12-26,2029-12-26
2025,1240,5452804332644458,mastercard,91000,9100.0,0.1593,182.0,2025-08-10,active,2024-02-01,2028-02-01
2026,1240,5868159156740794,mastercard,21500,2150.0,0.1771,43.0,2025-08-24,active,2025-06-02,2028-06-02
2027,1241,4257060298224897,visa,9000,0.0,0.1819,25,2025-08-15,active,2022-12-27,2026-12-27
2028,1241,4002197976470486,visa,39000,19500.0,0.1307,390.0,2025-08-12,active,2024-08-28,2027-08-28
2029,1241,5569512516280261,mastercard,14500,4350.0,0.1433,87.0,2025-08-06,active,2025-01-02,2029-01-02
2030,1242,6978513681948044,discover,24500,7350.0,0.1502,147.0,2025-08-12,active,2025-07-05,2029-07-05
2031,1242,5729171411212905,mastercard,34000,17000.0,0.2417,340.0,2025-08-18,active,2024-04-28,2029-04-28
2032,1243,5631349460781829,mastercard,17500,1750.0,0.1341,35.0,2025-08-20,active,2023-04-19,2026-04-19
2033,1243,5293114231154797,mastercard,35500,3550.0,0.2333,71.0,2025-08-02,active,2024-12-08,2029-12-08
2034,1244,5120605395432845,mastercard,26000,7800.0,0.13,156.0,2025-08-06,active,2025-07-23,2030-07-23
2035,1245,331074914876427,amex,17500,5250.0,0.234,105.0,2025-08-20,active,2025-01-19,2028-01-19
2036,1246,6069832924011628,discover,15000,4500.0,0.2209,90.0,2025-08-19,active,2022-11-21,2025-11-21
2037,1246,5819750772188906,mastercard,66000,19800.0,0.2036,396.0,2025-08-23,active,2025-02-15,2029-02-15
2038,1247,4026716172775399,visa,19500,1950.0,0.2341,39.0,2025-08-23,active,2023-04-03,2027-04-03
2039,1248,4869814218592930,visa,48500,0.0,0.2079,25,2025-08-10,active,2022-04-25,2026-04-25
2040,1248,6897616611857001,discover,18500,5550.0,0.1404,111.0,2025-08-31,active,2022-04-15,2027-04-15
2041,1249,6655719557290341,discover,24000,19200.0,0.191,384.0,2025-08-27,active,2025-05-09,2028-05-09
2042,1250,5727259063593121,mastercard,69500,55600.0,0.2061,1112.0,2025-08-03,active,2023-09-21,2026-09-21
2043,1250,5998248613110358,mastercard,46000,13800.0,0.1805,276.0,2025-08-24,active,2021-11-07,2025-11-07
2044,1251,359387959638453,amex,15000,0.0,0.1558,25,2025-08-14,active,2024-05-31,2029-05-31
2045,1251,5300373637570815,mastercard,16000,4800.0,0.19,96.0,2025-08-24,active,2022-12-11,2027-12-11
2046,1252,5368261446455753,mastercard,21500,10750.0,0.2358,215.0,2025-08-31,active,2023-01-29,2026-01-29
2047,1252,6427571489125529,discover,19500,5850.0,0.1727,117.0,2025-08-08,active,2023-03-02,2028-03-02
2048,1253,301586684927254,amex,26500,2650.0,0.2334,53.0,2025-08-08,active,2024-07-09,2027-07-09
2049,1253,302308912294397,amex,32500,16250.0,0.2491,325.0,2025-08-03,active,2023-04-04,2028-04-04
2050,1254,314290094017749,amex,42500,4250.0,0.1937,85.0,2025-08-31,active,2025-07-19,2028-07-19
2051,1255,4096702491169934,visa,38500,19250.0,0.2037,385.0,2025-08-26,active,2025-03-11,2029-03-11
2052,1256,6793072178219279,discover,46500,13950.0,0.2245,279.0,2025-08-14,active,2023-11-14,2028-11-14
2053,1256,6428734576358731,discover,49500,39600.0,0.2332,792.0,2025-08-13,active,2024-01-14,2027-01-14
2054,1257,356443132815613,amex,14500,1450.0,0.1441,29.0,2025-08-30,active,2024-05-07,2029-05-07
2055,1258,360846740724801,amex,9000,2700.0,0.2011,54.0,2025-08-21,active,2024-09-07,2028-09-07
2056,1259,4848152771152750,visa,18000,5400.0,0.2153,108.0,2025-08-08,expired,2024-04-30,2029-04-30
2057,1259,5204063223628197,mastercard,16500,8250.0,0.2417,165.0,2025-08-04,active,2024-08-08,2029-08-08
2058,1260,6619671979697816,discover,30500,9150.0,0.1694,183.0,2025-08-05,active,2024-01-23,2028-01-23
2059,1260,5659700732127121,mastercard,18000,9000.0,0.2205,180.0,2025-08-27,active,2024-07-26,2027-07-26
2060,1260,6273167349928426,discover,68500,0.0,0.1738,25,2025-08-04,active,2024-12-10,2029-12-10
2061,1261,312061268737014,amex,16000,1600.0,0.208,32.0,2025-08-28,active,2023-03-07,2028-03-07
2062,1262,5781259833991979,mastercard,42500,12750.0,0.1852,255.0,2025-08-30,active,2023-11-16,2027-11-16
2063,1263,5610912827756539,mastercard,24000,0.0,0.2114,25,2025-08-17,active,2025-03-13,2030-03-13
2064,1264,5642667730142352,mastercard,24500,19600.0,0.1997,392.0,2025-08-10,active,2024-02-04,2029-02-04
2065,1265,6276647848605641,discover,32000,0.0,0.2121,25,2025-08-14,active,2022-10-18,2025-10-18
2066,1266,6294513560990148,discover,27000,2700.0,0.1921,54.0,2025-08-03,active,2024-11-08,2028-11-08
2067,1266,303632623750543,amex,100000,50000.0,0.2136,1000.0,2025-08-02,expired,2025-01-18,2028-01-18
2068,1266,6240683759458702,discover,90000,9000.0,0.1812,180.0,2025-08-27,active,2025-02-18,2028-02-18
2069,1266,4067415867952408,visa,100000,10000.0,0.1555,200.0,2025-08-05,active,2025-07-12,2030-07-12
2070,1267,4757644963921481,visa,56500,16950.0,0.1416,339.0,2025-08-10,active,2024-10-11,2028-10-11
2071,1267,5654519160022265,mastercard,10500,1050.0,0.2339,25,2025-08-21,active,2024-12-07,2028-12-07
2072,1268,4781480896586146,visa,27000,13500.0,0.2054,270.0,2025-08-28,blocked,2025-01-21,2028-01-21
2073,1269,6875741228767044,discover,52000,5200.0,0.2244,104.0,2025-08-19,active,2024-01-27,2028-01-27
2074,1269,4408086283557142,visa,23000,0.0,0.1963,25,2025-08-31,active,2024-07-08,2027-07-08
2075,1270,5595353241266620,mastercard,16000,4800.0,0.2361,96.0,2025-08-14,active,2024-10-01,2029-10-01
2076,1271,4288541111201502,visa,28000,14000.0,0.232,280.0,2025-08-12,active,2024-06-07,2027-06-07
2077,1271,6714104528876468,discover,29000,8700.0,0.2248,174.0,2025-08-29,active,2025-03-11,2028-03-11
2078,1272,326051854641372,amex,23000,6900.0,0.134,138.0,2025-08-06,active,2025-03-04,2030-03-04
2079,1272,6366802955485997,discover,12500,1250.0,0.2314,25,2025-08-13,active,2023-10-24,2026-10-24
2080,1273,6284432908116096,discover,11000,0.0,0.2091,25,2025-08-20,active,2022-04-09,2027-04-09
2081,1273,6136151003749212,discover,52000,26000.0,0.1745,520.0,2025-08-21,blocked,2021-04-28,2026-04-28
2082,1274,6757155562394764,discover,7000,2100.0,0.2002,42.0,2025-08-25,active,2024-05-22,2029-05-22
2083,1274,390951980959905,amex,19500,5850.0,0.2309,117.0,2025-08-28,active,2024-04-19,2027-04-19
2084,1275,5510315308703302,mastercard,90500,45250.0,0.1829,905.0,2025-08-17,active,2024-11-17,2028-11-17
2085,1275,6064108091072996,discover,71000,21300.0,0.1429,426.0,2025-08-26,expired,2025-03-09,2028-03-09
2086,1275,6034349171003570,discover,44500,4450.0,0.1495,89.0,2025-08-09,expired,2024-12-17,2029-12-17
2087,1276,337475063685399,amex,24000,7200.0,0.1719,144.0,2025-08-08,active,2024-11-23,2029-11-23
2088,1276,5411525641650643,mastercard,38500,11550.0,0.1649,231.0,2025-08-03,active,2024-12-15,2027-12-15
2089,1277,5682725639300922,mastercard,30500,0.0,0.1319,25,2025-08-17,active,2024-02-20,2027-02-20
2090,1277,6317421152192693,discover,26500,2650.0,0.1951,53.0,2025-08-17,active,2024-12-05,2027-12-05
2091,1278,4310398688635941,visa,26500,2650.0,0.1212,53.0,2025-08-27,active,2022-06-14,2025-06-14
2092,1279,5770964225638516,mastercard,73000,7300.0,0.1342,146.0,2025-08-04,active,2020-11-15,2023-11-15
2093,1279,5381454032741546,mastercard,92500,9250.0,0.1402,185.0,2025-08-13,active,2022-02-14,2025-02-14
2094,1280,5074411486297832,mastercard,37000,29600.0,0.2353,592.0,2025-08-12,active,2025-05-04,2030-05-04
2095,1280,4660400989368701,visa,15000,1500.0,0.1299,30.0,2025-08-13,active,2025-02-07,2028-02-07
2096,1281,6440005431222649,discover,12000,6000.0,0.1402,120.0,2025-08-07,active,2024-05-26,2027-05-26
2097,1282,4389347649952325,visa,48000,14400.0,0.1815,288.0,2025-08-22,active,2024-03-13,2029-03-13
2098,1283,4648435145462605,visa,100000,50000.0,0.1854,1000.0,2025-08-13,active,2025-07-01,2028-07-01
2099,1283,4890347744995853,visa,70000,21000.0,0.2179,420.0,2025-08-27,active,2025-06-01,2028-06-01
2100,1284,5212161762519731,mastercard,3000,900.0,0.2232,25,2025-08-23,active,2025-05-29,2028-05-29
2101,1285,5652810074988871,mastercard,24000,22800.0,0.1663,456.0,2025-08-18,active,2025-08-01,2028-08-01
2102,1285,4086665815393622,visa,25500,2550.0,0.2202,51.0,2025-08-31,active,2025-07-26,2028-07-26
2103,1286,349465920548885,amex,26500,7950.0,0.2372,159.0,2025-08-06,active,2021-07-19,2025-07-19
2104,1287,4772692523209966,visa,44500,13350.0,0.2479,267.0,2025-08-30,active,2024-05-19,2028-05-19
2105,1287,4200840758822272,visa,75000,22500.0,0.1617,450.0,2025-08-21,active,2024-11-05,2029-11-05
2106,1287,387873405386767,amex,16500,4950.0,0.2079,99.0,2025-08-29,active,2025-04-01,2028-04-01
2107,1288,6728036719994650,discover,8500,2550.0,0.1451,51.0,2025-08-12,active,2023-07-06,2026-07-06
2108,1290,6083406262953644,discover,23500,2350.0,0.19,47.0,2025-08-17,active,2024-04-29,2028-04-29
2109,1291,318836808988093,amex,42500,4250.0,0.1771,85.0,2025-08-14,active,2025-01-29,2028-01-29
2110,1291,4755253912552500,visa,47000,23500.0,0.1266,470.0,2025-08-20,active,2025-06-30,2028-06-30
2111,1292,6027870332158363,discover,29000,8700.0,0.2118,174.0,2025-08-21,active,2022-12-23,2025-12-23
2112,1292,6743604898833628,discover,82000,24600.0,0.2152,492.0,2025-08-12,active,2023-05-24,2027-05-24
2113,1293,6188806951319142,discover,6500,1950.0,0.1782,39.0,2025-08-08,active,2025-01-09,2029-01-09
2114,1293,6386461078127794,discover,21000,2100.0,0.1813,42.0,2025-08-12,active,2025-03-06,2028-03-06
2115,1294,5391627049141856,mastercard,20000,6000.0,0.1508,120.0,2025-08-08,active,2022-08-29,2025-08-29
2116,1295,5900372470941951,mastercard,23000,6900.0,0.1835,138.0,2025-08-12,active,2022-12-29,2025-12-29
2117,1295,4359205708392263,visa,66000,0.0,0.127,25,2025-08-18,active,2021-11-28,2024-11-28
2118,1296,6429461257981233,discover,33000,16500.0,0.1748,330.0,2025-08-02,active,2022-11-06,2027-11-06
2119,1297,363114021530804,amex,78000,23400.0,0.1797,468.0,2025-08-15,active,2022-07-24,2025-07-24
2120,1297,4289332345422317,visa,94000,28200.0,0.1343,564.0,2025-08-14,active,2025-01-18,2030-01-18
2121,1298,6565707621416350,discover,26000,2600.0,0.1569,52.0,2025-08-04,blocked,2024-03-01,2027-03-01
2122,1299,4064558200941244,visa,8000,4000.0,0.1688,80.0,2025-08-21,active,2025-06-01,2028-06-01
2123,1300,5387983232367709,mastercard,34000,10200.0,0.2266,204.0,2025-08-08,active,2024-05-03,2029-05-03
2124,1300,4701358812155524,visa,98500,9850.0,0.2005,197.0,2025-08-29,active,2024-05-20,2029-05-20
2125,1301,4618804112126109,visa,17500,1750.0,0.203,35.0,2025-08-15,active,2025-04-14,2030-04-14
2126,1301,6746977803493163,discover,5500,2750.0,0.247,55.0,2025-08-24,active,2025-05-10,2030-05-10
2127,1302,4857471771556489,visa,44000,13200.0,0.1529,264.0,2025-08-06,active,2025-06-14,2029-06-14
2128,1302,6318158996099326,discover,35000,3500.0,0.1455,70.0,2025-08-21,active,2024-10-07,2028-10-07
2129,1302,5401521738101897,mastercard,26000,13000.0,0.1467,260.0,2025-08-22,active,2024-10-26,2029-10-26
2130,1303,389996739031697,amex,7000,2100.0,0.2291,42.0,2025-08-05,blocked,2025-07-11,2028-07-11
2131,1303,307343190857346,amex,26500,7950.0,0.2342,159.0,2025-08-15,active,2025-05-31,2030-05-31
2132,1304,4154227095577200,visa,39500,11850.0,0.2103,237.0,2025-08-15,active,2025-07-01,2029-07-01
2133,1305,6435382018776712,discover,16000,4800.0,0.2401,96.0,2025-08-10,active,2024-08-17,2028-08-17
2134,1306,4270736620627244,visa,29000,8700.0,0.2273,174.0,2025-08-20,expired,2024-12-19,2027-12-19
2135,1306,307162392526555,amex,61500,18450.0,0.1777,369.0,2025-08-12,blocked,2025-04-20,2030-04-20
2136,1307,5005655530407439,mastercard,30000,3000.0,0.1796,60.0,2025-08-30,active,2022-10-24,2027-10-24
2137,1308,5359242384482328,mastercard,17500,14000.0,0.1326,280.0,2025-08-17,active,2024-03-13,2027-03-13
2138,1308,4186893839543457,visa,15500,4650.0,0.1301,93.0,2025-08-28,active,2024-10-15,2029-10-15
2139,1309,4588704919318732,visa,22000,6600.0,0.145,132.0,2025-08-05,active,2024-10-24,2029-10-24
2140,1310,5344059389833337,mastercard,19000,15200.0,0.1833,304.0,2025-08-23,active,2025-04-21,2030-04-21
2141,1311,5998959814880595,mastercard,9500,950.0,0.1645,25,2025-08-17,active,2024-08-08,2028-08-08
2142,1312,6300636470487042,discover,20000,10000.0,0.1258,200.0,2025-08-10,blocked,2024-11-11,2029-11-11
2143,1313,5944763377993804,mastercard,23500,2350.0,0.222,47.0,2025-08-05,active,2025-01-07,2029-01-07
2144,1314,4491917997057973,visa,100000,30000.0,0.1855,600.0,2025-08-25,active,2025-04-13,2028-04-13
2145,1314,6225578419032221,discover,100000,80000.0,0.2272,1600.0,2025-08-18,active,2025-04-17,2028-04-17
2146,1315,6607094195724168,discover,55000,0.0,0.186,25,2025-08-23,active,2024-10-22,2029-10-22
2147,1315,6981053405347492,discover,25500,12750.0,0.2273,255.0,2025-08-08,active,2025-06-26,2030-06-26
2148,1316,5456513907267453,mastercard,38000,11400.0,0.1688,228.0,2025-08-12,active,2025-04-30,2030-04-30
2149,1317,4271522737226386,visa,6500,3250.0,0.1343,65.0,2025-08-19,active,2023-07-01,2027-07-01
2150,1318,4781052450357835,visa,27500,2750.0,0.1293,55.0,2025-08-05,blocked,2024-12-24,2027-12-24
2151,1318,379614440057997,amex,40500,20250.0,0.1308,405.0,2025-08-12,active,2024-12-16,2027-12-16
2152,1319,4746550653020068,visa,64500,0.0,0.2047,25,2025-08-08,active,2024-03-21,2028-03-21
2153,1319,322470428485013,amex,26000,13000.0,0.1379,260.0,2025-08-12,active,2024-03-18,2028-03-18
2154,1320,4858752193269446,visa,24000,0.0,0.1329,25,2025-08-06,active,2025-03-16,2028-03-16
2155,1320,4976583571786208,visa,74500,59600.0,0.1424,1192.0,2025-08-20,active,2025-07-05,2030-07-05
2156,1320,5294807426890175,mastercard,64000,6400.0,0.1806,128.0,2025-08-13,active,2025-01-12,2028-01-12
2157,1321,6815736640968012,discover,10500,3150.0,0.1473,63.0,2025-08-02,expired,2024-12-23,2027-12-23
2158,1321,6047659544088885,discover,39500,31600.0,0.1456,632.0,2025-08-17,active,2025-07-31,2028-07-31
2159,1322,4808482960462087,visa,58000,0.0,0.1596,25,2025-08-06,active,2023-11-06,2028-11-06
2160,1322,339768252381547,amex,41000,4100.0,0.2115,82.0,2025-08-27,active,2024-04-07,2027-04-07
2161,1322,6553835065413907,discover,60000,48000.0,0.1523,960.0,2025-08-20,active,2024-01-31,2028-01-31
2162,1322,5221237032288897,mastercard,22000,11000.0,0.1435,220.0,2025-08-23,active,2022-11-17,2027-11-17
2163,1323,6108410697775323,discover,29000,2900.0,0.1449,58.0,2025-08-22,active,2025-04-27,2029-04-27
2164,1324,4785722804369174,visa,10000,1000.0,0.1476,25,2025-08-31,active,2024-06-03,2029-06-03
2165,1325,4918098174552753,visa,37000,11100.0,0.2356,222.0,2025-08-10,blocked,2025-05-30,2028-05-30
2166,1325,5362864116927703,mastercard,57500,5750.0,0.1503,115.0,2025-08-25,active,2025-06-14,2030-06-14
2167,1325,6490365716889729,discover,20000,6000.0,0.1294,120.0,2025-08-02,active,2025-07-09,2028-07-09
2168,1326,305744870381717,amex,37000,29600.0,0.1578,592.0,2025-08-30,blocked,2024-03-17,2028-03-17
2169,1326,5328533736230576,mastercard,51000,25500.0,0.1265,510.0,2025-08-29,active,2023-11-18,2028-11-18
2170,1326,5185852186253956,mastercard,28500,8550.0,0.1543,171.0,2025-08-23,active,2024-01-21,2029-01-21
2171,1327,390934269263444,amex,4500,450.0,0.1526,25,2025-08-31,active,2023-10-08,2026-10-08
2172,1328,6019377286756680,discover,18500,5550.0,0.1602,111.0,2025-08-24,active,2025-06-23,2028-06-23
2173,1329,4780655026472231,visa,100000,0.0,0.2085,25,2025-08-27,active,2024-02-09,2028-02-09
2174,1329,6579667581343447,discover,40500,32400.0,0.1694,648.0,2025-08-07,active,2024-08-12,2029-08-12
2175,1329,6378612045977674,discover,100000,30000.0,0.2005,600.0,2025-08-31,active,2023-07-15,2027-07-15
2176,1329,5519115565292781,mastercard,74500,59600.0,0.1727,1192.0,2025-08-10,active,2025-02-21,2028-02-21
2177,1330,6933839502786263,discover,26500,7950.0,0.2329,159.0,2025-08-10,blocked,2025-03-12,2030-03-12
2178,1331,6851412011906773,discover,48500,0.0,0.1615,25,2025-08-23,active,2024-04-26,2029-04-26
2179,1332,6611558497384008,discover,13000,1300.0,0.2277,26.0,2025-08-13,active,2023-06-25,2026-06-25
2180,1333,6667861986645338,discover,14500,4350.0,0.1495,87.0,2025-08-05,active,2025-04-24,2029-04-24
2181,1334,6031077735339641,discover,65500,6550.0,0.1318,131.0,2025-08-17,active,2024-10-12,2028-10-12
2182,1334,4272099352512098,visa,43500,21750.0,0.1643,435.0,2025-08-31,active,2025-01-14,2029-01-14
2183,1335,6587012808703411,discover,31000,0.0,0.19,25,2025-08-04,active,2024-09-16,2027-09-16
2184,1336,5527800560886384,mastercard,19500,1950.0,0.2447,39.0,2025-08-06,active,2022-07-17,2027-07-17
2185,1337,374690579232183,amex,23000,6900.0,0.1825,138.0,2025-08-24,active,2025-07-05,2029-07-05
2186,1337,5356241951786318,mastercard,96500,9650.0,0.1802,193.0,2025-08-14,active,2025-07-27,2028-07-27
2187,1338,6737995688085966,discover,13000,3900.0,0.1354,78.0,2025-08-14,active,2024-06-28,2027-06-28
2188,1339,6864801051184264,discover,28000,8400.0,0.1206,168.0,2025-08-06,active,2023-06-24,2028-06-24
2189,1340,378808352627382,amex,57500,5750.0,0.2463,115.0,2025-08-02,active,2025-07-07,2029-07-07
2190,1340,5509179261198095,mastercard,71500,0.0,0.1278,25,2025-08-14,active,2025-07-06,2030-07-06
2191,1341,5673654019731112,mastercard,17500,1750.0,0.1384,35.0,2025-08-16,active,2022-11-11,2027-11-11
2192,1342,319938927334095,amex,32000,0.0,0.1518,25,2025-08-11,active,2024-05-02,2028-05-02
2193,1342,6624299663907426,discover,27500,13750.0,0.1474,275.0,2025-08-31,active,2023-09-08,2026-09-08
2194,1343,4023706093141733,visa,18000,9000.0,0.1408,180.0,2025-08-20,active,2025-07-01,2028-07-01
2195,1344,397515238589725,amex,41000,4100.0,0.1794,82.0,2025-08-04,active,2022-04-10,2026-04-10
2196,1344,5709031346443901,mastercard,16500,4950.0,0.2305,99.0,2025-08-09,active,2023-12-31,2028-12-31
2197,1345,5265090128184893,mastercard,15000,12000.0,0.1634,240.0,2025-08-29,active,2025-02-12,2029-02-12
2198,1346,4679913468060656,visa,100000,0.0,0.1346,25,2025-08-31,active,2022-03-28,2025-03-28
2199,1346,6723406887727538,discover,66500,6650.0,0.1914,133.0,2025-08-24,active,2024-03-20,2028-03-20
2200,1347,321808931698237,amex,48500,24250.0,0.246,485.0,2025-08-11,active,2024-07-30,2027-07-30
2201,1347,6680735267565298,discover,64000,0.0,0.1516,25,2025-08-31,active,2022-07-15,2026-07-15
2202,1348,360510019950098,amex,15500,7750.0,0.1714,155.0,2025-08-29,active,2025-05-14,2028-05-14
2203,1349,5059354157239742,mastercard,34000,10200.0,0.2491,204.0,2025-08-06,active,2025-02-15,2029-02-15
2204,1349,397465198465631,amex,41000,0.0,0.2231,25,2025-08-07,active,2025-04-30,2028-04-30
2205,1350,6894172635288280,discover,26000,20800.0,0.1888,416.0,2025-08-29,active,2025-07-04,2030-07-04
2206,1351,4252002989042698,visa,95000,47500.0,0.1822,950.0,2025-08-07,active,2021-05-11,2026-05-11
2207,1351,4997850616131217,visa,31500,3150.0,0.2061,63.0,2025-08-28,active,2024-01-24,2029-01-24
2208,1352,5666987422338444,mastercard,44000,0.0,0.1319,25,2025-08-20,active,2023-10-03,2026-10-03
2209,1352,371170494415361,amex,56000,5600.0,0.2311,112.0,2025-08-23,active,2022-12-16,2026-12-16
2210,1353,5132181670491561,mastercard,30500,15250.0,0.2402,305.0,2025-08-06,active,2023-10-09,2026-10-09
2211,1353,316406400584451,amex,18500,1850.0,0.234,37.0,2025-08-17,active,2024-02-12,2029-02-12
2212,1354,4166497248325957,visa,15000,1500.0,0.1917,30.0,2025-08-21,active,2023-08-18,2028-08-18
2213,1355,399334582388187,amex,33000,26400.0,0.1968,528.0,2025-08-14,active,2024-06-02,2028-06-02
2214,1355,5924768072579751,mastercard,82500,24750.0,0.1621,495.0,2025-08-10,active,2024-07-12,2027-07-12
2215,1355,5136062949447272,mastercard,51500,15450.0,0.1619,309.0,2025-08-17,active,2024-09-12,2028-09-12
2216,1355,6511948933363996,discover,66000,19800.0,0.1605,396.0,2025-08-10,active,2024-04-21,2027-04-21
2217,1356,6719445959614097,discover,23500,7050.0,0.1309,141.0,2025-08-18,active,2024-11-28,2028-11-28
2218,1357,4535293227697305,visa,6000,600.0,0.1355,25,2025-08-15,active,2025-07-18,2028-07-18
2219,1358,6169174993945227,discover,42000,4200.0,0.1872,84.0,2025-08-02,active,2025-07-16,2028-07-16
2220,1358,4068873029620563,visa,38000,19000.0,0.2314,380.0,2025-08-03,active,2023-07-08,2027-07-08
2221,1359,5712882631096872,mastercard,6500,1950.0,0.126,39.0,2025-08-17,active,2023-09-24,2027-09-24
2222,1360,4682043281277317,visa,34000,32300.0,0.2083,646.0,2025-08-28,active,2023-12-18,2027-12-18
2223,1361,337887242758140,amex,38000,11400.0,0.1626,228.0,2025-08-03,active,2025-07-13,2029-07-13
2224,1362,331647059488753,amex,84000,67200.0,0.1247,1344.0,2025-08-22,active,2025-04-24,2029-04-24
2225,1362,356889322817108,amex,93500,9350.0,0.2417,187.0,2025-08-28,active,2024-08-03,2027-08-03
2226,1362,5497759336783588,mastercard,61500,0.0,0.1644,25,2025-08-20,active,2025-07-09,2029-07-09
2227,1363,4382311967647583,visa,25500,12750.0,0.1663,255.0,2025-08-14,active,2025-06-13,2028-06-13
2228,1364,5270697777308429,mastercard,65000,32500.0,0.238,650.0,2025-08-16,active,2025-03-29,2029-03-29
2229,1364,6810463632015461,discover,11500,1150.0,0.1533,25,2025-08-20,active,2024-03-10,2027-03-10
2230,1365,6731941949265118,discover,82500,24750.0,0.2423,495.0,2025-08-18,active,2022-10-06,2027-10-06
2231,1365,5152180961249201,mastercard,30000,3000.0,0.2257,60.0,2025-08-11,active,2023-12-27,2028-12-27
2232,1365,6309806572738016,discover,44000,13200.0,0.1918,264.0,2025-08-29,active,2024-10-25,2028-10-25
2233,1366,305360656815409,amex,23000,11500.0,0.209,230.0,2025-08-05,active,2024-04-11,2028-04-11
2234,1367,5292346718446173,mastercard,24500,7350.0,0.1587,147.0,2025-08-02,active,2025-01-03,2029-01-03
2235,1368,6740018476699535,discover,13500,4050.0,0.1231,81.0,2025-08-04,active,2025-02-05,2029-02-05
2236,1369,376520562247180,amex,62000,0.0,0.2485,25,2025-08-18,active,2022-10-22,2027-10-22
2237,1369,337104582609600,amex,12500,3750.0,0.1271,75.0,2025-08-24,active,2024-04-21,2028-04-21
2238,1369,5217806677481893,mastercard,35000,17500.0,0.2014,350.0,2025-08-14,active,2021-10-26,2026-10-26
2239,1370,326336189135596,amex,55000,27500.0,0.1411,550.0,2025-08-06,active,2024-03-22,2028-03-22
2240,1370,314762380267094,amex,57500,5750.0,0.1924,115.0,2025-08-16,active,2024-06-18,2027-06-18
2241,1371,318146049912936,amex,51500,25750.0,0.1391,515.0,2025-08-02,active,2023-04-26,2026-04-26
2242,1372,4134720967386675,visa,20500,6150.0,0.176,123.0,2025-08-08,active,2025-01-01,2030-01-01
2243,1373,5749914383975053,mastercard,17000,0.0,0.2401,25,2025-08-08,active,2022-06-30,2027-06-30
2244,1374,4467151188882703,visa,35000,28000.0,0.2283,560.0,2025-08-11,active,2022-03-04,2027-03-04
2245,1375,5745576639408192,mastercard,12500,0.0,0.2484,25,2025-08-27,active,2024-05-14,2028-05-14
2246,1376,394792270192467,amex,20500,6150.0,0.1609,123.0,2025-08-28,active,2025-01-06,2030-01-06
2247,1377,4935170871650817,visa,13000,1300.0,0.2243,26.0,2025-08-16,active,2024-03-20,2027-03-20
2248,1378,4694538455427244,visa,11000,1100.0,0.165,25,2025-08-08,active,2024-12-19,2028-12-19
2249,1379,5014829237925996,mastercard,18500,5550.0,0.2463,111.0,2025-08-12,active,2024-11-13,2028-11-13
2250,1379,4655865115035558,visa,15000,1500.0,0.2081,30.0,2025-08-23,expired,2022-06-14,2027-06-14
2251,1380,4567721360084380,visa,6000,600.0,0.1753,25,2025-08-09,active,2021-04-28,2026-04-28
2252,1381,5691099787219163,mastercard,6000,1800.0,0.2058,36.0,2025-08-21,active,2022-01-02,2027-01-02
2253,1382,4472153570093587,visa,13500,4050.0,0.2378,81.0,2025-08-30,active,2025-02-18,2029-02-18
2254,1382,350187890052994,amex,11000,3300.0,0.137,66.0,2025-08-13,active,2025-03-06,2028-03-06
2255,1383,5321243025833036,mastercard,6500,650.0,0.1376,25,2025-08-17,active,2024-02-18,2027-02-18
2256,1384,6447309811078087,discover,2500,250.0,0.1825,25,2025-08-11,active,2025-08-01,2029-08-01
2257,1385,5357843701180336,mastercard,28000,8400.0,0.1466,168.0,2025-08-08,active,2025-04-12,2028-04-12
2258,1385,4503351163784573,visa,93500,0.0,0.1657,25,2025-08-29,active,2024-01-02,2027-01-02
2259,1385,5602732269927287,mastercard,32000,9600.0,0.144,192.0,2025-08-11,active,2022-12-02,2025-12-02
2260,1385,311029394099656,amex,13000,3900.0,0.1939,78.0,2025-08-13,active,2024-02-28,2029-02-28
2261,1386,4713032928442213,visa,19000,5700.0,0.2157,114.0,2025-08-08,active,2024-09-25,2028-09-25
2262,1387,4004295603029309,visa,29000,2900.0,0.1837,58.0,2025-08-07,active,2022-07-02,2027-07-02
2263,1387,5002556931860623,mastercard,4500,1350.0,0.2225,27.0,2025-08-10,active,2025-03-07,2030-03-07
2264,1388,5053596276300976,mastercard,22500,6750.0,0.2409,135.0,2025-08-22,active,2025-07-05,2028-07-05
2265,1388,6674881391420375,discover,14000,4200.0,0.2001,84.0,2025-08-11,active,2025-07-07,2029-07-07
2266,1389,4398878429533718,visa,8000,800.0,0.2354,25,2025-08-26,active,2024-07-19,2028-07-19
2267,1390,363802852120041,amex,6500,1950.0,0.2413,39.0,2025-08-30,active,2024-06-09,2028-06-09
2268,1390,359648703218703,amex,20500,0.0,0.2146,25,2025-08-25,active,2025-01-10,2029-01-10
2269,1391,5359402169806813,mastercard,23000,6900.0,0.1706,138.0,2025-08-23,active,2024-01-18,2029-01-18
2270,1391,346265561577235,amex,17500,1750.0,0.2306,35.0,2025-08-17,active,2024-12-08,2028-12-08
2271,1392,5705994461735360,mastercard,16500,1650.0,0.185,33.0,2025-08-11,active,2025-06-23,2030-06-23
2272,1393,309126028700711,amex,47000,14100.0,0.2425,282.0,2025-08-18,active,2022-10-20,2026-10-20
2273,1393,5586998008814848,mastercard,75000,37500.0,0.2093,750.0,2025-08-28,active,2024-05-26,2028-05-26
2274,1393,322960691382172,amex,18000,0.0,0.2094,25,2025-08-19,active,2024-05-30,2027-05-30
2275,1394,6756765948637878,discover,61500,6150.0,0.1967,123.0,2025-08-16,blocked,2024-05-22,2028-05-22
2276,1394,6248187063378747,discover,64500,51600.0,0.1735,1032.0,2025-08-26,active,2023-11-03,2028-11-03
2277,1395,4361593640762028,visa,100000,30000.0,0.1238,600.0,2025-08-11,active,2025-07-14,2030-07-14
2278,1395,6241324591231414,discover,100000,50000.0,0.2255,1000.0,2025-08-18,active,2025-07-15,2028-07-15
2279,1396,4434382500869920,visa,21500,10750.0,0.1278,215.0,2025-08-10,active,2024-08-05,2027-08-05
2280,1396,5834942835270607,mastercard,12000,3600.0,0.2146,72.0,2025-08-04,active,2024-12-19,2029-12-19
2281,1397,6917032422341779,discover,21000,2100.0,0.2172,42.0,2025-08-23,active,2025-01-31,2030-01-31
2282,1397,359609012717209,amex,8000,800.0,0.1403,25,2025-08-26,active,2025-04-11,2028-04-11
2283,1398,321199717862561,amex,7500,7125.0,0.1513,142.5,2025-08-19,active,2024-03-19,2028-03-19
2284,1399,304569606285367,amex,44000,4400.0,0.1421,88.0,2025-08-22,active,2025-03-27,2030-03-27
2285,1400,4136354313311270,visa,57000,17100.0,0.2228,342.0,2025-08-12,active,2025-04-02,2030-04-02
2286,1400,5990497910303379,mastercard,53000,15900.0,0.1726,318.0,2025-08-18,active,2025-06-29,2028-06-29
2287,1401,4644093057761406,visa,18500,1850.0,0.1229,37.0,2025-08-13,active,2023-07-23,2027-07-23
2288,1402,308851744441388,amex,12000,11400.0,0.1611,228.0,2025-08-22,active,2025-05-09,2028-05-09
2289,1403,6373380617799890,discover,29500,2950.0,0.1895,59.0,2025-08-04,blocked,2024-03-13,2027-03-13
2290,1404,307614048687169,amex,51000,0.0,0.2422,25,2025-08-09,expired,2023-06-11,2027-06-11
2291,1404,4092009114989216,visa,52000,5200.0,0.2344,104.0,2025-08-20,expired,2024-10-31,2028-10-31
2292,1405,6939836469061096,discover,97500,29250.0,0.2365,585.0,2025-08-18,active,2025-04-02,2028-04-02
2293,1405,5822353755727059,mastercard,100000,50000.0,0.1612,1000.0,2025-08-22,active,2025-04-14,2030-04-14
2294,1405,6206965776778871,discover,100000,80000.0,0.1866,1600.0,2025-08-10,active,2025-04-22,2028-04-22
2295,1405,5006632956898657,mastercard,96000,28800.0,0.2425,576.0,2025-08-20,active,2025-05-07,2030-05-07
2296,1406,4619750038140438,visa,47000,23500.0,0.1315,470.0,2025-08-29,active,2025-05-18,2028-05-18
2297,1406,4583534858425561,visa,43000,34400.0,0.2497,688.0,2025-08-16,blocked,2025-01-03,2028-01-03
2298,1406,6601832579816953,discover,38500,19250.0,0.1394,385.0,2025-08-23,active,2025-07-11,2029-07-11
2299,1406,6042599040193958,discover,78000,23400.0,0.1304,468.0,2025-08-25,active,2025-06-05,2030-06-05
2300,1407,357434259512286,amex,15500,1550.0,0.1385,31.0,2025-08-26,active,2024-10-13,2028-10-13
2301,1408,5106286852100735,mastercard,100000,50000.0,0.1299,1000.0,2025-08-07,active,2024-02-02,2027-02-02
2302,1408,6044148224302595,discover,100000,50000.0,0.1925,1000.0,2025-08-30,blocked,2023-07-28,2028-07-28
2303,1408,5974260855026259,mastercard,67000,20100.0,0.1546,402.0,2025-08-23,expired,2024-03-04,2027-03-04
2304,1409,395691720703679,amex,29000,2900.0,0.198,58.0,2025-08-08,active,2025-03-08,2030-03-08
2305,1409,4152773748118448,visa,15500,7750.0,0.1954,155.0,2025-08-02,active,2025-01-03,2030-01-03
2306,1410,4900255878257313,visa,40000,4000.0,0.1403,80.0,2025-08-27,active,2025-05-07,2028-05-07
2307,1410,5540533401647850,mastercard,22000,11000.0,0.2012,220.0,2025-08-25,active,2025-06-27,2028-06-27
2308,1411,310214654819322,amex,43000,4300.0,0.2228,86.0,2025-08-14,blocked,2025-04-03,2028-04-03
2309,1411,301917798795047,amex,12000,1200.0,0.1241,25,2025-08-29,expired,2024-08-07,2029-08-07
2310,1412,4177591748909239,visa,26000,13000.0,0.2345,260.0,2025-08-24,active,2025-03-31,2029-03-31
2311,1413,4660579652739831,visa,2500,2000.0,0.1408,40.0,2025-08-29,active,2025-04-27,2028-04-27
2312,1414,4898701624445169,visa,4500,3600.0,0.148,72.0,2025-08-02,active,2023-08-07,2026-08-07
2313,1415,6853150274393919,discover,38500,3850.0,0.2163,77.0,2025-08-13,active,2022-10-30,2027-10-30
2314,1416,5095279586072509,mastercard,56500,0.0,0.2027,25,2025-08-23,active,2023-06-27,2026-06-27
2315,1416,4682205384528134,visa,49500,0.0,0.1612,25,2025-08-28,active,2025-01-17,2030-01-17
2316,1417,5266103821186205,mastercard,8500,4250.0,0.2074,85.0,2025-08-13,active,2025-05-04,2028-05-04
2317,1418,6294264977070345,discover,13500,6750.0,0.1294,135.0,2025-08-13,active,2024-02-25,2027-02-25
2318,1419,4691957594190454,visa,33500,26800.0,0.1619,536.0,2025-08-25,active,2022-09-26,2026-09-26
2319,1419,5409886661187007,mastercard,56000,28000.0,0.2205,560.0,2025-08-19,active,2023-12-21,2028-12-21
2320,1420,5031556775216359,mastercard,16500,4950.0,0.2014,99.0,2025-08-25,active,2025-03-25,2028-03-25
2321,1421,6654788915593989,discover,19500,15600.0,0.2427,312.0,2025-08-23,active,2024-03-11,2028-03-11
2322,1421,380742212037360,amex,10000,1000.0,0.1593,25,2025-08-07,blocked,2021-08-22,2024-08-22
2323,1422,320417939538430,amex,38000,11400.0,0.2096,228.0,2025-08-11,active,2023-05-20,2026-05-20
2324,1422,314903331393605,amex,21500,0.0,0.1393,25,2025-08-26,active,2024-07-31,2028-07-31
2325,1423,6762386582630161,discover,13500,1350.0,0.1446,27.0,2025-08-27,active,2025-05-05,2028-05-05
2326,1423,326340547551569,amex,38500,19250.0,0.2498,385.0,2025-08-07,active,2025-05-10,2028-05-10
2327,1424,4280919177019827,visa,18500,9250.0,0.245,185.0,2025-08-05,active,2023-06-26,2028-06-26
2328,1424,387661217744415,amex,41500,12450.0,0.1785,249.0,2025-08-08,blocked,2023-01-02,2027-01-02
2329,1424,398248132818012,amex,85500,42750.0,0.1676,855.0,2025-08-18,active,2024-05-04,2029-05-04
2330,1425,5640714913104652,mastercard,23000,2300.0,0.1272,46.0,2025-08-25,active,2024-04-29,2028-04-29
2331,1426,4290382651294729,visa,18500,9250.0,0.1727,185.0,2025-08-09,active,2024-01-11,2027-01-11
2332,1427,311391222761584,amex,28000,22400.0,0.2107,448.0,2025-08-04,blocked,2022-07-09,2026-07-09
2333,1428,5231858313297570,mastercard,60000,18000.0,0.2397,360.0,2025-08-02,active,2023-01-26,2027-01-26
2334,1428,4485436274818731,visa,59000,17700.0,0.192,354.0,2025-08-26,active,2024-08-19,2029-08-19
2335,1429,368519261758692,amex,30500,3050.0,0.2125,61.0,2025-08-07,active,2024-11-21,2029-11-21
2336,1429,5916102811117040,mastercard,10000,3000.0,0.2364,60.0,2025-08-19,active,2024-08-31,2029-08-31
2337,1430,4521702073970163,visa,50000,15000.0,0.1369,300.0,2025-08-12,active,2025-02-12,2029-02-12
2338,1430,6719676741660648,discover,17000,0.0,0.2473,25,2025-08-28,active,2025-04-08,2030-04-08
2339,1430,342450498864538,amex,54500,16350.0,0.2486,327.0,2025-08-25,active,2025-04-30,2030-04-30
2340,1430,5766731552541783,mastercard,20500,6150.0,0.1302,123.0,2025-08-14,expired,2025-02-27,2028-02-27
2341,1431,4634585697710456,visa,28000,8400.0,0.2347,168.0,2025-08-07,active,2025-06-12,2030-06-12
2342,1431,323592887005251,amex,34000,3400.0,0.1437,68.0,2025-08-31,expired,2025-01-12,2029-01-12
2343,1432,4821140848742615,visa,15500,7750.0,0.1808,155.0,2025-08-27,active,2025-07-22,2029-07-22
2344,1433,373320061193689,amex,74000,7400.0,0.1998,148.0,2025-08-23,active,2024-12-07,2027-12-07
2345,1433,4233523584596383,visa,100000,95000.0,0.1709,1900.0,2025-08-16,active,2025-05-31,2029-05-31
2346,1433,4555613960475104,visa,100000,10000.0,0.223,200.0,2025-08-12,expired,2024-06-26,2028-06-26
2347,1434,5335717685384994,mastercard,21000,16800.0,0.2156,336.0,2025-08-10,active,2022-02-22,2027-02-22
2348,1435,6280927714004640,discover,18000,5400.0,0.1982,108.0,2025-08-05,expired,2025-04-24,2029-04-24
2349,1435,375245216420118,amex,23500,2350.0,0.142,47.0,2025-08-23,active,2023-12-22,2028-12-22
2350,1436,321121594633381,amex,32500,9750.0,0.2071,195.0,2025-08-10,active,2024-12-10,2029-12-10
2351,1436,4177069053370193,visa,93000,74400.0,0.1984,1488.0,2025-08-25,active,2024-09-05,2027-09-05
2352,1436,314364629690545,amex,78500,23550.0,0.1966,471.0,2025-08-27,active,2024-02-14,2027-02-14
2353,1437,304760830735460,amex,9000,7200.0,0.1834,144.0,2025-08-16,active,2022-01-03,2027-01-03
2354,1439,364492559334886,amex,33000,16500.0,0.1601,330.0,2025-08-19,active,2024-02-15,2028-02-15
2355,1439,6646531759596274,discover,14500,11600.0,0.1501,232.0,2025-08-23,active,2021-08-28,2024-08-28
2356,1440,5703752696857539,mastercard,26000,2600.0,0.2036,52.0,2025-08-05,active,2021-01-04,2025-01-04
2357,1440,5327661639848117,mastercard,15500,4650.0,0.164,93.0,2025-08-07,active,2021-07-01,2024-07-01
2358,1441,5246063981808554,mastercard,56000,28000.0,0.2206,560.0,2025-08-02,active,2022-01-11,2025-01-11
2359,1441,6007894935061772,discover,63500,6350.0,0.1374,127.0,2025-08-16,active,2022-03-19,2027-03-19
2360,1442,379681032022401,amex,26500,13250.0,0.2083,265.0,2025-08-19,active,2025-05-11,2028-05-11
2361,1443,331246740094043,amex,14500,11600.0,0.1331,232.0,2025-08-11,active,2025-06-03,2030-06-03
2362,1444,5606340513005723,mastercard,10000,3000.0,0.1468,60.0,2025-08-16,expired,2025-06-07,2029-06-07
2363,1445,4671629968175481,visa,17000,1700.0,0.2262,34.0,2025-08-22,active,2024-01-10,2028-01-10
2364,1446,4560232474687927,visa,55000,44000.0,0.1655,880.0,2025-08-25,active,2023-10-28,2028-10-28
2365,1447,6978087841786793,discover,20500,2050.0,0.1766,41.0,2025-08-09,active,2025-06-26,2028-06-26
2366,1447,372020352104811,amex,51500,25750.0,0.1888,515.0,2025-08-04,active,2024-06-26,2028-06-26
2367,1448,5313863492352493,mastercard,64500,51600.0,0.2245,1032.0,2025-08-03,blocked,2025-06-28,2030-06-28
2368,1448,310301640403976,amex,14500,1450.0,0.1344,29.0,2025-08-31,active,2025-05-13,2028-05-13
2369,1449,4148219912062441,visa,6500,650.0,0.2176,25,2025-08-04,active,2025-07-14,2029-07-14
2370,1450,4509957568113431,visa,35000,3500.0,0.2283,70.0,2025-08-21,active,2022-11-22,2025-11-22
2371,1450,5822359634726247,mastercard,14500,4350.0,0.2192,87.0,2025-08-09,active,2021-07-31,2026-07-31
2372,1451,6308724036480025,discover,41000,4100.0,0.1761,82.0,2025-08-10,blocked,2023-11-11,2026-11-11
2373,1452,6651727753291236,discover,23000,6900.0,0.1632,138.0,2025-08-11,active,2023-05-26,2028-05-26
2374,1452,4159038240309228,visa,12000,1200.0,0.1462,25,2025-08-10,expired,2022-11-01,2026-11-01
2375,1453,4669580494066446,visa,34000,0.0,0.1631,25,2025-08-05,active,2025-06-18,2028-06-18
2376,1454,4288349284455074,visa,48000,45600.0,0.2263,912.0,2025-08-23,active,2025-07-19,2028-07-19
2377,1454,6944000105689779,discover,58500,0.0,0.242,25,2025-08-25,active,2025-05-04,2028-05-04
2378,1455,322169689286979,amex,29500,2950.0,0.1504,59.0,2025-08-11,active,2024-09-03,2029-09-03
2379,1456,5572231526057948,mastercard,25000,20000.0,0.1794,400.0,2025-08-18,active,2020-12-31,2024-12-31
2380,1456,344751245737984,amex,5500,0.0,0.2115,25,2025-08-06,active,2023-06-25,2026-06-25
2381,1457,6078961783225091,discover,14500,7250.0,0.2269,145.0,2025-08-16,active,2024-08-29,2029-08-29
2382,1457,5260175426988320,mastercard,13000,1300.0,0.2273,26.0,2025-08-04,active,2025-05-07,2030-05-07
2383,1458,4618456727857302,visa,26000,2600.0,0.2168,52.0,2025-08-28,active,2024-08-07,2029-08-07
2384,1459,6733909213701832,discover,25500,0.0,0.1214,25,2025-08-31,active,2025-07-05,2029-07-05
2385,1460,6434188157651502,discover,24000,2400.0,0.1722,48.0,2025-08-10,blocked,2023-07-28,2028-07-28
2386,1460,315176386189085,amex,31000,3100.0,0.202,62.0,2025-08-09,active,2024-02-22,2027-02-22
2387,1461,359953972056006,amex,57000,5700.0,0.2305,114.0,2025-08-02,active,2025-07-01,2029-07-01
2388,1462,5967071060113032,mastercard,61500,18450.0,0.2488,369.0,2025-08-07,active,2025-05-01,2028-05-01
2389,1462,6453656026741216,discover,53000,5300.0,0.1415,106.0,2025-08-12,active,2025-05-09,2030-05-09
2390,1463,5972484396099607,mastercard,49000,39200.0,0.1955,784.0,2025-08-04,active,2025-04-19,2028-04-19
2391,1463,4710816535985153,visa,100000,10000.0,0.1281,200.0,2025-08-21,active,2025-07-16,2028-07-16
2392,1464,395015280064861,amex,21000,2100.0,0.1781,42.0,2025-08-16,active,2025-07-13,2029-07-13
2393,1465,369649289638999,amex,90000,27000.0,0.1214,540.0,2025-08-07,active,2025-05-05,2030-05-05
2394,1465,5005476424944282,mastercard,44500,13350.0,0.2367,267.0,2025-08-30,active,2025-07-10,2028-07-10
2395,1465,5669178272972136,mastercard,41500,0.0,0.1712,25,2025-08-02,active,2024-10-18,2029-10-18
2396,1466,301240403417609,amex,22000,0.0,0.1461,25,2025-08-17,active,2025-02-08,2028-02-08
2397,1467,4470420866478635,visa,12500,1250.0,0.2092,25,2025-08-09,active,2025-07-08,2030-07-08
2398,1467,5694153543187050,mastercard,29000,14500.0,0.2264,290.0,2025-08-30,active,2025-05-29,2030-05-29
2399,1468,5224084074938341,mastercard,36000,10800.0,0.2344,216.0,2025-08-29,active,2023-01-22,2026-01-22
2400,1468,6440291332276039,discover,16500,8250.0,0.1932,165.0,2025-08-31,active,2021-10-15,2024-10-15
2401,1469,5855129986631805,mastercard,32000,3200.0,0.2242,64.0,2025-08-02,active,2024-01-01,2027-01-01
2402,1470,6350773188593775,discover,10000,3000.0,0.1657,60.0,2025-08-23,active,2024-10-24,2027-10-24
2403,1471,333243350698443,amex,41000,32800.0,0.1873,656.0,2025-08-02,active,2023-08-27,2028-08-27
2404,1471,4278066448567868,visa,60000,18000.0,0.1718,360.0,2025-08-18,active,2024-09-18,2027-09-18
2405,1472,4118360637055456,visa,18000,9000.0,0.1635,180.0,2025-08-22,active,2023-09-05,2026-09-05
2406,1473,6145094138225814,discover,94000,28200.0,0.131,564.0,2025-08-02,expired,2025-07-08,2028-07-08
2407,1473,304428164580810,amex,72000,21600.0,0.1716,432.0,2025-08-09,blocked,2025-06-28,2030-06-28
2408,1474,6344556582476825,discover,38500,19250.0,0.1664,385.0,2025-08-17,active,2025-01-26,2029-01-26
2409,1476,4268496777619202,visa,71000,7100.0,0.1722,142.0,2025-08-16,active,2025-01-24,2029-01-24
2410,1476,6943193667116253,discover,42000,4200.0,0.1376,84.0,2025-08-21,active,2024-09-21,2027-09-21
2411,1477,4879375937275131,visa,37000,3700.0,0.2163,74.0,2025-08-06,active,2024-08-05,2029-08-05
2412,1477,377854079453934,amex,32500,26000.0,0.144,520.0,2025-08-08,active,2023-03-28,2026-03-28
2413,1477,5850696720647405,mastercard,23500,7050.0,0.1221,141.0,2025-08-17,active,2024-11-02,2029-11-02
2414,1478,357047871237287,amex,26500,7950.0,0.1836,159.0,2025-08-28,active,2024-04-25,2028-04-25
2415,1479,339990954717741,amex,13500,4050.0,0.1749,81.0,2025-08-11,active,2025-06-29,2030-06-29
2416,1480,316008044358351,amex,44000,4400.0,0.1742,88.0,2025-08-28,active,2020-08-22,2023-08-22
2417,1480,6034530073415274,discover,54000,16200.0,0.14,324.0,2025-08-04,expired,2024-11-16,2029-11-16
2418,1481,338018087537412,amex,19000,15200.0,0.1223,304.0,2025-08-31,active,2025-03-12,2029-03-12
2419,1481,6458618942062488,discover,52500,15750.0,0.1369,315.0,2025-08-23,blocked,2024-06-10,2029-06-10
2420,1482,5655220538480302,mastercard,26500,2650.0,0.1647,53.0,2025-08-26,active,2022-08-26,2025-08-26
2421,1482,346723904418507,amex,28500,14250.0,0.147,285.0,2025-08-08,active,2021-01-24,2024-01-24
2422,1483,347658488547620,amex,3000,900.0,0.2274,25,2025-08-24,active,2024-05-23,2029-05-23
2423,1484,6370219761743264,discover,20000,2000.0,0.1408,40.0,2025-08-23,active,2022-12-06,2026-12-06
2424,1485,301829990910102,amex,65000,19500.0,0.233,390.0,2025-08-20,active,2023-08-26,2026-08-26
2425,1485,4990739488340390,visa,23500,18800.0,0.1201,376.0,2025-08-23,active,2023-11-26,2028-11-26
2426,1486,6297034505882024,discover,7000,2100.0,0.2071,42.0,2025-08-20,active,2022-06-09,2026-06-09
2427,1486,6422577983042145,discover,32500,3250.0,0.1408,65.0,2025-08-27,active,2022-03-04,2027-03-04
2428,1487,4938682267235611,visa,49000,24500.0,0.145,490.0,2025-08-05,active,2023-12-21,2027-12-21
2429,1487,6882355318444690,discover,100000,10000.0,0.1883,200.0,2025-08-12,active,2022-04-19,2027-04-19
2430,1488,6880177108696540,discover,20000,10000.0,0.2405,200.0,2025-08-03,active,2024-12-27,2028-12-27
2431,1488,4407714210543513,visa,16500,4950.0,0.1859,99.0,2025-08-24,active,2025-01-20,2028-01-20
2432,1489,5291080778585991,mastercard,12000,3600.0,0.1427,72.0,2025-08-20,active,2025-08-01,2030-08-01
2433,1490,6038347862646161,discover,55000,16500.0,0.2042,330.0,2025-08-04,active,2025-05-05,2030-05-05
2434,1491,4907861140767034,visa,8500,850.0,0.1244,25,2025-08-06,active,2025-01-19,2028-01-19
2435,1492,362250747621989,amex,31500,9450.0,0.1906,189.0,2025-08-08,active,2023-02-23,2028-02-23
2436,1493,397071992575117,amex,20000,0.0,0.1584,25,2025-08-24,active,2022-03-16,2026-03-16
2437,1494,367311017660279,amex,29500,14750.0,0.1373,295.0,2025-08-15,active,2021-10-23,2026-10-23
2438,1494,369103934810033,amex,39000,31200.0,0.1642,624.0,2025-08-26,active,2023-01-18,2028-01-18
2439,1495,5165981157913678,mastercard,32000,9600.0,0.2276,192.0,2025-08-29,active,2024-07-07,2027-07-07
2440,1497,6824817297131158,discover,8000,800.0,0.1265,25,2025-08-11,active,2024-01-27,2028-01-27
2441,1498,4218288291454705,visa,16000,8000.0,0.1472,160.0,2025-08-04,active,2022-05-26,2025-05-26
2442,1499,332443922078105,amex,20000,10000.0,0.229,200.0,2025-08-20,active,2025-07-22,2028-07-22
2443,1500,4816723369351073,visa,16000,4800.0,0.1282,96.0,2025-08-27,expired,2025-06-26,2029-06-26
2444,1501,315409461745563,amex,10500,3150.0,0.2192,63.0,2025-08-05,active,2025-01-09,2030-01-09
2445,1502,4063409612992623,visa,47000,0.0,0.1906,25,2025-08-05,active,2024-11-08,2027-11-08
2446,1502,323788507904755,amex,40500,12150.0,0.2183,243.0,2025-08-02,active,2024-03-17,2027-03-17
2447,1502,301232900112493,amex,53500,16050.0,0.2019,321.0,2025-08-13,active,2024-07-21,2027-07-21
2448,1503,5151108809895066,mastercard,30500,3050.0,0.2224,61.0,2025-08-28,active,2024-05-02,2029-05-02
2449,1503,300814528606892,amex,15000,0.0,0.216,25,2025-08-10,active,2022-09-26,2026-09-26
2450,1504,322499498976391,amex,23500,7050.0,0.1262,141.0,2025-08-14,active,2025-03-20,2028-03-20
2451,1505,6015295063541678,discover,14000,4200.0,0.1234,84.0,2025-08-11,active,2025-06-03,2028-06-03
2452,1506,4863243350851127,visa,63500,31750.0,0.2401,635.0,2025-08-24,active,2023-02-03,2028-02-03
2453,1506,320566059993219,amex,17500,5250.0,0.1722,105.0,2025-08-14,active,2024-03-23,2028-03-23
2454,1507,4287619768138910,visa,16500,4950.0,0.1251,99.0,2025-08-17,active,2025-05-22,2030-05-22
2455,1507,5650031908578825,mastercard,10000,8000.0,0.2325,160.0,2025-08-07,active,2025-07-12,2029-07-12
2456,1508,4774860256378116,visa,15000,1500.0,0.209,30.0,2025-08-16,active,2024-06-27,2027-06-27
2457,1508,357797484085228,amex,16500,1650.0,0.2462,33.0,2025-08-18,active,2024-01-03,2027-01-03
2458,1509,6576829967282419,discover,80000,40000.0,0.2147,800.0,2025-08-14,active,2024-01-31,2029-01-31
2459,1509,6892598672419541,discover,16000,1600.0,0.1815,32.0,2025-08-17,active,2024-07-17,2028-07-17
2460,1510,5576555146599831,mastercard,31500,15750.0,0.2485,315.0,2025-08-21,blocked,2024-03-02,2027-03-02
2461,1510,4893153058654833,visa,67000,6700.0,0.1258,134.0,2025-08-17,active,2025-06-25,2030-06-25
2462,1511,4869756671752409,visa,21000,2100.0,0.1656,42.0,2025-08-14,active,2023-12-13,2028-12-13
2463,1512,5474950044185006,mastercard,74500,37250.0,0.121,745.0,2025-08-17,blocked,2021-07-22,2024-07-22
2464,1512,336348615658879,amex,75000,22500.0,0.2268,450.0,2025-08-30,active,2022-06-08,2026-06-08
2465,1512,5841370787033014,mastercard,65500,19650.0,0.1858,393.0,2025-08-31,active,2021-09-21,2024-09-21
2466,1513,5179764670574205,mastercard,52500,26250.0,0.128,525.0,2025-08-03,active,2023-09-25,2028-09-25
2467,1514,6062011990688709,discover,6500,1950.0,0.127,39.0,2025-08-11,active,2024-05-01,2029-05-01
2468,1514,6345645040794259,discover,9000,2700.0,0.122,54.0,2025-08-04,expired,2024-06-22,2027-06-22
2469,1515,4764359325618370,visa,28000,14000.0,0.179,280.0,2025-08-27,active,2024-11-07,2028-11-07
2470,1516,6214598484716936,discover,21000,16800.0,0.2079,336.0,2025-08-14,active,2022-08-04,2026-08-04
2471,1517,4415501457004017,visa,59500,5950.0,0.1495,119.0,2025-08-12,active,2023-08-12,2028-08-12
2472,1518,6131883955701601,discover,18500,5550.0,0.2059,111.0,2025-08-21,active,2024-10-21,2027-10-21
2473,1519,5535253709420659,mastercard,85500,8550.0,0.1963,171.0,2025-08-12,active,2025-06-27,2030-06-27
2474,1519,4995892821549630,visa,37500,3750.0,0.1991,75.0,2025-08-24,active,2023-09-03,2026-09-03
2475,1519,318833895349102,amex,55000,16500.0,0.1492,330.0,2025-08-19,active,2025-05-03,2029-05-03
2476,1520,6075545388223409,discover,33000,3300.0,0.1243,66.0,2025-08-18,expired,2025-05-18,2029-05-18
2477,1520,6438267828275987,discover,65000,52000.0,0.2342,1040.0,2025-08-16,active,2025-06-20,2030-06-20
2478,1521,5146929933863458,mastercard,2500,250.0,0.1491,25,2025-08-27,active,2024-06-03,2027-06-03
2479,1522,398114575873868,amex,24000,7200.0,0.1677,144.0,2025-08-24,active,2025-06-19,2028-06-19
2480,1523,6187100030035275,discover,9500,950.0,0.2026,25,2025-08-18,active,2024-08-24,2028-08-24
2481,1524,6836002984558281,discover,72500,36250.0,0.2018,725.0,2025-08-16,active,2023-10-15,2027-10-15
2482,1524,6018913887217283,discover,83000,41500.0,0.1764,830.0,2025-08-14,active,2024-02-02,2027-02-02
2483,1525,387949317332206,amex,32500,16250.0,0.2474,325.0,2025-08-19,active,2024-06-25,2028-06-25
2484,1525,335856932874342,amex,56000,28000.0,0.1222,560.0,2025-08-11,active,2024-02-20,2028-02-20
2485,1526,5450373509269252,mastercard,22000,0.0,0.1813,25,2025-08-04,active,2023-07-15,2026-07-15
2486,1526,5287002136139992,mastercard,59000,17700.0,0.2411,354.0,2025-08-20,active,2022-04-25,2025-04-25
2487,1526,345122760786607,amex,100000,50000.0,0.1578,1000.0,2025-08-22,active,2025-01-22,2029-01-22
2488,1527,6135992331289985,discover,98500,0.0,0.186,25,2025-08-15,active,2025-06-12,2028-06-12
2489,1527,323112625748946,amex,100000,0.0,0.1842,25,2025-08-14,active,2025-07-19,2030-07-19
2490,1527,319434254825085,amex,45000,4500.0,0.1668,90.0,2025-08-27,active,2025-06-06,2028-06-06
2491,1528,4465342542288032,visa,27000,13500.0,0.1421,270.0,2025-08-17,active,2023-01-16,2026-01-16
2492,1529,4579687335201889,visa,61000,6100.0,0.2324,122.0,2025-08-04,active,2023-06-16,2027-06-16
2493,1529,6302866535818985,discover,57000,17100.0,0.2005,342.0,2025-08-05,active,2025-07-02,2029-07-02
2494,1530,5385515109346673,mastercard,36000,10800.0,0.2257,216.0,2025-08-02,active,2021-03-04,2026-03-04
2495,1530,5727460011156631,mastercard,71000,21300.0,0.1234,426.0,2025-08-31,blocked,2025-01-11,2028-01-11
2496,1531,5938124014766964,mastercard,31000,9300.0,0.1761,186.0,2025-08-28,active,2025-01-06,2029-01-06
2497,1533,6173043113875093,discover,17000,13600.0,0.1204,272.0,2025-08-15,active,2021-05-27,2026-05-27
2498,1534,399717772166401,amex,93000,9300.0,0.2464,186.0,2025-08-12,active,2025-03-17,2029-03-17
2499,1534,379728089372595,amex,28000,2800.0,0.1339,56.0,2025-08-25,active,2025-04-04,2029-04-04
2500,1534,6501481027036465,discover,89000,26700.0,0.1717,534.0,2025-08-25,active,2024-08-12,2028-08-12
2501,1535,5375435477801526,mastercard,69500,34750.0,0.1214,695.0,2025-08-11,active,2025-07-22,2030-07-22
2502,1536,5978479166591444,mastercard,62000,6200.0,0.2314,124.0,2025-08-09,active,2024-04-15,2027-04-15
2503,1536,4427425891596545,visa,27500,2750.0,0.2245,55.0,2025-08-08,active,2025-05-08,2028-05-08
2504,1536,6893942418504890,discover,26500,2650.0,0.1226,53.0,2025-08-17,active,2022-05-17,2026-05-17
2505,1537,5408283300927338,mastercard,21500,2150.0,0.1926,43.0,2025-08-21,active,2024-06-03,2027-06-03
2506,1538,6721825715773175,discover,15000,7500.0,0.1495,150.0,2025-08-16,active,2025-03-18,2029-03-18
2507,1538,5618439682298336,mastercard,12500,3750.0,0.1637,75.0,2025-08-05,active,2024-12-22,2029-12-22
2508,1539,5056441589689748,mastercard,52500,0.0,0.2265,25,2025-08-16,active,2022-08-02,2027-08-02
2509,1539,5183902157320836,mastercard,100000,30000.0,0.1691,600.0,2025-08-07,active,2022-04-24,2027-04-24
2510,1539,5110982048161133,mastercard,91500,9150.0,0.1924,183.0,2025-08-23,active,2024-02-27,2027-02-27
2511,1539,4158967196526302,visa,100000,30000.0,0.2369,600.0,2025-08-15,active,2025-07-06,2029-07-06
2512,1540,6399666290913741,discover,19500,5850.0,0.2232,117.0,2025-08-25,active,2024-11-15,2029-11-15
2513,1541,6735082204730192,discover,42500,4250.0,0.2075,85.0,2025-08-29,active,2024-01-19,2029-01-19
2514,1541,5418335672071901,mastercard,58500,46800.0,0.1829,936.0,2025-08-25,active,2024-01-27,2029-01-27
2515,1542,5089580901517489,mastercard,21000,16800.0,0.1372,336.0,2025-08-02,expired,2025-02-23,2029-02-23
2516,1542,5643894152359820,mastercard,23500,7050.0,0.2023,141.0,2025-08-04,expired,2024-02-11,2029-02-11
2517,1543,317477234366647,amex,22000,11000.0,0.2054,220.0,2025-08-23,active,2025-07-29,2030-07-29
2518,1543,4335046801527650,visa,23000,2300.0,0.1244,46.0,2025-08-03,active,2025-07-29,2029-07-29
2519,1544,6939632299194576,discover,33500,10050.0,0.2459,201.0,2025-08-08,active,2023-11-20,2028-11-20
2520,1544,4236306193770619,visa,24000,12000.0,0.2331,240.0,2025-08-25,active,2025-05-25,2029-05-25
2521,1545,4669934105567242,visa,7500,2250.0,0.1371,45.0,2025-08-31,active,2025-07-29,2029-07-29
2522,1545,327171375648671,amex,19000,9500.0,0.1737,190.0,2025-08-31,active,2025-07-23,2028-07-23
2523,1546,6590887002518828,discover,51500,0.0,0.1259,25,2025-08-26,active,2022-03-20,2026-03-20
2524,1546,4102201392160922,visa,20500,2050.0,0.2413,41.0,2025-08-16,active,2024-07-20,2029-07-20
2525,1547,5633293300232852,mastercard,23000,11500.0,0.1548,230.0,2025-08-03,active,2022-11-19,2025-11-19
2526,1547,6486006498824769,discover,7500,750.0,0.2323,25,2025-08-07,active,2022-05-09,2027-05-09
2527,1548,4450820269278297,visa,19500,5850.0,0.2365,117.0,2025-08-08,active,2023-03-02,2028-03-02
2528,1548,353740126849085,amex,20500,16400.0,0.1458,328.0,2025-08-22,active,2024-08-05,2028-08-05
2529,1549,5124838279065457,mastercard,26500,7950.0,0.2073,159.0,2025-08-25,active,2023-04-13,2027-04-13
2530,1549,5366162523081973,mastercard,14500,7250.0,0.2027,145.0,2025-08-21,active,2023-01-09,2028-01-09
2531,1550,5420526738890761,mastercard,13500,1350.0,0.2022,27.0,2025-08-19,active,2025-03-11,2028-03-11
2532,1550,340022026788695,amex,73000,7300.0,0.182,146.0,2025-08-29,active,2024-12-26,2027-12-26
2533,1551,5038200003901108,mastercard,10500,1050.0,0.1938,25,2025-08-07,active,2023-12-14,2026-12-14
2534,1552,4388781514178926,visa,15500,12400.0,0.2469,248.0,2025-08-27,active,2022-12-27,2026-12-27
2535,1552,329555387097915,amex,58000,5800.0,0.1407,116.0,2025-08-07,blocked,2024-08-24,2028-08-24
2536,1553,5283715875449632,mastercard,5000,1500.0,0.2497,30.0,2025-08-31,blocked,2023-12-18,2026-12-18
2537,1553,5948422090014310,mastercard,13500,1350.0,0.2033,27.0,2025-08-21,active,2022-11-08,2026-11-08
2538,1554,330241935080542,amex,30000,9000.0,0.2207,180.0,2025-08-17,active,2022-07-26,2025-07-26
2539,1555,4342881514739905,visa,32000,16000.0,0.1954,320.0,2025-08-22,active,2025-06-24,2029-06-24
2540,1556,372876841816282,amex,10500,1050.0,0.2251,25,2025-08-08,active,2024-11-21,2027-11-21
2541,1557,4917395932954405,visa,32500,3250.0,0.1548,65.0,2025-08-22,active,2025-01-28,2029-01-28
2542,1557,5700626861084476,mastercard,71500,0.0,0.1835,25,2025-08-17,active,2021-03-16,2026-03-16
2543,1558,5867433398985258,mastercard,64000,19200.0,0.1599,384.0,2025-08-22,active,2025-07-30,2028-07-30
2544,1558,380315395313135,amex,17500,1750.0,0.1593,35.0,2025-08-18,active,2025-06-11,2028-06-11
2545,1559,5192621973145726,mastercard,16500,4950.0,0.1592,99.0,2025-08-12,blocked,2024-09-27,2028-09-27
2546,1560,4946116081074525,visa,51000,0.0,0.2293,25,2025-08-31,active,2025-06-19,2030-06-19
2547,1560,308551108030615,amex,46000,23000.0,0.1322,460.0,2025-08-12,active,2025-06-18,2029-06-18
2548,1561,6131194271003666,discover,56000,5600.0,0.1473,112.0,2025-08-19,active,2020-11-05,2024-11-05
2549,1561,4594560695599152,visa,31000,9300.0,0.1434,186.0,2025-08-24,active,2025-01-07,2029-01-07
2550,1562,4536443162300300,visa,14000,1400.0,0.1656,28.0,2025-08-22,active,2024-07-03,2029-07-03
2551,1562,5350968888311496,mastercard,91500,27450.0,0.1861,549.0,2025-08-17,active,2023-11-21,2028-11-21
2552,1563,5191706221789426,mastercard,34500,3450.0,0.1456,69.0,2025-08-02,active,2025-06-19,2028-06-19
2553,1564,5915425942839811,mastercard,14500,4350.0,0.1243,87.0,2025-08-20,active,2023-08-12,2026-08-12
2554,1564,5442360256732291,mastercard,6500,6175.0,0.1413,123.5,2025-08-25,active,2024-06-24,2027-06-24
2555,1565,354093436886914,amex,38500,11550.0,0.1479,231.0,2025-08-14,active,2025-07-19,2028-07-19
2556,1565,5009038755676134,mastercard,26500,13250.0,0.137,265.0,2025-08-08,expired,2024-07-07,2029-07-07
2557,1566,371427205139541,amex,23000,11500.0,0.2335,230.0,2025-08-26,active,2023-07-06,2028-07-06
2558,1566,4284256196232686,visa,14500,4350.0,0.1316,87.0,2025-08-08,active,2022-09-05,2026-09-05
2559,1567,4555908483103446,visa,29500,8850.0,0.148,177.0,2025-08-31,active,2025-08-01,2029-08-01
2560,1568,5097681278889012,mastercard,100000,30000.0,0.2346,600.0,2025-08-20,active,2021-09-26,2025-09-26
2561,1568,6294420520306571,discover,100000,30000.0,0.1928,600.0,2025-08-13,active,2025-05-08,2028-05-08
2562,1568,380801360494742,amex,34000,10200.0,0.1429,204.0,2025-08-10,active,2021-08-02,2025-08-02
2563,1568,6189804576922962,discover,90000,27000.0,0.211,540.0,2025-08-11,active,2022-11-29,2027-11-29
2564,1569,5176999590530443,mastercard,100000,30000.0,0.2356,600.0,2025-08-16,active,2025-04-10,2030-04-10
2565,1569,390700974073397,amex,18000,1800.0,0.2498,36.0,2025-08-26,active,2025-05-13,2029-05-13
2566,1569,5318683985914693,mastercard,65000,52000.0,0.245,1040.0,2025-08-24,active,2025-06-27,2029-06-27
2567,1569,4091807321895141,visa,65500,19650.0,0.1466,393.0,2025-08-30,active,2025-07-22,2030-07-22
2568,1570,6754507568680477,discover,16500,8250.0,0.2215,165.0,2025-08-03,active,2025-07-30,2028-07-30
2569,1571,397871913921170,amex,13000,6500.0,0.1955,130.0,2025-08-11,active,2025-06-28,2029-06-28
2570,1571,379793892694813,amex,28500,2850.0,0.2151,57.0,2025-08-06,active,2025-06-09,2028-06-09
2571,1572,4054530421431665,visa,40500,4050.0,0.2356,81.0,2025-08-30,active,2024-02-15,2029-02-15
2572,1573,6402981687833262,discover,14000,0.0,0.123,25,2025-08-23,active,2024-08-31,2027-08-31
2573,1574,4551521983623081,visa,44500,13350.0,0.1384,267.0,2025-08-14,active,2025-05-27,2029-05-27
2574,1575,5044156820727999,mastercard,24000,2400.0,0.1582,48.0,2025-08-24,active,2024-09-19,2029-09-19
2575,1575,4898926629367408,visa,41500,12450.0,0.1678,249.0,2025-08-25,active,2024-10-29,2028-10-29
2576,1576,370349355341760,amex,25500,2550.0,0.2355,51.0,2025-08-18,active,2025-07-24,2030-07-24
2577,1576,6891952098463477,discover,15500,4650.0,0.1336,93.0,2025-08-29,active,2025-07-22,2029-07-22
2578,1577,5441901280291439,mastercard,23000,6900.0,0.2198,138.0,2025-08-30,active,2025-05-07,2028-05-07
2579,1577,397205652271926,amex,14500,0.0,0.1803,25,2025-08-03,active,2025-07-20,2028-07-20
2580,1578,5388806973382878,mastercard,76000,0.0,0.2029,25,2025-08-21,active,2024-07-22,2029-07-22
2581,1578,5352881513699287,mastercard,100000,95000.0,0.1232,1900.0,2025-08-07,active,2021-04-02,2026-04-02
2582,1578,6043134551638883,discover,100000,50000.0,0.1993,1000.0,2025-08-21,active,2021-09-14,2026-09-14
2583,1579,349811180981660,amex,6000,600.0,0.1941,25,2025-08-30,active,2025-07-06,2030-07-06
2584,1579,4281471438401154,visa,25500,24225.0,0.239,484.5,2025-08-26,blocked,2025-01-09,2030-01-09
2585,1580,4070553096277186,visa,15500,12400.0,0.1733,248.0,2025-08-30,active,2024-11-20,2029-11-20
2586,1581,4949274537956968,visa,23000,2300.0,0.225,46.0,2025-08-24,active,2024-06-26,2028-06-26
2587,1582,4417958830335003,visa,15000,7500.0,0.1711,150.0,2025-08-03,active,2024-11-09,2028-11-09
2588,1582,4384710689731736,visa,35000,3500.0,0.1524,70.0,2025-08-04,active,2024-11-17,2027-11-17
2589,1583,397513012073081,amex,53500,16050.0,0.2459,321.0,2025-08-18,active,2025-05-25,2028-05-25
2590,1583,5725772619584361,mastercard,10000,1000.0,0.1447,25,2025-08-13,active,2025-02-05,2029-02-05
2591,1584,382280857623623,amex,18000,1800.0,0.1733,36.0,2025-08-05,active,2025-06-14,2028-06-14
2592,1584,4248552568708806,visa,26000,2600.0,0.231,52.0,2025-08-17,active,2024-12-07,2028-12-07
2593,1585,5054137282912716,mastercard,32500,9750.0,0.1344,195.0,2025-08-14,active,2025-06-07,2028-06-07
2594,1585,4068411602012212,visa,53500,16050.0,0.2477,321.0,2025-08-27,active,2025-06-25,2030-06-25
2595,1586,6484893698022509,discover,19000,1900.0,0.1686,38.0,2025-08-31,active,2023-09-06,2026-09-06
2596,1587,6421415709952104,discover,20000,0.0,0.1646,25,2025-08-19,active,2025-05-11,2028-05-11
2597,1587,4447614943405013,visa,8500,850.0,0.1331,25,2025-08-21,active,2025-05-17,2030-05-17
2598,1588,345235589729550,amex,85500,8550.0,0.2484,171.0,2025-08-10,active,2024-05-21,2028-05-21
2599,1588,4540992293466297,visa,12000,3600.0,0.2135,72.0,2025-08-11,active,2023-04-26,2027-04-26
2600,1588,372634855002309,amex,40000,20000.0,0.1974,400.0,2025-08-14,active,2025-01-04,2028-01-04
2601,1589,6198285904062094,discover,100000,30000.0,0.135,600.0,2025-08-31,active,2023-06-23,2027-06-23
2602,1589,4130113263398868,visa,55000,44000.0,0.173,880.0,2025-08-15,active,2023-12-03,2028-12-03
2603,1589,381539122190436,amex,91000,72800.0,0.1745,1456.0,2025-08-03,active,2022-06-06,2026-06-06
2604,1590,346944211067099,amex,16000,4800.0,0.2437,96.0,2025-08-08,active,2025-05-08,2028-05-08
2605,1591,4518710404464638,visa,10500,5250.0,0.1953,105.0,2025-08-06,active,2024-09-15,2029-09-15
2606,1592,397905735805416,amex,13000,1300.0,0.1865,26.0,2025-08-24,active,2023-03-08,2026-03-08
2607,1593,4692153900506748,visa,30500,0.0,0.1998,25,2025-08-26,active,2023-03-03,2027-03-03
2608,1593,5039375813012170,mastercard,20000,2000.0,0.1965,40.0,2025-08-30,active,2024-01-26,2028-01-26
2609,1594,5906169185361067,mastercard,10500,1050.0,0.2473,25,2025-08-29,active,2023-10-07,2027-10-07
2610,1595,4271773268578105,visa,12500,1250.0,0.1971,25,2025-08-04,active,2025-04-15,2030-04-15
2611,1595,6318552567678790,discover,68000,20400.0,0.1591,408.0,2025-08-30,active,2025-06-04,2030-06-04
2612,1596,4153405242699696,visa,27000,25650.0,0.1735,513.0,2025-08-15,active,2025-07-28,2029-07-28
2613,1597,5816041379640497,mastercard,4500,4275.0,0.1917,85.5,2025-08-11,active,2023-10-20,2026-10-20
2614,1598,377018307849082,amex,50000,0.0,0.249,25,2025-08-14,active,2025-05-31,2029-05-31
2615,1599,5013022393540357,mastercard,41500,33200.0,0.2312,664.0,2025-08-26,active,2023-07-09,2026-07-09
2616,1599,5781219657351549,mastercard,60000,6000.0,0.2074,120.0,2025-08-15,active,2024-05-10,2027-05-10
2617,1600,4243468348549751,visa,8500,850.0,0.2288,25,2025-08-21,active,2025-05-21,2029-05-21
2618,1601,5697360630179821,mastercard,12500,3750.0,0.1638,75.0,2025-08-07,active,2025-05-21,2030-05-21
2619,1602,5285968345116106,mastercard,36000,10800.0,0.1608,216.0,2025-08-05,active,2024-09-06,2027-09-06
2620,1602,5629365883499605,mastercard,10000,5000.0,0.2139,100.0,2025-08-11,active,2023-08-02,2026-08-02
2621,1603,6913885158694094,discover,26500,2650.0,0.2349,53.0,2025-08-18,active,2025-03-15,2029-03-15
2622,1604,4766154580618700,visa,26500,7950.0,0.1737,159.0,2025-08-04,active,2024-01-23,2027-01-23
2623,1606,4364725985684212,visa,7000,700.0,0.2371,25,2025-08-21,active,2024-05-31,2029-05-31
2624,1607,4430194267363251,visa,16000,1600.0,0.1318,32.0,2025-08-24,active,2025-06-01,2028-06-01
2625,1608,5100259047547691,mastercard,60500,6050.0,0.2439,121.0,2025-08-13,active,2024-10-27,2027-10-27
2626,1608,369172847127199,amex,18500,14800.0,0.1422,296.0,2025-08-11,active,2023-01-23,2027-01-23
2627,1609,5333065597613552,mastercard,44500,13350.0,0.1206,267.0,2025-08-31,active,2024-10-20,2027-10-20
2628,1609,6177001280855172,discover,14500,7250.0,0.1552,145.0,2025-08-19,active,2024-08-23,2029-08-23
2629,1610,4989683540525640,visa,13500,4050.0,0.1231,81.0,2025-08-12,active,2025-08-01,2029-08-01
2630,1611,4088950915727506,visa,43000,21500.0,0.1737,430.0,2025-08-06,active,2025-04-30,2030-04-30
2631,1611,5505386531235848,mastercard,42500,21250.0,0.2488,425.0,2025-08-20,active,2025-05-04,2028-05-04
2632,1612,5042457972731392,mastercard,18500,14800.0,0.1314,296.0,2025-08-22,active,2025-05-29,2030-05-29
2633,1613,5938074385729032,mastercard,82500,66000.0,0.1759,1320.0,2025-08-30,expired,2022-03-14,2027-03-14
2634,1613,367337610727787,amex,89000,8900.0,0.1629,178.0,2025-08-22,active,2024-01-26,2029-01-26
2635,1613,360570502119250,amex,91500,9150.0,0.2276,183.0,2025-08-23,expired,2023-10-20,2028-10-20
2636,1614,317024552674693,amex,100000,50000.0,0.1447,1000.0,2025-08-26,active,2023-11-27,2027-11-27
2637,1614,5130273220448400,mastercard,44000,4400.0,0.1662,88.0,2025-08-11,active,2023-02-20,2027-02-20
2638,1615,6928172724334772,discover,64500,32250.0,0.1545,645.0,2025-08-31,active,2025-01-18,2028-01-18
2639,1616,6628255994848275,discover,15500,12400.0,0.1674,248.0,2025-08-21,active,2025-07-18,2029-07-18
2640,1616,313008710623591,amex,21000,10500.0,0.1477,210.0,2025-08-05,active,2025-01-11,2030-01-11
2641,1617,364956656602076,amex,14000,7000.0,0.1564,140.0,2025-08-25,active,2025-06-15,2028-06-15
2642,1618,6127348579494184,discover,8500,0.0,0.1416,25,2025-08-12,active,2025-02-22,2029-02-22
2643,1618,6057549415874491,discover,16000,1600.0,0.1215,32.0,2025-08-06,active,2023-03-14,2028-03-14
2644,1619,389768116550891,amex,7000,2100.0,0.128,42.0,2025-08-18,active,2024-06-28,2029-06-28
2645,1620,380048690802678,amex,15000,1500.0,0.1531,30.0,2025-08-02,active,2021-06-06,2024-06-06
2646,1620,327497847522815,amex,43000,40850.0,0.1611,817.0,2025-08-07,active,2022-07-07,2025-07-07
2647,1621,5995204301604263,mastercard,13000,3900.0,0.1681,78.0,2025-08-21,active,2025-07-02,2029-07-02
2648,1622,368585760505759,amex,68500,6850.0,0.1669,137.0,2025-08-08,active,2025-03-16,2029-03-16
2649,1622,4881940548465291,visa,92500,46250.0,0.1961,925.0,2025-08-08,active,2025-07-24,2030-07-24
2650,1622,5076820542602442,mastercard,16000,4800.0,0.1321,96.0,2025-08-24,active,2025-07-28,2028-07-28
2651,1623,6436848507013422,discover,24000,2400.0,0.2143,48.0,2025-08-25,active,2024-11-25,2028-11-25
2652,1623,4571062080201104,visa,25500,7650.0,0.2442,153.0,2025-08-18,blocked,2024-09-15,2027-09-15
2653,1624,6022509201198855,discover,9000,0.0,0.1311,25,2025-08-06,active,2021-10-17,2025-10-17
2654,1625,6125927976040271,discover,36500,3650.0,0.223,73.0,2025-08-02,active,2024-10-04,2027-10-04
2655,1625,325400351889345,amex,46500,4650.0,0.2436,93.0,2025-08-11,active,2025-07-19,2029-07-19
2656,1626,5691161646663266,mastercard,45000,36000.0,0.2119,720.0,2025-08-04,active,2023-10-15,2028-10-15
2657,1626,6682458485166263,discover,15500,12400.0,0.2218,248.0,2025-08-11,active,2024-02-15,2028-02-15
2658,1627,341683314214723,amex,20000,2000.0,0.2325,40.0,2025-08-07,active,2025-01-04,2028-01-04
2659,1627,302741243205892,amex,45000,4500.0,0.2171,90.0,2025-08-21,active,2023-08-23,2028-08-23
2660,1628,6136763485285295,discover,12500,1250.0,0.147,25,2025-08-23,active,2024-11-11,2027-11-11
2661,1629,5796855965211778,mastercard,10500,3150.0,0.1418,63.0,2025-08-05,active,2022-06-15,2025-06-15
2662,1630,4306416702149290,visa,22000,17600.0,0.2364,352.0,2025-08-10,active,2025-06-20,2030-06-20
2663,1631,4210985930608438,visa,31000,3100.0,0.2278,62.0,2025-08-04,active,2025-02-24,2028-02-24
2664,1632,311872742933175,amex,34000,17000.0,0.1446,340.0,2025-08-08,active,2023-10-11,2026-10-11
2665,1632,6955491780885576,discover,9500,2850.0,0.1361,57.0,2025-08-24,active,2022-09-04,2026-09-04
2666,1633,4237393045741298,visa,14500,4350.0,0.2153,87.0,2025-08-24,active,2023-04-05,2026-04-05
2667,1634,342531702777217,amex,42500,0.0,0.2052,25,2025-08-28,active,2025-05-12,2030-05-12
2668,1634,5650031235483662,mastercard,18000,9000.0,0.2003,180.0,2025-08-17,active,2024-10-24,2027-10-24
2669,1635,330215595223931,amex,61500,30750.0,0.2119,615.0,2025-08-23,active,2024-07-25,2029-07-25
2670,1635,4850797228108918,visa,61500,6150.0,0.1211,123.0,2025-08-18,active,2025-06-30,2029-06-30
2671,1635,4388911320360960,visa,26500,0.0,0.1841,25,2025-08-20,expired,2023-09-27,2026-09-27
2672,1636,4728079344696909,visa,65000,19500.0,0.1403,390.0,2025-08-04,active,2022-01-09,2025-01-09
2673,1636,4446007919492359,visa,22000,6600.0,0.2058,132.0,2025-08-03,active,2025-04-09,2030-04-09
2674,1637,4499780550144301,visa,65000,32500.0,0.2014,650.0,2025-08-15,active,2023-06-21,2026-06-21
2675,1637,5107535354236537,mastercard,55500,27750.0,0.1892,555.0,2025-08-21,active,2024-02-26,2028-02-26
2676,1638,324914859618946,amex,13500,6750.0,0.2226,135.0,2025-08-12,active,2024-06-04,2029-06-04
2677,1639,5016127924262811,mastercard,51000,15300.0,0.1784,306.0,2025-08-15,active,2024-09-22,2027-09-22
2678,1639,5171146753015705,mastercard,100000,80000.0,0.2158,1600.0,2025-08-28,active,2024-10-27,2028-10-27
2679,1640,6679918244042832,discover,100000,0.0,0.2482,25,2025-08-03,active,2023-10-17,2026-10-17
2680,1640,329796764263331,amex,60500,0.0,0.1664,25,2025-08-28,active,2023-08-26,2026-08-26
2681,1641,305516297729161,amex,16500,1650.0,0.1486,33.0,2025-08-29,active,2025-07-12,2030-07-12
2682,1641,364878207952075,amex,20500,0.0,0.1546,25,2025-08-22,active,2025-07-25,2028-07-25
2683,1642,6153037631748167,discover,41500,4150.0,0.1334,83.0,2025-08-29,expired,2025-02-15,2028-02-15
2684,1644,6734753178416475,discover,14500,1450.0,0.229,29.0,2025-08-21,blocked,2024-04-14,2027-04-14
2685,1645,4579614282342820,visa,76000,7600.0,0.1885,152.0,2025-08-15,expired,2024-11-06,2028-11-06
2686,1645,334221328687973,amex,99500,9950.0,0.1938,199.0,2025-08-19,active,2022-04-17,2026-04-17
2687,1646,5947585989344328,mastercard,4500,1350.0,0.1975,27.0,2025-08-23,active,2024-03-22,2027-03-22
2688,1646,6901715489495053,discover,9500,0.0,0.2401,25,2025-08-15,active,2025-03-07,2028-03-07
2689,1647,6374068596465215,discover,21000,2100.0,0.1575,42.0,2025-08-21,active,2024-09-04,2027-09-04
2690,1648,339899793070046,amex,14500,1450.0,0.1277,29.0,2025-08-29,active,2024-06-17,2028-06-17
2691,1648,5261247130520640,mastercard,28000,8400.0,0.2482,168.0,2025-08-21,active,2025-05-02,2030-05-02
2692,1649,4669354891021140,visa,17000,5100.0,0.1609,102.0,2025-08-27,active,2025-02-28,2028-02-28
2693,1650,5997049835632770,mastercard,90500,27150.0,0.1291,543.0,2025-08-27,active,2024-03-10,2028-03-10
2694,1650,6525768752643797,discover,25500,7650.0,0.1839,153.0,2025-08-12,active,2025-07-30,2030-07-30
2695,1651,4684959826349459,visa,13500,4050.0,0.2106,81.0,2025-08-29,active,2023-06-16,2027-06-16
2696,1652,399049511410108,amex,13500,4050.0,0.1895,81.0,2025-08-16,active,2025-07-22,2030-07-22
2697,1653,371373926669598,amex,44500,0.0,0.1889,25,2025-08-26,active,2023-07-25,2028-07-25
2698,1654,5125497075149767,mastercard,45500,13650.0,0.1275,273.0,2025-08-06,active,2025-04-24,2028-04-24
2699,1655,4731985047882556,visa,31500,9450.0,0.1441,189.0,2025-08-19,active,2024-06-08,2027-06-08
2700,1656,5872740647088704,mastercard,26500,0.0,0.1306,25,2025-08-15,active,2024-09-17,2029-09-17
2701,1657,5758794320500094,mastercard,17000,0.0,0.1706,25,2025-08-21,active,2024-09-25,2027-09-25
2702,1657,345422336069434,amex,7500,3750.0,0.196,75.0,2025-08-15,active,2024-02-06,2027-02-06
2703,1658,329959617088548,amex,8500,850.0,0.1864,25,2025-08-15,active,2025-04-18,2030-04-18
2704,1659,312547246330345,amex,25000,12500.0,0.2147,250.0,2025-08-28,active,2025-01-05,2030-01-05
2705,1659,5089436664705471,mastercard,23000,18400.0,0.1942,368.0,2025-08-05,active,2025-05-16,2030-05-16
2706,1660,4695707130802878,visa,70500,35250.0,0.1841,705.0,2025-08-06,active,2022-10-02,2025-10-02
2707,1660,6953517171188221,discover,39000,0.0,0.1777,25,2025-08-09,active,2022-05-07,2025-05-07
2708,1660,4001959408749503,visa,18500,1850.0,0.1737,37.0,2025-08-02,active,2022-02-05,2026-02-05
2709,1661,4402269562094846,visa,21000,6300.0,0.1925,126.0,2025-08-06,active,2024-04-17,2029-04-17
2710,1661,337721183185175,amex,17500,1750.0,0.2462,35.0,2025-08-21,active,2024-09-29,2027-09-29
2711,1662,6818204129250698,discover,58000,0.0,0.1283,25,2025-08-30,active,2025-02-03,2028-02-03
2712,1663,6863146870411516,discover,34500,3450.0,0.1959,69.0,2025-08-12,active,2024-08-15,2028-08-15
2713,1663,4124648807889907,visa,11500,0.0,0.184,25,2025-08-02,active,2020-12-18,2024-12-18
2714,1664,5282102152348417,mastercard,65000,52000.0,0.2463,1040.0,2025-08-20,active,2025-07-11,2030-07-11
2715,1664,6177918506419773,discover,87500,8750.0,0.1482,175.0,2025-08-02,active,2023-11-25,2026-11-25
2716,1664,398703784457676,amex,89000,8900.0,0.1354,178.0,2025-08-11,active,2025-06-07,2028-06-07
2717,1664,5993223947800050,mastercard,30000,3000.0,0.135,60.0,2025-08-28,active,2024-09-25,2028-09-25
2718,1665,6880109997348290,discover,28500,8550.0,0.1214,171.0,2025-08-13,active,2022-04-27,2026-04-27
2719,1665,6305625972237091,discover,14500,4350.0,0.1408,87.0,2025-08-22,active,2022-04-11,2026-04-11
2720,1666,5160496091330772,mastercard,26000,7800.0,0.1379,156.0,2025-08-06,active,2024-12-14,2029-12-14
2721,1667,5824858025769985,mastercard,41500,4150.0,0.145,83.0,2025-08-17,active,2025-06-04,2030-06-04
2722,1668,6417288551895539,discover,9000,2700.0,0.1464,54.0,2025-08-13,active,2025-05-05,2029-05-05
2723,1669,4461110559794223,visa,17000,1700.0,0.152,34.0,2025-08-11,active,2023-11-28,2026-11-28
2724,1669,5651956545603566,mastercard,21500,2150.0,0.1841,43.0,2025-08-20,active,2023-01-17,2028-01-17
2725,1670,6570779491200325,discover,61000,0.0,0.1695,25,2025-08-08,active,2024-11-24,2029-11-24
2726,1671,6091266717382337,discover,17500,5250.0,0.1325,105.0,2025-08-29,expired,2024-10-13,2028-10-13
2727,1672,6151332690187363,discover,39000,11700.0,0.2277,234.0,2025-08-17,active,2025-08-01,2029-08-01
2728,1672,6002191241644796,discover,12500,3750.0,0.1909,75.0,2025-08-09,active,2025-07-22,2029-07-22
2729,1673,387415203147548,amex,31500,9450.0,0.1232,189.0,2025-08-14,active,2025-03-17,2030-03-17
2730,1673,6383669471834499,discover,60500,18150.0,0.1697,363.0,2025-08-11,active,2023-12-31,2027-12-31
2731,1674,6555605923389251,discover,21500,10750.0,0.1359,215.0,2025-08-09,active,2025-01-30,2030-01-30
2732,1675,5129285034135907,mastercard,4500,1350.0,0.1804,27.0,2025-08-13,active,2024-10-04,2028-10-04
2733,1675,6217008781329911,discover,8000,800.0,0.2211,25,2025-08-30,active,2024-11-06,2027-11-06
2734,1676,305827345998659,amex,54500,16350.0,0.2469,327.0,2025-08-25,active,2023-12-29,2028-12-29
2735,1676,5085824550316307,mastercard,51000,40800.0,0.147,816.0,2025-08-21,active,2024-12-14,2027-12-14
2736,1676,312253769848282,amex,40000,12000.0,0.2317,240.0,2025-08-28,active,2024-09-07,2028-09-07
2737,1677,4015633918075764,visa,15000,4500.0,0.1465,90.0,2025-08-07,active,2022-05-20,2027-05-20
2738,1678,6423289310498806,discover,21000,0.0,0.1552,25,2025-08-15,expired,2025-05-21,2029-05-21
2739,1678,5661592822496382,mastercard,63500,6350.0,0.198,127.0,2025-08-05,active,2025-03-31,2029-03-31
2740,1679,313308151130010,amex,24000,2400.0,0.2018,48.0,2025-08-25,active,2024-06-23,2029-06-23
2741,1680,334249415613546,amex,32500,3250.0,0.1931,65.0,2025-08-16,active,2024-09-17,2027-09-17
2742,1681,6191129490401272,discover,9000,900.0,0.2091,25,2025-08-21,expired,2025-07-21,2029-07-21
2743,1682,5887338174549856,mastercard,14000,1400.0,0.1664,28.0,2025-08-17,expired,2024-05-05,2028-05-05
2744,1683,5186733726568372,mastercard,62000,58900.0,0.1576,1178.0,2025-08-04,active,2021-02-21,2024-02-21
2745,1683,4517827335021421,visa,82000,8200.0,0.1314,164.0,2025-08-21,active,2023-07-22,2026-07-22
2746,1683,5722428234429071,mastercard,66000,19800.0,0.2438,396.0,2025-08-09,active,2021-10-25,2024-10-25
2747,1684,4723248444405137,visa,20000,0.0,0.1907,25,2025-08-16,active,2022-06-13,2027-06-13
2748,1684,4057252944930998,visa,27500,13750.0,0.2234,275.0,2025-08-08,active,2024-10-23,2027-10-23
2749,1685,5282332018616264,mastercard,17500,0.0,0.1271,25,2025-08-18,active,2024-07-03,2028-07-03
2750,1685,4138470402274930,visa,41500,4150.0,0.2285,83.0,2025-08-24,active,2025-06-09,2028-06-09
2751,1686,353631573703885,amex,39000,11700.0,0.1367,234.0,2025-08-15,active,2023-03-21,2027-03-21
2752,1687,4635999906702317,visa,9500,950.0,0.2343,25,2025-08-05,active,2024-07-18,2027-07-18
2753,1688,5296522119864471,mastercard,15000,1500.0,0.1561,30.0,2025-08-18,active,2021-12-31,2024-12-31
2754,1689,6062536138184878,discover,24000,7200.0,0.1849,144.0,2025-08-17,active,2025-04-30,2029-04-30
2755,1690,5320762573169562,mastercard,49500,24750.0,0.1932,495.0,2025-08-24,active,2024-06-15,2028-06-15
2756,1691,5091003667580827,mastercard,43500,4350.0,0.1836,87.0,2025-08-21,active,2023-07-12,2026-07-12
2757,1691,5158936574858685,mastercard,53500,26750.0,0.211,535.0,2025-08-22,active,2025-04-09,2029-04-09
2758,1692,6234142939911968,discover,63000,6300.0,0.2341,126.0,2025-08-05,active,2025-04-13,2028-04-13
2759,1692,6488720679723842,discover,23500,2350.0,0.1867,47.0,2025-08-14,expired,2025-07-18,2028-07-18
2760,1693,4010380121924463,visa,28500,2850.0,0.1421,57.0,2025-08-16,active,2022-01-06,2025-01-06
2761,1693,5740339213283906,mastercard,40500,12150.0,0.2233,243.0,2025-08-19,active,2024-10-24,2029-10-24
2762,1694,363935130399492,amex,6000,600.0,0.2477,25,2025-08-08,active,2021-12-13,2026-12-13
2763,1695,322899518243256,amex,4500,2250.0,0.2123,45.0,2025-08-11,active,2023-12-24,2026-12-24
2764,1696,356990336545315,amex,28500,2850.0,0.1519,57.0,2025-08-16,active,2025-07-14,2029-07-14
2765,1697,6332999604320611,discover,12500,1250.0,0.245,25,2025-08-16,active,2023-10-11,2026-10-11
2766,1698,308433724174909,amex,13000,3900.0,0.1411,78.0,2025-08-15,active,2025-05-28,2030-05-28
2767,1699,6420743751777842,discover,53000,42400.0,0.1257,848.0,2025-08-19,active,2025-07-06,2028-07-06
2768,1699,6871196747753162,discover,41000,12300.0,0.1825,246.0,2025-08-15,active,2025-07-19,2030-07-19
2769,1700,315403289262475,amex,100000,30000.0,0.2427,600.0,2025-08-27,active,2023-11-18,2027-11-18
2770,1700,361455451175595,amex,100000,0.0,0.2483,25,2025-08-23,blocked,2024-08-25,2027-08-25
2771,1700,6095646295672308,discover,43000,34400.0,0.1559,688.0,2025-08-11,active,2024-02-15,2028-02-15
2772,1701,5747908876883849,mastercard,56000,44800.0,0.1955,896.0,2025-08-05,active,2024-01-13,2028-01-13
2773,1701,5894806335186264,mastercard,36000,18000.0,0.2258,360.0,2025-08-19,active,2025-01-26,2029-01-26
2774,1702,6661772002319390,discover,27000,13500.0,0.1228,270.0,2025-08-04,active,2024-02-09,2027-02-09
2775,1702,4624440090372247,visa,31500,3150.0,0.1395,63.0,2025-08-11,active,2024-02-10,2028-02-10
2776,1703,4580823006799284,visa,16500,4950.0,0.1953,99.0,2025-08-12,blocked,2025-04-08,2028-04-08
2777,1704,6081759701190804,discover,56500,5650.0,0.2152,113.0,2025-08-11,active,2023-12-22,2028-12-22
2778,1704,384888258120272,amex,100000,10000.0,0.2377,200.0,2025-08-22,active,2023-03-30,2028-03-30
2779,1705,6573132851552974,discover,15500,1550.0,0.1876,31.0,2025-08-15,active,2025-03-28,2028-03-28
2780,1706,5368287808970794,mastercard,69500,0.0,0.2379,25,2025-08-12,blocked,2023-11-08,2026-11-08
2781,1706,6750863927769843,discover,25500,0.0,0.1415,25,2025-08-22,active,2021-10-17,2024-10-17
2782,1707,6043668995704118,discover,84000,42000.0,0.1624,840.0,2025-08-10,active,2024-05-23,2027-05-23
2783,1707,321963461087598,amex,19000,9500.0,0.1779,190.0,2025-08-27,blocked,2024-07-16,2027-07-16
2784,1707,4240579268248375,visa,94500,89775.0,0.1268,1795.5,2025-08-24,active,2022-10-26,2026-10-26
2785,1708,5519573009746524,mastercard,63000,31500.0,0.1589,630.0,2025-08-08,active,2024-06-02,2027-06-02
2786,1708,306453349569240,amex,33500,16750.0,0.1872,335.0,2025-08-29,active,2022-01-29,2025-01-29
2787,1708,6468480852282487,discover,100000,80000.0,0.2232,1600.0,2025-08-08,active,2023-02-23,2028-02-23
2788,1709,5599551140684000,mastercard,16000,4800.0,0.1977,96.0,2025-08-16,active,2024-06-11,2028-06-11
2789,1709,4201116282055641,visa,50000,15000.0,0.1207,300.0,2025-08-24,active,2025-07-12,2030-07-12
2790,1710,6097049221056121,discover,24500,19600.0,0.1653,392.0,2025-08-07,active,2025-07-05,2030-07-05
2791,1711,5599447251212086,mastercard,72000,21600.0,0.211,432.0,2025-08-12,active,2024-12-17,2028-12-17
2792,1711,4943058471634415,visa,63000,18900.0,0.2437,378.0,2025-08-27,active,2023-07-03,2026-07-03
2793,1712,4360127827091760,visa,31500,3150.0,0.2278,63.0,2025-08-02,active,2024-10-11,2029-10-11
2794,1713,6887955299100629,discover,35000,10500.0,0.198,210.0,2025-08-15,active,2023-05-26,2027-05-26
2795,1714,6825083400170476,discover,12500,11875.0,0.1216,237.5,2025-08-29,active,2024-02-02,2027-02-02
2796,1716,4244337495688968,visa,10500,1050.0,0.232,25,2025-08-10,active,2025-06-25,2029-06-25
2797,1717,5599979896862055,mastercard,52000,5200.0,0.1829,104.0,2025-08-18,active,2022-09-26,2026-09-26
2798,1717,323391998627702,amex,27500,8250.0,0.2462,165.0,2025-08-30,active,2025-05-04,2029-05-04
2799,1718,5313197991230655,mastercard,28500,8550.0,0.1659,171.0,2025-08-16,active,2022-03-03,2025-03-03
2800,1718,368467194714395,amex,17000,1700.0,0.2305,34.0,2025-08-15,active,2021-08-07,2026-08-07
2801,1719,339477231333614,amex,18000,9000.0,0.2036,180.0,2025-08-15,blocked,2022-01-22,2026-01-22
2802,1719,6115395730334160,discover,39500,31600.0,0.1417,632.0,2025-08-03,active,2022-07-20,2026-07-20
2803,1719,4142755263540570,visa,10500,1050.0,0.2165,25,2025-08-26,active,2021-04-23,2026-04-23
2804,1720,5845715966991498,mastercard,46500,4650.0,0.1275,93.0,2025-08-15,active,2023-12-30,2027-12-30
2805,1720,5271471185630690,mastercard,80500,24150.0,0.2288,483.0,2025-08-24,active,2024-10-07,2029-10-07
2806,1721,5988746683516123,mastercard,13000,1300.0,0.2127,26.0,2025-08-04,active,2022-06-08,2026-06-08
2807,1722,4906582283009463,visa,10500,5250.0,0.1306,105.0,2025-08-15,blocked,2024-01-08,2029-01-08
2808,1723,4689149088992120,visa,15500,4650.0,0.2016,93.0,2025-08-19,active,2025-04-29,2030-04-29
2809,1724,5656756965420958,mastercard,18500,14800.0,0.1785,296.0,2025-08-30,active,2023-10-13,2026-10-13
2810,1724,6567016299885849,discover,54000,5400.0,0.1727,108.0,2025-08-27,active,2025-03-22,2028-03-22
2811,1725,341686052573499,amex,21000,6300.0,0.1215,126.0,2025-08-03,active,2025-07-22,2029-07-22
2812,1726,4091542218432307,visa,8000,800.0,0.1802,25,2025-08-29,active,2025-02-08,2030-02-08
2813,1727,4107490257359728,visa,24500,7350.0,0.1593,147.0,2025-08-14,active,2025-06-15,2028-06-15
2814,1728,5251649987427018,mastercard,32500,9750.0,0.1404,195.0,2025-08-09,active,2024-11-30,2029-11-30
2815,1729,387980666552488,amex,34500,17250.0,0.1242,345.0,2025-08-11,active,2023-08-16,2026-08-16
2816,1729,6304000953656737,discover,53000,26500.0,0.2232,530.0,2025-08-15,active,2022-08-26,2027-08-26
2817,1730,5884414253360286,mastercard,17000,16150.0,0.2134,323.0,2025-08-18,active,2024-03-21,2027-03-21
2818,1730,6873594463428535,discover,14500,7250.0,0.2216,145.0,2025-08-15,active,2023-06-27,2027-06-27
2819,1731,5735965528980017,mastercard,17500,5250.0,0.2244,105.0,2025-08-14,blocked,2024-01-01,2029-01-01
2820,1732,4563075925797766,visa,83500,25050.0,0.2206,501.0,2025-08-27,active,2025-07-25,2028-07-25
2821,1732,5731372651255857,mastercard,100000,50000.0,0.2389,1000.0,2025-08-09,active,2024-05-19,2028-05-19
2822,1733,4990643697794477,visa,26500,7950.0,0.1411,159.0,2025-08-27,blocked,2025-02-28,2030-02-28
2823,1733,4318273692191677,visa,84000,42000.0,0.1882,840.0,2025-08-14,active,2025-01-07,2028-01-07
2824,1733,5802839278178952,mastercard,73000,7300.0,0.1763,146.0,2025-08-20,active,2025-04-16,2030-04-16
2825,1734,4297991671613701,visa,22000,2200.0,0.2455,44.0,2025-08-29,active,2025-03-31,2030-03-31
2826,1735,327845127105388,amex,20000,10000.0,0.2186,200.0,2025-08-23,active,2024-06-30,2028-06-30
2827,1736,315679780868476,amex,21500,6450.0,0.2105,129.0,2025-08-20,active,2025-05-15,2029-05-15
2828,1736,5346178917710203,mastercard,21000,10500.0,0.1764,210.0,2025-08-05,blocked,2025-06-30,2030-06-30
2829,1737,6179938868487863,discover,31000,9300.0,0.1551,186.0,2025-08-21,active,2024-04-15,2027-04-15
2830,1738,313127731528159,amex,13500,1350.0,0.2288,27.0,2025-08-14,active,2021-06-22,2025-06-22
2831,1739,4516394512858913,visa,14500,7250.0,0.1852,145.0,2025-08-30,blocked,2024-11-23,2027-11-23
2832,1739,6911598724834306,discover,34000,0.0,0.1285,25,2025-08-31,active,2023-04-09,2027-04-09
2833,1740,4399796887899724,visa,62500,18750.0,0.1363,375.0,2025-08-24,active,2024-08-31,2028-08-31
2834,1740,6523563710897335,discover,70500,7050.0,0.2435,141.0,2025-08-27,active,2025-06-05,2029-06-05
2835,1741,371953530772187,amex,4500,450.0,0.2062,25,2025-08-11,active,2022-04-09,2026-04-09
2836,1741,6848399741353123,discover,28500,8550.0,0.173,171.0,2025-08-21,active,2025-06-29,2029-06-29
2837,1742,5701247101038333,mastercard,40000,20000.0,0.1404,400.0,2025-08-16,blocked,2022-08-16,2025-08-16
2838,1742,352769662428237,amex,34500,3450.0,0.1485,69.0,2025-08-18,active,2024-08-06,2028-08-06
2839,1742,6671237868943383,discover,22500,2250.0,0.212,45.0,2025-08-28,active,2024-07-22,2029-07-22
2840,1743,5739548166149871,mastercard,24500,7350.0,0.2162,147.0,2025-08-26,expired,2021-12-26,2026-12-26
2841,1744,5924590947215563,mastercard,7000,2100.0,0.1639,42.0,2025-08-13,active,2022-08-21,2027-08-21
2842,1744,382124023814049,amex,20000,6000.0,0.1896,120.0,2025-08-09,active,2022-02-10,2027-02-10
2843,1745,368096348936594,amex,48500,4850.0,0.2111,97.0,2025-08-13,active,2025-03-06,2030-03-06
2844,1746,6278539874573641,discover,34000,17000.0,0.138,340.0,2025-08-14,active,2024-07-20,2029-07-20
2845,1747,4129002107963669,visa,100000,50000.0,0.1205,1000.0,2025-08-05,active,2025-03-01,2028-03-01
2846,1747,5282125285520298,mastercard,100000,50000.0,0.1636,1000.0,2025-08-06,active,2025-03-19,2028-03-19
2847,1748,357867963023598,amex,38000,3800.0,0.2435,76.0,2025-08-02,active,2023-10-13,2028-10-13
2848,1749,5524150765233570,mastercard,24500,2450.0,0.1333,49.0,2025-08-12,active,2022-06-24,2027-06-24
2849,1750,6515270127401296,discover,21500,6450.0,0.2492,129.0,2025-08-15,active,2025-02-20,2029-02-20
2850,1751,6671922478221325,discover,25000,2500.0,0.221,50.0,2025-08-29,active,2025-07-02,2030-07-02
2851,1752,6065366121123792,discover,14500,4350.0,0.1545,87.0,2025-08-28,active,2023-06-12,2026-06-12
2852,1753,5587474412404384,mastercard,24500,7350.0,0.2428,147.0,2025-08-25,active,2025-07-14,2030-07-14
2853,1754,4158270245285923,visa,13500,1350.0,0.1747,27.0,2025-08-09,active,2023-04-27,2027-04-27
2854,1755,370117239631901,amex,9500,0.0,0.1796,25,2025-08-15,active,2025-04-21,2028-04-21
2855,1756,6123016743021206,discover,19500,1950.0,0.1421,39.0,2025-08-15,active,2025-03-15,2028-03-15
2856,1757,383286464126630,amex,44500,35600.0,0.1735,712.0,2025-08-22,active,2024-12-28,2029-12-28
2857,1757,5331777364933546,mastercard,85000,8500.0,0.1815,170.0,2025-08-25,active,2025-04-16,2028-04-16
2858,1758,387806686609685,amex,25000,20000.0,0.1682,400.0,2025-08-30,active,2025-06-30,2029-06-30
2859,1758,5388410179580495,mastercard,35000,10500.0,0.1744,210.0,2025-08-08,active,2025-07-25,2030-07-25
2860,1759,4255578179463295,visa,18500,5550.0,0.2058,111.0,2025-08-16,active,2022-06-02,2026-06-02
2861,1760,6561904244624167,discover,21500,17200.0,0.1801,344.0,2025-08-18,active,2022-11-23,2027-11-23
2862,1760,5960483182118148,mastercard,21000,10500.0,0.2467,210.0,2025-08-05,active,2023-06-18,2026-06-18
2863,1761,306088247922297,amex,38000,3800.0,0.2204,76.0,2025-08-22,active,2025-06-08,2028-06-08
2864,1761,4792293989085532,visa,44500,35600.0,0.2085,712.0,2025-08-17,active,2025-05-25,2029-05-25
2865,1762,5718196247665905,mastercard,58500,46800.0,0.2187,936.0,2025-08-22,active,2023-11-30,2027-11-30
2866,1763,4159845554562321,visa,33500,3350.0,0.1327,67.0,2025-08-24,expired,2025-07-24,2030-07-24
2867,1763,6435716170297272,discover,96500,0.0,0.1944,25,2025-08-13,active,2025-06-28,2028-06-28
2868,1763,6261424483941757,discover,70000,21000.0,0.1266,420.0,2025-08-21,active,2025-07-05,2028-07-05
2869,1763,6944655173723423,discover,70000,66500.0,0.1463,1330.0,2025-08-21,active,2025-07-27,2028-07-27
2870,1764,5768287425943735,mastercard,15000,4500.0,0.1352,90.0,2025-08-29,active,2025-01-01,2030-01-01
2871,1765,399476627387248,amex,45000,42750.0,0.1448,855.0,2025-08-23,active,2025-06-29,2029-06-29
2872,1766,5375361432699537,mastercard,8000,7600.0,0.1902,152.0,2025-08-31,active,2024-11-19,2029-11-19
2873,1767,312295470348993,amex,27000,8100.0,0.2241,162.0,2025-08-14,active,2023-12-06,2028-12-06
2874,1768,5174494598673921,mastercard,41000,12300.0,0.1343,246.0,2025-08-14,active,2024-02-07,2027-02-07
2875,1768,4010292718229094,visa,33500,10050.0,0.2173,201.0,2025-08-13,active,2024-07-17,2028-07-17
2876,1769,361224714116739,amex,2500,1250.0,0.1598,25,2025-08-03,active,2024-06-15,2029-06-15
2877,1770,6117769693911098,discover,18000,1800.0,0.1974,36.0,2025-08-30,expired,2025-07-02,2030-07-02
2878,1770,6395273674130450,discover,27500,8250.0,0.1529,165.0,2025-08-10,active,2024-12-21,2028-12-21
2879,1770,5739007136591061,mastercard,83000,8300.0,0.1632,166.0,2025-08-13,active,2025-05-06,2028-05-06
2880,1771,371079235955107,amex,16000,4800.0,0.2124,96.0,2025-08-22,active,2022-01-14,2026-01-14
2881,1772,5921476228989924,mastercard,8500,2550.0,0.122,51.0,2025-08-30,active,2023-04-27,2028-04-27
2882,1772,361759265993878,amex,54500,51775.0,0.2373,1035.5,2025-08-19,active,2024-04-30,2029-04-30
2883,1773,6672718508146358,discover,20000,6000.0,0.2298,120.0,2025-08-13,active,2020-12-15,2025-12-15
2884,1774,5829811862438011,mastercard,22500,2250.0,0.1266,45.0,2025-08-23,active,2025-07-29,2030-07-29
2885,1775,5066655751842381,mastercard,41500,4150.0,0.123,83.0,2025-08-14,active,2024-06-27,2029-06-27
2886,1775,5258160223779945,mastercard,28500,22800.0,0.2249,456.0,2025-08-30,active,2023-02-03,2027-02-03
2887,1776,5498679422058592,mastercard,43000,12900.0,0.1811,258.0,2025-08-27,active,2025-02-22,2029-02-22
2888,1776,4937329729140226,visa,80000,8000.0,0.1241,160.0,2025-08-05,active,2025-04-20,2030-04-20
2889,1776,5550666540791370,mastercard,47000,14100.0,0.2016,282.0,2025-08-05,active,2023-11-18,2027-11-18
2890,1777,5356625783216844,mastercard,56500,28250.0,0.1624,565.0,2025-08-06,active,2025-07-21,2029-07-21
2891,1777,4573719402071277,visa,14000,1400.0,0.2009,28.0,2025-08-03,active,2025-07-25,2028-07-25
2892,1777,5821927265755293,mastercard,23500,2350.0,0.2277,47.0,2025-08-17,active,2025-07-30,2030-07-30
2893,1778,5930848511160886,mastercard,24500,0.0,0.1764,25,2025-08-21,active,2022-12-28,2025-12-28
2894,1780,4832524485317268,visa,15000,7500.0,0.1656,150.0,2025-08-24,active,2025-01-04,2028-01-04
2895,1780,4920124844171544,visa,45000,13500.0,0.231,270.0,2025-08-14,active,2025-07-23,2028-07-23
2896,1780,5152349937269951,mastercard,39500,11850.0,0.2054,237.0,2025-08-05,active,2025-07-06,2030-07-06
2897,1781,337485804827642,amex,62500,6250.0,0.1449,125.0,2025-08-20,active,2024-12-23,2029-12-23
2898,1783,4080912573782105,visa,16500,4950.0,0.2141,99.0,2025-08-27,active,2024-12-03,2028-12-03
2899,1784,6652567055343535,discover,24500,12250.0,0.1278,245.0,2025-08-26,active,2023-02-09,2027-02-09
2900,1785,357404499271108,amex,15500,1550.0,0.1826,31.0,2025-08-03,active,2025-01-22,2028-01-22
2901,1786,4418656738564880,visa,67500,54000.0,0.2488,1080.0,2025-08-23,active,2025-04-17,2028-04-17
2902,1786,4532159636040245,visa,71500,21450.0,0.2496,429.0,2025-08-17,blocked,2025-03-30,2028-03-30
2903,1786,352831533896010,amex,60500,6050.0,0.1914,121.0,2025-08-07,active,2024-04-20,2027-04-20
2904,1786,387567443632250,amex,38000,3800.0,0.2098,76.0,2025-08-11,expired,2023-11-18,2026-11-18
2905,1787,6322657114187347,discover,20000,6000.0,0.187,120.0,2025-08-06,active,2025-03-06,2029-03-06
2906,1788,336201711142308,amex,60500,30250.0,0.1498,605.0,2025-08-26,active,2022-02-28,2027-02-28
2907,1788,6034631789023673,discover,48000,24000.0,0.2277,480.0,2025-08-15,active,2025-04-25,2030-04-25
2908,1788,4787001745388322,visa,47000,14100.0,0.1816,282.0,2025-08-11,active,2022-04-17,2027-04-17
2909,1789,330359018181021,amex,11000,0.0,0.1654,25,2025-08-07,active,2024-08-27,2027-08-27
2910,1790,4446979559366545,visa,9000,2700.0,0.2212,54.0,2025-08-28,active,2025-04-20,2028-04-20
2911,1791,395448634871832,amex,7500,2250.0,0.25,45.0,2025-08-03,active,2025-07-23,2029-07-23
2912,1791,4099845276198802,visa,8500,2550.0,0.2391,51.0,2025-08-10,active,2025-07-02,2028-07-02
2913,1792,335048148539683,amex,39000,3900.0,0.1675,78.0,2025-08-07,expired,2021-05-18,2026-05-18
2914,1793,6257730638556190,discover,34500,10350.0,0.1703,207.0,2025-08-22,active,2024-08-29,2027-08-29
2915,1793,6726257622978248,discover,77000,23100.0,0.1915,462.0,2025-08-30,active,2025-01-12,2028-01-12
2916,1793,5724200929969528,mastercard,98000,78400.0,0.2436,1568.0,2025-08-17,active,2021-09-01,2025-09-01
2917,1794,385822793562559,amex,12500,3750.0,0.1631,75.0,2025-08-11,active,2024-01-10,2028-01-10
2918,1794,6097389391128110,discover,44000,22000.0,0.2225,440.0,2025-08-27,active,2024-01-27,2029-01-27
2919,1795,4520635724344048,visa,75000,22500.0,0.1432,450.0,2025-08-04,active,2025-02-27,2028-02-27
2920,1795,6447227643911722,discover,85000,8500.0,0.2197,170.0,2025-08-28,active,2025-02-25,2028-02-25
2921,1795,5870485959389787,mastercard,24000,19200.0,0.1337,384.0,2025-08-29,active,2024-01-02,2028-01-02
2922,1796,4687754118476297,visa,92500,27750.0,0.2289,555.0,2025-08-21,active,2023-09-26,2028-09-26
2923,1796,4710276309015730,visa,65000,19500.0,0.1392,390.0,2025-08-31,active,2023-12-08,2027-12-08
2924,1796,5757467665420986,mastercard,21000,2100.0,0.2246,42.0,2025-08-13,expired,2024-05-26,2028-05-26
2925,1796,5181442102090167,mastercard,17500,0.0,0.1473,25,2025-08-24,active,2023-11-24,2027-11-24
2926,1797,5406858893813524,mastercard,17000,1700.0,0.2097,34.0,2025-08-16,expired,2025-03-03,2028-03-03
2927,1798,6025383697791099,discover,11000,3300.0,0.2456,66.0,2025-08-06,active,2024-07-13,2029-07-13
2928,1799,5517491455925346,mastercard,62500,18750.0,0.1904,375.0,2025-08-31,active,2024-03-02,2028-03-02
2929,1799,5361377534245912,mastercard,20000,6000.0,0.2127,120.0,2025-08-19,active,2025-02-21,2028-02-21
2930,1800,5311459392077083,mastercard,30500,3050.0,0.2293,61.0,2025-08-10,active,2025-06-25,2029-06-25
2931,1800,4984145483038606,visa,21000,0.0,0.1686,25,2025-08-06,active,2025-02-04,2030-02-04
2932,1800,307667390490782,amex,15000,12000.0,0.1452,240.0,2025-08-28,active,2025-01-25,2028-01-25
2933,1801,5025836682406383,mastercard,81000,40500.0,0.1765,810.0,2025-08-15,active,2024-12-03,2029-12-03
2934,1801,338767989764433,amex,58500,46800.0,0.1416,936.0,2025-08-10,active,2024-05-15,2029-05-15
2935,1802,6937622414198102,discover,4500,0.0,0.1841,25,2025-08-19,active,2023-03-11,2026-03-11
2936,1803,5502067238278146,mastercard,21000,19950.0,0.2206,399.0,2025-08-14,active,2024-10-04,2028-10-04
2937,1804,388788738129465,amex,38000,11400.0,0.2406,228.0,2025-08-03,active,2023-05-08,2027-05-08
2938,1805,369025968166401,amex,38000,30400.0,0.1912,608.0,2025-08-03,blocked,2025-01-28,2029-01-28
2939,1806,5878332067146703,mastercard,3500,350.0,0.1864,25,2025-08-26,active,2022-08-15,2025-08-15
2940,1807,375252843863222,amex,35000,3500.0,0.2471,70.0,2025-08-23,active,2021-01-17,2025-01-17
2941,1807,378047994126428,amex,95000,28500.0,0.177,570.0,2025-08-16,active,2025-07-02,2030-07-02
2942,1808,6679016861814762,discover,12000,3600.0,0.1313,72.0,2025-08-26,active,2023-05-22,2026-05-22
2943,1808,326653306773954,amex,18500,0.0,0.2168,25,2025-08-13,expired,2024-01-25,2028-01-25
2944,1809,327718551687700,amex,9500,950.0,0.1555,25,2025-08-10,active,2022-04-21,2027-04-21
2945,1810,4356761156405873,visa,16000,4800.0,0.1411,96.0,2025-08-07,active,2025-03-04,2028-03-04
2946,1811,4817314309020681,visa,37000,29600.0,0.1756,592.0,2025-08-05,active,2025-01-31,2028-01-31
2947,1812,5738872400243240,mastercard,30500,15250.0,0.1247,305.0,2025-08-26,active,2025-07-20,2029-07-20
2948,1813,4813797241742265,visa,22000,6600.0,0.1895,132.0,2025-08-05,active,2023-01-17,2028-01-17
2949,1814,4334078142663275,visa,32500,0.0,0.2358,25,2025-08-10,active,2025-05-14,2028-05-14
2950,1815,397879963238664,amex,29500,23600.0,0.2459,472.0,2025-08-23,active,2024-12-12,2029-12-12
2951,1816,4753967753621027,visa,100000,10000.0,0.1636,200.0,2025-08-25,active,2023-04-17,2028-04-17
2952,1816,4247567077021474,visa,87000,26100.0,0.2296,522.0,2025-08-30,active,2024-01-14,2028-01-14
2953,1816,5347993184575431,mastercard,62000,18600.0,0.2431,372.0,2025-08-17,active,2024-07-11,2027-07-11
2954,1818,4696879928630825,visa,15500,4650.0,0.2007,93.0,2025-08-28,active,2025-07-05,2030-07-05
2955,1819,6040492224066606,discover,30000,3000.0,0.2437,60.0,2025-08-10,active,2025-05-28,2028-05-28
2956,1819,6638003313758780,discover,50000,15000.0,0.1704,300.0,2025-08-16,active,2025-06-24,2029-06-24
2957,1820,4297855296489398,visa,31000,3100.0,0.2106,62.0,2025-08-29,active,2023-06-26,2028-06-26
2958,1821,354340541625580,amex,100000,80000.0,0.2483,1600.0,2025-08-17,active,2025-06-08,2028-06-08
2959,1821,6288736051103535,discover,90500,27150.0,0.243,543.0,2025-08-21,expired,2025-06-20,2028-06-20
2960,1822,4963180098633166,visa,43500,0.0,0.2005,25,2025-08-16,active,2025-07-15,2029-07-15
2961,1822,4380061958730192,visa,96500,0.0,0.1561,25,2025-08-05,expired,2022-09-29,2027-09-29
2962,1823,5224715515152854,mastercard,8500,850.0,0.2475,25,2025-08-21,active,2025-06-23,2030-06-23
2963,1824,6902138686118394,discover,11500,9200.0,0.2214,184.0,2025-08-06,active,2025-03-04,2029-03-04
2964,1824,4424082746198164,visa,54500,5450.0,0.1468,109.0,2025-08-17,active,2023-05-06,2026-05-06
2965,1825,5991390410406331,mastercard,10500,0.0,0.2256,25,2025-08-17,active,2022-07-05,2026-07-05
2966,1825,6461915853089674,discover,11000,3300.0,0.1301,66.0,2025-08-25,active,2023-02-17,2026-02-17
2967,1826,5621903616543844,mastercard,8000,2400.0,0.1368,48.0,2025-08-09,active,2023-08-22,2028-08-22
2968,1827,6345962635352277,discover,18000,1800.0,0.2317,36.0,2025-08-17,active,2024-02-02,2029-02-02
2969,1827,4965459254495176,visa,18000,9000.0,0.2422,180.0,2025-08-26,active,2024-03-09,2027-03-09
2970,1828,6610059482706908,discover,15500,1550.0,0.1345,31.0,2025-08-08,active,2024-12-17,2029-12-17
2971,1829,380208206460288,amex,15000,12000.0,0.1873,240.0,2025-08-17,active,2024-06-17,2028-06-17
2972,1829,4439398818696750,visa,9000,0.0,0.1748,25,2025-08-10,active,2024-09-30,2028-09-30
2973,1830,4780282739809988,visa,7000,2100.0,0.1493,42.0,2025-08-16,active,2025-07-22,2029-07-22
2974,1831,351058378498600,amex,27500,2750.0,0.1381,55.0,2025-08-04,active,2022-12-14,2026-12-14
2975,1831,4550778843995091,visa,29500,8850.0,0.1576,177.0,2025-08-25,active,2023-11-02,2026-11-02
2976,1832,4265287905973077,visa,83500,8350.0,0.1343,167.0,2025-08-19,active,2024-11-13,2029-11-13
2977,1832,6541003169962139,discover,20000,0.0,0.1891,25,2025-08-05,active,2023-02-14,2026-02-14
2978,1832,332942928406453,amex,18500,14800.0,0.1597,296.0,2025-08-13,active,2023-06-12,2028-06-12
2979,1832,319735718828533,amex,35500,10650.0,0.2195,213.0,2025-08-30,active,2022-11-30,2025-11-30
2980,1833,348789708746740,amex,70000,7000.0,0.1694,140.0,2025-08-10,active,2022-10-14,2027-10-14
2981,1833,5108232111508248,mastercard,100000,10000.0,0.1317,200.0,2025-08-05,active,2025-01-31,2030-01-31
2982,1833,378841457473558,amex,78500,7850.0,0.2038,157.0,2025-08-12,active,2025-04-17,2030-04-17
2983,1833,5447798733119757,mastercard,88500,0.0,0.1281,25,2025-08-22,active,2024-10-19,2027-10-19
2984,1834,6471314396926192,discover,10000,5000.0,0.2376,100.0,2025-08-23,blocked,2024-07-21,2027-07-21
2985,1834,5075047570974141,mastercard,22500,11250.0,0.2362,225.0,2025-08-02,active,2024-06-20,2028-06-20
2986,1835,395931857197516,amex,18500,5550.0,0.2226,111.0,2025-08-16,active,2023-03-30,2027-03-30
2987,1835,343976210897485,amex,23500,7050.0,0.1258,141.0,2025-08-25,expired,2023-06-27,2026-06-27
2988,1836,4395190477186730,visa,49500,14850.0,0.2168,297.0,2025-08-22,active,2024-11-22,2028-11-22
2989,1837,315134017497136,amex,21500,6450.0,0.1367,129.0,2025-08-25,active,2024-11-14,2027-11-14
2990,1838,308164877397865,amex,49500,4950.0,0.1948,99.0,2025-08-19,active,2023-01-14,2027-01-14
2991,1838,5527470465717377,mastercard,59500,29750.0,0.2243,595.0,2025-08-26,active,2022-11-04,2026-11-04
2992,1839,6089819209382963,discover,44000,4400.0,0.2184,88.0,2025-08-30,active,2024-05-04,2028-05-04
2993,1839,6887022124464161,discover,57000,28500.0,0.2006,570.0,2025-08-23,active,2024-05-16,2028-05-16
2994,1840,4741399145422897,visa,34000,17000.0,0.2162,340.0,2025-08-17,active,2024-12-11,2027-12-11
2995,1840,4713960838921662,visa,15500,4650.0,0.2408,93.0,2025-08-24,active,2025-07-26,2030-07-26
2996,1841,6567386805610621,discover,31000,3100.0,0.2371,62.0,2025-08-15,active,2025-07-10,2030-07-10
2997,1841,5833124676773798,mastercard,22000,2200.0,0.2065,44.0,2025-08-18,active,2025-03-20,2028-03-20
2998,1842,315969813221249,amex,22000,2200.0,0.1453,44.0,2025-08-23,active,2024-06-11,2028-06-11
2999,1843,6144380515895277,discover,16000,1600.0,0.2188,32.0,2025-08-03,active,2024-10-04,2027-10-04
3000,1843,6504638282326680,discover,49000,14700.0,0.1709,294.0,2025-08-24,active,2024-11-06,2028-11-06
3001,1844,6674662035660944,discover,50500,25250.0,0.1996,505.0,2025-08-19,active,2025-04-09,2029-04-09
3002,1844,379626257897616,amex,76000,0.0,0.139,25,2025-08-14,active,2024-08-13,2029-08-13
3003,1845,4928108717682156,visa,22500,6750.0,0.1912,135.0,2025-08-19,active,2024-07-17,2029-07-17
3004,1845,371411363177626,amex,9000,2700.0,0.2398,54.0,2025-08-09,active,2023-08-29,2026-08-29
3005,1846,4708701450658046,visa,18000,1800.0,0.1615,36.0,2025-08-30,active,2025-05-15,2030-05-15
3006,1847,6666415570991907,discover,16500,13200.0,0.1929,264.0,2025-08-10,active,2025-05-20,2030-05-20
3007,1848,5881804009563944,mastercard,56000,16800.0,0.1395,336.0,2025-08-07,active,2024-04-01,2027-04-01
3008,1848,315166175963136,amex,100000,50000.0,0.2104,1000.0,2025-08-20,active,2023-12-06,2026-12-06
3009,1849,6640393272751421,discover,46000,13800.0,0.1573,276.0,2025-08-18,active,2022-07-10,2026-07-10
3010,1849,6552086207669421,discover,46000,13800.0,0.1215,276.0,2025-08-03,active,2023-08-06,2026-08-06
3011,1850,375786218081636,amex,18000,5400.0,0.1209,108.0,2025-08-25,active,2022-12-04,2025-12-04
3012,1851,6044099975706185,discover,18000,5400.0,0.1863,108.0,2025-08-22,active,2021-03-12,2025-03-12
3013,1851,6881581410882652,discover,10000,1000.0,0.1779,25,2025-08-23,blocked,2024-10-10,2028-10-10
3014,1852,5394480487340571,mastercard,15000,4500.0,0.2121,90.0,2025-08-28,active,2025-07-05,2030-07-05
3015,1852,363431520825802,amex,40000,4000.0,0.1921,80.0,2025-08-12,active,2025-08-01,2030-08-01
3016,1853,4672796641001283,visa,52000,41600.0,0.2413,832.0,2025-08-07,active,2023-03-10,2027-03-10
3017,1853,4083708905377998,visa,36500,3650.0,0.1993,73.0,2025-08-14,expired,2023-07-01,2026-07-01
3018,1855,6497768979903238,discover,15000,12000.0,0.1349,240.0,2025-08-12,active,2024-12-25,2029-12-25
3019,1856,6935419893209899,discover,9000,900.0,0.2189,25,2025-08-20,active,2024-06-28,2028-06-28
3020,1857,337715789937038,amex,13500,1350.0,0.233,27.0,2025-08-06,active,2025-07-27,2028-07-27
3021,1858,5144879476932572,mastercard,23500,2350.0,0.1568,47.0,2025-08-11,active,2025-03-07,2028-03-07
3022,1859,5280390988025352,mastercard,30000,3000.0,0.2408,60.0,2025-08-28,active,2022-02-16,2026-02-16
3023,1859,5449778726856550,mastercard,42000,12600.0,0.1374,252.0,2025-08-10,active,2022-09-29,2027-09-29
3024,1860,324645220394805,amex,35000,3500.0,0.1521,70.0,2025-08-22,active,2023-06-08,2028-06-08
3025,1861,6826259458385214,discover,36500,3650.0,0.1794,73.0,2025-08-23,active,2024-12-07,2028-12-07
3026,1861,6602440114320548,discover,40000,20000.0,0.2428,400.0,2025-08-30,active,2024-09-06,2027-09-06
3027,1861,6844150568286074,discover,91500,9150.0,0.225,183.0,2025-08-20,active,2024-09-26,2028-09-26
3028,1862,5839247208172755,mastercard,27000,2700.0,0.1858,54.0,2025-08-09,active,2022-05-15,2026-05-15
3029,1862,6237411121395116,discover,24000,2400.0,0.1775,48.0,2025-08-31,active,2024-04-07,2027-04-07
3030,1863,5021544238993475,mastercard,8000,6400.0,0.2273,128.0,2025-08-16,active,2025-04-11,2029-04-11
3031,1864,4620922751589552,visa,17500,8750.0,0.1536,175.0,2025-08-23,active,2022-07-10,2025-07-10
3032,1865,6963710999641249,discover,20000,2000.0,0.2227,40.0,2025-08-19,active,2025-02-11,2029-02-11
3033,1865,4129197426941117,visa,5000,2500.0,0.147,50.0,2025-08-10,active,2025-07-26,2028-07-26
3034,1866,4131718718036313,visa,20500,0.0,0.1784,25,2025-08-06,active,2025-03-13,2029-03-13
3035,1867,6171856067148981,discover,16500,4950.0,0.1503,99.0,2025-08-03,active,2025-05-05,2030-05-05
3036,1867,5558310621288916,mastercard,15500,4650.0,0.1247,93.0,2025-08-20,expired,2025-07-02,2029-07-02
3037,1867,4882903118609091,visa,34500,10350.0,0.2396,207.0,2025-08-15,active,2025-05-15,2029-05-15
3038,1868,6245553810904298,discover,7000,2100.0,0.161,42.0,2025-08-13,active,2023-05-19,2027-05-19
3039,1868,6275458143023459,discover,14000,4200.0,0.2356,84.0,2025-08-06,active,2024-09-01,2029-09-01
3040,1869,6216785557605878,discover,8000,4000.0,0.1789,80.0,2025-08-08,active,2025-05-26,2028-05-26
3041,1870,5184958064599631,mastercard,44000,4400.0,0.1836,88.0,2025-08-05,active,2024-08-25,2029-08-25
3042,1871,5351960958605055,mastercard,42000,12600.0,0.1589,252.0,2025-08-16,active,2025-03-08,2028-03-08
3043,1871,315753809158849,amex,47000,4700.0,0.1886,94.0,2025-08-31,active,2022-09-13,2025-09-13
3044,1871,4097929362584040,visa,11500,0.0,0.2309,25,2025-08-08,expired,2023-06-29,2026-06-29
3045,1872,4828723885656654,visa,28500,8550.0,0.2175,171.0,2025-08-03,active,2025-06-07,2029-06-07
3046,1872,6958000489168584,discover,60500,6050.0,0.1651,121.0,2025-08-30,active,2024-02-14,2028-02-14
3047,1873,5993197330868939,mastercard,28500,14250.0,0.1775,285.0,2025-08-03,active,2025-07-17,2029-07-17
3048,1874,4995290306956945,visa,75000,60000.0,0.1597,1200.0,2025-08-22,blocked,2024-10-30,2028-10-30
3049,1874,6365158543459202,discover,40000,38000.0,0.1519,760.0,2025-08-30,active,2025-06-22,2028-06-22
3050,1875,5280287353941173,mastercard,26000,2600.0,0.2286,52.0,2025-08-16,active,2024-11-19,2028-11-19
3051,1876,6285743311647896,discover,24500,2450.0,0.1635,49.0,2025-08-25,active,2025-04-09,2028-04-09
3052,1877,5398998090750433,mastercard,50000,5000.0,0.2167,100.0,2025-08-29,active,2023-10-22,2027-10-22
3053,1878,6046281593368830,discover,51000,15300.0,0.2471,306.0,2025-08-25,active,2024-08-29,2029-08-29
3054,1878,6416681357631197,discover,28000,0.0,0.2135,25,2025-08-31,active,2025-04-29,2028-04-29
3055,1879,4887453518786385,visa,56500,16950.0,0.2189,339.0,2025-08-16,active,2024-06-28,2028-06-28
3056,1880,303558890533255,amex,51000,15300.0,0.1992,306.0,2025-08-17,active,2025-06-10,2029-06-10
3057,1880,6697042202445890,discover,56000,28000.0,0.1487,560.0,2025-08-17,active,2025-03-19,2030-03-19
3058,1881,4241879878592868,visa,22500,18000.0,0.2203,360.0,2025-08-05,active,2024-10-30,2028-10-30
3059,1881,6801598851011842,discover,58500,29250.0,0.144,585.0,2025-08-10,active,2024-05-31,2029-05-31
3060,1881,389219175952146,amex,80500,24150.0,0.199,483.0,2025-08-28,active,2023-03-30,2026-03-30
3061,1882,6766400720322585,discover,28500,14250.0,0.2127,285.0,2025-08-07,active,2025-07-30,2028-07-30
3062,1883,378550486804987,amex,11500,1150.0,0.1231,25,2025-08-27,active,2025-06-26,2029-06-26
3063,1884,5177679771759300,mastercard,21000,6300.0,0.2027,126.0,2025-08-17,active,2024-07-20,2027-07-20
3064,1885,4703036873391158,visa,14500,1450.0,0.2321,29.0,2025-08-03,active,2023-02-18,2026-02-18
3065,1886,6422749935241439,discover,35000,33250.0,0.1225,665.0,2025-08-02,active,2024-05-06,2028-05-06
3066,1886,6448801927637862,discover,74000,22200.0,0.2184,444.0,2025-08-07,active,2025-05-16,2030-05-16
3067,1886,324145299991430,amex,15500,4650.0,0.155,93.0,2025-08-02,active,2025-01-22,2028-01-22
3068,1886,6984759518656140,discover,90500,27150.0,0.2203,543.0,2025-08-10,active,2025-03-18,2028-03-18
3069,1887,4053258974869712,visa,83500,25050.0,0.1743,501.0,2025-08-30,active,2024-10-15,2027-10-15
3070,1887,6397834127083457,discover,85500,8550.0,0.1782,171.0,2025-08-05,active,2024-12-25,2027-12-25
3071,1888,6573873341720504,discover,53500,26750.0,0.1674,535.0,2025-08-19,active,2025-05-31,2029-05-31
3072,1889,6131240132653733,discover,25000,2500.0,0.1895,50.0,2025-08-03,active,2024-12-06,2028-12-06
3073,1890,354992086750193,amex,31000,3100.0,0.2201,62.0,2025-08-11,active,2023-12-29,2028-12-29
3074,1890,4532763956851423,visa,50000,5000.0,0.1558,100.0,2025-08-18,active,2024-10-18,2027-10-18
3075,1891,5843661135888457,mastercard,5500,1650.0,0.2057,33.0,2025-08-12,active,2025-07-25,2029-07-25
3076,1893,4011181950528589,visa,18000,5400.0,0.2306,108.0,2025-08-19,active,2023-06-22,2028-06-22
3077,1894,6798087456347372,discover,30000,9000.0,0.1279,180.0,2025-08-20,active,2025-05-28,2028-05-28
3078,1895,4602227421782771,visa,9500,2850.0,0.2104,57.0,2025-08-28,active,2021-07-03,2025-07-03
3079,1896,351213830833933,amex,23000,2300.0,0.1387,46.0,2025-08-15,active,2025-05-22,2029-05-22
3080,1896,4174259144738333,visa,9500,0.0,0.236,25,2025-08-16,active,2025-06-06,2029-06-06
3081,1897,360524408477100,amex,74500,0.0,0.1643,25,2025-08-17,active,2024-05-22,2028-05-22
3082,1897,6781164902483896,discover,58000,17400.0,0.1632,348.0,2025-08-22,active,2025-05-30,2029-05-30
3083,1897,6307287275731829,discover,68000,54400.0,0.1296,1088.0,2025-08-09,active,2024-05-03,2027-05-03
3084,1898,6462222544639639,discover,3500,1050.0,0.1735,25,2025-08-05,active,2025-04-19,2029-04-19
3085,1899,5024159844967948,mastercard,25000,2500.0,0.1788,50.0,2025-08-30,active,2025-07-12,2029-07-12
3086,1900,385648309889081,amex,13000,1300.0,0.1268,26.0,2025-08-14,active,2025-06-08,2029-06-08
3087,1901,362640859551495,amex,21000,6300.0,0.2482,126.0,2025-08-23,active,2025-05-18,2028-05-18
3088,1902,396052671697781,amex,39500,11850.0,0.1707,237.0,2025-08-25,active,2025-02-21,2029-02-21
3089,1903,5479560502065157,mastercard,15000,4500.0,0.1434,90.0,2025-08-22,active,2022-07-19,2025-07-19
3090,1903,4536263963856905,visa,56000,16800.0,0.1691,336.0,2025-08-13,active,2025-05-19,2028-05-19
3091,1904,4117078211764399,visa,25000,20000.0,0.1715,400.0,2025-08-13,active,2025-02-17,2028-02-17
3092,1905,4297258871322875,visa,14000,0.0,0.2047,25,2025-08-30,active,2024-02-28,2027-02-28
3093,1906,5943050448391730,mastercard,27500,2750.0,0.1711,55.0,2025-08-12,active,2020-11-30,2025-11-30
3094,1907,4415742994321596,visa,16500,4950.0,0.1898,99.0,2025-08-20,active,2024-06-23,2029-06-23
3095,1908,6393707348567584,discover,11500,5750.0,0.1273,115.0,2025-08-23,active,2022-06-12,2027-06-12
3096,1908,6579270855316650,discover,23500,7050.0,0.247,141.0,2025-08-28,active,2024-01-22,2027-01-22
3097,1909,4177162302482981,visa,35000,17500.0,0.2328,350.0,2025-08-03,active,2025-01-11,2030-01-11
3098,1910,375226255483152,amex,34500,17250.0,0.194,345.0,2025-08-03,active,2025-04-24,2028-04-24
3099,1911,314508549124866,amex,39500,3950.0,0.2094,79.0,2025-08-05,active,2025-03-03,2028-03-03
3100,1912,6014389204463585,discover,37000,3700.0,0.222,74.0,2025-08-04,blocked,2023-12-13,2026-12-13
3101,1912,5077057729753335,mastercard,38000,19000.0,0.1787,380.0,2025-08-28,active,2024-10-07,2028-10-07
3102,1913,352969338947269,amex,4000,3800.0,0.1264,76.0,2025-08-28,active,2025-01-24,2029-01-24
3103,1914,6333816975078388,discover,12500,0.0,0.1649,25,2025-08-13,active,2025-06-04,2030-06-04
3104,1915,346652289753396,amex,22000,2200.0,0.128,44.0,2025-08-03,expired,2025-08-01,2029-08-01
3105,1915,5997699714689896,mastercard,89500,8950.0,0.2478,179.0,2025-08-16,active,2024-07-29,2027-07-29
3106,1915,355083484036289,amex,35500,0.0,0.1567,25,2025-08-30,active,2024-12-07,2028-12-07
3107,1916,6092689812118588,discover,10500,3150.0,0.2263,63.0,2025-08-21,active,2024-11-22,2027-11-22
3108,1917,378650952563080,amex,65000,6500.0,0.1248,130.0,2025-08-24,active,2022-07-28,2025-07-28
3109,1917,6412600910312807,discover,15000,7500.0,0.212,150.0,2025-08-21,active,2023-02-03,2028-02-03
3110,1918,6462269640763863,discover,100000,10000.0,0.1864,200.0,2025-08-29,active,2025-07-03,2028-07-03
3111,1918,370607805407129,amex,67500,6750.0,0.1972,135.0,2025-08-31,active,2024-11-26,2029-11-26
3112,1919,5158873145033152,mastercard,11000,3300.0,0.142,66.0,2025-08-24,active,2023-09-15,2027-09-15
3113,1920,4274993919001128,visa,18000,5400.0,0.2213,108.0,2025-08-28,active,2023-12-25,2026-12-25
3114,1920,367795268908268,amex,17500,1750.0,0.1542,35.0,2025-08-09,active,2022-12-14,2026-12-14
3115,1921,4491981700159197,visa,23500,7050.0,0.2213,141.0,2025-08-11,active,2024-12-16,2027-12-16
3116,1922,6821738914550564,discover,39000,31200.0,0.2069,624.0,2025-08-07,active,2025-07-31,2030-07-31
3117,1923,5859525292420904,mastercard,13000,10400.0,0.2028,208.0,2025-08-19,expired,2024-11-14,2029-11-14
3118,1924,4378077224414633,visa,12000,3600.0,0.1875,72.0,2025-08-29,active,2023-06-03,2027-06-03
3119,1924,5050699875852572,mastercard,28500,2850.0,0.1402,57.0,2025-08-13,active,2023-09-03,2028-09-03
3120,1925,4696469016442370,visa,9500,9025.0,0.1578,180.5,2025-08-12,active,2024-07-05,2029-07-05
3121,1926,4775786123587662,visa,36500,18250.0,0.1265,365.0,2025-08-20,active,2025-02-25,2030-02-25
3122,1927,5362537863070131,mastercard,25500,2550.0,0.1925,51.0,2025-08-21,active,2025-02-22,2030-02-22
3123,1927,5316495864917058,mastercard,4500,450.0,0.2347,25,2025-08-03,active,2024-02-02,2027-02-02
3124,1928,4109958724411139,visa,15500,7750.0,0.1502,155.0,2025-08-31,active,2023-11-29,2028-11-29
3125,1929,4519681469107643,visa,29500,0.0,0.2292,25,2025-08-05,active,2022-06-10,2026-06-10
3126,1929,5244295153841024,mastercard,12500,6250.0,0.1825,125.0,2025-08-07,expired,2021-10-12,2026-10-12
3127,1930,343113096377401,amex,28500,8550.0,0.2437,171.0,2025-08-18,active,2023-12-29,2026-12-29
3128,1931,4062305047827734,visa,24500,2450.0,0.2114,49.0,2025-08-29,active,2024-07-18,2028-07-18
3129,1932,6749988351991773,discover,16000,1600.0,0.1727,32.0,2025-08-15,active,2025-02-02,2029-02-02
3130,1933,357441539660860,amex,49500,14850.0,0.1864,297.0,2025-08-20,active,2025-05-05,2029-05-05
3131,1933,4496873689456189,visa,41500,12450.0,0.2169,249.0,2025-08-09,active,2024-09-10,2027-09-10
3132,1934,6550310938882956,discover,47500,14250.0,0.2003,285.0,2025-08-17,active,2022-10-01,2026-10-01
3133,1934,6898801962231421,discover,50000,25000.0,0.2294,500.0,2025-08-07,blocked,2022-03-26,2027-03-26
3134,1935,344072111259667,amex,24000,0.0,0.1659,25,2025-08-05,active,2024-04-11,2029-04-11
3135,1936,4936339597577897,visa,74000,7400.0,0.1841,148.0,2025-08-29,active,2025-05-03,2030-05-03
3136,1936,6514924100969004,discover,27000,13500.0,0.2465,270.0,2025-08-27,active,2023-05-20,2028-05-20
3137,1936,4666102011745188,visa,48000,24000.0,0.1519,480.0,2025-08-16,active,2025-06-04,2030-06-04
3138,1937,6003085973706124,discover,14500,4350.0,0.1658,87.0,2025-08-20,active,2024-07-30,2028-07-30
3139,1938,5226650980170569,mastercard,26500,21200.0,0.1584,424.0,2025-08-25,active,2025-06-10,2030-06-10
3140,1939,371435120045158,amex,17000,5100.0,0.1911,102.0,2025-08-09,active,2022-07-09,2027-07-09
3141,1940,6974430278911745,discover,23000,6900.0,0.2014,138.0,2025-08-12,active,2024-10-29,2027-10-29
3142,1941,5457682541321460,mastercard,20000,2000.0,0.1931,40.0,2025-08-04,active,2024-10-28,2028-10-28
3143,1942,5957847650547674,mastercard,60500,48400.0,0.2048,968.0,2025-08-08,active,2025-05-20,2029-05-20
3144,1942,6782362784237405,discover,100000,30000.0,0.1817,600.0,2025-08-04,active,2025-02-21,2028-02-21
3145,1942,5228361381420028,mastercard,71500,67925.0,0.2437,1358.5,2025-08-23,active,2024-12-08,2029-12-08
3146,1943,362952242932674,amex,47500,4750.0,0.2239,95.0,2025-08-29,active,2025-02-06,2029-02-06
3147,1943,4759817311601240,visa,91000,27300.0,0.1755,546.0,2025-08-08,active,2025-06-01,2028-06-01
3148,1944,6584987552810931,discover,35000,3500.0,0.1493,70.0,2025-08-20,active,2025-07-24,2030-07-24
3149,1944,4335862685038504,visa,29000,2900.0,0.1695,58.0,2025-08-03,active,2023-09-08,2028-09-08
3150,1945,4004219989396073,visa,26000,2600.0,0.1438,52.0,2025-08-15,active,2024-05-23,2027-05-23
3151,1946,4621402499889342,visa,37500,18750.0,0.2275,375.0,2025-08-05,active,2025-06-19,2029-06-19
3152,1947,315277655925324,amex,12000,1200.0,0.232,25,2025-08-10,active,2023-08-29,2027-08-29
3153,1948,5492989618752882,mastercard,25500,7650.0,0.1779,153.0,2025-08-07,blocked,2025-07-05,2028-07-05
3154,1949,5431672083888461,mastercard,14000,1400.0,0.1877,28.0,2025-08-07,active,2025-05-31,2028-05-31
3155,1950,4940669425055629,visa,29500,2950.0,0.1683,59.0,2025-08-09,expired,2023-12-19,2027-12-19
3156,1951,5198515538846975,mastercard,23000,6900.0,0.151,138.0,2025-08-11,active,2025-06-21,2030-06-21
3157,1951,5766113176158650,mastercard,32500,26000.0,0.2411,520.0,2025-08-31,active,2023-12-01,2028-12-01
3158,1951,6284010676454056,discover,94000,47000.0,0.2317,940.0,2025-08-31,active,2023-04-12,2026-04-12
3159,1952,365809053805346,amex,39000,3900.0,0.2432,78.0,2025-08-31,active,2024-08-04,2027-08-04
3160,1952,5070308854234898,mastercard,25500,0.0,0.2418,25,2025-08-26,active,2024-04-07,2028-04-07
3161,1952,360897365477460,amex,67000,20100.0,0.131,402.0,2025-08-03,active,2023-11-22,2028-11-22
3162,1953,4163587514600253,visa,42000,12600.0,0.2008,252.0,2025-08-13,active,2024-03-22,2027-03-22
3163,1953,4344991954017749,visa,42500,12750.0,0.1449,255.0,2025-08-12,active,2025-03-05,2028-03-05
3164,1954,5058135512640089,mastercard,51500,5150.0,0.1923,103.0,2025-08-16,active,2025-04-10,2028-04-10
3165,1954,6806664306738750,discover,47000,23500.0,0.2296,470.0,2025-08-19,active,2024-06-22,2028-06-22
3166,1955,4848177455848911,visa,29000,2900.0,0.1336,58.0,2025-08-09,active,2025-03-24,2029-03-24
3167,1955,5219914315097071,mastercard,24000,7200.0,0.1258,144.0,2025-08-22,active,2025-05-18,2030-05-18
3168,1957,4961830386289818,visa,61000,6100.0,0.1908,122.0,2025-08-10,active,2025-02-09,2028-02-09
3169,1957,5693132419100225,mastercard,100000,50000.0,0.1492,1000.0,2025-08-29,active,2024-12-02,2028-12-02
3170,1957,321055891198310,amex,57500,5750.0,0.2172,115.0,2025-08-13,active,2025-02-07,2028-02-07
3171,1958,4844043807554055,visa,29000,2900.0,0.1614,58.0,2025-08-14,active,2025-07-12,2030-07-12
3172,1958,365072313419162,amex,34500,3450.0,0.1869,69.0,2025-08-10,active,2025-08-01,2030-08-01
3173,1959,5148081026233329,mastercard,61000,30500.0,0.1971,610.0,2025-08-09,blocked,2025-03-10,2028-03-10
3174,1960,6473958008174411,discover,7000,2100.0,0.2198,42.0,2025-08-07,active,2023-10-16,2026-10-16
3175,1961,366629819978835,amex,25000,7500.0,0.22,150.0,2025-08-08,active,2024-07-15,2029-07-15
3176,1961,303602919305127,amex,5000,1500.0,0.1889,30.0,2025-08-03,blocked,2022-01-15,2027-01-15
3177,1962,346524882652343,amex,22500,21375.0,0.1256,427.5,2025-08-29,active,2021-03-02,2025-03-02
3178,1962,369103524154479,amex,17000,5100.0,0.1947,102.0,2025-08-28,active,2024-11-05,2029-11-05
3179,1963,4120838921163470,visa,25500,7650.0,0.2205,153.0,2025-08-28,active,2023-12-21,2027-12-21
3180,1963,329363176197301,amex,14500,1450.0,0.1291,29.0,2025-08-05,blocked,2024-06-29,2029-06-29
3181,1964,4567985864907961,visa,38000,11400.0,0.2196,228.0,2025-08-03,active,2024-06-11,2028-06-11
3182,1964,6334016633139337,discover,27000,13500.0,0.1299,270.0,2025-08-20,active,2022-07-09,2026-07-09
3183,1965,5587448531241759,mastercard,61000,18300.0,0.224,366.0,2025-08-23,active,2025-06-29,2028-06-29
3184,1965,6046400149133709,discover,94500,75600.0,0.1806,1512.0,2025-08-30,active,2024-11-01,2028-11-01
3185,1966,5157761574355136,mastercard,15500,7750.0,0.1512,155.0,2025-08-02,expired,2023-09-11,2028-09-11
3186,1966,352967243470149,amex,61000,6100.0,0.1945,122.0,2025-08-03,active,2023-06-15,2027-06-15
3187,1966,6428906690463643,discover,17000,1700.0,0.1555,34.0,2025-08-21,blocked,2023-02-22,2027-02-22
3188,1967,6715760670012800,discover,22500,18000.0,0.1455,360.0,2025-08-29,active,2021-12-11,2025-12-11
3189,1967,5533436594702816,mastercard,7000,0.0,0.1504,25,2025-08-12,active,2022-03-04,2027-03-04
3190,1968,6146857494528825,discover,52000,15600.0,0.2358,312.0,2025-08-26,active,2025-05-23,2028-05-23
3191,1968,6780922735587977,discover,33500,3350.0,0.187,67.0,2025-08-21,active,2024-07-17,2029-07-17
3192,1968,5746863984055372,mastercard,27000,8100.0,0.1884,162.0,2025-08-20,active,2025-01-16,2029-01-16
3193,1969,5607377150613806,mastercard,14500,7250.0,0.1258,145.0,2025-08-26,blocked,2022-11-13,2027-11-13
3194,1970,5383040479416123,mastercard,55000,0.0,0.1412,25,2025-08-21,active,2025-07-21,2029-07-21
3195,1970,375744582574237,amex,62000,6200.0,0.124,124.0,2025-08-31,active,2025-07-26,2028-07-26
3196,1970,5039519468787139,mastercard,29500,23600.0,0.1517,472.0,2025-08-30,active,2025-07-13,2028-07-13
3197,1970,5665819320966721,mastercard,93500,9350.0,0.1606,187.0,2025-08-15,expired,2025-07-23,2028-07-23
3198,1971,5475850808610572,mastercard,32000,9600.0,0.2106,192.0,2025-08-28,active,2024-04-24,2029-04-24
3199,1971,361596543910510,amex,15500,12400.0,0.1741,248.0,2025-08-22,active,2024-05-22,2028-05-22
3200,1971,6382265599933129,discover,28500,8550.0,0.1357,171.0,2025-08-27,active,2025-06-24,2028-06-24
3201,1973,316652343194657,amex,100000,30000.0,0.2,600.0,2025-08-24,active,2024-03-11,2029-03-11
3202,1973,362431435603411,amex,79000,7900.0,0.1436,158.0,2025-08-29,active,2024-02-21,2028-02-21
3203,1973,312809493055340,amex,100000,50000.0,0.1971,1000.0,2025-08-15,active,2025-03-12,2028-03-12
3204,1973,4145753395157460,visa,94000,75200.0,0.2353,1504.0,2025-08-02,active,2024-07-15,2028-07-15
3205,1974,330722995521572,amex,26500,7950.0,0.1503,159.0,2025-08-10,active,2025-07-18,2030-07-18
3206,1974,355968413892888,amex,58500,17550.0,0.1701,351.0,2025-08-20,active,2024-04-12,2028-04-12
3207,1975,369202835287675,amex,43000,12900.0,0.1814,258.0,2025-08-22,active,2024-03-09,2028-03-09
3208,1976,6147968519907651,discover,40000,4000.0,0.1233,80.0,2025-08-26,active,2023-07-24,2026-07-24
3209,1976,6860678449641135,discover,10000,3000.0,0.2019,60.0,2025-08-27,active,2025-02-27,2030-02-27
3210,1977,4698219290245076,visa,18000,5400.0,0.1891,108.0,2025-08-10,active,2023-03-31,2027-03-31
3211,1977,4595177434021970,visa,20500,6150.0,0.1739,123.0,2025-08-09,active,2023-03-10,2026-03-10
3212,1978,6341521386741714,discover,19000,1900.0,0.1658,38.0,2025-08-21,active,2023-12-07,2028-12-07
3213,1978,356845861624843,amex,33500,3350.0,0.1863,67.0,2025-08-21,active,2025-04-22,2030-04-22
3214,1979,349818958123867,amex,12000,3600.0,0.1801,72.0,2025-08-14,active,2024-03-17,2029-03-17
3215,1980,4499033263125177,visa,27500,8250.0,0.189,165.0,2025-08-23,active,2023-10-20,2028-10-20
3216,1981,4885085424012827,visa,14500,7250.0,0.1678,145.0,2025-08-06,active,2021-09-02,2024-09-02
3217,1981,6065702445209814,discover,15000,4500.0,0.1918,90.0,2025-08-30,active,2023-06-27,2026-06-27
3218,1982,4985168505293541,visa,21000,6300.0,0.2362,126.0,2025-08-09,active,2022-08-28,2026-08-28
3219,1983,5574654480634468,mastercard,59000,17700.0,0.151,354.0,2025-08-02,active,2021-06-21,2024-06-21
3220,1983,6260188038145909,discover,28500,22800.0,0.1798,456.0,2025-08-18,active,2024-01-06,2027-01-06
3221,1984,341116496494897,amex,61500,0.0,0.1979,25,2025-08-24,active,2024-06-24,2027-06-24
3222,1984,4008073501534842,visa,46500,4650.0,0.2465,93.0,2025-08-19,active,2023-12-27,2028-12-27
3223,1984,5909090717029028,mastercard,40000,12000.0,0.1349,240.0,2025-08-28,active,2020-12-06,2025-12-06
3224,1986,4488377356719495,visa,44500,0.0,0.1914,25,2025-08-04,active,2025-04-19,2029-04-19
3225,1986,303875359662354,amex,8500,2550.0,0.2176,51.0,2025-08-27,active,2025-05-15,2029-05-15
3226,1987,6929574057937602,discover,100000,10000.0,0.1686,200.0,2025-08-24,active,2024-12-19,2029-12-19
3227,1987,4024614122580484,visa,100000,50000.0,0.216,1000.0,2025-08-05,active,2025-01-03,2029-01-03
3228,1987,6287841856788632,discover,76000,7600.0,0.1418,152.0,2025-08-20,active,2022-06-07,2026-06-07
3229,1988,344380774421495,amex,59500,29750.0,0.2075,595.0,2025-08-21,active,2022-08-25,2026-08-25
3230,1989,6644150795853266,discover,83500,66800.0,0.2214,1336.0,2025-08-27,active,2024-04-30,2028-04-30
3231,1989,6944424987963578,discover,62000,18600.0,0.1283,372.0,2025-08-26,active,2024-10-07,2028-10-07
3232,1989,4302999030372095,visa,60000,6000.0,0.1652,120.0,2025-08-02,active,2025-02-16,2028-02-16
3233,1989,5149742106646763,mastercard,57000,5700.0,0.1246,114.0,2025-08-16,active,2025-03-13,2029-03-13
3234,1990,5022258852384164,mastercard,29000,8700.0,0.1948,174.0,2025-08-22,active,2025-06-16,2029-06-16
3235,1990,4768130103561494,visa,39000,0.0,0.1447,25,2025-08-14,active,2025-07-06,2028-07-06
3236,1991,377313341170272,amex,30500,9150.0,0.2162,183.0,2025-08-12,active,2024-07-24,2029-07-24
3237,1991,6871775024839912,discover,27500,2750.0,0.2072,55.0,2025-08-23,active,2021-08-08,2025-08-08
3238,1992,5775223565515192,mastercard,12500,3750.0,0.1629,75.0,2025-08-24,active,2025-07-15,2030-07-15
3239,1993,388346258041911,amex,22000,2200.0,0.1856,44.0,2025-08-19,active,2025-01-01,2029-01-01
3240,1993,395425043442620,amex,35500,3550.0,0.1318,71.0,2025-08-29,active,2025-02-11,2029-02-11
3241,1994,4494795343306666,visa,60000,0.0,0.1641,25,2025-08-29,active,2021-10-15,2025-10-15
3242,1994,5382205025802894,mastercard,91000,27300.0,0.2189,546.0,2025-08-08,active,2023-12-18,2028-12-18
3243,1994,6894098668198648,discover,79500,7950.0,0.2063,159.0,2025-08-15,active,2023-12-16,2027-12-16
3244,1995,371212270119235,amex,25000,20000.0,0.1831,400.0,2025-08-24,active,2025-03-14,2028-03-14
3245,1995,5501922719670310,mastercard,17500,1750.0,0.2138,35.0,2025-08-05,active,2024-11-13,2027-11-13
3246,1996,333775312847943,amex,41500,4150.0,0.1675,83.0,2025-08-22,active,2022-09-26,2025-09-26
3247,1997,350742178783005,amex,12000,1200.0,0.1423,25,2025-08-12,active,2025-07-05,2029-07-05
3248,1998,392896681063007,amex,34000,3400.0,0.1927,68.0,2025-08-07,active,2024-05-30,2027-05-30
3249,1998,338218108864294,amex,43500,4350.0,0.1303,87.0,2025-08-10,active,2024-08-08,2027-08-08
3250,1998,349410975877698,amex,37500,30000.0,0.1715,600.0,2025-08-02,active,2025-04-19,2030-04-19
3251,1999,5542762931770772,mastercard,29500,8850.0,0.1245,177.0,2025-08-21,active,2024-04-20,2029-04-20
3252,1999,316203159157314,amex,37000,11100.0,0.1662,222.0,2025-08-14,active,2024-02-25,2027-02-25
3253,2000,4351838604008198,visa,15500,1550.0,0.2053,31.0,2025-08-19,active,2022-08-05,2025-08-05
