metric_id,member_id,assessment_date,credit_score,debt_to_income_ratio,credit_utilization_ratio,payment_reliability_score,savings_balance,checking_balance,total_debt,number_of_accounts,recent_inquiries,delinquent_accounts,health_score,risk_category
1,1,2025-07-04,661,0.4382,0.2029,75.0,33048.55,5137.78,31031.27,4,5,0,100,low
2,2,2025-07-13,705,0.3105,0.2409,80.0,33389.22,6879.0,27441.81,4,3,0,100,low
3,3,2025-07-12,585,0.1827,0.1,66.67,14451.62,2973.32,7863.55,4,3,0,100,low
4,4,2025-07-13,786,0.1207,0.0957,85.71,4691.95,4299.87,9876.92,5,0,1,100,low
5,5,2025-06-20,638,0.4548,0.3,81.82,17570.74,4481.01,21314.41,3,5,0,100,low
6,6,2025-07-15,744,0.5305,0.275,88.89,20105.35,4335.32,41113.93,3,1,0,100,low
7,7,2025-06-28,679,0.5448,0.2317,71.43,32887.33,7746.64,47755.88,4,4,0,100,low
8,8,2025-06-20,613,0.1844,0.5,62.5,40221.12,5504.7,15459.27,3,3,0,100,low
9,9,2025-06-27,561,0.3387,0.3235,57.14,4171.66,3698.64,18583.4,5,5,0,100,low
10,10,2025-06-24,813,0.3042,0.157,94.12,57323.92,5577.91,34988.24,5,4,0,100,low
11,11,2025-07-10,532,0.5116,0.8,66.67,18465.73,3544.42,19161.22,3,0,0,100,low
12,12,2025-07-01,734,0.3191,0.2387,93.33,28734.4,4276.92,26916.43,4,1,0,100,low
13,13,2025-07-06,532,0.1575,0.1,66.67,4953.51,919.42,3497.89,3,5,0,100,low
14,14,2025-06-23,618,0.448,0.4103,71.43,15883.65,3644.89,19306.04,4,5,0,100,low
15,15,2025-06-22,712,0.4594,0.3,80.0,12129.51,3077.88,34269.16,4,2,0,100,low
16,16,2025-07-11,740,0.1518,0.1,100.0,22633.1,4662.71,8490.04,3,2,0,100,low
17,17,2025-07-12,576,0.3458,0.5,69.23,24082.27,3134.55,17194.12,4,0,0,100,low
18,18,2025-07-12,595,0.058,0.1,75.0,1639.24,675.2,1511.91,2,4,0,100,low
19,19,2025-06-22,640,0.2526,0.2106,69.23,25252.04,1415.52,19840.81,4,5,0,100,low
20,20,2025-06-16,616,0.3381,0.3,80.0,2997.36,561.91,9124.12,3,2,0,100,low
21,21,2025-07-15,613,0.2242,0.1825,66.67,17477.61,3117.08,8556.76,3,1,1,100,low
22,22,2025-06-21,725,0.7898,0.5795,87.5,63636.93,12194.7,103907.73,3,2,0,100,low
23,23,2025-06-29,634,0.1991,0.3,60.0,28684.01,1213.81,17599.25,4,5,0,100,low
24,24,2025-06-19,799,0.6172,0.2504,91.67,16031.32,9432.48,71788.29,6,5,0,100,low
25,25,2025-06-22,568,0.8159,0.95,83.33,12635.01,2557.98,41518.43,2,3,0,100,low
26,26,2025-06-16,581,0.8369,0.5595,57.14,11135.3,5562.07,64823.88,3,3,0,100,low
27,27,2025-07-02,594,0.2154,0.1,66.67,1685.33,990.99,12711.99,4,2,0,100,low
28,28,2025-06-26,549,0.6007,0.8,75.0,4423.95,971.76,22612.88,2,4,0,100,low
29,29,2025-06-30,735,0.2163,0.1,90.0,36086.7,5634.38,19072.88,3,5,0,100,low
30,30,2025-06-20,759,0.199,0.2333,93.33,7764.86,1390.16,16031.96,5,3,0,100,low
31,31,2025-06-25,587,0.5363,0.5,60.0,19589.98,3960.36,26906.73,3,3,0,100,low
32,32,2025-07-04,579,0.1328,0.1,75.0,9679.82,775.97,2679.38,4,2,0,100,low
33,33,2025-06-21,755,0.3648,0.3,100.0,28326.6,5457.78,32221.0,2,1,0,100,low
34,34,2025-06-23,620,0.792,0.8,72.73,7085.45,6175.58,61647.2,3,3,0,100,low
35,35,2025-06-30,697,0.1026,0.1,72.73,2986.06,2793.09,7400.59,5,4,0,100,low
36,36,2025-07-04,608,0.175,0.1,66.67,3181.94,1887.77,9236.55,4,4,0,100,low
37,37,2025-06-20,760,0.13,0.1,100.0,30305.56,2600.64,10826.29,2,4,0,100,low
38,38,2025-06-24,640,0.1279,0.05,66.67,13704.77,2561.07,4147.06,3,2,0,100,low
39,39,2025-07-04,713,0.2262,0.5,100.0,7836.38,822.92,9558.52,4,2,0,100,low
40,40,2025-06-28,627,0.1347,0.0,66.67,21730.16,1141.91,6520.95,4,2,0,100,low
41,41,2025-07-04,556,0.1808,0.5044,64.29,31607.14,1226.75,14096.35,4,4,0,100,low
42,42,2025-06-22,559,0.512,0.4576,62.5,5129.43,2309.62,17285.88,5,3,0,100,low
43,43,2025-07-13,764,0.1939,0.1577,90.91,7554.41,4932.66,15620.11,5,1,0,100,low
44,44,2025-06-27,691,0.2475,0.3,100.0,1589.57,2780.72,12167.04,3,4,0,100,low
45,45,2025-06-23,709,0.1175,0.1,100.0,13372.63,3380.48,4766.1,4,4,0,100,low
46,46,2025-07-08,712,0.1717,0.3,100.0,3596.29,4196.66,8165.73,2,2,0,100,low
47,47,2025-07-12,850,0.0808,0.064,100.0,4182.33,3631.96,10072.06,5,3,0,100,low
48,48,2025-06-26,602,0.1534,0.3111,72.73,9120.34,2310.2,6197.46,3,4,0,100,low
49,49,2025-06-30,763,0.3352,0.3,100.0,542.43,5085.49,25128.08,4,2,0,100,low
50,50,2025-07-13,776,0.1139,0.1,100.0,16437.93,4533.74,9572.84,2,0,1,100,low
51,51,2025-06-23,545,0.279,0.3,66.67,9289.85,1839.5,5605.27,2,2,0,100,low
52,52,2025-07-03,757,0.3088,0.1,87.5,19711.06,3560.47,23615.31,4,2,0,100,low
53,53,2025-06-16,691,0.1483,0.1,91.67,12377.88,2028.89,7886.6,4,5,0,100,low
54,54,2025-07-14,767,0.0687,0.0259,87.5,5194.29,3333.82,4854.65,3,1,0,100,low
55,55,2025-06-26,626,0.182,0.3,75.0,1623.44,1766.59,5713.51,4,5,0,100,low
56,56,2025-07-01,592,0.3867,0.3411,69.23,15302.86,2943.93,19562.8,5,1,0,100,low
57,57,2025-06-20,669,0.168,0.5,75.0,15318.09,836.88,12047.23,3,0,0,100,low
58,58,2025-06-27,790,0.1316,0.1,92.31,81013.72,19787.92,26147.9,3,4,0,100,low
59,59,2025-06-28,684,0.1824,0.3,100.0,24641.13,1881.22,10881.09,2,0,0,100,low
60,60,2025-07-09,702,0.3952,0.5,100.0,14474.56,3016.31,17733.91,4,2,0,100,low
61,61,2025-07-04,704,0.3994,0.2496,80.0,10204.42,3039.85,28528.18,5,4,0,100,low
62,62,2025-07-13,493,0.3528,0.8,57.14,883.81,2047.62,8723.42,4,5,0,100,low
63,63,2025-06-25,790,0.1187,0.0,100.0,37209.76,987.23,10409.01,4,5,0,100,low
64,64,2025-06-29,600,0.278,0.1889,45.45,12692.57,1463.26,8825.94,3,5,0,100,low
65,65,2025-07-07,714,0.3745,0.4693,75.0,54116.02,6416.88,44828.31,6,4,0,100,low
66,66,2025-07-06,812,0.3809,0.2027,90.0,71631.54,1687.73,77392.02,5,2,0,100,low
67,67,2025-07-05,661,0.2201,0.1,50.0,5117.99,5941.6,17387.46,3,1,0,100,low
68,68,2025-06-29,749,0.24,0.3,100.0,27029.01,7228.36,17872.77,3,4,0,100,low
69,69,2025-06-27,768,0.2282,0.1,100.0,30781.5,1727.74,18711.76,2,5,0,100,low
70,70,2025-07-08,620,0.442,0.4688,66.67,10851.34,4131.7,36697.36,5,4,0,100,low
71,71,2025-07-09,778,0.2393,0.1253,100.0,19664.5,1655.45,19661.46,5,2,0,100,low
72,72,2025-07-05,601,0.1119,0.1,83.33,1174.88,925.1,2374.89,3,1,0,100,low
73,73,2025-06-23,691,0.5141,0.315,78.95,55830.72,10059.95,60793.58,6,2,0,100,low
74,74,2025-06-28,830,0.2033,0.0284,90.91,34452.83,11435.3,42041.81,5,5,0,100,low
75,75,2025-06-19,665,0.2181,0.5,87.5,8380.13,3708.26,12682.54,2,2,0,100,low
76,76,2025-06-24,544,0.1935,0.1,66.67,1917.88,1365.14,3963.57,4,4,0,100,low
77,77,2025-07-06,713,0.3797,0.2432,90.0,192.43,4108.28,22576.06,5,4,0,100,low
78,78,2025-06-19,626,0.0828,0.1,66.67,14115.04,7053.92,6999.89,3,1,0,100,low
79,79,2025-07-01,610,0.5926,0.8,85.71,16295.61,3711.91,25924.22,3,0,0,100,low
80,80,2025-06-21,795,0.163,0.0,100.0,9757.86,5725.08,13408.0,4,1,1,100,low
81,81,2025-07-13,674,0.3534,0.2593,77.78,2878.26,4488.43,29492.92,5,3,1,100,low
82,82,2025-07-12,790,0.1995,0.1,83.33,38032.53,7392.69,25344.62,4,2,1,100,low
83,83,2025-07-07,687,0.2491,0.5,100.0,2307.75,1972.9,11133.94,3,1,0,100,low
84,84,2025-07-12,767,0.2447,0.2254,100.0,6724.02,3571.09,21683.85,3,1,0,100,low
85,85,2025-07-10,719,0.4636,0.3,100.0,9541.7,5091.94,26328.02,3,3,1,100,low
86,86,2025-07-12,621,0.2007,0.1,71.43,17244.16,1955.14,9415.18,2,5,0,100,low
87,87,2025-07-09,751,0.8545,0.5322,100.0,38314.46,6809.35,100280.42,4,4,0,100,low
88,88,2025-07-06,815,0.2946,0.1,86.67,35813.05,1300.49,59114.18,4,4,0,100,low
89,89,2025-06-26,743,0.1345,0.0,100.0,9090.05,2398.5,6846.62,2,3,0,100,low
90,90,2025-06-22,665,0.2743,0.1845,53.85,27175.27,4326.06,19875.27,3,1,0,100,low
91,91,2025-07-02,676,0.1678,0.1,87.5,4330.28,905.56,8376.34,3,2,0,100,low
92,92,2025-06-18,789,0.3869,0.2426,92.31,64994.51,13071.71,76589.82,6,1,1,100,low
93,93,2025-07-03,585,0.2506,0.5,66.67,19735.36,4239.89,12846.49,2,2,0,100,low
94,94,2025-07-12,682,0.0633,0.1,80.0,1809.4,2079.48,3774.11,4,1,0,100,low
95,95,2025-06-22,652,0.2894,0.1615,81.82,16229.72,1454.05,15294.52,4,1,0,100,low
96,96,2025-06-16,599,0.214,0.1,50.0,21700.42,2130.78,10062.13,3,3,0,100,low
97,97,2025-07-12,580,0.1374,0.3,50.0,3670.39,2145.13,6310.18,4,1,0,100,low
98,98,2025-07-15,585,0.3789,0.3,66.67,20214.72,4926.29,20977.52,5,2,1,100,low
99,99,2025-07-08,586,0.3155,0.1988,41.67,12083.32,927.48,11277.73,3,3,1,100,low
100,100,2025-07-06,662,0.179,0.1,100.0,10140.56,1751.91,4881.04,3,3,0,100,low
101,101,2025-06-30,787,0.5338,0.2641,85.71,33198.66,10832.45,67255.3,4,0,0,100,low
102,102,2025-06-18,761,0.1586,0.1,90.91,27230.79,5266.68,14266.16,5,4,0,100,low
103,103,2025-06-28,568,0.5606,0.3,54.55,2008.55,2778.71,32270.37,3,1,0,100,low
104,104,2025-07-09,752,0.1322,0.3,100.0,11213.02,1477.88,10818.06,2,5,0,100,low
105,105,2025-06-19,669,0.3797,0.3735,90.91,9907.79,1505.17,16028.7,3,4,0,100,low
106,106,2025-06-25,607,0.1677,0.1,33.33,1270.67,1036.03,7710.59,3,5,0,100,low
107,107,2025-07-14,732,0.0771,0.1,83.33,36495.1,6579.5,6038.19,2,3,0,100,low
108,108,2025-07-09,636,0.539,0.4276,80.0,18969.84,771.3,30344.12,4,1,0,100,low
109,109,2025-07-03,705,0.2003,0.8,100.0,32295.36,1724.91,16031.0,2,0,2,100,low
110,110,2025-06-27,638,0.3412,0.3,80.0,18879.61,3560.32,15438.41,3,0,1,100,low
111,111,2025-06-30,517,0.2399,0.3,20.0,6741.8,1097.5,6004.95,3,5,1,100,low
112,112,2025-07-15,642,0.2252,0.0618,66.67,26505.37,5170.86,12830.98,4,1,0,100,low
113,113,2025-07-03,594,0.1429,0.1,57.14,23476.27,4463.08,7800.67,2,0,0,100,low
114,114,2025-06-19,807,0.5984,0.2439,95.45,32845.51,9869.83,119408.8,7,1,0,100,low
115,115,2025-06-27,803,0.1049,0.0,100.0,21438.02,3844.66,8985.13,4,3,0,100,low
116,116,2025-06-27,681,0.4353,0.581,87.5,37000.66,3150.61,38855.6,5,3,0,100,low
117,117,2025-07-07,755,0.8617,0.5,90.0,1981.81,3440.61,113741.7,3,1,0,100,low
118,118,2025-07-04,731,0.1416,0.0,83.33,22837.22,6763.53,12722.81,4,0,0,100,low
119,119,2025-06-25,597,0.4364,0.3,75.0,19706.38,914.05,21777.65,5,5,0,100,low
120,120,2025-07-14,780,0.0903,0.1,92.31,18972.79,8354.62,11326.77,5,5,0,100,low
121,121,2025-07-05,664,0.1721,0,85.0,7793.43,1462.95,3728.39,1,5,0,100,low
122,122,2025-06-24,793,0.3175,0.3699,89.47,24107.86,11085.29,41680.49,4,4,0,100,low
123,123,2025-07-08,519,0.2124,0.3,62.5,4710.4,1725.42,5180.3,3,4,1,100,low
124,124,2025-06-25,765,0.317,0.2362,90.0,20239.66,5730.69,25091.95,5,0,0,100,low
125,125,2025-06-24,698,0.3438,0.5,100.0,16662.03,608.89,14203.98,2,0,0,100,low
126,126,2025-07-13,668,0.4925,0.5705,81.82,33986.18,1567.08,39300.37,5,3,0,100,low
127,127,2025-07-02,768,0.4488,0.3,86.36,33688.81,4307.69,52006.75,6,3,0,100,low
128,128,2025-07-05,642,0.1196,0,85.0,3083.93,620.71,2822.05,3,2,0,100,low
129,129,2025-06-26,671,0.2407,0.3,85.71,19658.42,5180.87,13400.52,4,2,0,100,low
130,130,2025-06-30,645,0.2091,0.1,71.43,545.84,4856.55,10404.84,3,0,0,100,low
131,131,2025-06-18,717,0.4949,0.3585,92.31,35835.56,2481.05,37020.29,4,4,0,100,low
132,132,2025-06-28,668,0.1838,0.0,71.43,13482.82,1677.89,7208.68,4,0,0,100,low
133,133,2025-06-20,582,0.1692,0.1,66.67,430.71,3400.2,6436.35,2,3,0,100,low
134,134,2025-06-19,788,0.1529,0.2729,83.33,46888.39,2356.75,18457.05,6,5,0,100,low
135,135,2025-07-13,784,0.2455,0.3,92.86,41730.95,11450.18,50152.32,4,4,0,100,low
136,136,2025-07-07,586,0.0984,0.5,33.33,6726.18,2799.81,4538.3,2,4,0,100,low
137,137,2025-06-25,665,0.2519,0.3,87.5,8191.26,2154.66,11238.25,2,4,0,100,low
138,138,2025-06-20,687,0.0806,0.1,85.71,12563.4,3951.76,3537.73,4,3,0,100,low
139,139,2025-07-14,711,0.1761,0.0947,92.31,4486.32,3181.92,10541.37,4,1,0,100,low
140,140,2025-06-25,776,0.3576,0.2785,86.67,12174.35,8291.85,42436.16,5,0,0,100,low
141,141,2025-07-11,731,0.2558,0.1877,85.71,29471.22,6138.97,18670.27,5,4,0,100,low
142,142,2025-07-07,548,0.0219,0.1,60.0,1748.57,1818.27,620.67,2,2,0,100,low
143,143,2025-07-07,709,0.2572,0.3,87.5,37663.27,7515.57,21545.45,3,3,0,100,low
144,144,2025-07-15,647,0.6315,0.4176,83.33,15052.98,1082.9,25332.43,4,1,0,100,low
145,145,2025-06-21,665,0.3127,0.1766,72.22,17399.9,3187.25,23045.36,6,1,0,100,low
146,146,2025-07-05,605,0.1744,0.0,66.67,9594.07,1427.88,10061.95,2,3,0,100,low
147,147,2025-07-01,536,0.7537,0.95,83.33,8247.96,2764.82,36945.68,2,2,0,100,low
148,148,2025-06-30,600,0.2598,0.3,71.43,16880.38,4753.75,14969.52,2,3,0,100,low
149,149,2025-07-08,645,0.5471,0.8,87.5,5305.25,2440.28,23301.87,4,0,0,100,low
150,150,2025-07-13,655,0.2353,0.3,85.71,7515.24,3621.15,11024.23,2,5,0,100,low
151,151,2025-07-15,609,0.1951,0.3,75.0,15172.2,4843.38,11216.94,2,2,0,100,low
152,152,2025-06-23,742,0.9347,0.6332,100.0,28179.22,9907.48,111957.1,5,0,0,100,low
153,153,2025-07-01,712,0.3987,0.5,85.71,6020.91,4674.06,32316.55,3,0,0,100,low
154,154,2025-07-02,579,0.219,0.3,75.0,1910.43,2092.44,4728.47,3,3,0,100,low
155,155,2025-06-27,745,0.1637,0.3,87.5,11501.8,6739.42,14048.36,3,0,0,100,low
156,156,2025-07-01,759,0.0361,0.1,85.71,10233.01,1276.64,2737.07,2,3,2,100,low
157,157,2025-07-06,654,0.2121,0.3,83.33,9969.11,942.03,10051.96,3,5,0,100,low
158,158,2025-06-30,631,0.1015,0.1,71.43,11367.14,1072.57,5162.08,2,0,0,100,low
159,159,2025-07-04,814,0.4214,0.352,100.0,34023.25,1173.68,56242.67,5,2,0,100,low
160,160,2025-07-14,742,0.4922,0.5,90.0,23561.51,4232.67,43170.72,5,5,0,100,low
161,161,2025-07-05,781,0.0866,0.045,91.67,10054.78,5578.31,6986.56,4,5,0,100,low
162,162,2025-07-02,698,0.4068,0.3,80.0,2984.5,2729.24,29457.62,4,1,0,100,low
163,163,2025-07-13,507,0.2984,0.3,66.67,938.16,2265.16,6820.68,4,4,0,100,low
164,164,2025-07-08,804,0.1962,0.1,100.0,35494.29,6486.44,22642.26,3,0,1,100,low
165,165,2025-06-17,601,0.2658,0.1,66.67,7072.86,1035.31,11903.81,4,2,0,100,low
166,166,2025-06-19,565,0.1559,0.0,62.5,6488.6,1642.23,4675.45,4,4,0,100,low
167,167,2025-07-04,740,0.0335,0.0,100.0,19826.47,3887.86,1776.89,4,1,0,100,low
168,168,2025-07-14,751,0.4768,0.2382,93.75,41256.19,8080.49,41967.75,6,4,1,100,low
169,169,2025-06-17,776,0.1795,0.0403,94.74,21776.58,8054.66,14781.06,6,2,0,100,low
170,170,2025-06-27,633,0.54,0.3561,68.42,10188.43,3925.36,40743.91,5,4,0,100,low
171,171,2025-06-17,762,0.4525,0.2967,92.31,23199.83,1801.39,40202.28,4,0,0,100,low
172,172,2025-07-02,556,0.2225,0.1,50.0,5042.39,1845.76,5483.37,4,3,0,100,low
173,173,2025-07-15,714,0.7007,0.3699,70.59,38372.74,1595.56,83222.09,4,5,0,100,low
174,174,2025-07-09,698,0.4135,0.3,80.0,30178.69,2846.15,31473.6,3,2,0,100,low
175,175,2025-06-22,757,0.4357,0.2523,100.0,12527.98,2055.08,31389.14,3,3,0,100,low
176,176,2025-06-18,608,0.2238,0.3,60.0,37114.46,882.29,18220.82,3,0,0,100,low
177,177,2025-06-21,788,0.1352,0.1,100.0,10556.03,1206.86,11724.31,4,5,0,100,low
178,178,2025-07-05,693,0.2638,0.3,87.5,9260.64,3404.35,14449.01,4,4,0,100,low
179,179,2025-07-12,630,0.2827,0.3,71.43,18016.86,3045.07,12072.6,3,2,0,100,low
180,180,2025-06-23,598,0.1377,0.1,62.5,9752.26,2378.52,5205.03,3,4,1,100,low
181,181,2025-07-05,685,0.2751,0.5,100.0,10562.69,1245.15,14147.27,2,2,2,100,low
182,182,2025-06-27,580,0.1379,0.1,54.55,2423.48,2095.77,4344.07,3,1,0,100,low
183,183,2025-07-08,660,0.1922,0,85.0,9497.61,928.74,4678.8,1,0,0,100,low
184,184,2025-06-21,766,0.4525,0.3595,100.0,14641.0,4196.32,33058.64,3,0,1,100,low
185,185,2025-06-18,794,0.8492,0.3267,90.48,39743.77,6795.36,112524.16,7,3,0,100,low
186,186,2025-06-27,636,0.2108,0.0364,55.56,9813.75,2857.96,7390.96,5,4,0,100,low
187,187,2025-06-16,529,0.0957,0.3,66.67,11597.89,2134.24,2431.96,4,5,0,100,low
188,188,2025-07-05,714,0.1478,0.1,100.0,13546.43,1823.24,5950.67,3,0,0,100,low
189,189,2025-07-11,564,0.3336,0.3,33.33,25435.89,835.9,17525.15,2,0,0,100,low
190,190,2025-07-08,693,0.1917,0.1,87.5,6656.94,1407.56,10446.95,2,4,0,100,low
191,191,2025-06-28,706,0.2065,0.8,100.0,22185.76,4826.63,18511.15,3,4,0,100,low
192,192,2025-07-10,768,0.1415,0.3,92.86,47318.58,4870.06,17382.23,4,4,0,100,low
193,193,2025-07-10,623,0.1649,0.1,75.0,19657.16,5027.94,9548.47,2,4,0,100,low
194,194,2025-06-21,716,0.6062,0.3927,83.33,36357.87,5732.25,50689.7,5,2,1,100,low
195,195,2025-06-25,506,0.5972,0.8,57.14,28333.47,5053.5,35362.77,4,4,0,100,low
196,196,2025-07-09,724,0.6989,0.447,90.91,25265.07,5423.41,52945.94,4,4,1,100,low
197,197,2025-07-04,582,0.2646,0.3,66.67,2913.77,3500.21,11606.64,4,5,0,100,low
198,198,2025-07-14,708,0.4493,0.3,77.78,13973.94,6692.87,54123.7,5,3,1,100,low
199,199,2025-07-13,615,0.3914,0.31,75.0,2303.09,1944.62,17578.54,4,4,0,100,low
200,200,2025-06-27,538,0.1872,0.1,50.0,9701.25,1406.42,5112.78,4,2,0,100,low
201,201,2025-07-08,719,0.3708,0.4403,90.91,3585.05,6441.93,29650.28,5,2,0,100,low
202,202,2025-07-11,660,0.1908,0.0,66.67,19333.86,5139.48,13418.76,3,0,0,100,low
203,203,2025-07-13,543,0.3304,0.3,33.33,1368.33,1182.48,9112.55,3,2,2,100,low
204,204,2025-06-29,582,0.5249,0.95,85.71,3728.6,2614.16,25484.33,4,0,0,100,low
205,205,2025-06-16,566,0.197,0.5,66.67,8496.75,4954.28,10505.24,2,2,1,100,low
206,206,2025-07-06,787,0.5125,0.3294,93.75,31674.89,11945.43,61422.82,4,1,2,100,low
207,207,2025-06-17,617,0.3052,0.8,100.0,3658.76,1389.44,7122.64,3,2,0,100,low
208,208,2025-06-30,818,0.2185,0.1,100.0,24682.91,7052.03,25283.92,5,0,0,100,low
209,209,2025-06-26,683,0.5695,0.6885,100.0,3200.56,6517.26,49123.44,4,1,0,100,low
210,210,2025-07-03,789,0.2508,0.2116,87.5,30466.88,7924.26,32774.03,5,1,0,100,low
211,211,2025-07-14,702,0.0587,0.1,100.0,8622.11,3812.67,3437.52,4,1,1,100,low
212,212,2025-06-17,659,0.2165,0.3,83.33,11741.89,3065.47,9792.68,3,0,0,100,low
213,213,2025-06-24,684,0.6201,0.5329,90.0,40143.05,5488.25,50694.02,4,1,0,100,low
214,214,2025-07-04,593,0.2822,0.3,50.0,14128.59,1180.49,11206.25,2,3,0,100,low
215,215,2025-06-22,781,0.197,0.1837,90.0,58556.28,7928.6,23370.89,3,1,0,100,low
216,216,2025-06-19,703,0.1441,0.1,100.0,5753.72,2049.92,7262.97,2,3,1,100,low
217,217,2025-06-26,611,0.4821,0.5,75.0,18477.06,615.99,18689.17,2,5,2,100,low
218,218,2025-07-03,603,0.516,0.3233,77.78,19825.48,4561.75,26040.42,3,0,0,100,low
219,219,2025-06-27,666,0.4053,0.2174,80.0,15533.17,2564.53,21784.22,4,3,1,100,low
220,220,2025-07-12,613,0.2622,0.3,75.0,20353.28,778.74,13228.07,4,5,0,100,low
221,221,2025-06-20,557,0.5417,0.8,75.0,17364.36,2481.95,29373.48,4,1,0,100,low
222,222,2025-06-19,713,0.3965,0.3936,78.57,10160.62,2188.88,47588.15,5,4,0,100,low
223,223,2025-07-03,561,0.2876,0.3,66.67,6739.37,2668.01,12593.72,4,3,1,100,low
224,224,2025-07-10,581,0.2347,0.3,20.0,17055.43,3044.69,8077.5,4,5,0,100,low
225,225,2025-06-16,760,0.3117,0.126,90.91,41982.28,4181.58,27476.31,6,2,0,100,low
226,226,2025-07-08,793,0.2154,0.084,100.0,26095.82,5345.21,18722.44,3,1,1,100,low
227,227,2025-07-11,690,0.1232,0.1431,84.62,19642.36,1069.56,5524.65,4,0,0,100,low
228,228,2025-06-26,737,0.2402,0.3,100.0,1934.07,3336.2,20114.62,2,4,0,100,low
229,229,2025-06-25,686,0.2572,0.266,90.0,20667.34,2599.24,15422.45,5,3,0,100,low
230,230,2025-06-21,709,0.1775,0.3,100.0,20125.4,3472.15,9265.88,4,5,0,100,low
231,231,2025-06-19,682,0.1062,0.2014,77.78,15928.26,4711.11,7745.67,5,4,0,100,low
232,232,2025-06-18,760,0.5261,0.3,92.86,37912.86,5342.05,70304.7,4,0,0,100,low
233,233,2025-06-27,610,0.8378,0.698,72.73,1934.83,4277.62,62044.1,3,2,0,100,low
234,234,2025-07-12,563,0.3306,0.3,71.43,8208.26,2021.59,6909.84,4,1,1,100,low
235,235,2025-07-03,816,0.4783,0.3807,100.0,46558.36,10847.22,93398.98,4,1,0,100,low
236,236,2025-07-09,618,0.5228,0.95,100.0,23675.49,5441.24,29831.89,4,2,0,100,low
237,237,2025-06-22,625,0.3182,0.3,75.0,14005.21,4404.54,16115.71,3,4,0,100,low
238,238,2025-06-26,687,0.6212,0.4898,80.0,38042.13,5495.86,49504.24,4,0,0,100,low
239,239,2025-06-27,754,0.5347,0.3679,84.62,22587.96,10613.91,71275.57,3,4,0,100,low
240,240,2025-06-28,710,0.1788,0.0,83.33,9788.41,899.32,9090.71,2,5,1,100,low
241,241,2025-06-18,610,0.1472,0.2313,54.55,16982.49,2535.69,7327.58,3,3,0,100,low
242,242,2025-06-17,575,0.024,0.1,66.67,16738.0,1737.43,1004.99,2,2,0,100,low
243,243,2025-07-09,571,0.303,0.8,71.43,4955.78,2410.06,12493.03,2,2,0,100,low
244,244,2025-06-23,769,0.2211,0.3,100.0,24287.05,6368.55,17697.46,4,1,0,100,low
245,245,2025-06-30,782,0.2375,0.4345,100.0,49005.68,1871.57,30449.29,5,3,0,100,low
246,246,2025-06-16,779,0.1912,0.1,100.0,31749.16,5635.09,13687.01,3,1,0,100,low
247,247,2025-07-07,662,0.364,0.5,75.0,2408.53,800.22,27931.46,4,2,0,100,low
248,248,2025-07-07,597,0.7266,0.5762,77.78,25287.89,7793.93,62711.25,3,4,0,100,low
249,249,2025-07-15,721,0.5707,0.341,93.33,2581.48,7180.34,48941.36,5,4,0,100,low
250,250,2025-06-24,789,0.1787,0.129,81.82,96599.69,7120.85,36573.91,5,2,1,100,low
251,251,2025-07-07,646,0.1127,0,85.0,5828.32,2025.38,2765.7,2,3,0,100,low
252,252,2025-07-12,650,0.3489,0.2565,75.0,23532.74,1300.8,18367.45,3,0,0,100,low
253,253,2025-07-07,742,0.8382,0.5,88.89,23100.51,7385.06,63648.28,5,2,0,100,low
254,254,2025-06-16,586,0.1828,0.1,66.67,9696.52,2211.91,6799.03,4,5,0,100,low
255,255,2025-07-07,757,0.1366,0.1,100.0,24252.1,994.01,10223.79,3,5,0,100,low
256,256,2025-06-28,790,0.2963,0.2236,86.67,36077.98,9830.38,58268.21,4,4,0,100,low
257,257,2025-06-27,672,0.2043,0.1,80.0,18160.8,2907.47,8291.11,4,3,1,100,low
258,258,2025-06-24,773,0.6365,0.3764,90.91,41232.04,1198.16,82680.55,5,2,0,100,low
259,259,2025-06-18,741,0.3326,0.3684,92.31,24799.44,5539.3,29250.57,3,0,0,100,low
260,260,2025-07-03,670,0.3851,0.1536,78.57,4299.07,6347.87,31221.27,5,5,0,100,low
261,261,2025-06-24,772,0.5949,0.4661,88.24,14454.19,4830.16,79819.91,4,4,0,100,low
262,262,2025-07-05,840,0.2914,0.1495,100.0,70359.04,10998.99,59186.72,4,2,0,100,low
263,263,2025-06-21,734,0.0959,0.1,100.0,5441.84,1882.45,4750.99,3,5,0,100,low
264,264,2025-06-26,708,0.5502,0.3766,84.62,35629.06,3112.19,46127.53,5,4,0,100,low
265,265,2025-07-10,758,0.8896,0.5228,100.0,26181.03,8742.3,110906.29,4,1,0,100,low
266,266,2025-06-18,675,0.2203,0.3,71.43,29550.93,3421.87,17494.04,2,1,0,100,low
267,267,2025-07-03,760,0.4473,0.4506,86.67,54217.3,4825.37,57932.54,3,4,0,100,low
268,268,2025-07-10,569,0.1257,0.1,75.0,8266.06,1660.42,2680.88,4,4,0,100,low
269,269,2025-07-03,732,0.5378,0.3976,88.89,23578.25,2635.6,42951.15,5,3,0,100,low
270,270,2025-07-10,544,0.3886,0.3,75.0,11242.11,2609.98,10588.24,3,1,0,100,low
271,271,2025-06-20,667,0.2063,0.0865,54.55,35671.84,4559.95,16091.21,5,0,2,100,low
272,272,2025-06-30,760,0.413,0.3,81.82,52324.75,6201.13,50101.94,4,3,0,100,low
273,273,2025-07-13,616,0.0914,0.1,75.0,3878.77,701.17,4961.97,4,3,0,100,low
274,274,2025-06-16,804,0.5061,0.2148,89.47,14975.43,2364.39,62485.68,4,0,0,100,low
275,275,2025-07-07,542,0.7031,0.5935,40.0,5199.91,727.03,25647.05,4,5,1,100,low
276,276,2025-07-08,768,0.1519,0.1,100.0,24948.41,1023.78,13351.65,4,5,0,100,low
277,277,2025-07-06,579,0.1935,0.3,66.67,3571.41,5020.37,9918.58,2,5,0,100,low
278,278,2025-07-03,526,0.3766,0.3,57.14,9578.42,1949.13,8363.73,4,5,0,100,low
279,279,2025-06-17,730,0.1856,0.1,100.0,11232.22,3148.55,9284.71,2,1,0,100,low
280,280,2025-06-21,694,0.2805,0.5,100.0,24462.11,3406.28,14267.1,2,2,0,100,low
281,281,2025-06-29,758,0.3371,0.5624,100.0,13325.27,9126.84,40941.14,4,0,0,100,low
282,282,2025-06-28,753,0.2594,0.1933,84.62,23372.21,9072.72,34424.45,4,5,1,100,low
283,283,2025-07-01,810,0.3972,0.3,100.0,41387.18,3704.47,47838.02,3,3,2,100,low
284,284,2025-07-08,592,0.2224,0.3,77.78,7143.32,592.28,10400.72,3,5,0,100,low
285,285,2025-07-04,726,0.3711,0.1803,93.33,23503.05,5049.92,33015.73,6,1,0,100,low
286,286,2025-07-07,583,0.3034,0.3,60.0,10877.86,2197.02,16930.99,4,2,2,100,low
287,287,2025-06-30,674,0.2192,0.3,71.43,264.76,2511.52,16196.11,2,5,0,100,low
288,288,2025-07-01,709,0.2678,0.3,100.0,15716.71,1211.99,11832.12,3,0,1,100,low
289,289,2025-07-04,715,0.2201,0.1,80.0,27822.68,1630.83,17451.13,2,1,0,100,low
290,290,2025-07-10,699,0.191,0.3,100.0,23436.94,937.3,9786.76,3,2,0,100,low
291,291,2025-07-09,543,0.1848,0.3,57.14,4480.42,1236.28,4278.61,3,2,0,100,low
292,292,2025-07-03,820,0.2155,0.2071,100.0,52908.21,11768.43,27834.26,5,0,0,100,low
293,293,2025-06-18,771,0.1546,0.1,100.0,3073.78,3867.7,11249.96,4,5,0,100,low
294,294,2025-06-29,760,0.6037,0.332,95.0,26345.69,7547.69,77513.06,6,3,0,100,low
295,295,2025-06-18,592,0.29,0.2078,50.0,26729.45,5420.3,16895.95,5,2,1,100,low
296,296,2025-06-24,657,0.601,0.3,86.67,17400.46,3625.21,27224.93,5,4,0,100,low
297,297,2025-07-04,582,0.2436,0.3,83.33,3844.06,639.73,6641.21,3,3,0,100,low
298,298,2025-07-08,763,0.4579,0.3,100.0,39761.14,5120.57,39827.12,3,3,0,100,low
299,299,2025-07-10,527,0.336,0.3,66.67,4111.66,1667.58,9758.94,4,4,0,100,low
300,300,2025-06-22,807,0.2756,0.1502,88.89,66305.84,15859.95,56230.32,6,1,0,100,low
301,301,2025-07-15,654,0.2593,0.5,80.0,8556.53,863.68,9545.77,4,1,0,100,low
302,302,2025-07-08,810,0.1978,0.2056,90.91,22760.78,7671.3,25872.54,3,2,0,100,low
303,303,2025-07-03,720,0.4125,0.3302,88.89,15466.92,6730.37,33494.79,4,3,0,100,low
304,304,2025-07-15,660,0.5352,0.3679,92.31,11325.38,4223.81,25426.67,4,5,0,100,low
305,305,2025-07-04,662,0.0725,0.1,83.33,8380.98,1950.0,3650.67,3,2,0,100,low
306,306,2025-07-10,603,0.3858,0.3,75.0,24126.65,892.79,22269.08,3,3,0,100,low
307,307,2025-06-28,681,0.1391,0.1,85.71,8662.8,1911.15,6748.05,3,1,0,100,low
308,308,2025-06-29,708,0.1962,0.1,100.0,9432.89,658.38,10425.29,4,1,0,100,low
309,309,2025-07-01,512,0.4904,0.5,50.0,8017.53,833.53,9964.8,3,4,0,100,low
310,310,2025-07-02,683,0.1913,0.3,100.0,13348.96,518.14,8257.1,4,4,0,100,low
311,311,2025-07-03,653,0.5229,0.4118,77.78,4548.73,5700.99,45825.28,6,5,0,100,low
312,312,2025-07-12,830,0.3292,0.272,100.0,50129.75,4159.12,41501.28,5,2,0,100,low
313,313,2025-07-10,692,0.4889,0.6297,90.0,3160.35,4352.24,40556.16,3,5,0,100,low
314,314,2025-06-20,713,0.0913,0.5,100.0,16070.35,1909.46,3890.82,4,0,0,100,low
315,315,2025-07-10,586,0.1145,0.1,37.5,11624.28,3145.2,3753.28,4,2,0,100,low
316,316,2025-07-05,760,0.3635,0.3201,95.0,62023.04,13747.71,77330.6,5,0,0,100,low
317,317,2025-07-12,569,0.7322,0.8253,87.5,3215.71,2977.45,37617.66,5,5,1,100,low
318,318,2025-06-26,789,0.2744,0.1661,87.5,21806.61,5503.86,34646.78,4,2,0,100,low
319,319,2025-06-21,654,0.231,0.3,80.0,3584.58,2850.63,13483.98,3,2,0,100,low
320,320,2025-07-13,764,0.2129,0.1,85.71,30825.15,6590.31,16802.21,4,1,0,100,low
321,321,2025-07-13,561,0.9053,0.6422,66.67,2821.08,2099.34,68940.27,5,2,0,100,low
322,322,2025-07-11,643,0.0039,0,85.0,7493.26,1278.99,105.68,3,2,0,100,low
323,323,2025-07-04,681,0.2035,0.3,85.71,20365.74,2086.66,9809.22,4,5,2,100,low
324,324,2025-07-13,605,0.4478,0.5,72.73,12397.95,2780.27,22493.84,3,3,0,100,low
325,325,2025-06-18,769,0.1445,0.1,83.33,53159.1,7258.62,17644.57,3,0,0,100,low
326,326,2025-06-21,747,0.487,0.5,100.0,8134.02,2970.27,43603.75,4,0,0,100,low
327,327,2025-07-11,718,0.0956,0.3,100.0,7848.19,1616.89,4817.91,3,2,0,100,low
328,328,2025-06-22,601,0.4604,0.3755,70.0,9534.99,3890.74,22860.53,5,1,0,100,low
329,329,2025-06-17,610,0.2389,0.1,70.0,24152.46,2467.87,11616.23,4,2,0,100,low
330,330,2025-07-12,663,0.3869,0.3,87.5,9572.07,4314.85,21782.34,2,1,0,100,low
331,331,2025-07-08,564,0.192,0.0,57.14,2641.42,927.32,5045.29,2,3,0,100,low
332,332,2025-06-24,644,0.0616,0,85.0,4149.19,598.37,1653.54,1,4,0,100,low
333,333,2025-06-28,782,0.1338,0.1,87.5,34007.3,4865.44,17661.86,3,5,0,100,low
334,334,2025-06-23,535,0.2666,0.95,80.0,16812.04,3131.13,14673.9,2,3,0,100,low
335,335,2025-07-05,774,0.8595,0.4667,92.86,45360.15,5181.15,178071.52,4,5,0,100,low
336,336,2025-07-15,633,0.1249,0,85.0,1044.02,2459.67,3663.64,2,1,0,100,low
337,337,2025-07-01,772,0.2699,0.202,81.82,15930.77,563.35,32402.12,3,1,0,100,low
338,338,2025-06-20,783,0.2251,0.2179,86.67,3441.14,10795.15,26455.5,4,3,0,100,low
339,339,2025-06-26,713,0.6811,0.43,84.21,18107.59,2169.18,55444.04,5,1,0,100,low
340,340,2025-06-20,580,0.1118,0.1,58.33,15696.75,2736.02,4076.88,3,0,0,100,low
341,341,2025-07-12,622,0.1517,0.3,75.0,3074.17,3731.6,6312.3,4,2,0,100,low
342,342,2025-07-05,674,0.5098,0.386,77.78,29645.79,8213.35,44446.67,4,4,0,100,low
343,343,2025-07-05,634,0.2932,0.1704,66.67,14987.15,3549.94,23452.06,6,2,0,100,low
344,344,2025-07-08,513,0.2564,0.5,25.0,4126.41,1012.87,5585.72,3,5,1,100,low
345,345,2025-07-04,740,0.4273,0.2948,81.25,19712.2,7192.08,32764.65,5,4,0,100,low
346,346,2025-06-29,640,0.2145,0.1238,68.75,17594.46,5870.08,16919.11,4,3,0,100,low
347,347,2025-07-07,730,0.3882,0.1865,80.0,7423.85,3417.23,31186.77,5,1,0,100,low
348,348,2025-07-03,547,0.5201,0.8,71.43,9146.9,796.84,23480.39,4,2,0,100,low
349,349,2025-06-26,687,0.2727,0.3,100.0,19238.03,1197.87,12136.25,4,1,0,100,low
350,350,2025-07-02,535,0.1686,0.3,62.5,3399.37,2027.02,4138.58,3,2,0,100,low
351,351,2025-06-23,612,0.2491,0.1,62.5,14128.17,968.62,7575.02,2,4,0,100,low
352,352,2025-07-02,659,0.1776,0,85.0,7106.67,1157.3,3704.68,1,4,0,100,low
353,353,2025-06-20,692,0.1055,0.5,85.71,16037.17,1673.47,5958.31,3,4,0,100,low
354,354,2025-07-14,556,0.1533,0.3,71.43,5143.17,1285.44,4420.7,4,0,0,100,low
355,355,2025-06-16,684,0.2756,0.3,100.0,18321.1,2747.54,11400.4,3,0,0,100,low
356,356,2025-06-29,805,0.0914,0.0,100.0,7708.58,2452.04,7579.89,2,4,0,100,low
357,357,2025-06-26,678,0.3727,0.15,71.43,33272.29,5180.67,26753.88,5,5,0,100,low
358,358,2025-06-26,571,0.1711,0.3,60.0,15101.16,3889.06,7978.15,2,0,0,100,low
359,359,2025-06-30,728,0.3092,0.1,80.0,20994.28,2627.47,26831.21,5,4,1,100,low
360,360,2025-06-18,719,0.3357,0.3,100.0,21328.47,3578.9,16833.76,3,4,0,100,low
361,361,2025-06-21,700,0.1904,0.0,75.0,5354.53,2050.69,16406.34,3,1,0,100,low
362,362,2025-06-17,700,0.5602,0.38,75.0,43018.88,5943.61,65319.57,4,3,0,100,low
363,363,2025-06-23,735,0.1243,0.1,100.0,10616.09,4647.89,6132.4,3,5,2,100,low
364,364,2025-06-19,719,0.297,0.3,100.0,15221.73,857.25,17236.01,4,1,0,100,low
365,365,2025-07-11,740,0.1185,0.3,85.71,2461.11,785.38,10348.75,4,2,0,100,low
366,366,2025-07-05,732,0.6071,0.3874,100.0,23810.03,3053.72,52398.67,5,4,0,100,low
367,367,2025-06-16,651,0.4359,0.8,100.0,9265.4,3007.48,18084.27,3,5,0,100,low
368,368,2025-07-01,613,0.1702,0.0,42.86,3032.74,3008.37,5263.88,2,0,0,100,low
369,369,2025-07-14,724,0.1248,0.3,85.71,31151.53,4291.96,10929.97,2,0,0,100,low
370,370,2025-07-09,747,0.437,0.3813,100.0,12054.38,2908.73,35656.24,4,1,0,100,low
371,371,2025-07-06,706,0.2752,0.8,100.0,34201.69,7273.63,21714.8,2,0,0,100,low
372,372,2025-07-13,661,0.2717,0.3,85.71,12406.96,1538.56,11692.37,4,2,0,100,low
373,373,2025-06-23,663,0.3189,0.5,75.0,35365.0,5422.43,23350.8,4,2,0,100,low
374,374,2025-07-02,796,0.4342,0.2209,94.12,52133.66,2991.71,54675.2,7,3,0,100,low
375,375,2025-07-02,720,0.216,0.3,100.0,11586.71,4701.08,11762.93,2,3,0,100,low
376,376,2025-06-28,784,0.4766,0.2304,95.0,38126.95,4841.08,59230.26,5,2,0,100,low
377,377,2025-07-11,508,0.5361,0.8,50.0,8005.31,3260.25,18212.43,4,0,0,100,low
378,378,2025-07-15,782,0.2896,0.3432,91.67,59170.97,11314.49,37742.18,5,5,0,100,low
379,379,2025-07-12,792,0.5309,0.3792,86.67,62136.75,3588.98,68942.02,4,3,0,100,low
380,380,2025-07-12,735,0.3006,0.3,85.71,2379.75,2067.79,22098.02,4,4,0,100,low
381,381,2025-06-23,640,0.3146,0.216,76.92,9456.98,3064.73,16097.55,3,0,2,100,low
382,382,2025-07-15,610,0.1133,0.1,63.64,10941.02,2746.29,4892.82,4,5,0,100,low
383,383,2025-06-24,672,0.3255,0.3,92.31,18893.31,680.43,14500.71,4,5,0,100,low
384,384,2025-06-19,561,0.3652,0.3,66.67,27964.92,4017.62,21432.64,2,0,0,100,low
385,385,2025-06-30,826,0.5479,0.264,100.0,28330.22,6747.2,106863.13,4,1,0,100,low
386,386,2025-06-17,700,0.2302,0.3,80.0,14381.4,2879.68,17419.35,4,0,1,100,low
387,387,2025-06-29,762,0.2839,0.3,100.0,5836.97,3848.38,24399.18,2,5,0,100,low
388,388,2025-07-01,663,0.2955,0.5,87.5,9412.84,2411.83,14005.97,2,5,0,100,low
389,389,2025-07-09,577,0.2787,0.3,60.0,4264.76,1669.74,9970.15,5,2,0,100,low
390,390,2025-07-01,759,0.0594,0.0,93.33,14683.3,5042.25,5207.87,3,2,0,100,low
391,391,2025-07-11,602,0.1356,0.1757,61.54,14595.12,560.57,6731.47,3,0,1,100,low
392,392,2025-06-25,767,0.3913,0.5,100.0,29774.45,5204.49,31064.61,3,0,0,100,low
393,393,2025-06-23,685,0.4134,0.2191,72.73,16294.95,2107.64,30983.74,4,4,0,100,low
394,394,2025-07-05,694,0.2026,0.3,100.0,23248.29,5340.92,11395.75,3,4,0,100,low
395,395,2025-06-17,725,0.3509,0.1639,100.0,19756.59,3247.08,17499.36,3,4,1,100,low
396,396,2025-06-19,820,0.4433,0.3,100.0,26669.99,15551.58,87047.88,5,2,0,100,low
397,397,2025-06-25,677,0.1965,0.1,75.0,38501.43,3894.95,15314.26,5,0,0,100,low
398,398,2025-06-23,741,0.5741,0.345,89.47,1702.82,6767.39,48574.79,5,4,0,100,low
399,399,2025-07-10,583,0.2282,0.1348,58.33,11840.51,3743.11,8798.0,3,0,0,100,low
400,400,2025-06-25,805,0.2907,0.1602,85.71,10697.81,5132.56,36507.24,6,4,0,100,low
401,401,2025-07-05,581,0.3497,0.2333,69.23,24723.77,818.81,18485.51,5,5,0,100,low
402,402,2025-07-12,768,0.0779,0.1,100.0,18512.8,2436.99,6092.5,2,4,0,100,low
403,403,2025-06-29,746,0.1305,0.3,100.0,13095.99,7189.99,11234.91,2,2,0,100,low
404,404,2025-06-29,508,0.618,0.8,75.0,8982.4,2182.34,14194.62,4,5,0,100,low
405,405,2025-06-26,583,0.2203,0.3,50.0,3168.02,2484.43,6998.45,2,0,0,100,low
406,406,2025-07-15,679,0.4144,0.4442,90.0,2409.52,4442.94,23824.58,5,0,0,100,low
407,407,2025-07-07,807,0.1415,0.0,100.0,809.54,4252.94,12588.85,3,0,1,100,low
408,408,2025-06-18,716,0.6408,0.3388,73.33,13485.08,8621.77,75740.78,4,1,0,100,low
409,409,2025-06-22,792,0.3351,0.2776,87.5,16424.08,18116.12,69751.23,3,3,0,100,low
410,410,2025-06-19,645,0.1358,0.0,33.33,7551.17,4231.5,7077.39,3,1,0,100,low
411,411,2025-07-06,806,0.1254,0.1081,100.0,40197.56,2252.67,16857.2,5,4,0,100,low
412,412,2025-06-28,746,0.2957,0.5,100.0,40675.11,4674.92,25539.7,3,2,0,100,low
413,413,2025-06-21,733,0.5842,0.3728,90.91,17740.34,2608.46,51227.92,3,5,0,100,low
414,414,2025-07-02,602,0.0304,0.1,66.67,9426.19,3030.62,970.75,2,3,0,100,low
415,415,2025-07-06,827,0.3631,0.1966,100.0,45817.04,5347.27,47048.05,4,2,0,100,low
416,416,2025-06-23,837,0.1221,0.0425,91.67,21219.13,7177.83,14335.76,4,4,0,100,low
417,417,2025-07-14,596,0.1787,0.1,62.5,23606.86,3999.55,9113.14,4,5,0,100,low
418,418,2025-06-20,664,0.1525,0.1,62.5,37014.49,5642.0,11522.76,3,4,0,100,low
419,419,2025-06-22,824,0.2917,0.0741,90.0,22908.55,6359.68,35909.46,5,0,0,100,low
420,420,2025-07-02,745,0.0168,0.0,100.0,11947.07,4105.33,727.77,3,1,0,100,low
421,421,2025-06-21,575,0.8447,0.8155,77.78,3351.96,7225.81,63606.64,5,4,0,100,low
422,422,2025-06-21,589,0.2906,0.3,62.5,1105.52,1009.66,8980.89,2,4,0,100,low
423,423,2025-07-03,640,0.1117,0.1,66.67,10379.02,4008.54,8005.79,3,1,1,100,low
424,424,2025-06-25,591,0.1951,0.3,40.0,14319.08,1644.01,6962.3,3,5,0,100,low
425,425,2025-07-06,688,0.3258,0.2558,83.33,28037.96,5388.69,18654.71,4,4,0,100,low
426,426,2025-07-08,571,0.2327,0.3,60.0,6350.58,4104.53,9893.51,2,5,0,100,low
427,427,2025-06-19,693,0.4529,0.4529,83.33,7568.4,2463.79,32020.47,4,5,0,100,low
428,428,2025-07-12,708,0.2141,0.3,87.5,2809.28,2642.16,18834.26,3,2,0,100,low
429,429,2025-07-09,712,0.2075,0.3,100.0,338.86,4076.13,9431.77,2,1,0,100,low
430,430,2025-07-13,735,0.0309,0.0,87.5,20102.77,3011.26,1608.27,3,0,0,100,low
431,431,2025-06-18,573,0.2916,0.3,58.33,10188.8,1348.63,10604.08,5,2,0,100,low
432,432,2025-07-08,769,0.1148,0.5,100.0,16469.61,5920.65,9697.36,4,3,0,100,low
433,433,2025-06-30,563,0.2923,0.3,50.0,6899.49,2976.47,12576.56,2,1,0,100,low
434,434,2025-07-12,829,0.1975,0.2153,100.0,90434.15,3613.99,41057.11,5,2,0,100,low
435,435,2025-07-13,680,0.1582,0.0,83.33,10137.64,1022.67,8635.96,3,5,0,100,low
436,436,2025-07-02,530,0.2517,0.3,62.5,4256.25,2513.59,6747.41,4,2,0,100,low
437,437,2025-07-07,710,0.4683,0.3379,92.86,6263.75,3237.02,34879.89,4,5,1,100,low
438,438,2025-07-09,587,0.2718,0.3,62.5,3272.23,3891.4,13545.32,4,3,0,100,low
439,439,2025-06-21,675,0.2347,0.1,85.71,3445.07,4224.5,13085.47,4,5,0,100,low
440,440,2025-06-21,615,0.2192,0.1,72.73,2318.91,2767.51,9741.34,5,1,0,100,low
441,441,2025-06-22,759,0.1054,0.1,100.0,15607.19,1682.95,7957.89,3,2,0,100,low
442,442,2025-07-02,742,0.3792,0.3933,91.67,35809.11,5574.32,31659.48,3,1,0,100,low
443,443,2025-06-25,771,0.1691,0.189,83.33,59665.17,2603.08,22107.29,3,0,0,100,low
444,444,2025-06-29,657,0.1552,0,85.0,8876.44,1714.85,4256.74,2,0,0,100,low
445,445,2025-06-29,740,0.2335,0.3,100.0,9487.8,7083.26,16797.05,2,1,0,100,low
446,446,2025-06-25,522,0.414,0.3,60.0,13904.59,1135.2,12041.96,4,4,0,100,low
447,447,2025-06-17,744,0.2271,0.2034,72.73,64724.57,11558.92,45564.74,4,5,0,100,low
448,448,2025-07-06,653,0.1196,0.1,80.0,1315.02,2769.26,5621.94,2,5,0,100,low
449,449,2025-06-28,587,0.1865,0.1,50.0,20980.23,1955.19,8168.07,3,2,0,100,low
450,450,2025-07-11,812,0.2646,0.2504,85.71,18287.73,7427.1,33620.52,4,3,0,100,low
451,451,2025-06-16,656,0.1546,0.3,100.0,8477.47,790.09,3945.71,4,5,0,100,low
452,452,2025-07-09,764,0.1821,0.1,100.0,5111.97,3281.76,15161.52,3,5,0,100,low
453,453,2025-06-25,760,0.1696,0.0351,92.31,8942.6,5311.9,12248.1,3,1,0,100,low
454,454,2025-06-22,710,0.231,0.3,100.0,22940.76,2762.25,13006.74,2,5,0,100,low
455,455,2025-06-17,591,0.2257,0.5,71.43,17504.59,1684.96,9293.11,3,0,0,100,low
456,456,2025-06-25,814,0.0816,0.0,100.0,31097.83,6110.16,7195.19,4,2,0,100,low
457,457,2025-06-16,779,0.6557,0.4056,86.67,80109.81,13941.08,134754.8,4,3,0,100,low
458,458,2025-07-09,705,0.2059,0.0305,80.0,8872.78,3741.95,8615.38,3,4,1,100,low
459,459,2025-06-25,754,0.2482,0.1511,100.0,3764.78,3096.53,20811.02,3,0,0,100,low
460,460,2025-06-18,722,0.1701,0.0475,88.89,7204.33,5475.07,9570.74,4,2,0,100,low
461,461,2025-06-24,695,0.503,0.3,72.22,54974.38,5525.5,104711.02,4,1,1,100,low
462,462,2025-07-04,754,0.2371,0.1,100.0,28699.82,2002.12,18944.7,4,3,1,100,low
463,463,2025-06-29,771,0.7652,0.39,86.36,524.73,2881.34,102463.22,6,3,0,100,low
464,464,2025-06-20,681,0.3296,0.2045,75.0,35160.9,4463.01,26318.31,4,2,1,100,low
465,465,2025-07-07,572,0.41,0.8,75.0,4537.82,3173.83,19700.98,3,2,0,100,low
466,466,2025-07-14,764,0.2951,0.3,90.0,7174.42,3971.72,39258.18,5,1,0,100,low
467,467,2025-07-01,514,0.1236,0.3,28.57,5819.84,1658.98,3041.08,2,1,0,100,low
468,468,2025-06-17,742,0.9587,0.5462,94.44,1013.34,6255.03,120599.81,5,0,0,100,low
469,469,2025-07-15,758,0.2056,0.1,100.0,22213.26,4030.02,17697.62,5,5,0,100,low
470,470,2025-07-02,761,0.6847,0.6417,100.0,22141.96,5411.8,79519.22,5,1,0,100,low
471,471,2025-06-25,743,0.4729,0.3,81.82,8943.31,17812.72,96172.16,4,1,0,100,low
472,472,2025-06-24,617,0.7072,0.6539,93.33,3679.78,2431.76,37856.62,3,5,0,100,low
473,473,2025-07-03,733,0.6567,0.447,90.91,15204.48,2629.91,55719.65,5,2,0,100,low
474,474,2025-06-23,582,0.1916,0.1,60.0,15592.2,2980.42,10908.13,2,1,0,100,low
475,475,2025-06-16,738,0.0836,0.0,100.0,9353.8,1273.44,3574.12,4,3,0,100,low
476,476,2025-06-17,642,0.6955,0.8,100.0,23672.69,4538.4,36960.83,4,3,0,100,low
477,477,2025-07-11,480,0.7011,0.95,62.5,10157.34,2491.56,39394.57,4,3,0,100,low
478,478,2025-06-30,555,0.499,0.5,57.14,13686.99,778.53,26639.12,4,1,0,100,low
479,479,2025-06-27,735,0.2218,0.3,81.25,73905.39,10642.83,46140.26,3,2,0,100,low
480,480,2025-06-29,820,0.4514,0.2374,95.24,104030.32,4843.72,96869.86,6,2,0,100,low
481,481,2025-07-05,788,0.1908,0.1,100.0,27597.34,4908.11,15477.01,2,5,0,100,low
482,482,2025-07-04,784,0.4983,0.2272,94.12,61408.22,9079.83,63186.67,5,1,0,100,low
483,483,2025-07-06,753,0.0292,0.1,85.71,31040.69,8384.74,2466.69,4,3,1,100,low
484,484,2025-06-19,782,0.3382,0.2544,90.0,23780.64,2023.89,72159.75,3,2,0,100,low
485,485,2025-07-11,670,0.8759,0.6758,92.86,37267.21,2641.0,78062.77,3,1,0,100,low
486,486,2025-06-16,637,0.2131,0.2067,72.73,1628.8,1489.5,6870.39,4,3,0,100,low
487,487,2025-07-03,820,0.2698,0.1329,100.0,81705.04,16961.74,56626.57,4,3,0,100,low
488,488,2025-06-26,555,0.4211,0.5,50.0,24274.3,2363.37,22345.85,4,0,1,100,low
489,489,2025-07-11,675,0.2735,0.1848,92.31,24380.55,3973.65,16349.51,4,5,0,100,low
490,490,2025-06-16,590,0.3562,0.3,57.14,19993.7,978.8,16424.02,4,0,0,100,low
491,491,2025-06-25,529,0.2724,0.8,60.0,7148.06,966.76,14798.88,4,0,1,100,low
492,492,2025-07-07,764,0.3082,0.1798,100.0,13725.55,6243.97,26734.19,3,4,0,100,low
493,493,2025-06-28,692,0.2316,0.1,85.71,8557.28,2238.48,10647.56,3,1,1,100,low
494,494,2025-06-25,638,0.1267,0.1,71.43,6579.51,1371.12,5392.3,3,1,0,100,low
495,495,2025-06-20,602,0.1198,0.1,62.5,13065.77,5298.89,7157.42,2,1,0,100,low
496,496,2025-07-12,806,0.3702,0.1883,100.0,60816.08,18959.33,72522.84,6,3,0,100,low
497,497,2025-06-21,766,0.5363,0.3719,89.47,22161.49,6068.97,69494.21,4,2,0,100,low
498,498,2025-06-19,736,0.2252,0.3,100.0,28779.84,2098.29,18833.56,2,0,0,100,low
499,499,2025-07-12,688,0.0519,0.1,87.5,14713.04,2060.25,2182.17,4,1,0,100,low
500,500,2025-07-08,655,0.4785,0.8,100.0,6416.57,954.85,22583.61,4,0,0,100,low
501,501,2025-07-09,664,0.1991,0.5,85.71,12893.9,2096.45,9316.48,3,4,1,100,low
502,502,2025-06-19,608,0.2903,0.3,85.71,4068.15,2037.59,5979.27,3,4,1,100,low
503,503,2025-07-15,724,0.1644,0.1,100.0,3912.97,4868.5,8408.92,3,4,0,100,low
504,504,2025-06-26,642,0.682,0.95,100.0,1932.72,2549.91,50016.51,2,3,0,100,low
505,505,2025-06-30,506,0.5767,0.8,57.14,4896.32,2620.43,18408.42,4,3,0,100,low
506,506,2025-07-07,809,0.1941,0.0,100.0,2228.48,2524.45,16224.74,2,3,1,100,low
507,507,2025-07-03,598,0.1953,0.3,71.43,19372.56,3804.58,7875.82,4,3,0,100,low
508,508,2025-07-12,741,0.2909,0.2182,90.91,37847.55,6026.01,25320.99,3,0,2,100,low
509,509,2025-07-07,801,0.4222,0.3432,100.0,57986.65,12183.16,54667.98,3,0,0,100,low
510,510,2025-07-13,513,0.6757,0.6918,41.67,6380.8,1942.06,25731.39,4,0,0,100,low
511,511,2025-07-06,772,0.4338,0.2699,84.21,27970.31,12084.78,53575.92,6,0,0,100,low
512,512,2025-07-04,766,0.1628,0.0517,88.89,3968.38,5795.27,14244.17,4,1,0,100,low
513,513,2025-07-08,765,0.4414,0.4348,100.0,28784.82,1213.79,37469.66,5,1,0,100,low
514,514,2025-06-25,716,0.1323,0.0,80.0,28488.27,5645.01,7717.66,2,4,0,100,low
515,515,2025-07-13,639,0.0663,0.0,57.14,2857.87,1252.03,3765.41,4,2,0,100,low
516,516,2025-07-02,545,0.722,0.5525,58.33,19526.72,1711.62,41245.87,4,4,2,100,low
517,517,2025-06-21,570,0.5043,0.8,71.43,22860.93,1651.32,28247.41,3,5,0,100,low
518,518,2025-07-01,777,0.1039,0.1516,82.35,17685.91,963.57,14008.74,5,3,0,100,low
519,519,2025-07-05,710,0.0514,0.1,87.5,498.64,3771.91,2132.56,2,1,0,100,low
520,520,2025-06-30,783,0.5551,0.4189,100.0,32485.86,19842.19,118098.95,6,4,0,100,low
521,521,2025-07-11,815,0.3553,0.426,100.0,20008.11,6289.92,47603.58,6,3,0,100,low
522,522,2025-06-29,714,0.2114,0.3,100.0,13798.96,4537.2,10235.19,4,1,1,100,low
523,523,2025-07-01,815,0.2482,0.1904,100.0,72782.06,7535.04,49866.2,3,3,0,100,low
524,524,2025-06-28,682,0.9569,0.4241,84.21,21171.94,5269.64,74394.58,4,2,0,100,low
525,525,2025-07-10,690,0.8173,0.3947,75.0,32910.07,10580.61,94483.85,5,2,1,100,low
526,526,2025-06-19,762,0.4764,0.3808,85.19,41892.45,16259.65,98722.87,7,4,2,100,low
527,527,2025-06-24,769,0.6755,0.6656,100.0,1445.52,11796.06,88359.21,3,3,0,100,low
528,528,2025-06-21,546,0.0693,0.1,33.33,10889.51,1722.95,1703.94,3,5,0,100,low
529,529,2025-07-13,659,0.4757,0.3,87.5,14169.01,3160.93,22309.7,5,1,1,100,low
530,530,2025-06-26,755,0.2203,0.3,100.0,32877.61,4220.53,18258.91,4,3,2,100,low
531,531,2025-07-03,808,0.3425,0.2548,91.67,34110.73,11251.47,44373.32,3,0,0,100,low
532,532,2025-06-25,675,0.9489,0.5018,77.27,45099.83,8273.78,127971.95,4,1,0,100,low
533,533,2025-06-18,599,0.4284,0.8,100.0,7186.82,1683.71,12212.75,2,0,0,100,low
534,534,2025-07-07,749,0.3988,0.3468,85.0,18962.41,4122.32,46536.24,4,4,0,100,low
535,535,2025-07-15,584,0.1891,0.1675,66.67,2551.64,4556.98,10345.7,3,3,0,100,low
536,536,2025-06-23,703,0.6778,0.4714,80.0,13156.63,2251.18,49594.43,5,0,0,100,low
537,537,2025-06-20,771,0.1003,0.1,100.0,186.44,4550.61,7258.11,4,2,1,100,low
538,538,2025-07-04,779,0.4355,0.2365,89.47,51683.11,7727.59,56388.74,5,4,0,100,low
539,539,2025-07-01,607,0.6256,0.5772,91.67,9287.75,4556.94,37315.21,4,2,0,100,low
540,540,2025-06-23,682,0.1378,0.3,100.0,238.78,3060.34,5975.17,2,3,0,100,low
541,541,2025-07-11,690,0.0591,0.1,85.71,18748.34,3345.2,2630.57,4,5,0,100,low
542,542,2025-07-03,597,0.706,0.95,100.0,464.81,4613.77,36770.03,2,5,1,100,low
543,543,2025-06-19,770,0.075,0.1,100.0,25462.89,5657.2,6092.11,5,4,0,100,low
544,544,2025-06-26,812,0.5121,0.255,88.89,45085.16,1593.74,67210.91,4,5,0,100,low
545,545,2025-06-27,818,0.1186,0.0656,85.71,13303.12,3086.74,13669.52,4,5,0,100,low
546,546,2025-07-03,680,0.0828,0.0721,80.0,9140.47,4325.83,3907.04,4,3,0,100,low
547,547,2025-07-12,736,0.3387,0.3383,85.71,25824.3,1908.91,24937.69,5,5,0,100,low
548,548,2025-07-06,560,0.173,0.1,50.0,2676.99,2579.68,4535.43,2,2,0,100,low
549,549,2025-06-17,629,0.1208,0.1,76.92,5281.23,1229.12,5042.3,5,4,0,100,low
550,550,2025-06-23,817,0.2198,0.1193,100.0,22531.08,7065.09,28947.65,4,3,0,100,low
551,551,2025-06-18,662,0.0599,0,85.0,10454.85,2547.09,1628.85,3,1,0,100,low
552,552,2025-06-19,576,0.2413,0.1,33.33,430.78,877.22,8340.96,4,3,0,100,low
553,553,2025-07-06,611,0.0867,0.1,50.0,14283.29,1855.41,3540.1,4,4,0,100,low
554,554,2025-07-10,466,0.6683,0.8,33.33,11598.06,1945.41,17752.25,4,0,0,100,low
555,555,2025-06-23,788,0.4345,0.3132,85.71,21741.19,8840.7,90505.36,5,5,2,100,low
556,556,2025-06-18,643,0.4965,0.5284,80.0,35570.67,7507.91,42263.04,4,0,0,100,low
557,557,2025-07-06,813,0.5922,0.3497,100.0,55955.17,2223.99,68294.5,7,3,0,100,low
558,558,2025-06-28,621,0.118,0.1,71.43,12869.47,2941.12,3636.76,3,1,0,100,low
559,559,2025-07-15,763,0.2487,0.2186,90.91,15234.77,8425.52,21092.07,5,4,0,100,low
560,560,2025-06-19,601,0.3866,0.3782,70.0,18755.38,1916.36,18074.32,3,1,0,100,low
561,561,2025-07-08,699,0.1789,0.3,100.0,5609.77,2829.43,7557.3,3,2,0,100,low
562,562,2025-07-13,679,0.1638,0.1,83.33,2347.82,3606.9,6591.54,2,0,1,100,low
563,563,2025-07-02,556,0.5047,0.5,25.0,12189.55,2973.05,27736.61,2,3,0,100,low
564,564,2025-06-16,544,0.0425,0.1,66.67,4040.93,575.68,909.76,4,3,0,100,low
565,565,2025-07-05,640,0.3649,0.6302,100.0,20757.63,3318.3,19989.34,4,5,0,100,low
566,566,2025-07-06,690,0.1127,0.1,81.82,12851.59,1165.31,5013.25,4,4,0,100,low
567,567,2025-07-04,680,0.8385,0.5182,73.68,22179.08,6921.16,113107.85,5,2,0,100,low
568,568,2025-06-20,514,0.5028,0.8,66.67,3462.55,1864.28,18824.52,2,0,0,100,low
569,569,2025-06-30,684,0.0715,0.1,85.71,5503.7,4528.21,3444.04,2,1,0,100,low
570,570,2025-07-08,789,0.4514,0.3647,93.33,10087.21,6938.87,54392.97,4,1,0,100,low
571,571,2025-07-04,623,0.053,0.0,42.86,7339.32,2806.94,1621.02,4,4,0,100,low
572,572,2025-06-26,658,0.1383,0,85.0,8833.3,2572.65,3755.64,3,4,0,100,low
573,573,2025-06-28,667,0.2532,0.3214,80.0,7841.64,4732.01,12765.2,3,5,1,100,low
574,574,2025-06-22,837,0.6449,0.2946,100.0,19899.55,6168.47,80694.15,5,2,0,100,low
575,575,2025-06-25,561,0.1733,0.3,25.0,14903.79,2444.98,6863.14,2,1,0,100,low
576,576,2025-06-16,720,0.0743,0.1,100.0,6326.69,1720.62,3563.89,4,3,0,100,low
577,577,2025-07-05,798,0.2485,0.2452,88.89,71058.49,12426.39,48880.24,6,1,0,100,low
578,578,2025-07-01,592,0.1669,0.3,75.0,1928.68,3774.53,7641.8,3,4,1,100,low
579,579,2025-06-21,741,0.3498,0.3,100.0,796.05,4458.07,29452.58,3,0,1,100,low
580,580,2025-07-07,703,0.495,0.5,100.0,1950.28,4889.63,25884.32,4,5,0,100,low
581,581,2025-07-06,599,0.3572,0.8,83.33,19290.89,1129.6,18907.22,4,0,0,100,low
582,582,2025-06-25,609,0.3594,0.3,75.0,5171.84,765.31,18479.59,4,4,0,100,low
583,583,2025-07-14,586,0.1688,0.0,57.14,3749.34,1909.7,4194.08,3,2,0,100,low
584,584,2025-07-07,778,0.2483,0.2043,87.5,21063.32,1104.77,32777.76,3,1,0,100,low
585,585,2025-07-08,637,0.2652,0.2103,69.23,25370.05,516.25,21558.68,4,5,0,100,low
586,586,2025-07-14,733,0.0264,0.1,83.33,22525.87,1476.83,2094.31,3,0,0,100,low
587,587,2025-07-01,461,0.6729,0.95,50.0,21630.25,3430.05,31144.63,2,0,0,100,low
588,588,2025-07-09,601,0.1125,0.5,75.0,10623.04,923.48,6291.26,3,5,0,100,low
589,589,2025-06-28,654,0.2519,0.1,80.0,17415.89,3725.39,13621.46,2,1,0,100,low
590,590,2025-07-09,743,0.0934,0.0,100.0,9887.35,4141.0,4161.98,4,1,1,100,low
591,591,2025-07-01,770,1.0,0.4801,83.33,4250.03,2500.25,118998.3,4,5,0,100,low
592,592,2025-07-08,840,0.3245,0.2089,100.0,20519.89,6487.56,42380.44,4,0,0,100,low
593,593,2025-06-27,797,0.4343,0.2667,88.24,67031.79,716.27,91339.83,6,4,1,100,low
594,594,2025-06-25,598,0.2219,0.1,50.0,4269.08,2725.98,6812.58,2,5,0,100,low
595,595,2025-06-26,688,0.939,0.5425,94.74,24112.51,6148.09,76288.49,5,5,0,100,low
596,596,2025-07-02,569,0.5823,0.6347,63.64,35212.39,3107.62,44347.37,6,0,0,100,low
597,597,2025-07-10,667,0.2084,0.3,85.71,11564.09,3824.44,9199.66,2,0,0,100,low
598,598,2025-06-29,541,0.4028,0.5,50.0,3803.02,2850.38,11797.79,3,5,2,100,low
599,599,2025-06-27,648,0.3983,0.1807,70.0,9561.24,3565.65,20281.75,4,1,0,100,low
600,600,2025-07-06,714,0.1986,0.5,100.0,26485.44,4422.52,11025.71,3,5,0,100,low
601,601,2025-06-25,755,0.6178,0.4599,84.21,9383.99,2361.52,72140.28,4,0,0,100,low
602,602,2025-06-22,705,0.0498,0.1,100.0,1966.86,2805.82,2929.33,4,4,0,100,low
603,603,2025-06-23,667,0.035,0.0579,64.29,3094.0,5437.55,2622.45,5,4,0,100,low
604,604,2025-06-26,582,0.3572,0.3863,66.67,8540.89,2561.97,18761.58,5,4,0,100,low
605,605,2025-07-08,759,0.0729,0.1,85.71,22685.61,3010.27,5534.89,3,5,0,100,low
606,606,2025-07-07,804,0.0768,0.0,100.0,36802.57,3288.88,6713.62,3,4,0,100,low
607,607,2025-07-12,690,0.1984,0.1286,81.82,4861.23,2316.04,8192.12,5,0,0,100,low
608,608,2025-07-04,781,0.3771,0.2457,94.74,41222.34,6891.31,73540.22,5,0,0,100,low
609,609,2025-06-29,619,0.6859,0.6858,75.0,5320.42,1293.59,50241.09,3,1,1,100,low
610,610,2025-06-19,707,0.3851,0.3,100.0,20583.99,5284.19,22344.84,3,0,0,100,low
611,611,2025-06-16,802,0.2168,0.0466,84.62,69941.12,4940.89,43637.99,5,2,0,100,low
612,612,2025-07-11,538,0.4094,0.5,50.0,710.53,1470.7,9664.63,2,2,0,100,low
613,613,2025-06-17,818,0.8136,0.4667,100.0,1734.71,4555.16,168742.97,6,5,0,100,low
614,614,2025-07-12,795,0.596,0.3039,100.0,32552.37,2716.24,71872.79,4,1,0,100,low
615,615,2025-07-02,608,0.0935,0.1,28.57,9564.09,1795.53,3031.06,2,2,0,100,low
616,616,2025-06-18,625,0.2522,0.375,76.92,19082.81,4070.1,11979.2,3,2,0,100,low
617,617,2025-07-03,592,0.1087,0.3,80.0,1881.1,1149.29,3193.38,4,1,0,100,low
618,618,2025-07-08,803,0.1638,0.0429,100.0,30565.91,779.73,13745.97,3,0,0,100,low
619,619,2025-06-27,829,0.3608,0.1637,100.0,45626.44,2458.05,47567.61,4,2,0,100,low
620,620,2025-06-18,677,0.4119,0.4648,93.75,12180.2,3863.25,16504.87,3,0,0,100,low
621,621,2025-07-06,733,0.234,0.1,100.0,3924.92,2248.3,10183.37,4,2,0,100,low
622,622,2025-07-11,719,0.1143,0.1,100.0,121.24,2438.82,5154.62,2,4,0,100,low
623,623,2025-07-05,734,0.208,0.1,100.0,2241.7,3890.88,9271.66,2,5,0,100,low
624,624,2025-06-28,625,0.1525,0.3,87.5,12821.0,2416.0,4045.51,4,3,0,100,low
625,625,2025-07-08,526,0.261,0.1,66.67,8288.49,1801.45,5401.78,2,4,0,100,low
626,626,2025-07-08,664,0.2079,0.3,83.33,9935.41,4895.13,11237.81,3,5,0,100,low
627,627,2025-06-24,816,0.2301,0.1,100.0,32834.67,3614.61,30242.93,3,2,0,100,low
628,628,2025-07-11,765,0.5651,0.3,100.0,18789.46,5604.88,41241.16,4,4,0,100,low
629,629,2025-07-15,618,0.2208,0.0632,50.0,895.59,1419.46,7045.86,4,5,0,100,low
630,630,2025-06-24,804,0.211,0.2,93.33,42509.08,4098.66,24957.16,3,5,0,100,low
631,631,2025-06-23,755,0.1441,0.1,100.0,25242.91,2878.1,11839.4,2,2,0,100,low
632,632,2025-06-20,646,0.3601,0.3,80.0,12903.59,2133.48,13653.26,3,2,0,100,low
633,633,2025-07-03,760,0.8577,0.3448,81.82,29911.47,4090.43,114384.86,5,3,0,100,low
634,634,2025-06-24,654,0.1249,0.1,62.5,28170.19,5644.4,9522.83,3,4,0,100,low
635,635,2025-06-19,540,0.2757,0.8,60.0,2746.87,4282.16,12471.37,2,5,2,100,low
636,636,2025-06-21,671,0.106,0.1,100.0,13236.84,2189.37,2897.86,2,2,0,100,low
637,637,2025-07-07,758,0.3816,0.3201,100.0,14156.7,5035.08,34281.35,6,3,0,100,low
638,638,2025-07-01,671,0.2331,0.1,80.0,12648.78,1346.48,11278.55,3,5,0,100,low
639,639,2025-07-15,755,0.5906,0.4563,100.0,5326.05,601.02,48991.46,4,0,0,100,low
640,640,2025-07-12,782,0.2862,0.3,87.5,40518.33,3383.0,34603.17,5,2,0,100,low
641,641,2025-07-13,668,0.3781,0.6944,80.0,36056.61,8008.92,31455.71,5,1,0,100,low
642,642,2025-06-23,622,0.2178,0.3784,73.33,26957.27,3824.15,12990.53,4,2,0,100,low
643,643,2025-06-22,667,0.18,0.3,80.0,14414.54,1564.29,7527.48,2,5,0,100,low
644,644,2025-06-29,587,0.0914,0.1,40.0,4217.52,1294.56,4334.44,2,3,0,100,low
645,645,2025-07-01,597,0.4583,0.3,75.0,8339.9,1892.98,23742.93,5,4,0,100,low
646,646,2025-06-17,728,0.1494,0.3,87.5,11219.65,1304.53,11934.47,4,1,0,100,low
647,647,2025-07-04,776,0.1867,0.1,100.0,13658.42,838.45,15999.21,3,5,0,100,low
648,648,2025-07-07,656,0.1965,0.5,85.71,19183.63,3465.15,10524.84,3,1,0,100,low
649,649,2025-06-26,602,0.4009,0.3448,76.92,19797.52,1432.18,23627.69,4,5,0,100,low
650,650,2025-06-17,644,0.7172,0.7493,100.0,6701.1,2007.0,31963.05,3,1,0,100,low
651,651,2025-06-24,657,0.7907,0.8,100.0,16316.69,2864.66,32309.25,3,4,0,100,low
652,652,2025-07-11,575,0.6133,0.3122,30.0,19016.67,3844.04,23705.46,5,4,0,100,low
653,653,2025-07-14,543,0.2041,0.1,57.14,8723.26,785.32,4826.0,4,1,0,100,low
654,654,2025-07-12,609,0.5368,0.6915,81.82,1132.94,3235.88,24232.07,5,2,0,100,low
655,655,2025-07-13,823,0.382,0.201,100.0,63500.81,2079.32,49789.09,3,2,0,100,low
656,656,2025-06-21,743,0.2341,0.2348,93.75,23505.81,4527.98,18957.6,4,4,0,100,low
657,657,2025-06-18,587,0.5753,0.5,37.5,18152.68,3646.73,22251.88,2,3,1,100,low
658,658,2025-06-17,735,0.1485,0.1,93.75,32437.78,6779.65,12130.27,4,4,0,100,low
659,659,2025-07-02,515,0.1746,0.3,25.0,11214.59,923.15,4414.99,2,4,0,100,low
660,660,2025-07-07,699,0.3421,0.3,80.0,24566.56,2026.3,28962.32,4,1,0,100,low
661,661,2025-06-28,714,0.0682,0.1,100.0,17745.86,3742.51,2760.28,2,1,0,100,low
662,662,2025-07-04,537,0.0805,0.1,66.67,1080.4,1085.0,2083.51,4,1,0,100,low
663,663,2025-06-29,706,0.0538,0.0,71.43,20108.84,4966.1,3996.58,2,1,1,100,low
664,664,2025-06-30,700,0.1109,0.1,80.0,8641.33,973.64,9797.34,3,3,0,100,low
665,665,2025-06-29,672,0.8648,0.5207,91.67,7516.4,7355.63,73709.41,5,5,0,100,low
666,666,2025-07-12,764,0.5009,0.367,100.0,39941.1,3229.56,42879.03,3,4,1,100,low
667,667,2025-07-05,840,0.2606,0.2302,100.0,23856.42,5346.29,33055.23,5,1,1,100,low
668,668,2025-07-10,582,0.1931,0.5,66.67,1761.88,2924.58,10578.27,4,0,0,100,low
669,669,2025-07-13,731,0.2973,0.3,85.71,2897.16,5326.92,22373.24,2,0,0,100,low
670,670,2025-07-09,791,0.4197,0.3,85.71,12030.73,2528.51,55137.25,4,4,0,100,low
671,671,2025-07-12,730,0.0839,0.1,100.0,11310.86,4118.19,4859.6,3,3,0,100,low
672,672,2025-06-28,715,0.4522,0.3,83.33,33572.62,2231.88,33498.82,5,2,0,100,low
673,673,2025-06-21,665,0.702,0.3,76.92,25759.71,2740.34,52880.27,6,2,0,100,low
674,674,2025-07-04,744,0.307,0.5,100.0,22600.19,7870.3,26973.58,3,5,0,100,low
675,675,2025-06-28,810,0.5341,0.4449,100.0,98389.53,10659.86,110285.7,4,4,0,100,low
676,676,2025-07-10,840,0.1717,0.1416,100.0,4650.43,3935.84,21105.55,5,0,0,100,low
677,677,2025-06-30,752,0.6375,0.7055,100.0,12019.66,18953.78,128329.37,4,3,0,100,low
678,678,2025-06-28,553,0.1653,0.1,37.5,8468.66,2412.65,3990.31,4,3,0,100,low
679,679,2025-06-25,707,0.5238,0.5,87.5,20563.87,6797.4,37144.8,3,5,0,100,low
680,680,2025-07-03,739,0.3187,0.3,90.0,13007.71,7523.81,24870.14,3,3,0,100,low
681,681,2025-06-30,630,0.051,0,85.0,874.38,607.02,1256.88,1,4,0,100,low
682,682,2025-06-17,559,0.0997,0.5,50.0,15057.48,3310.17,3367.41,4,0,1,100,low
683,683,2025-06-26,561,0.2488,0.5,66.67,6584.5,3948.6,14842.26,2,4,0,100,low
684,684,2025-06-27,509,0.179,0.3,50.0,4306.8,1468.88,4851.41,2,1,0,100,low
685,685,2025-06-20,711,0.4827,0.3,93.33,41360.39,3555.4,41629.06,4,1,0,100,low
686,686,2025-06-16,756,0.1741,0.1,87.5,10504.44,723.84,14663.69,3,0,0,100,low
687,687,2025-07-06,736,0.1831,0.1,100.0,11683.45,2414.21,7528.08,3,0,0,100,low
688,688,2025-07-02,699,0.4128,0.2373,87.5,6485.48,2278.42,17496.51,3,2,0,100,low
689,689,2025-06-30,631,0.0668,0.1,75.0,21508.19,3957.48,3180.71,3,5,0,100,low
690,690,2025-06-29,736,0.3769,0.5,100.0,30704.88,7135.75,30305.47,2,5,0,100,low
691,691,2025-07-10,635,0.1004,0.5,66.67,27105.62,1373.31,7802.27,3,0,2,100,low
692,692,2025-06-18,646,0.1182,0,85.0,1864.01,1820.75,2732.83,1,1,1,100,low
693,693,2025-07-12,747,0.0783,0.0,100.0,179.0,1450.13,3445.1,2,2,0,100,low
694,694,2025-06-17,704,0.4345,0.3605,80.0,3633.04,2749.12,35666.89,5,4,1,100,low
695,695,2025-06-26,764,0.1181,0.0,100.0,10345.37,1127.56,5383.98,3,4,0,100,low
696,696,2025-07-13,627,0.2493,0.3,75.0,14912.92,3447.83,13975.53,3,4,0,100,low
697,697,2025-07-08,710,0.0499,0.1,100.0,8211.14,3542.88,2122.83,2,5,0,100,low
698,698,2025-06-18,765,0.3606,0.3,100.0,1708.97,6102.21,28948.4,3,0,0,100,low
699,699,2025-06-18,580,0.3471,0.5,66.67,4551.39,4542.01,18436.92,2,5,2,100,low
700,700,2025-06-19,751,0.1039,0.0,100.0,4304.24,2629.32,4254.78,2,4,0,100,low
701,701,2025-07-01,528,0.0795,0.1,50.0,12037.1,1186.83,2300.25,2,1,0,100,low
702,702,2025-07-05,696,0.2958,0.2089,85.71,1960.86,3138.41,12314.0,5,4,0,100,low
703,703,2025-07-05,573,0.1948,0.3,57.14,5672.38,2661.03,8439.25,4,0,0,100,low
704,704,2025-06-17,597,0.6158,0.5225,77.78,37190.91,4520.25,52723.9,5,1,0,100,low
705,705,2025-07-02,631,0.1028,0,85.0,13081.9,640.53,2944.97,1,1,0,100,low
706,706,2025-07-01,590,0.5563,0.8,60.0,9262.41,4265.54,44236.65,4,2,0,100,low
707,707,2025-06-27,603,0.5081,0.8,83.33,19009.22,2437.5,26391.12,4,0,0,100,low
708,708,2025-07-07,651,0.7751,0.8,100.0,3649.51,1143.9,31789.22,2,1,1,100,low
709,709,2025-06-21,766,0.1748,0.0471,88.89,33124.0,7181.16,14131.69,4,4,0,100,low
710,710,2025-06-17,651,0.2961,0.3,83.33,17658.91,2403.13,13271.35,4,5,0,100,low
711,711,2025-07-14,601,0.0487,0.3,75.0,19016.84,5875.36,2896.3,2,0,0,100,low
712,712,2025-07-02,723,0.3163,0.2507,81.25,12949.09,5312.3,23031.02,5,3,0,100,low
713,713,2025-06-23,615,0.3269,0.5,75.0,9064.78,1337.35,17353.54,4,5,0,100,low
714,714,2025-07-01,649,0.4086,0.3,83.33,2048.5,3276.51,18162.03,2,3,0,100,low
715,715,2025-06-28,707,0.2327,0.3,100.0,20915.3,770.89,12033.34,3,5,0,100,low
716,716,2025-07-03,734,0.4561,0.4138,100.0,15065.93,2369.57,37504.97,3,5,0,100,low
717,717,2025-07-12,703,0.6762,0.5116,100.0,20287.35,2968.96,48539.04,3,3,1,100,low
718,718,2025-06-28,784,0.2139,0.1,100.0,35695.65,2203.07,15341.55,5,4,0,100,low
719,719,2025-07-08,744,0.3959,0.5,100.0,15102.51,4440.38,29204.42,2,4,0,100,low
720,720,2025-06-24,592,0.1788,0.3,50.0,14783.38,3230.45,5945.6,2,3,0,100,low
721,721,2025-06-16,802,0.5916,0.2385,89.47,50897.36,2061.01,72702.15,6,5,0,100,low
722,722,2025-07-11,606,0.1941,0.1,25.0,5779.88,754.14,6533.34,3,1,0,100,low
723,723,2025-07-04,693,0.2939,0.3,100.0,10204.74,2808.19,16171.3,4,1,0,100,low
724,724,2025-06-21,698,0.414,0.5,84.62,39090.92,5689.16,36622.08,3,1,0,100,low
725,725,2025-06-30,737,0.2942,0.2276,87.5,42565.84,6352.72,25657.67,5,3,1,100,low
726,726,2025-07-15,615,0.2437,0.1,50.0,6738.67,2015.27,13551.1,2,4,0,100,low
727,727,2025-06-18,561,0.191,0.3,60.0,13713.46,1030.3,6161.21,2,0,0,100,low
728,728,2025-07-02,614,0.073,0.1,75.0,9427.9,2562.25,3307.29,2,0,0,100,low
729,729,2025-07-07,754,0.4209,0.4418,100.0,34693.08,2989.62,30455.24,3,2,0,100,low
730,730,2025-07-14,686,0.0961,0.3,100.0,1003.62,4167.42,4069.18,4,2,1,100,low
731,731,2025-06-17,711,0.0814,0.0616,90.91,1874.64,3656.45,3924.27,4,4,0,100,low
732,732,2025-06-16,630,0.2596,0.3,33.33,36124.92,1748.52,20407.44,2,4,0,100,low
733,733,2025-07-04,570,0.105,0.3,60.0,6786.31,4735.7,6139.32,3,1,0,100,low
734,734,2025-06-20,659,0.3652,0.3,85.71,5239.33,2664.88,18799.82,2,3,0,100,low
735,735,2025-07-05,725,0.185,0.0561,71.43,7722.45,1672.26,13711.0,5,4,0,100,low
736,736,2025-07-10,635,0.0663,0,85.0,6152.22,815.29,1347.04,1,5,0,100,low
737,737,2025-06-17,605,0.0549,0.1,66.67,9382.49,4588.12,2634.76,2,2,0,100,low
738,738,2025-06-17,794,0.3242,0.3,92.31,31381.62,8063.48,43135.94,5,3,0,100,low
739,739,2025-07-01,576,0.4619,0.4231,33.33,11843.7,3528.09,17122.41,4,3,0,100,low
740,740,2025-07-12,684,0.2005,0.1,88.89,12200.54,3312.45,10543.34,3,4,0,100,low
741,741,2025-06-18,686,0.3652,0.2073,81.82,3076.52,653.05,19765.33,3,4,0,100,low
742,742,2025-06-21,736,0.4186,0.185,93.33,28905.53,819.69,35163.16,5,4,0,100,low
743,743,2025-06-28,693,0.2443,0.3,87.5,5713.88,1961.77,11677.26,3,3,0,100,low
744,744,2025-07-05,728,0.4267,0.2388,85.71,14362.14,2980.15,38367.42,3,5,0,100,low
745,745,2025-06-28,732,0.1131,0.1,100.0,14479.99,3600.65,6589.03,2,4,0,100,low
746,746,2025-06-22,623,0.1882,0.3,71.43,20207.79,3461.74,8605.46,3,3,1,100,low
747,747,2025-06-21,638,0.0196,0,85.0,5532.37,722.73,558.51,2,5,0,100,low
748,748,2025-06-29,592,0.08,0.1,63.64,5697.6,5515.84,4697.39,3,5,0,100,low
749,749,2025-07-13,811,0.4692,0.2276,93.33,554.13,13390.69,91975.61,4,0,1,100,low
750,750,2025-06-28,673,0.3536,0.1879,84.62,22368.88,776.31,20896.03,3,1,0,100,low
751,751,2025-06-22,704,0.1327,0.3,100.0,15395.63,1072.61,7586.25,4,3,0,100,low
752,752,2025-07-03,523,0.1284,0.3,37.5,2617.13,1049.49,3581.86,4,2,1,100,low
753,753,2025-06-28,715,0.2081,0.3377,90.91,34877.01,3732.03,15418.57,4,5,0,100,low
754,754,2025-07-15,695,0.0026,0.0,66.67,21771.51,2226.14,191.28,2,1,0,100,low
755,755,2025-07-07,678,0.2595,0.101,63.64,33220.56,4653.76,30042.55,5,2,0,100,low
756,756,2025-07-15,799,0.3069,0.1688,88.89,21886.37,3614.51,38674.55,5,1,0,100,low
757,757,2025-06-16,600,0.8333,0.5188,77.78,26030.5,7498.34,72236.03,3,4,0,100,low
758,758,2025-07-11,712,0.3616,0.2305,92.31,18046.08,2218.96,21149.98,4,1,0,100,low
759,759,2025-07-09,754,0.4791,0.2243,80.95,8615.5,4830.75,58399.82,5,0,0,100,low
760,760,2025-07-10,588,0.458,0.3,41.67,23431.23,2455.45,22215.14,4,0,0,100,low
761,761,2025-06-26,450,0.2471,0.95,75.0,47.02,1196.23,5150.83,3,3,0,100,low
762,762,2025-06-25,664,0.081,0.1865,83.33,13935.57,2303.96,3601.4,4,0,0,100,low
763,763,2025-06-25,768,0.2278,0.3,100.0,16949.57,3947.63,18298.09,4,3,1,100,low
764,764,2025-07-09,670,0.4599,0.6349,78.57,31585.96,950.31,56204.35,4,2,1,100,low
765,765,2025-06-17,550,1.0,0.8,71.43,10709.73,1928.53,54531.84,3,0,0,100,low
766,766,2025-07-10,729,0.5111,0.3513,93.75,15640.57,877.57,38796.05,4,2,0,100,low
767,767,2025-06-18,725,0.6866,0.6496,92.31,61557.63,3498.96,140359.6,3,5,0,100,low
768,768,2025-07-11,588,0.2189,0.1,33.33,17855.59,1800.21,7846.16,2,0,0,100,low
769,769,2025-06-25,776,0.2405,0.1,100.0,4801.58,1196.94,20079.35,4,2,0,100,low
770,770,2025-07-11,730,0.0063,0.0,75.0,37405.2,5290.92,477.5,5,4,0,100,low
771,771,2025-06-21,488,0.63,0.8,37.5,4056.47,615.93,13615.66,2,2,0,100,low
772,772,2025-06-28,691,0.1403,0.1,87.5,7584.28,1693.09,5673.86,3,4,1,100,low
773,773,2025-07-15,683,0.3215,0.2675,75.0,35527.31,571.4,22862.56,4,5,0,100,low
774,774,2025-06-19,774,0.2837,0.0913,78.57,2095.8,11894.18,38247.24,6,5,0,100,low
775,775,2025-06-22,738,0.0791,0.0,100.0,572.05,1709.65,3848.83,2,1,0,100,low
776,776,2025-07-12,579,0.1054,0.1,57.14,13219.59,3241.15,3825.1,5,3,0,100,low
777,777,2025-07-02,599,0.1534,0.1,50.0,5413.22,1879.87,4629.9,3,1,0,100,low
778,778,2025-07-14,716,0.2582,0.5,85.71,34922.88,8544.34,22866.32,2,4,0,100,low
779,779,2025-07-01,739,0.2009,0.3,100.0,40205.32,7494.5,17277.59,5,2,0,100,low
780,780,2025-06-25,607,0.0768,0.1,40.0,7020.89,3195.13,2845.41,4,3,0,100,low
781,781,2025-06-18,745,0.1962,0.3,100.0,8555.11,5705.57,16297.7,3,0,0,100,low
782,782,2025-06-26,755,0.1156,0.1,100.0,27047.76,3097.0,9500.62,2,5,0,100,low
783,783,2025-06-30,559,0.2171,0.1,50.0,7177.51,867.19,4382.61,4,1,0,100,low
784,784,2025-07-09,695,0.7055,0.5041,83.33,39922.33,3349.1,89110.85,4,1,0,100,low
785,785,2025-06-26,645,0.4913,0.4141,76.92,1082.12,6558.32,38898.78,3,4,1,100,low
786,786,2025-07-08,572,0.256,0.3,66.67,1308.94,2413.72,12054.42,5,1,0,100,low
787,787,2025-07-12,716,0.1037,0.5,100.0,8886.65,2042.75,5846.66,2,4,0,100,low
788,788,2025-07-04,657,0.1878,0.0262,76.92,13805.67,1540.06,9219.21,5,2,0,100,low
789,789,2025-07-01,703,0.4622,0.4167,83.33,39034.93,5287.3,38780.27,5,2,0,100,low
790,790,2025-07-02,767,0.047,0.0,100.0,20923.3,3901.47,2446.8,2,1,0,100,low
791,791,2025-06-25,763,0.486,0.3,85.71,75707.3,1603.16,95261.1,6,1,1,100,low
792,792,2025-07-07,589,0.4269,0.4594,58.33,8868.76,2381.23,19550.92,5,3,0,100,low
793,793,2025-07-11,596,0.3794,0.2034,66.67,1171.5,1442.08,11522.86,3,4,0,100,low
794,794,2025-07-08,751,0.3682,0.2451,92.86,7563.41,3789.95,28992.27,4,3,0,100,low
795,795,2025-07-03,709,0.1164,0.3,100.0,18343.03,968.72,4986.05,2,3,0,100,low
796,796,2025-07-13,656,0.4455,0.4511,75.0,16565.75,5895.92,37904.16,3,0,1,100,low
797,797,2025-06-20,606,0.2319,0.1,50.0,14626.18,2977.32,10705.69,3,4,0,100,low
798,798,2025-07-04,624,0.2106,0.3,75.0,293.33,2577.56,9600.45,3,0,0,100,low
799,799,2025-06-25,660,0.6119,0.66,81.82,1400.15,6671.76,44649.67,5,5,1,100,low
800,800,2025-06-18,741,0.2199,0.3,100.0,13309.89,8796.29,19631.5,3,1,0,100,low
801,801,2025-06-23,613,0.2117,0.5,71.43,13046.28,817.99,9596.69,4,5,0,100,low
802,802,2025-07-06,758,0.2221,0.1933,100.0,29058.9,6152.64,19923.8,4,1,0,100,low
803,803,2025-07-13,581,0.2056,0.1,66.67,5031.53,2054.2,10248.41,2,1,0,100,low
804,804,2025-06-22,669,0.3036,0.2189,80.0,26978.16,3123.56,16726.92,3,1,0,100,low
805,805,2025-06-18,794,0.5308,0.1948,86.96,56575.9,11185.79,67552.05,7,1,0,100,low
806,806,2025-07-08,694,0.7019,0.6907,100.0,12000.36,1512.56,52203.76,4,5,0,100,low
807,807,2025-06-24,731,0.0976,0.1474,85.71,19351.4,5637.14,8012.18,3,1,0,100,low
808,808,2025-07-14,658,0.2052,0.0273,76.92,11432.46,2229.45,6687.3,5,4,0,100,low
809,809,2025-07-01,547,0.1068,0.1,60.0,9507.25,1896.7,2426.03,4,3,2,100,low
810,810,2025-06-28,777,0.2386,0.075,85.71,34574.22,787.3,20007.2,4,1,0,100,low
811,811,2025-06-28,680,0.3464,0.4424,100.0,7390.22,3007.17,18670.72,5,4,0,100,low
812,812,2025-07-13,595,0.1745,0.3,50.0,13545.2,1012.21,6287.71,2,2,0,100,low
813,813,2025-06-27,558,0.3893,0.5,50.0,5452.61,1809.39,11927.44,4,0,0,100,low
814,814,2025-06-19,670,0.6792,0.8,100.0,3197.11,2173.0,33279.24,3,1,0,100,low
815,815,2025-06-26,730,0.2047,0.3,100.0,19475.73,3538.32,15006.0,4,1,0,100,low
816,816,2025-06-19,701,0.3199,0.5,100.0,21375.9,2950.02,18183.1,3,5,0,100,low
817,817,2025-06-25,735,0.1253,0.1,81.82,21910.87,7095.97,9518.73,5,3,1,100,low
818,818,2025-07-12,710,0.1556,0.5,100.0,13786.71,3399.97,7354.34,2,4,0,100,low
819,819,2025-07-04,674,0.1463,0.1727,81.82,18221.85,3074.01,7509.94,4,0,0,100,low
820,820,2025-07-14,561,0.2984,0.5,25.0,17613.77,3008.78,10724.57,3,1,0,100,low
821,821,2025-06-16,578,0.1152,0.3,66.67,12973.22,3245.65,5933.88,2,5,0,100,low
822,822,2025-07-08,821,0.1836,0.0734,92.86,92606.39,9356.77,39225.75,5,3,1,100,low
823,823,2025-06-16,706,0.4118,0.1909,81.25,3711.07,6134.19,33113.79,4,5,0,100,low
824,824,2025-06-17,754,0.9471,0.2957,80.0,35942.79,6575.87,123319.72,6,3,1,100,low
825,825,2025-07-07,759,0.2546,0.1,84.62,74930.46,14411.35,54655.54,5,4,1,100,low
826,826,2025-07-09,677,0.4636,0.5,85.71,745.69,4409.84,26313.04,4,1,0,100,low
827,827,2025-06-29,762,0.119,0.0,100.0,13483.8,1392.72,5713.46,3,4,1,100,low
828,828,2025-07-07,798,0.0338,0.0,100.0,15866.7,7683.86,2818.0,4,2,0,100,low
829,829,2025-07-05,809,0.3579,0.3,100.0,35442.38,8369.99,41622.86,5,0,0,100,low
830,830,2025-06-26,662,0.092,0,85.0,7936.56,960.78,2572.65,1,4,0,100,low
831,831,2025-07-13,770,0.1848,0.3,100.0,37616.93,7412.4,16380.38,3,1,0,100,low
832,832,2025-07-09,588,0.1566,0.1,50.0,5125.79,1170.17,7829.27,2,0,0,100,low
833,833,2025-07-05,547,0.4157,0.8,75.0,19311.12,1915.16,24587.4,3,5,0,100,low
834,834,2025-07-11,754,0.265,0.1647,100.0,13849.3,2846.72,21832.57,4,4,0,100,low
835,835,2025-07-01,594,0.3815,0.95,87.5,22007.51,4242.48,18736.62,4,5,0,100,low
836,836,2025-07-06,697,0.3204,0.8,100.0,39970.15,7000.26,25889.93,4,3,2,100,low
837,837,2025-07-09,798,0.5882,0.5,100.0,40781.22,3511.71,72047.32,5,4,0,100,low
838,838,2025-07-01,592,0.2425,0.3,71.43,13162.26,3322.92,14317.97,4,0,0,100,low
839,839,2025-06-16,559,0.3248,0.3,66.67,7304.99,2076.43,18174.65,2,0,1,100,low
840,840,2025-07-03,690,0.5615,0.4528,84.62,14702.69,4442.84,45352.69,5,2,0,100,low
841,841,2025-06-19,543,0.3143,0.8,75.0,23636.76,1394.41,15859.46,4,1,0,100,low
842,842,2025-06-28,670,0.1218,0.0,75.0,3972.85,4091.57,5307.2,4,0,1,100,low
843,843,2025-07-13,630,0.22,0.5,80.0,17482.57,3876.99,11656.06,2,4,0,100,low
844,844,2025-06-27,720,0.4684,0.2484,78.57,13167.31,9793.53,58523.63,6,2,0,100,low
845,845,2025-07-12,711,0.0957,0.1,85.71,19978.18,949.97,4267.7,2,2,0,100,low
846,846,2025-07-15,708,0.2704,0.3,100.0,22389.17,1001.75,12719.69,4,2,0,100,low
847,847,2025-07-04,754,0.2243,0.1,100.0,14429.67,2812.83,19284.44,3,5,2,100,low
848,848,2025-06-30,538,0.1602,0.5,42.86,830.83,724.72,3592.62,4,4,0,100,low
849,849,2025-06-26,720,0.3527,0.3,88.89,18601.28,5438.49,31121.79,5,4,1,100,low
850,850,2025-07-15,505,0.5089,0.8,40.0,10350.54,2001.43,24672.97,3,2,0,100,low
851,851,2025-07-02,714,0.1476,0.0906,88.89,19450.05,989.19,6059.88,5,4,0,100,low
852,852,2025-06-27,689,0.1319,0.1,85.71,11260.02,2195.25,7492.67,3,1,0,100,low
853,853,2025-06-29,717,0.2172,0.1,100.0,5679.53,3059.21,12781.78,2,5,0,100,low
854,854,2025-07-06,759,0.0303,0.0,100.0,9284.73,4013.87,1466.7,2,5,0,100,low
855,855,2025-07-09,536,0.3276,0.8,0.0,10420.02,2384.86,13012.53,3,3,0,100,low
856,856,2025-07-07,839,0.1476,0.1,100.0,76165.81,14930.06,29900.44,4,0,2,100,low
857,857,2025-07-02,609,0.4112,0.3,75.0,13531.79,3194.96,19219.47,3,1,1,100,low
858,858,2025-06-19,599,0.0396,0.1,33.33,7360.88,2537.28,1997.33,2,1,0,100,low
859,859,2025-07-03,781,0.6358,0.4226,100.0,304.65,4750.67,126066.67,5,2,0,100,low
860,860,2025-07-06,766,0.3627,0.4035,83.33,21492.81,5925.06,43814.23,3,5,0,100,low
861,861,2025-06-21,662,0.3375,0.3,80.0,19193.52,3428.25,15406.5,3,3,0,100,low
862,862,2025-06-24,649,0.4132,0.214,78.57,19072.23,3496.02,20873.21,5,2,0,100,low
863,863,2025-07-13,646,0.0163,0.0,75.0,17941.5,2954.18,659.47,2,4,0,100,low
864,864,2025-06-22,682,0.3418,0.1963,60.0,959.16,5990.69,40740.66,4,0,0,100,low
865,865,2025-06-27,646,0.2435,0.3,100.0,7419.29,1214.76,5526.03,4,1,0,100,low
866,866,2025-06-27,685,0.4356,0.2469,75.0,11296.59,6944.72,34295.48,4,0,0,100,low
867,867,2025-06-21,750,0.5185,0.294,92.86,949.6,7019.79,39043.94,5,4,0,100,low
868,868,2025-06-19,693,0.4126,0.5,85.71,12773.89,1457.41,20280.73,2,3,0,100,low
869,869,2025-07-01,711,0.4853,0.4352,90.0,27211.11,1612.2,34973.41,5,5,0,100,low
870,870,2025-07-05,687,0.4116,0.3656,85.71,18650.55,2345.11,23928.44,4,0,0,100,low
871,871,2025-06-25,574,0.3953,0.3,66.67,18852.48,3927.83,22686.2,4,0,0,100,low
872,872,2025-07-11,704,0.3285,0.3,100.0,10826.87,2300.7,14774.83,3,0,0,100,low
873,873,2025-06-30,590,0.1872,0.1,50.0,15181.44,1884.52,7948.72,3,1,1,100,low
874,874,2025-06-28,704,0.958,0.7447,81.82,81657.22,16853.04,194412.03,4,2,0,100,low
875,875,2025-07-07,703,0.4704,0.5,80.0,29025.35,6150.27,35269.01,3,3,0,100,low
876,876,2025-06-23,722,0.389,0.5,87.5,10350.98,1635.57,31040.84,4,1,0,100,low
877,877,2025-07-15,730,0.2573,0.1347,95.0,42972.49,3442.41,22122.47,5,2,0,100,low
878,878,2025-06-26,706,0.1275,0.1,87.5,13112.36,4348.83,6253.19,3,5,0,100,low
879,879,2025-07-02,655,0.311,0.1639,55.0,19140.19,4646.21,24478.41,4,2,0,100,low
880,880,2025-07-06,779,0.2709,0.2131,93.33,39826.57,6090.81,57929.54,4,4,0,100,low
881,881,2025-06-22,608,0.0935,0.0,37.5,3181.93,2568.34,3090.12,3,1,0,100,low
882,882,2025-06-20,802,0.5607,0.2688,91.3,24997.54,11402.74,71067.1,5,5,0,100,low
883,883,2025-07-04,728,0.3516,0.3,87.5,29730.89,7781.88,29232.52,4,4,0,100,low
884,884,2025-07-06,611,0.3084,0.6645,80.0,7049.08,1034.0,17358.49,4,2,0,100,low
885,885,2025-06-28,660,1.0,0.6244,86.67,6317.81,5507.85,112186.77,6,0,1,100,low
886,886,2025-07-04,794,0.459,0.3,87.5,25674.11,3598.29,54971.28,5,2,0,100,low
887,887,2025-07-08,754,0.1563,0.1,100.0,7884.27,1068.64,12341.33,3,5,1,100,low
888,888,2025-06-26,584,0.414,0.3,60.0,8724.93,3746.75,22516.17,2,4,1,100,low
889,889,2025-07-08,710,0.1867,0.2065,100.0,13343.79,805.31,9696.29,5,4,0,100,low
890,890,2025-07-04,818,0.3541,0.2628,100.0,1373.8,10100.27,47734.99,5,0,1,100,low
891,891,2025-06-16,799,0.461,0.3,100.0,31283.3,12192.09,92475.13,3,1,0,100,low
892,892,2025-06-22,730,0.3878,0.1944,91.67,27311.72,4274.97,34737.43,3,0,1,100,low
893,893,2025-07-03,783,0.2022,0.2,84.62,8773.89,20559.8,43319.05,5,4,0,100,low
894,894,2025-06-23,612,0.3024,0.8,75.0,36519.87,1471.42,22944.23,4,4,1,100,low
895,895,2025-07-08,757,0.1539,0.0,100.0,1397.48,2823.36,4810.56,3,4,0,100,low
896,896,2025-07-01,720,0.51,0.4,90.91,28873.4,6562.51,37061.36,5,2,0,100,low
897,897,2025-06-25,732,0.1698,0.1,100.0,475.6,1357.94,8496.75,3,3,0,100,low
898,898,2025-07-01,784,0.4558,0.3981,100.0,26601.87,10614.4,61376.37,4,5,0,100,low
899,899,2025-06-18,706,0.723,0.6888,83.33,56344.15,12088.81,90530.73,4,0,0,100,low
900,900,2025-07-08,813,0.5176,0.191,89.47,676.45,9312.9,68819.43,5,1,0,100,low
901,901,2025-07-09,749,0.3671,0.3443,85.0,33308.26,6028.62,47992.13,6,0,0,100,low
902,902,2025-06-19,769,0.104,0.0446,80.0,32375.3,5550.87,8277.12,5,4,0,100,low
903,903,2025-07-01,755,0.4153,0.407,92.31,78740.15,15489.04,84899.47,3,2,0,100,low
904,904,2025-07-06,781,0.2492,0.2375,85.71,56747.52,5234.7,51731.29,5,0,0,100,low
905,905,2025-07-13,713,0.3637,0.5,100.0,6545.1,2309.01,17186.38,4,3,0,100,low
906,906,2025-06-28,707,0.249,0.3,87.5,16817.48,1941.19,20124.7,2,1,0,100,low
907,907,2025-07-09,806,0.2141,0.0505,90.91,62451.16,10116.27,26798.23,4,0,0,100,low
908,908,2025-07-12,656,0.3406,0.3,75.0,13671.36,5556.62,28855.46,4,4,0,100,low
909,909,2025-06-28,687,0.5274,0.3732,100.0,6162.58,1197.7,30361.04,5,1,0,100,low
910,910,2025-06-24,632,0.0705,0,85.0,5620.74,1898.9,1939.12,2,5,0,100,low
911,911,2025-06-16,741,0.2253,0.3,100.0,11308.55,3171.6,19485.98,2,3,0,100,low
912,912,2025-06-17,800,0.3122,0.1908,100.0,42133.35,2304.24,36484.05,4,2,0,100,low
913,913,2025-06-23,766,0.3896,0.3,81.82,26568.75,2072.81,52486.21,3,1,0,100,low
914,914,2025-07-07,771,0.6166,0.3963,88.89,28456.47,852.0,78386.72,4,1,0,100,low
915,915,2025-06-18,645,0.2868,0.3,50.0,4331.21,5278.23,20774.01,4,5,0,100,low
916,916,2025-06-17,614,0.1986,0.1,75.0,15112.0,589.42,10907.02,4,1,0,100,low
917,917,2025-06-23,724,0.2273,0.1,100.0,4918.35,1997.24,11324.97,3,0,0,100,low
918,918,2025-06-16,603,0.1411,0.3,75.0,18861.76,1264.85,7437.76,4,1,1,100,low
919,919,2025-06-24,796,0.3943,0.3,100.0,60374.84,4926.81,52421.66,6,4,0,100,low
920,920,2025-06-18,648,0.3957,0.347,78.57,27383.58,1306.75,29732.91,4,4,1,100,low
921,921,2025-07-08,838,0.3116,0.1409,100.0,4580.89,7488.05,37367.82,3,0,0,100,low
922,922,2025-07-07,742,0.7313,0.5338,92.31,26126.05,11570.92,85363.8,5,1,0,100,low
923,923,2025-06-23,700,0.1671,0.1,100.0,3090.03,3032.91,7645.24,3,0,0,100,low
924,924,2025-06-18,578,0.1699,0.1,50.0,18946.42,1321.87,7424.91,4,2,0,100,low
925,925,2025-07-15,705,0.4276,0.3,75.0,8846.82,12197.83,55348.74,5,4,0,100,low
926,926,2025-07-03,599,0.1227,0.1,50.0,4015.82,1045.31,5509.7,4,1,1,100,low
927,927,2025-06-27,705,0.1614,0.1,87.5,10017.32,4145.4,7937.78,3,4,0,100,low
928,928,2025-06-19,720,0.3469,0.3704,81.82,16971.52,896.65,29486.94,4,2,0,100,low
929,929,2025-06-19,636,0.5898,0.354,66.67,26052.54,5753.47,46507.7,5,4,0,100,low
930,930,2025-06-27,596,0.1487,0.5,75.0,13700.03,4015.43,8142.17,4,5,0,100,low
931,931,2025-07-04,705,0.5833,0.3069,88.89,18303.01,1057.49,45356.03,5,1,0,100,low
932,932,2025-07-12,635,0.0411,0,85.0,11914.12,1432.58,1007.62,1,2,0,100,low
933,933,2025-07-09,706,0.1035,0.3,100.0,12419.1,3944.38,4807.76,3,3,0,100,low
934,934,2025-07-03,716,0.2344,0.3,83.33,7955.46,699.55,17859.28,2,5,0,100,low
935,935,2025-06-29,628,0.2663,0.193,75.0,14.61,1892.06,13658.4,5,2,2,100,low
936,936,2025-06-21,616,0.0347,0.0,20.0,121.58,1570.41,1200.26,2,2,0,100,low
937,937,2025-07-08,727,0.1795,0.1,90.91,39918.62,4069.18,14406.87,5,1,0,100,low
938,938,2025-07-13,692,0.2372,0.3,100.0,17095.65,1411.78,10594.28,4,4,0,100,low
939,939,2025-07-10,717,1.0,0.5491,84.21,23988.67,3298.51,146468.79,6,0,0,100,low
940,940,2025-06-25,838,0.1332,0.1,100.0,22690.43,12830.3,17720.72,5,3,0,100,low
941,941,2025-06-21,695,0.2985,0.1676,87.5,22816.11,2136.14,16602.9,3,0,0,100,low
942,942,2025-06-18,751,0.3747,0.1753,90.91,31363.96,2915.42,27727.43,3,0,0,100,low
943,943,2025-07-13,691,0.5534,0.5,100.0,5742.06,4757.8,28052.61,2,5,0,100,low
944,944,2025-07-14,664,0.1131,0.5,87.5,18432.93,4020.24,6723.36,2,5,0,100,low
945,945,2025-06-16,715,0.4998,0.3897,81.25,27157.51,7019.08,39345.98,3,2,0,100,low
946,946,2025-07-10,810,0.1826,0.0779,90.91,33106.92,4591.17,23884.45,5,2,0,100,low
947,947,2025-07-05,660,0.3751,0.8,100.0,17781.12,2806.71,19627.44,2,4,0,100,low
948,948,2025-06-24,633,0.579,0.5,80.0,3169.24,2243.79,18827.75,4,2,0,100,low
949,949,2025-07-01,667,0.3169,0.5,100.0,6107.81,2001.48,6882.48,4,0,0,100,low
950,950,2025-06-16,788,0.3738,0.5,90.0,27981.79,8522.15,43406.83,4,0,0,100,low
951,951,2025-07-15,757,0.3925,0.3,91.67,6219.89,3624.79,48154.16,5,0,0,100,low
952,952,2025-07-01,665,0.4353,0.3,85.71,3980.83,862.73,19622.98,5,5,0,100,low
953,953,2025-07-09,683,0.2549,0.208,87.5,6789.93,705.0,10551.33,5,1,0,100,low
954,954,2025-07-13,764,0.2681,0.1248,90.91,13681.21,2916.05,23599.89,3,2,0,100,low
955,955,2025-07-05,581,0.4407,0.5,66.67,17579.51,4031.24,25373.49,2,4,1,100,low
956,956,2025-06-26,589,0.065,0.1,66.67,10996.88,2343.1,2851.93,3,5,0,100,low
957,957,2025-07-03,631,0.214,0.3,83.33,23754.55,4694.51,12560.9,3,0,0,100,low
958,958,2025-07-07,769,0.0063,0.0,100.0,5211.88,856.98,359.1,2,5,0,100,low
959,959,2025-07-14,585,0.1989,0.3,60.0,18905.91,2126.61,11614.0,2,2,0,100,low
960,960,2025-06-18,797,0.0087,0.0,100.0,28327.7,3302.68,652.41,2,2,1,100,low
961,961,2025-07-11,611,0.123,0.1,75.0,16805.88,981.9,5745.01,3,1,0,100,low
962,962,2025-07-14,606,0.3773,0.3,71.43,11392.76,2688.26,16988.76,3,0,0,100,low
963,963,2025-07-07,837,0.2746,0.1,100.0,72304.4,7803.41,56071.93,4,1,0,100,low
964,964,2025-06-22,671,0.2679,0.2,72.73,34593.6,7670.87,23045.46,5,1,0,100,low
965,965,2025-07-10,642,0.2281,0.5,75.0,37949.21,1409.74,18557.39,2,5,1,100,low
966,966,2025-06-25,605,0.2443,0.1,16.67,8738.61,2144.63,7756.65,4,0,0,100,low
967,967,2025-06-16,693,0.1856,0.1708,87.5,16138.62,4795.69,10915.68,3,0,0,100,low
968,968,2025-07-04,662,0.1131,0.1,66.67,36373.98,3941.97,8526.35,2,5,0,100,low
969,969,2025-06-23,596,0.1779,0.1,42.86,2649.43,1206.09,6203.45,4,0,0,100,low
970,970,2025-06-19,781,0.3017,0.1545,87.5,34667.58,3975.9,40051.14,4,0,0,100,low
971,971,2025-06-24,586,0.607,0.471,62.5,3588.46,595.71,32292.97,3,5,0,100,low
972,972,2025-06-25,571,0.2319,0.3,66.67,13824.0,1128.88,11945.7,4,3,0,100,low
973,973,2025-07-13,695,0.3881,0.5,100.0,18160.59,1586.19,16627.16,3,4,0,100,low
974,974,2025-06-28,775,0.0962,0.1,100.0,22669.66,3798.0,8153.22,3,0,0,100,low
975,975,2025-07-15,560,0.3707,0.5,66.67,3709.23,2939.19,21332.67,3,2,0,100,low
976,976,2025-06-28,506,0.2427,0.5,50.0,3669.23,1551.03,6085.84,2,5,0,100,low
977,977,2025-07-14,734,0.307,0.3718,90.91,30139.86,1738.03,26452.84,4,4,0,100,low
978,978,2025-06-28,471,0.7589,0.95,62.5,5769.69,781.17,28237.33,2,0,0,100,low
979,979,2025-07-09,745,0.6243,0.6876,88.24,59088.88,8782.51,79113.37,6,5,0,100,low
980,980,2025-07-02,795,0.2979,0.2355,89.47,58807.65,906.51,61725.42,6,2,0,100,low
981,981,2025-06-22,593,0.2981,0.5,50.0,11511.11,2958.62,15554.9,2,3,0,100,low
982,982,2025-06-27,697,0.262,0.3,83.33,18879.58,5056.38,22444.08,4,4,0,100,low
983,983,2025-07-04,709,0.4135,0.5,100.0,22613.83,3692.42,22141.23,2,4,1,100,low
984,984,2025-06-27,694,0.1284,0.5,100.0,3901.9,4618.26,7688.5,3,4,0,100,low
985,985,2025-06-27,627,0.1955,0.1,75.0,14805.71,2447.88,8018.27,2,0,0,100,low
986,986,2025-06-16,705,0.0862,0.1,87.5,22383.08,2986.41,4317.54,2,5,0,100,low
987,987,2025-07-14,722,0.6819,0.5,88.89,1744.25,3788.33,53356.43,5,1,2,100,low
988,988,2025-07-09,708,0.2047,0.3,100.0,2446.81,636.51,10949.67,3,4,0,100,low
989,989,2025-06-28,741,0.3248,0.3,100.0,41190.89,8178.16,28931.71,2,3,0,100,low
990,990,2025-07-13,670,0.1111,0.2296,72.73,42103.99,4718.52,9844.58,3,2,1,100,low
991,991,2025-07-05,796,0.3949,0.3428,100.0,57537.32,9791.82,51293.7,5,2,0,100,low
992,992,2025-06-22,701,0.2516,0.1,87.5,17600.03,3489.03,11049.38,4,1,0,100,low
993,993,2025-06-21,717,0.6673,0.5,90.91,32830.58,4111.04,48020.6,3,4,0,100,low
994,994,2025-07-07,660,0.1883,0.5,71.43,19489.55,6258.95,14537.93,4,1,0,100,low
995,995,2025-06-29,696,0.161,0.1,85.71,3358.32,3144.05,8866.32,2,4,0,100,low
996,996,2025-06-25,801,0.1586,0.2474,100.0,2700.38,10853.85,20356.74,4,4,1,100,low
997,997,2025-07-11,574,0.3819,0.3,50.0,4537.94,1364.68,15536.32,2,1,0,100,low
998,998,2025-06-23,608,0.1329,0.3,71.43,9072.84,4380.61,6397.91,4,0,1,100,low
999,999,2025-07-15,665,0.5918,0.8,100.0,5306.24,802.2,30363.41,4,0,0,100,low
1000,1000,2025-07-08,630,0.2454,0.1602,73.33,4706.62,2034.7,11088.52,4,5,0,100,low
1001,1001,2025-06-23,558,0.2947,0.3,62.5,9181.32,1704.7,11232.1,4,0,0,100,low
1002,1002,2025-06-27,575,0.0781,0.0,57.14,1728.82,1259.31,1797.03,4,3,0,100,low
1003,1003,2025-06-25,649,0.3843,0.4359,77.78,32972.25,7047.02,30289.69,4,0,0,100,low
1004,1004,2025-06-21,640,0.1198,0.1,75.0,11861.49,675.54,4873.32,2,2,0,100,low
1005,1005,2025-06-24,688,0.4965,0.3982,86.67,17302.74,4346.79,22707.85,3,5,0,100,low
1006,1006,2025-06-29,691,0.2234,0.1994,75.0,31186.01,3360.77,19668.88,5,3,0,100,low
1007,1007,2025-07-12,566,0.2893,0.3,25.0,13069.23,3016.3,11919.09,3,0,1,100,low
1008,1008,2025-07-12,563,0.2159,0.3,66.67,324.61,1416.57,7400.57,2,0,0,100,low
1009,1009,2025-06-17,685,0.3899,0.2267,81.82,14204.0,2175.44,21538.35,4,3,0,100,low
1010,1010,2025-06-17,685,0.4384,0.3,66.67,23159.62,11136.41,56638.28,3,2,0,100,low
1011,1011,2025-06-28,715,0.8648,0.6446,82.35,32744.2,3719.41,172763.64,6,2,0,100,low
1012,1012,2025-07-05,627,0.1125,0.1,78.57,19817.93,4393.5,5702.81,3,0,0,100,low
1013,1013,2025-06-18,585,0.0904,0.1,57.14,20292.28,4047.13,4921.54,4,0,0,100,low
1014,1014,2025-07-02,815,0.3034,0.3,100.0,37936.22,3162.24,61093.01,5,4,0,100,low
1015,1015,2025-07-11,647,0.2978,0.5,80.0,1895.63,3515.86,10527.05,4,4,1,100,low
1016,1016,2025-07-04,521,0.6714,0.7167,66.67,14918.8,1475.55,39831.77,4,0,0,100,low
1017,1017,2025-07-05,719,0.4538,0.3667,83.33,31630.05,1722.74,37779.93,4,4,0,100,low
1018,1018,2025-07-05,721,0.2208,0.155,83.33,17359.79,626.11,18486.01,4,2,0,100,low
1019,1019,2025-07-03,652,0.0424,0.0,75.0,19983.99,2713.36,1738.65,3,3,0,100,low
1020,1020,2025-06-17,784,0.55,0.4124,100.0,7583.87,12558.11,69307.06,4,3,0,100,low
1021,1021,2025-06-25,707,0.3146,0.3,80.0,14888.75,3637.71,23590.4,2,4,0,100,low
1022,1022,2025-07-15,766,0.0971,0.0983,78.57,12825.73,5598.34,19195.39,6,5,0,100,low
1023,1023,2025-07-06,750,0.2085,0.0683,75.0,61210.36,1210.39,25922.4,4,2,0,100,low
1024,1024,2025-06-23,653,0.0984,0.3,83.33,7692.91,4710.58,5396.26,2,1,0,100,low
1025,1025,2025-06-20,525,0.2308,0.5,20.0,3986.18,1763.06,5060.86,3,0,0,100,low
1026,1026,2025-06-17,685,0.2139,0.3,100.0,14182.4,4084.45,9414.43,3,1,0,100,low
1027,1027,2025-06-25,556,0.2012,0.1,28.57,3904.97,2797.48,5685.59,2,4,0,100,low
1028,1028,2025-06-27,570,0.2171,0.3,75.0,474.64,1926.32,5510.96,3,2,0,100,low
1029,1029,2025-07-02,495,1.0,0.8715,70.0,7692.25,1120.46,49469.42,3,4,0,100,low
1030,1030,2025-06-25,751,0.1887,0.2302,85.71,38395.05,4086.55,16332.4,5,5,1,100,low
1031,1031,2025-06-29,661,0.3258,0.5,80.0,9407.67,976.31,13225.16,4,4,0,100,low
1032,1032,2025-07-11,798,0.2674,0.2116,92.31,51019.03,12777.92,35828.69,5,5,0,100,low
1033,1033,2025-06-25,609,0.7069,0.5418,83.33,22427.12,828.28,40933.42,4,5,1,100,low
1034,1034,2025-06-28,780,0.2947,0.166,92.31,1292.77,4774.66,62879.81,5,2,0,100,low
1035,1035,2025-07-08,581,0.3599,0.4843,60.0,14540.37,1625.04,17843.29,5,1,0,100,low
1036,1036,2025-07-07,830,0.4605,0.2589,100.0,22658.46,5654.2,53004.52,6,3,0,100,low
1037,1037,2025-06-20,733,0.3773,0.3774,100.0,10860.6,3257.41,30816.03,5,3,0,100,low
1038,1038,2025-07-07,783,0.31,0.1,93.33,21233.0,579.84,41082.52,5,3,0,100,low
1039,1039,2025-07-09,740,0.389,0.3,86.67,20755.66,2076.56,28083.58,3,3,0,100,low
1040,1040,2025-07-06,679,0.1485,0.1,80.0,10243.37,2314.92,7751.45,4,0,0,100,low
1041,1041,2025-07-13,757,0.2495,0.1087,100.0,26729.06,5344.71,20247.54,6,5,0,100,low
1042,1042,2025-07-01,564,0.2065,0.1,50.0,13553.23,1658.81,5878.88,4,2,2,100,low
1043,1043,2025-07-05,803,0.2372,0.1,100.0,39838.68,7782.34,48803.97,4,1,0,100,low
1044,1044,2025-06-29,762,0.1686,0.1335,90.91,12819.06,1411.08,15021.43,4,1,0,100,low
1045,1045,2025-06-17,639,0.1238,0.0,62.5,8028.25,3162.49,4181.29,4,2,0,100,low
1046,1046,2025-07-03,728,0.1353,0.1,90.91,5222.92,5762.03,10640.12,3,0,0,100,low
1047,1047,2025-07-01,589,0.2774,0.3,50.0,18052.58,3524.97,10181.84,4,3,0,100,low
1048,1048,2025-06-23,707,0.2434,0.1,87.5,6622.64,2415.15,13942.9,4,0,0,100,low
1049,1049,2025-07-13,532,0.211,0.3,42.86,2423.76,1681.17,5012.45,3,0,0,100,low
1050,1050,2025-07-05,783,0.4998,0.303,100.0,92484.87,16494.26,98228.05,4,0,0,100,low
1051,1051,2025-06-22,707,0.0755,0.3,100.0,21454.96,1512.09,3384.6,3,2,0,100,low
1052,1052,2025-07-11,648,0.6101,0.5,80.0,2447.87,2320.96,29256.98,4,3,0,100,low
1053,1053,2025-06-29,618,0.2145,0.3,80.0,9476.29,1028.25,6309.31,2,0,0,100,low
1054,1054,2025-06-19,755,0.2296,0.2401,100.0,21138.72,4299.61,18144.18,3,0,0,100,low
1055,1055,2025-07-12,770,0.5273,0.5,100.0,11433.5,1964.31,39408.31,2,1,0,100,low
1056,1056,2025-06-22,726,0.9961,0.5314,86.36,3795.42,9775.2,122423.63,5,3,0,100,low
1057,1057,2025-07-05,740,0.2223,0.3186,92.86,12746.64,2649.1,19695.74,3,5,0,100,low
1058,1058,2025-07-03,808,0.0554,0.0,100.0,35173.62,5065.61,4529.1,2,1,0,100,low
1059,1059,2025-06-21,649,0.5048,0.3922,81.82,23229.49,3972.03,29495.94,4,1,0,100,low
1060,1060,2025-06-19,764,0.3824,0.3,100.0,37280.07,8675.16,33643.27,5,5,0,100,low
1061,1061,2025-07-07,783,0.553,0.225,91.67,48256.59,3623.74,67383.39,7,5,0,100,low
1062,1062,2025-07-14,745,0.2642,0.3,87.5,16438.51,1351.46,18550.23,2,0,0,100,low
1063,1063,2025-07-13,811,0.479,0.3,100.0,783.17,9311.18,62188.91,5,2,0,100,low
1064,1064,2025-07-07,710,0.2946,0.5,100.0,354.87,4350.14,13800.43,4,5,0,100,low
1065,1065,2025-07-06,787,0.1178,0.1,100.0,13214.07,1407.05,9916.54,2,0,0,100,low
1066,1066,2025-06-28,530,0.1184,0.1,14.29,12315.75,1406.17,2979.03,3,1,1,100,low
1067,1067,2025-07-12,634,0.0076,0.0,66.67,8289.51,1480.89,418.49,4,2,0,100,low
1068,1068,2025-07-11,646,0.2005,0.3,83.33,16486.32,2796.7,8617.82,2,5,0,100,low
1069,1069,2025-07-13,814,0.4317,0.1539,100.0,17094.88,2624.19,51436.98,6,3,0,100,low
1070,1070,2025-06-21,639,0.3621,0.5,80.0,12635.05,686.13,16098.01,4,2,0,100,low
1071,1071,2025-07-06,679,0.2058,0.3,75.0,16196.52,1126.31,16579.25,4,3,0,100,low
1072,1072,2025-06-16,627,0.4319,0.3,66.67,5978.43,632.46,31379.34,3,5,1,100,low
1073,1073,2025-06-28,747,0.3296,0.3335,85.0,58357.95,771.65,41038.31,4,0,0,100,low
1074,1074,2025-06-22,753,0.1609,0.0,100.0,16815.4,4086.76,6657.96,2,5,0,100,low
1075,1075,2025-06-30,613,0.1073,0.0,66.67,14960.47,2869.64,5562.75,2,1,0,100,low
1076,1076,2025-06-17,652,0.2152,0.1,80.0,2831.39,2175.42,6490.56,4,1,0,100,low
1077,1077,2025-06-17,555,0.1544,0.3,37.5,25755.48,4312.4,7973.87,3,5,0,100,low
1078,1078,2025-07-09,770,0.4525,0.3,80.0,23516.99,1560.38,53878.38,5,1,0,100,low
1079,1079,2025-07-10,611,0.235,0.1,33.33,11287.03,3368.58,9895.77,2,0,0,100,low
1080,1080,2025-06-16,767,0.0958,0.0,100.0,18657.96,4147.99,4241.47,3,0,0,100,low
1081,1081,2025-07-02,812,0.2459,0.3,100.0,13597.1,7239.63,31294.32,3,3,0,100,low
1082,1082,2025-07-06,545,0.2652,0.95,83.33,1356.5,1852.31,14181.67,2,1,0,100,low
1083,1083,2025-06-29,681,0.3603,0.5,85.71,15732.66,1214.21,17662.52,4,4,0,100,low
1084,1084,2025-07-09,718,0.5921,0.6818,100.0,29537.53,2981.91,48336.6,5,4,0,100,low
1085,1085,2025-06-23,743,0.3411,0.161,86.67,12644.66,1143.52,25259.07,6,5,0,100,low
1086,1086,2025-07-14,830,0.1684,0.0821,88.24,3733.09,2426.14,19793.53,4,0,2,100,low
1087,1087,2025-06-23,573,0.2737,0.3,66.67,2114.21,2968.43,11187.56,3,2,0,100,low
1088,1088,2025-07-05,592,0.1303,0.5,50.0,14292.01,4240.51,6423.19,4,3,0,100,low
1089,1089,2025-07-07,789,0.3415,0.1573,92.86,45936.7,6551.55,45160.65,5,2,0,100,low
1090,1090,2025-07-12,587,0.4524,0.5,50.0,7446.87,4165.14,20626.54,3,2,1,100,low
1091,1091,2025-07-12,589,0.4051,0.5,66.67,19319.32,3696.17,16689.92,3,3,0,100,low
1092,1092,2025-06-25,761,0.2748,0.3,100.0,1047.95,618.68,19652.18,3,2,0,100,low
1093,1093,2025-06-30,791,0.7536,0.4694,92.31,14466.48,3960.77,87337.93,4,5,0,100,low
1094,1094,2025-07-06,713,0.1854,0.1,80.0,4520.39,1762.83,15631.86,2,0,0,100,low
1095,1095,2025-06-16,665,0.9327,0.5519,92.31,35671.01,3349.89,81423.16,4,0,0,100,low
1096,1096,2025-07-09,561,0.5786,0.8,80.0,4362.89,1077.94,13513.22,2,5,0,100,low
1097,1097,2025-06-22,644,0.3002,0.6138,83.33,35834.37,6758.34,25474.73,3,0,0,100,low
1098,1098,2025-06-29,765,0.3947,0.193,100.0,39403.6,5319.69,33527.57,4,1,0,100,low
1099,1099,2025-07-07,722,0.3664,0.191,83.33,30808.17,7124.71,29365.62,5,0,0,100,low
1100,1100,2025-06-23,795,0.6617,0.3955,86.96,40036.11,9478.59,139285.25,6,2,0,100,low
1101,1101,2025-07-13,711,0.4436,0.4545,93.33,914.46,4987.62,39810.0,5,1,0,100,low
1102,1102,2025-07-11,707,0.3854,0.2538,100.0,2629.15,3804.71,15794.68,5,1,0,100,low
1103,1103,2025-07-15,752,0.218,0.1877,92.31,16875.35,6981.64,17723.59,5,1,2,100,low
1104,1104,2025-06-29,754,0.7999,0.3878,80.0,3977.95,9728.13,95142.56,4,2,0,100,low
1105,1105,2025-06-21,730,0.956,0.7108,100.0,28207.17,8467.53,115079.56,4,4,0,100,low
1106,1106,2025-06-20,616,0.201,0.1,78.57,21274.01,4159.83,9370.1,4,1,2,100,low
1107,1107,2025-07-05,566,0.3303,0.3,57.14,13079.54,2462.42,10085.03,4,4,0,100,low
1108,1108,2025-07-13,740,0.4376,0.3362,86.67,1264.41,5165.95,34501.62,4,4,0,100,low
1109,1109,2025-07-13,646,0.3936,0.5,100.0,8927.35,2008.21,8123.5,3,2,0,100,low
1110,1110,2025-06-27,737,0.1755,0.1,100.0,961.64,3112.12,8144.3,4,1,0,100,low
1111,1111,2025-06-23,602,0.1957,0.1,83.33,210.76,2027.34,3983.01,3,4,0,100,low
1112,1112,2025-07-01,779,0.1663,0.0776,85.71,10523.2,7125.44,12361.7,4,0,0,100,low
1113,1113,2025-06-29,640,0.4698,0.3,54.55,18252.19,6549.57,35479.13,4,5,0,100,low
1114,1114,2025-07-14,736,0.0552,0.1,100.0,11621.15,4439.32,2658.54,3,2,0,100,low
1115,1115,2025-07-03,627,0.0981,0.0,57.14,4003.49,1856.6,3541.3,3,4,0,100,low
1116,1116,2025-06-19,715,0.2826,0.3,80.0,24074.87,2513.77,21944.35,3,3,1,100,low
1117,1117,2025-06-20,632,0.1395,0.3,83.33,1.06,2028.27,5685.6,4,1,1,100,low
1118,1118,2025-06-27,542,0.3098,0.3,57.14,7804.8,732.42,6352.31,3,0,0,100,low
1119,1119,2025-06-20,770,0.1996,0.1,100.0,30183.11,6173.95,14072.12,5,1,0,100,low
1120,1120,2025-06-30,804,0.0903,0.0,100.0,17214.54,6456.71,7673.08,4,2,0,100,low
1121,1121,2025-07-03,616,0.0938,0.0,50.0,2669.2,1730.82,2893.77,2,3,0,100,low
1122,1122,2025-07-04,720,0.5332,0.3859,77.78,21067.76,7583.19,71966.57,5,2,0,100,low
1123,1123,2025-07-04,676,0.1616,0.1,87.5,22412.95,5492.67,9343.64,2,5,0,100,low
1124,1124,2025-06-16,662,0.4929,0.7427,80.0,845.78,7031.01,41951.04,5,1,0,100,low
1125,1125,2025-06-25,681,0.7327,0.856,100.0,15222.92,19183.41,143798.58,5,5,0,100,low
1126,1126,2025-07-11,619,0.1224,0.3,71.43,13297.93,3538.54,6462.58,3,2,0,100,low
1127,1127,2025-06-26,580,0.1248,0.3,66.67,21261.16,1183.28,7130.46,4,5,0,100,low
1128,1128,2025-07-11,754,0.7673,0.3707,83.33,28685.92,6077.08,93126.05,6,2,0,100,low
1129,1129,2025-06-16,685,0.271,0.3786,90.91,16285.09,1600.1,12330.33,5,4,0,100,low
1130,1130,2025-06-29,648,0.0578,0.1,71.43,13864.85,2836.92,2362.41,3,4,0,100,low
1131,1131,2025-06-16,670,0.1165,0.3,87.5,13901.72,759.94,5115.91,2,1,0,100,low
1132,1132,2025-07-03,718,0.3959,0.5,80.0,27054.01,5108.05,31201.55,3,3,1,100,low
1133,1133,2025-06-19,550,0.0814,0.1,33.33,7457.93,1685.46,2089.96,4,1,0,100,low
1134,1134,2025-06-27,729,0.2718,0.171,71.43,27238.09,2039.94,32233.89,3,5,0,100,low
1135,1135,2025-06-29,697,0.1276,0.1,70.0,678.7,5262.55,9482.41,5,2,0,100,low
1136,1136,2025-06-22,807,0.1639,0.194,90.91,48181.74,5401.13,21150.92,3,4,0,100,low
1137,1137,2025-07-06,645,0.3865,0.3,75.0,3851.12,2410.86,30596.44,3,2,0,100,low
1138,1138,2025-06-29,815,0.1967,0.1,91.67,83993.98,2862.19,41117.84,5,2,0,100,low
1139,1139,2025-06-27,571,0.3157,0.3,75.0,3344.3,1913.43,8758.41,3,1,0,100,low
1140,1140,2025-06-25,767,0.1877,0.0,87.5,37976.32,6732.36,16558.71,2,4,0,100,low
1141,1141,2025-06-29,739,0.3126,0.3,100.0,17790.74,676.3,24158.01,2,2,0,100,low
1142,1142,2025-06-18,781,0.1009,0.1,83.33,105452.35,19096.66,21412.4,5,0,0,100,low
1143,1143,2025-07-05,759,0.0231,0.0,80.0,21282.29,3162.23,1662.69,2,3,0,100,low
1144,1144,2025-06-20,617,0.7607,0.95,85.71,5051.08,8064.33,63320.52,2,0,0,100,low
1145,1145,2025-06-19,543,0.3727,0.3,42.86,8707.82,1529.19,9345.11,2,0,1,100,low
1146,1146,2025-06-25,812,0.3286,0.2384,90.91,2442.6,11003.57,42519.18,3,4,0,100,low
1147,1147,2025-07-05,823,0.1611,0.207,100.0,45456.62,5765.07,32551.8,3,0,0,100,low
1148,1148,2025-07-08,563,0.5609,0.5944,77.78,23642.88,814.98,26927.55,4,4,0,100,low
1149,1149,2025-07-11,583,0.4824,0.46,66.67,13711.0,3930.86,23204.14,4,2,0,100,low
1150,1150,2025-06-18,621,0.2333,0.3,75.0,264.92,3691.78,10570.3,3,1,0,100,low
1151,1151,2025-06-28,794,0.2535,0.3,100.0,28262.85,3342.76,33457.28,4,5,0,100,low
1152,1152,2025-07-04,715,0.2291,0.1,100.0,6340.15,1075.33,12658.87,4,5,0,100,low
1153,1153,2025-06-29,518,0.1808,0.3,50.0,8141.46,1363.81,3856.05,2,2,0,100,low
1154,1154,2025-07-09,601,0.2352,0.8,83.33,3781.13,1512.63,11028.24,4,4,1,100,low
1155,1155,2025-06-19,778,0.5594,0.2111,88.24,150.96,940.21,73700.77,5,4,0,100,low
1156,1156,2025-06-19,518,0.5163,0.5,50.0,9242.41,1117.58,11145.14,2,0,0,100,low
1157,1157,2025-07-04,516,0.3486,0.3,66.67,1643.57,1911.92,8259.73,2,3,0,100,low
1158,1158,2025-07-09,745,0.2472,0.3,92.31,35735.18,4107.71,19037.68,5,3,0,100,low
1159,1159,2025-07-11,664,0.063,0.1235,62.5,24770.43,4571.4,4776.89,4,5,0,100,low
1160,1160,2025-06-22,705,0.2686,0.5,100.0,14485.32,3877.09,10895.38,3,4,0,100,low
1161,1161,2025-07-02,707,0.2036,0.1,100.0,19531.08,2782.29,8256.17,3,1,0,100,low
1162,1162,2025-07-06,593,0.0351,0.0,75.0,8029.16,1298.92,732.36,4,1,0,100,low
1163,1163,2025-06-17,707,0.2423,0.1,100.0,9380.06,3286.76,11013.23,3,4,0,100,low
1164,1164,2025-06-23,590,0.3363,0.5,33.33,4324.17,2557.38,10245.94,4,3,1,100,low
1165,1165,2025-06-17,646,0.4853,0.469,75.0,39216.56,7418.56,41149.64,4,2,0,100,low
1166,1166,2025-06-24,661,0.2814,0.3,100.0,7832.58,1962.55,7942.31,3,4,1,100,low
1167,1167,2025-07-09,525,0.2294,0.8,25.0,16407.56,2200.42,11252.31,3,0,0,100,low
1168,1168,2025-07-05,545,0.0815,0.1,66.67,8293.76,642.25,1919.05,2,0,1,100,low
1169,1169,2025-06-23,580,0.0843,0.0,66.67,988.08,1080.77,1817.77,4,3,0,100,low
1170,1170,2025-06-23,681,0.3373,0.5,87.5,22545.34,621.2,19371.17,4,1,0,100,low
1171,1171,2025-06-28,785,0.3992,0.3,88.24,36655.22,4474.84,48524.05,4,5,0,100,low
1172,1172,2025-06-25,718,0.816,0.7155,92.86,16181.55,680.42,106535.67,5,3,0,100,low
1173,1173,2025-07-05,749,0.0311,0.0,80.0,32647.4,1433.31,2300.39,3,1,0,100,low
1174,1174,2025-07-10,713,0.7845,0.5,93.75,17025.7,7527.15,63051.13,4,2,0,100,low
1175,1175,2025-06-21,731,0.0188,0.0,100.0,8415.76,1455.27,661.58,3,4,2,100,low
1176,1176,2025-07-08,640,0.2011,0.1,75.0,12226.21,2097.82,7185.27,4,5,1,100,low
1177,1177,2025-07-06,667,0.0803,0.1,100.0,3453.83,2034.78,2301.23,2,3,0,100,low
1178,1178,2025-07-01,792,0.5211,0.3078,92.31,3355.13,948.84,60399.06,5,1,0,100,low
1179,1179,2025-06-21,769,0.3412,0.1732,100.0,36012.7,3052.68,29894.51,4,5,0,100,low
1180,1180,2025-07-08,803,0.2911,0.1952,86.67,28614.64,10176.07,36868.62,3,4,0,100,low
1181,1181,2025-06-22,675,0.3255,0.5,85.71,19741.74,4294.8,18070.32,4,1,1,100,low
1182,1182,2025-06-20,664,0.411,0.3526,77.78,35230.21,8536.3,36723.42,5,4,0,100,low
1183,1183,2025-07-09,578,0.311,0.5,66.67,2010.11,3317.82,13639.51,4,3,0,100,low
1184,1184,2025-07-13,821,0.4265,0.1362,100.0,39716.98,4818.8,56785.31,6,1,1,100,low
1185,1185,2025-06-22,663,0.6542,0.8,100.0,24514.88,5749.44,39240.6,2,4,0,100,low
1186,1186,2025-07-13,616,0.0838,0.0,66.67,7013.11,2659.87,4278.49,4,3,0,100,low
1187,1187,2025-07-05,707,0.1314,0.0471,87.5,987.45,1767.96,6978.96,3,4,1,100,low
1188,1188,2025-06-22,618,0.1013,0.0,60.0,10852.15,1257.97,4263.83,4,2,0,100,low
1189,1189,2025-06-29,657,0.9538,0.4233,73.68,10736.28,5015.09,66781.74,5,2,1,100,low
1190,1190,2025-06-23,703,0.211,0.1,87.5,17254.81,1838.46,10528.42,2,0,0,100,low
1191,1191,2025-06-24,673,0.1946,0.0,75.0,7254.92,3958.27,8185.37,2,2,1,100,low
1192,1192,2025-07-02,592,0.1393,0.0,66.67,13265.59,1365.32,4025.07,4,3,0,100,low
1193,1193,2025-07-11,734,0.0836,0.1814,88.89,30780.67,3668.98,6533.72,3,3,0,100,low
1194,1194,2025-06-24,812,0.7987,0.383,96.3,34364.1,13347.23,157031.33,5,2,0,100,low
1195,1195,2025-07-11,686,0.1986,0.1,80.0,15224.46,3544.8,10690.83,3,3,0,100,low
1196,1196,2025-07-06,740,0.1413,0.0,80.0,26510.46,740.77,11408.09,2,3,1,100,low
1197,1197,2025-06-30,585,0.2533,0.1873,57.14,3048.99,1936.77,8190.72,5,0,1,100,low
1198,1198,2025-06-30,728,0.7746,0.4613,94.44,37629.22,5828.16,62109.36,5,2,0,100,low
1199,1199,2025-07-05,740,0.3134,0.3,100.0,23279.57,7703.92,26305.65,3,1,0,100,low
1200,1200,2025-06-28,515,0.407,0.8,60.0,3952.4,5598.25,24392.05,4,4,0,100,low
1201,1201,2025-07-03,648,0.0395,0.1,66.67,9264.22,3237.15,3169.37,4,1,0,100,low
1202,1202,2025-07-02,657,0.4299,0.3,66.67,55153.91,991.34,52974.29,3,4,0,100,low
1203,1203,2025-07-12,789,0.1432,0.2117,90.91,45564.03,11675.65,28519.69,4,4,0,100,low
1204,1204,2025-06-22,769,0.6895,0.4535,93.75,1119.49,7882.51,81014.54,3,3,2,100,low
1205,1205,2025-07-12,755,0.116,0.0,80.0,31458.12,8553.52,10142.58,2,5,0,100,low
1206,1206,2025-07-03,585,0.1576,0.1,60.0,4543.37,889.69,7687.48,3,5,0,100,low
1207,1207,2025-07-10,553,0.1532,0.1,60.0,8272.16,936.59,4036.25,4,2,2,100,low
1208,1208,2025-07-14,738,0.2507,0.3,100.0,31450.93,5050.11,18911.91,4,4,0,100,low
1209,1209,2025-06-29,836,0.1113,0.0151,100.0,60593.45,1992.81,15009.75,5,3,0,100,low
1210,1210,2025-07-14,656,0.1906,0.1,83.33,15232.23,1517.07,9056.88,3,5,0,100,low
1211,1211,2025-06-21,613,0.2077,0.1,71.43,16332.84,4408.64,10038.43,3,0,1,100,low
1212,1212,2025-06-21,580,0.2557,0.3,66.67,17.31,2537.57,14859.6,2,5,0,100,low
1213,1213,2025-07-02,812,0.2009,0.3,100.0,38243.87,7748.99,42653.03,4,4,0,100,low
1214,1214,2025-07-02,607,0.3528,0.3,75.0,6426.35,1453.89,11412.95,2,1,0,100,low
1215,1215,2025-06-17,709,0.2166,0.1,100.0,1388.88,2332.35,12693.5,2,1,2,100,low
1216,1216,2025-06-21,781,0.0716,0.1,100.0,22252.12,2806.33,5507.34,2,3,0,100,low
1217,1217,2025-06-27,522,0.2747,0.3,50.0,577.7,1913.32,5761.9,2,4,0,100,low
1218,1218,2025-06-30,704,0.3076,0.1948,93.75,18764.06,3577.16,14676.54,5,1,0,100,low
1219,1219,2025-06-20,758,0.2967,0.1,80.0,58378.13,4197.42,35470.02,5,3,0,100,low
1220,1220,2025-07-14,761,0.4965,0.3498,94.12,47897.35,2014.74,62457.98,5,3,0,100,low
1221,1221,2025-07-12,571,0.662,0.8,71.43,12016.46,3132.61,21763.02,3,4,0,100,low
1222,1222,2025-07-03,843,0.1916,0.0365,91.67,57881.24,12922.71,25748.27,5,3,0,100,low
1223,1223,2025-06-25,481,0.6784,0.95,50.0,844.79,2020.57,25443.69,4,0,0,100,low
1224,1224,2025-07-13,755,0.4018,0.2086,90.91,15175.23,6567.56,29683.63,6,4,0,100,low
1225,1225,2025-07-14,545,0.6986,0.5963,63.64,8575.02,2635.62,36577.14,4,4,0,100,low
1226,1226,2025-06-25,692,0.4968,0.5,85.71,19920.81,2099.1,20112.1,4,4,0,100,low
1227,1227,2025-06-17,587,0.239,0.3,66.67,8382.83,1707.98,8590.27,2,4,0,100,low
1228,1228,2025-07-15,661,0.1882,0.1,75.0,24773.24,1844.63,14023.6,4,0,0,100,low
1229,1229,2025-06-26,693,0.4791,0.3,92.31,3186.65,695.05,21232.83,4,0,1,100,low
1230,1230,2025-07-12,531,0.3877,0.8,66.67,16305.44,2055.65,15508.06,3,5,0,100,low
1231,1231,2025-06-27,658,0.3074,0.3,87.5,7679.54,2117.29,17030.01,3,0,0,100,low
1232,1232,2025-06-20,525,0.365,0.5442,50.0,17078.91,1278.97,17730.34,3,1,0,100,low
1233,1233,2025-06-30,672,0.1633,0.1,77.78,28407.31,6140.9,11743.67,4,3,0,100,low
1234,1234,2025-06-18,617,0.4468,0.3549,68.75,25977.61,5826.86,34608.74,6,3,0,100,low
1235,1235,2025-07-12,634,0.0956,0.3,83.33,13881.8,3556.67,4094.61,3,1,0,100,low
1236,1236,2025-06-22,644,0.0466,0.1,75.0,10359.41,1289.26,2582.28,2,0,0,100,low
1237,1237,2025-07-07,536,0.1708,0.3,50.0,11229.6,1840.88,4857.79,2,4,0,100,low
1238,1238,2025-06-29,713,0.3097,0.1506,83.33,8500.09,1926.99,26120.72,5,4,0,100,low
1239,1239,2025-07-14,660,0.3954,0.3753,92.31,11223.07,3922.88,19074.42,4,0,0,100,low
1240,1240,2025-07-01,640,0.093,0.0,66.67,16526.2,877.42,3881.44,4,3,0,100,low
1241,1241,2025-06-27,644,0.2206,0.3,71.43,25940.61,1854.77,15514.85,4,5,0,100,low
1242,1242,2025-06-22,559,0.2868,0.3,66.67,6897.32,3224.78,12254.37,2,1,0,100,low
1243,1243,2025-06-24,742,0.3391,0.43,90.0,16145.94,5519.77,25608.65,5,5,0,100,low
1244,1244,2025-06-28,836,0.1465,0.0914,92.31,62992.37,9718.79,19558.68,6,0,0,100,low
1245,1245,2025-07-14,744,0.6317,0.3917,88.89,41651.03,1999.92,56397.88,4,3,0,100,low
1246,1246,2025-06-26,710,0.306,0.3,100.0,15070.32,653.83,9668.51,2,5,0,100,low
1247,1247,2025-07-07,703,0.4038,0.4408,70.0,53257.51,19317.59,78897.55,5,5,0,100,low
1248,1248,2025-07-03,598,0.0267,0.1,66.67,6667.11,2833.25,1129.52,4,3,0,100,low
1249,1249,2025-06-17,611,0.2071,0.1,50.0,3540.23,629.64,6775.44,4,4,1,100,low
1250,1250,2025-06-29,670,0.1263,0.1,80.0,9772.75,5080.9,6871.28,3,2,0,100,low
1251,1251,2025-06-20,659,0.1049,0.1,50.0,23706.89,6450.15,8633.84,4,5,0,100,low
1252,1252,2025-07-08,638,0.2338,0.3,83.33,13420.88,1887.0,8453.01,3,5,0,100,low
1253,1253,2025-07-04,550,0.1925,0.8,71.43,9662.74,1702.67,11311.23,4,1,0,100,low
1254,1254,2025-07-15,534,0.1079,0.1,66.67,11305.86,1818.34,3022.84,2,5,0,100,low
1255,1255,2025-07-07,553,0.2454,0.3,75.0,795.61,623.0,4960.12,2,0,0,100,low
1256,1256,2025-06-24,616,0.244,0.3,75.0,9743.65,4437.76,11097.64,4,0,0,100,low
1257,1257,2025-06-20,706,0.5666,0.55,90.91,45231.54,7900.55,110951.43,5,2,1,100,low
1258,1258,2025-07-15,697,0.5382,0.5,100.0,6393.02,2749.41,21486.82,4,5,1,100,low
1259,1259,2025-07-11,644,0.1965,0.1,71.43,13765.41,2779.36,8583.21,4,2,0,100,low
1260,1260,2025-06-30,709,0.2066,0.1,100.0,6801.29,4457.24,11762.97,4,1,0,100,low
1261,1261,2025-06-29,648,0.2244,0.1689,66.67,16187.02,6561.46,16974.53,5,3,0,100,low
1262,1262,2025-07-04,719,0.6408,0.4057,90.91,18321.32,1986.33,51039.86,4,5,0,100,low
1263,1263,2025-07-09,770,0.2228,0.1,100.0,7565.92,3923.49,16075.73,4,1,2,100,low
1264,1264,2025-06-30,657,0.4904,0.65,100.0,14477.57,3536.26,22013.86,5,2,0,100,low
1265,1265,2025-07-10,676,0.2141,0.3,71.43,5698.33,6551.5,17919.4,2,5,0,100,low
1266,1266,2025-07-06,598,0.435,0.3,76.92,28874.2,5169.47,25729.17,5,3,0,100,low
1267,1267,2025-06-16,738,0.2539,0.3,92.86,10959.22,5444.9,19093.99,3,0,0,100,low
1268,1268,2025-07-03,540,0.2206,0.5,57.14,4385.4,1050.58,5878.3,4,5,0,100,low
1269,1269,2025-06-16,552,0.2354,0.1,42.86,13056.31,2129.88,6511.9,4,2,0,100,low
1270,1270,2025-07-14,582,0.7051,0.383,66.67,4683.29,1447.23,38172.25,5,3,0,100,low
1271,1271,2025-07-11,710,0.2042,0.3,100.0,7697.99,1883.11,9033.95,4,5,1,100,low
1272,1272,2025-06-26,760,0.1798,0.1,100.0,12720.07,667.68,15852.59,2,5,1,100,low
1273,1273,2025-07-09,623,0.2461,0.2227,71.43,7945.68,852.81,12353.96,3,1,0,100,low
1274,1274,2025-06-18,580,0.1203,0.1,50.0,23034.58,1837.02,6255.51,2,0,0,100,low
1275,1275,2025-06-24,737,0.3913,0.276,100.0,6364.69,2865.71,16010.46,4,0,0,100,low
1276,1276,2025-06-28,672,0.2434,0.3,85.71,21320.18,2126.94,11647.35,4,2,0,100,low
1277,1277,2025-06-18,662,0.1454,0.3,80.0,16478.23,1524.95,5920.89,2,4,1,100,low
1278,1278,2025-07-13,800,0.3905,0.4073,100.0,32613.89,6457.87,52274.17,5,4,0,100,low
1279,1279,2025-07-01,757,0.3241,0.4226,91.67,45463.73,12991.74,66026.58,3,1,0,100,low
1280,1280,2025-06-29,769,0.4655,0.5038,100.0,21530.32,3688.18,56791.09,4,0,0,100,low
1281,1281,2025-07-13,814,0.3669,0.3795,100.0,55825.85,832.41,43902.93,5,2,0,100,low
1282,1282,2025-06-20,777,0.0647,0.1,100.0,28005.64,1788.39,5506.24,3,4,0,100,low
1283,1283,2025-06-16,626,0.0096,0.0,33.33,15956.59,3102.3,328.58,4,5,0,100,low
1284,1284,2025-07-05,722,0.2331,0.1,100.0,19206.46,3836.58,12681.5,4,0,0,100,low
1285,1285,2025-07-08,645,0.3132,0.1275,75.0,13269.39,3759.52,14526.2,3,1,0,100,low
1286,1286,2025-06-19,556,0.4577,0.5,66.67,2210.64,3044.66,23494.92,2,1,0,100,low
1287,1287,2025-07-09,762,0.4696,0.2561,81.25,46749.01,3864.85,57285.15,4,4,0,100,low
1288,1288,2025-06-21,719,0.4136,0.1973,83.33,4890.09,4298.81,31960.59,3,1,0,100,low
1289,1289,2025-07-12,667,0.2756,0.24,84.62,15528.24,4931.13,15644.85,5,2,0,100,low
1290,1290,2025-06-21,628,0.1478,0.1,75.0,7117.75,3653.29,5635.83,2,4,0,100,low
1291,1291,2025-07-12,721,0.0765,0.1,100.0,11805.82,1830.25,3717.85,4,4,0,100,low
1292,1292,2025-06-29,779,0.4696,0.3081,91.67,26849.38,10578.41,62715.32,5,1,1,100,low
1293,1293,2025-06-20,749,0.1938,0.3,100.0,8782.89,6939.57,16602.44,2,1,0,100,low
1294,1294,2025-06-17,593,0.0304,0.1,66.67,20231.35,835.22,1769.82,3,0,0,100,low
1295,1295,2025-06-20,655,0.355,0.3819,76.92,13226.5,7606.47,29493.08,4,2,0,100,low
1296,1296,2025-06-23,601,0.3726,0.3,75.0,15912.04,594.94,15724.8,3,0,0,100,low
1297,1297,2025-07-01,786,0.2438,0.3173,88.89,78672.31,20697.37,52262.08,4,0,0,100,low
1298,1298,2025-07-13,687,0.5839,0.413,80.0,1884.83,1482.19,42235.24,5,3,0,100,low
1299,1299,2025-07-10,741,0.2664,0.3,87.5,26905.72,5864.39,22614.19,2,5,0,100,low
1300,1300,2025-06-28,605,0.1211,0.3,75.0,4474.88,1209.74,6390.53,3,1,0,100,low
1301,1301,2025-07-06,681,0.0825,0.1,72.73,16791.71,1409.17,6609.25,4,5,0,100,low
1302,1302,2025-06-19,614,0.2599,0.3,80.0,10868.11,1813.44,5788.02,2,4,0,100,low
1303,1303,2025-07-03,614,0.0868,0.0,57.14,3264.49,1147.68,3333.72,2,3,0,100,low
1304,1304,2025-06-28,716,0.4166,0.5,100.0,12239.69,1245.36,19411.79,4,2,0,100,low
1305,1305,2025-06-24,739,0.3228,0.3,100.0,27576.7,2495.45,26680.56,3,1,0,100,low
1306,1306,2025-06-16,660,0.4304,0.2422,78.57,35091.86,7454.86,38502.85,3,1,0,100,low
1307,1307,2025-07-12,614,0.1366,0.1,75.0,15071.07,925.02,4136.33,2,1,0,100,low
1308,1308,2025-07-06,787,0.1281,0.1018,88.89,88722.29,20072.93,26086.66,3,3,0,100,low
1309,1309,2025-07-07,815,0.4198,0.2236,91.3,2743.84,7505.41,51829.07,4,4,0,100,low
1310,1310,2025-07-10,688,0.2715,0.5,87.5,5931.28,2173.67,16247.35,3,1,0,100,low
1311,1311,2025-07-10,663,0.3329,0.1744,77.78,20201.38,4856.95,24556.87,3,0,0,100,low
1312,1312,2025-06-16,772,0.5432,0.3,95.0,37147.26,3730.51,64705.29,4,0,2,100,low
1313,1313,2025-06-17,566,0.6712,0.4205,60.0,5322.53,1013.3,21249.48,4,5,0,100,low
1314,1314,2025-06-24,800,0.2342,0.1389,90.91,40326.19,7981.77,26952.13,4,2,0,100,low
1315,1315,2025-07-03,717,0.1899,0.1,100.0,7449.67,4652.33,8974.82,2,3,1,100,low
1316,1316,2025-07-02,633,0.0916,0,85.0,8948.59,2207.28,2578.87,2,3,0,100,low
1317,1317,2025-06-20,605,0.1566,0.1,66.67,16803.76,5276.34,8299.41,2,2,0,100,low
1318,1318,2025-07-04,696,0.0097,0.0,83.33,13732.16,755.34,349.33,3,3,2,100,low
1319,1319,2025-07-12,758,0.2475,0.1533,82.35,25242.23,9691.52,28837.65,4,1,0,100,low
1320,1320,2025-07-11,831,0.1103,0.1,100.0,54575.66,4100.88,22356.45,4,0,0,100,low
1321,1321,2025-07-03,684,0.1109,0.3,85.71,15336.73,757.3,4684.09,5,5,0,100,low
1322,1322,2025-06-22,789,0.4168,0.2935,90.48,13058.72,2558.09,51331.41,7,1,0,100,low
1323,1323,2025-07-15,599,0.0646,0.1,40.0,387.9,3968.95,2864.78,3,4,2,100,low
1324,1324,2025-06-22,560,0.1177,0.3,60.0,6857.03,1994.96,3950.22,4,0,1,100,low
1325,1325,2025-07-08,714,0.2807,0.3,80.0,29848.42,6562.37,21330.08,4,3,0,100,low
1326,1326,2025-06-16,731,0.3244,0.3145,81.82,48622.0,2334.96,37983.4,5,3,0,100,low
1327,1327,2025-06-16,787,0.4031,0.4635,100.0,45764.77,1183.88,52763.65,5,0,0,100,low
1328,1328,2025-07-11,593,0.7365,0.6727,77.78,12737.99,6814.12,57239.14,3,0,0,100,low
1329,1329,2025-07-09,578,0.1753,0.1,60.0,1724.11,2449.42,10389.88,3,0,0,100,low
1330,1330,2025-07-09,673,0.0921,0.1591,75.0,3166.32,6707.22,7201.68,4,0,0,100,low
1331,1331,2025-07-08,808,0.4313,0.2005,100.0,48743.98,6013.89,57951.57,3,4,0,100,low
1332,1332,2025-07-01,763,0.1793,0.2118,81.82,17803.13,5241.78,22413.44,4,5,0,100,low
1333,1333,2025-07-09,697,0.2297,0.1,75.0,6274.78,6044.12,19900.76,2,4,0,100,low
1334,1334,2025-06-23,673,0.3045,0.5,87.5,2897.13,1307.93,14504.57,2,1,0,100,low
1335,1335,2025-07-07,774,0.0794,0.1,100.0,183.71,3299.71,5928.6,2,5,2,100,low
1336,1336,2025-07-14,764,0.5046,0.3944,100.0,39312.63,6781.9,40540.62,6,1,0,100,low
1337,1337,2025-06-28,589,0.0417,0.1,66.67,8146.76,1334.85,1349.31,2,3,0,100,low
1338,1338,2025-07-10,804,0.2472,0.1864,87.5,3544.61,4710.25,28784.6,4,2,0,100,low
1339,1339,2025-07-08,763,0.6634,0.4659,100.0,15926.62,7715.01,57555.33,6,0,0,100,low
1340,1340,2025-07-12,589,0.095,0.3,60.0,13715.7,1366.96,2915.74,2,4,0,100,low
1341,1341,2025-06-19,683,0.2627,0.1,85.71,14942.1,626.27,15022.68,4,5,0,100,low
1342,1342,2025-06-30,671,0.275,0.1511,80.0,15658.2,3794.05,12622.17,3,2,0,100,low
1343,1343,2025-06-18,696,0.6486,0.5745,100.0,1905.17,2873.74,56710.6,4,5,0,100,low
1344,1344,2025-06-29,730,0.134,0.1556,92.31,1230.95,812.54,11908.77,4,1,0,100,low
1345,1345,2025-06-18,763,0.2588,0.3,100.0,501.64,7461.98,19544.74,3,3,0,100,low
1346,1346,2025-06-22,682,0.4703,0.5,100.0,6005.07,2824.81,19524.95,2,0,0,100,low
1347,1347,2025-06-25,675,0.1499,0.1431,80.0,25303.89,674.89,8770.4,4,4,0,100,low
1348,1348,2025-07-01,817,0.262,0.1697,100.0,4250.76,7238.81,34431.31,5,1,0,100,low
1349,1349,2025-07-02,760,0.3972,0.5,100.0,21521.33,1396.7,33045.15,2,2,2,100,low
1350,1350,2025-06-23,563,0.1437,0.3769,50.0,22431.53,3271.6,6811.28,3,1,0,100,low
1351,1351,2025-06-26,834,0.1474,0.0651,94.12,26021.39,8434.65,17042.69,4,1,0,100,low
1352,1352,2025-07-12,577,0.1466,0.1,66.67,17296.14,2334.02,6226.58,3,3,0,100,low
1353,1353,2025-06-26,667,0.3507,0.5,85.71,12198.11,3103.82,17461.85,4,4,0,100,low
1354,1354,2025-06-25,658,0.226,0.3819,76.92,13923.29,5495.87,16515.35,5,3,0,100,low
1355,1355,2025-06-24,581,0.3643,0.4912,54.55,1479.57,2071.84,12590.29,3,2,0,100,low
1356,1356,2025-06-24,608,0.2532,0.2146,57.14,19657.0,1422.87,13759.48,5,4,0,100,low
1357,1357,2025-06-19,613,0.2191,0.2133,78.57,22258.17,1704.71,10746.44,4,2,0,100,low
1358,1358,2025-06-24,586,0.6188,0.4115,60.0,15995.37,5137.45,32837.82,4,1,0,100,low
1359,1359,2025-07-03,581,0.6051,0.5,63.64,18112.73,1797.03,34409.89,4,4,1,100,low
1360,1360,2025-07-13,786,0.192,0.1,88.89,6928.06,11087.15,22196.57,4,2,0,100,low
1361,1361,2025-06-18,543,0.2153,0.8,50.0,1241.75,4664.77,12426.98,2,2,0,100,low
1362,1362,2025-07-05,671,0.0262,0.0,75.0,2322.02,2409.19,1342.15,2,5,0,100,low
1363,1363,2025-06-26,687,0.238,0.2057,70.0,7083.0,7157.98,18154.04,3,5,0,100,low
1364,1364,2025-06-28,833,0.38,0.2063,100.0,9715.83,5251.02,44132.64,3,5,0,100,low
1365,1365,2025-07-03,617,0.4254,0.5,71.43,2717.72,1636.15,15254.97,2,0,1,100,low
1366,1366,2025-06-17,657,0.3492,0.353,91.67,28316.36,2070.28,20804.46,4,1,0,100,low
1367,1367,2025-07-13,657,0.1148,0.08,64.29,29088.63,3413.22,9143.55,5,5,1,100,low
1368,1368,2025-07-15,650,0.2508,0.26,77.78,12130.69,4188.03,11433.61,5,5,0,100,low
1369,1369,2025-07-02,760,0.2412,0.4273,90.0,1570.21,12624.34,32448.15,3,4,0,100,low
1370,1370,2025-06-27,600,0.3298,0.3,75.0,16485.99,2319.04,16117.46,4,3,0,100,low
1371,1371,2025-06-21,648,0.143,0.1,66.67,27237.88,6858.98,11632.19,2,2,2,100,low
1372,1372,2025-06-27,615,0.2844,0.5,50.0,8881.02,4515.63,20346.62,2,3,0,100,low
1373,1373,2025-07-05,641,0.5039,0.8,87.5,24563.01,695.1,28888.98,3,5,0,100,low
1374,1374,2025-06-20,565,0.2821,0.3,66.67,5691.3,4661.39,16003.0,3,0,0,100,low
1375,1375,2025-07-04,586,0.1177,0.1,16.67,305.69,2002.04,4185.25,4,3,0,100,low
1376,1376,2025-07-08,711,0.1964,0.1,100.0,5452.28,1952.02,8258.93,2,0,1,100,low
1377,1377,2025-06-19,732,0.2176,0.1,100.0,13219.86,2017.75,7380.96,2,2,0,100,low
1378,1378,2025-07-03,712,0.2942,0.3,85.71,30517.31,5375.03,21222.73,4,5,0,100,low
1379,1379,2025-06-24,617,0.1186,0.3,50.0,17776.66,518.75,8444.26,4,5,0,100,low
1380,1380,2025-07-01,736,0.2425,0.3877,91.67,27350.97,3429.33,20230.86,4,1,0,100,low
1381,1381,2025-06-27,769,0.298,0.3,100.0,8861.51,2465.07,24484.58,2,5,0,100,low
1382,1382,2025-06-23,682,0.2337,0.3,100.0,13896.34,2799.6,13472.64,4,0,0,100,low
1383,1383,2025-06-21,574,0.2842,0.3,62.5,20247.48,1860.69,13814.51,4,2,0,100,low
1384,1384,2025-06-29,656,0.7417,0.8,80.0,24329.12,2351.03,57024.14,4,3,1,100,low
1385,1385,2025-07-09,757,0.4682,0.39,90.91,29262.72,8843.37,62691.78,5,5,0,100,low
1386,1386,2025-06-20,782,0.257,0.349,100.0,18074.72,6549.39,33114.34,3,0,1,100,low
1387,1387,2025-06-21,755,0.1921,0.1,87.5,32590.91,2463.66,13573.89,2,1,0,100,low
1388,1388,2025-07-14,579,0.3036,0.3,66.67,21312.32,2046.61,13348.54,4,3,1,100,low
1389,1389,2025-07-10,692,0.173,0.3,100.0,20015.17,2731.0,9535.91,4,1,0,100,low
1390,1390,2025-07-02,736,0.3899,0.3,100.0,30300.55,6878.53,34949.44,3,5,0,100,low
1391,1391,2025-07-04,682,0.1743,0.5,85.71,11085.73,649.29,8377.07,3,1,0,100,low
1392,1392,2025-06-17,617,0.1056,0.0978,69.23,3542.91,1158.77,4369.91,5,5,0,100,low
1393,1393,2025-06-25,711,0.2947,0.5,100.0,10619.09,1958.49,14194.15,2,0,0,100,low
1394,1394,2025-06-30,807,0.2686,0.2393,87.5,1084.22,7051.19,32692.81,3,2,0,100,low
1395,1395,2025-07-14,667,0.058,0.0311,77.78,4489.79,1992.98,2714.69,4,1,0,100,low
1396,1396,2025-07-03,640,0.2066,0.3,60.0,33342.44,1851.1,14763.37,2,3,0,100,low
1397,1397,2025-07-15,735,0.1235,0.1,100.0,13833.88,2452.3,6361.3,3,0,2,100,low
1398,1398,2025-07-15,707,0.8195,0.7828,85.71,56599.48,3400.48,109277.7,3,4,0,100,low
1399,1399,2025-07-09,575,0.1701,0.3,66.67,48.22,4849.74,9425.41,2,0,0,100,low
1400,1400,2025-06-17,521,0.1293,0.3,66.67,3304.42,1486.76,2638.0,3,1,0,100,low
1401,1401,2025-06-17,796,0.4304,0.4555,100.0,22792.32,16173.88,87614.39,5,2,1,100,low
1402,1402,2025-07-01,530,0.3727,0.3,33.33,97.84,1047.56,8145.01,2,0,0,100,low
1403,1403,2025-06-30,668,0.4021,0.3,81.82,13480.86,1782.68,14403.79,5,2,0,100,low
1404,1404,2025-06-16,577,0.3001,0.1,64.29,5773.36,4509.14,13807.5,5,4,0,100,low
1405,1405,2025-06-25,665,0.4088,0.1754,77.78,26892.42,1394.42,29304.68,6,3,0,100,low
1406,1406,2025-06-23,734,0.4319,0.3176,93.75,29266.61,2894.2,31024.76,5,0,1,100,low
1407,1407,2025-06-28,594,0.3169,0.1965,63.64,21537.2,4762.83,18321.82,5,2,0,100,low
1408,1408,2025-07-02,762,0.2068,0.3,100.0,12716.57,4565.32,14559.98,2,5,0,100,low
1409,1409,2025-07-14,728,0.1315,0.1,100.0,2084.67,3344.08,5436.69,4,4,0,100,low
1410,1410,2025-06-21,741,0.2277,0.3,100.0,16505.75,2272.03,18980.77,3,3,0,100,low
1411,1411,2025-07-15,745,0.5287,0.7227,88.89,48084.64,9496.74,106996.63,3,3,0,100,low
1412,1412,2025-07-12,656,0.2174,0.1,80.0,14804.08,2317.33,9280.72,4,5,1,100,low
1413,1413,2025-06-28,695,0.0862,0.3,100.0,13072.76,996.08,4081.95,3,2,0,100,low
1414,1414,2025-06-25,544,0.2096,0.1,50.0,10261.23,1460.04,4446.64,4,4,0,100,low
1415,1415,2025-06-28,702,0.4421,0.3427,100.0,17919.69,5348.82,24619.71,3,2,1,100,low
1416,1416,2025-07-13,553,0.2163,0.1,28.57,6564.2,2161.14,5961.07,2,1,0,100,low
1417,1417,2025-06-22,685,0.1963,0.0,66.67,12517.28,5620.63,17147.68,4,4,0,100,low
1418,1418,2025-07-13,813,0.4557,0.2195,100.0,1665.59,1889.98,52989.05,3,4,0,100,low
1419,1419,2025-07-08,549,0.6352,0.7259,72.73,18803.91,3826.71,35643.77,4,3,1,100,low
1420,1420,2025-06-29,723,0.1615,0.1,100.0,15704.95,1557.62,8001.96,2,5,0,100,low
1421,1421,2025-06-19,571,0.1288,0.0,50.0,5105.02,2194.67,2966.05,3,0,0,100,low
1422,1422,2025-07-06,679,0.3245,0.2703,70.0,19651.17,1705.72,25903.37,5,5,0,100,low
1423,1423,2025-06-28,639,0.2723,0.1633,66.67,20613.74,6104.3,21536.79,6,3,0,100,low
1424,1424,2025-07-04,780,0.1145,0.1,100.0,19704.18,875.63,9402.82,4,1,0,100,low
1425,1425,2025-06-22,683,0.2925,0.3,87.5,428.8,759.42,13990.38,4,1,0,100,low
1426,1426,2025-07-01,569,0.4411,0.95,83.33,4334.28,3510.2,16779.5,3,4,1,100,low
1427,1427,2025-07-01,742,0.217,0.1,87.5,26954.81,869.34,15195.33,5,3,0,100,low
1428,1428,2025-06-20,738,0.8139,0.5943,100.0,6597.14,12011.43,98735.17,4,3,0,100,low
1429,1429,2025-06-20,660,0.7977,0.6595,100.0,26961.22,519.2,46258.65,3,2,0,100,low
1430,1430,2025-07-02,567,0.3841,0.5561,76.92,12254.28,1173.31,17539.11,4,5,0,100,low
1431,1431,2025-07-01,666,0.3524,0.3718,71.43,18454.03,5325.69,26701.05,5,0,0,100,low
1432,1432,2025-07-07,591,0.3538,0.5,66.67,1925.95,2113.07,17918.35,3,1,0,100,low
1433,1433,2025-06-20,566,0.2143,0.3,60.0,10009.76,2677.05,8748.36,2,1,0,100,low
1434,1434,2025-07-08,774,0.2587,0.3067,92.31,86062.12,6473.84,51145.46,3,0,0,100,low
1435,1435,2025-07-09,757,0.1134,0.0542,83.33,897.34,6017.97,9491.81,5,5,0,100,low
1436,1436,2025-06-27,736,0.3504,0.232,93.33,34692.26,5886.65,27623.99,3,4,0,100,low
1437,1437,2025-06-25,702,0.5462,0.5,100.0,672.85,2552.47,20057.54,4,4,0,100,low
1438,1438,2025-06-19,733,0.1022,0.1,90.0,38615.46,4542.05,8418.96,4,2,0,100,low
1439,1439,2025-06-25,782,0.3421,0.225,88.24,68521.91,6000.76,69804.59,5,3,2,100,low
1440,1440,2025-07-02,769,0.3903,0.1462,100.0,17029.96,4268.26,30310.56,3,1,0,100,low
1441,1441,2025-06-16,684,0.6928,0.5463,94.12,12010.7,1457.72,57695.15,6,3,0,100,low
1442,1442,2025-07-04,651,0.1445,0,85.0,2681.6,2372.32,3772.56,2,2,0,100,low
1443,1443,2025-07-01,691,0.3961,0.3,75.0,51389.0,1868.78,50554.95,5,2,0,100,low
1444,1444,2025-07-03,702,0.2382,0.1,100.0,27561.44,1512.01,13232.87,3,0,0,100,low
1445,1445,2025-06-20,814,0.4655,0.1419,94.74,16195.36,2200.28,58949.58,4,2,0,100,low
1446,1446,2025-06-16,740,0.3043,0.1978,76.92,40938.91,3966.88,36192.42,4,1,0,100,low
1447,1447,2025-07-10,733,0.1639,0.0,83.33,4936.96,5409.83,11494.27,3,2,0,100,low
1448,1448,2025-07-05,724,0.6914,0.2489,85.0,8718.07,1981.48,59041.5,4,5,0,100,low
1449,1449,2025-07-12,692,0.352,0.3373,88.89,1779.62,2167.42,11875.2,4,1,0,100,low
1450,1450,2025-06-24,641,0.4438,0.4007,62.5,24703.68,6132.2,35327.42,5,5,0,100,low
1451,1451,2025-07-09,647,0.3089,0.3,83.33,4031.98,1629.88,17134.34,4,4,0,100,low
1452,1452,2025-06-29,585,0.352,0.241,40.0,13072.72,2154.11,11730.4,3,5,0,100,low
1453,1453,2025-06-18,799,0.7239,0.2777,89.47,53294.73,10918.81,85914.45,6,2,0,100,low
1454,1454,2025-06-21,606,0.2842,0.3,50.0,6062.14,7051.39,20585.62,3,3,0,100,low
1455,1455,2025-07-06,560,0.1876,0.3,66.67,23178.4,3220.36,9009.03,3,1,0,100,low
1456,1456,2025-07-13,610,0.4783,0.3612,66.67,21677.62,3038.0,35920.65,3,1,0,100,low
1457,1457,2025-07-01,713,0.2136,0.1,78.57,15764.79,7490.11,28006.64,5,3,0,100,low
1458,1458,2025-06-17,742,0.5917,0.3,100.0,5181.65,2682.61,53021.2,3,2,0,100,low
1459,1459,2025-06-30,658,0.171,0.0,71.43,9993.53,1940.82,9313.04,3,2,0,100,low
1460,1460,2025-06-18,570,0.786,0.7945,71.43,17478.26,528.63,33015.91,5,5,0,100,low
1461,1461,2025-06-23,529,0.4287,0.8,66.67,7174.42,1220.18,19693.08,2,4,0,100,low
1462,1462,2025-06-17,703,0.1772,0.1,100.0,3720.12,2398.22,7351.26,4,1,0,100,low
1463,1463,2025-06-28,712,0.2342,0.22,83.33,16545.31,793.38,19468.27,4,0,0,100,low
1464,1464,2025-06-16,711,0.3742,0.2677,83.33,17012.76,4800.9,32530.49,3,3,0,100,low
1465,1465,2025-07-15,763,0.2958,0.1,100.0,38935.28,3392.19,26560.38,3,4,0,100,low
1466,1466,2025-06-23,719,0.599,0.3,84.62,23584.26,7384.2,50007.32,4,5,0,100,low
1467,1467,2025-07-14,585,0.2636,0.1967,66.67,17603.67,833.2,9824.05,4,5,0,100,low
1468,1468,2025-06-27,543,0.3038,0.3,62.5,7414.08,1289.37,6823.03,2,1,0,100,low
1469,1469,2025-06-24,649,0.6166,0.8,80.0,33517.87,920.2,45468.04,2,0,0,100,low
1470,1470,2025-07-13,682,0.2338,0.3,100.0,9572.01,3882.46,9578.5,2,5,1,100,low
1471,1471,2025-06-28,770,0.6219,0.3991,90.91,42261.27,4038.84,80696.98,3,5,0,100,low
1472,1472,2025-06-28,597,0.3759,0.8,80.0,25880.08,4039.91,20125.42,4,4,0,100,low
1473,1473,2025-07-13,746,0.2656,0.1,75.0,22262.17,10117.89,30588.94,5,2,0,100,low
1474,1474,2025-06-25,656,0.2101,0.5,75.0,8270.75,4839.02,16251.68,4,4,0,100,low
1475,1475,2025-06-25,648,0.5069,0.6344,76.92,57333.38,9584.72,108205.54,3,5,0,100,low
1476,1476,2025-07-12,698,0.3899,0.4,75.0,63992.59,10267.24,83548.76,5,5,1,100,low
1477,1477,2025-06-16,610,0.0599,0.1,66.67,3684.92,918.66,3207.33,3,3,0,100,low
1478,1478,2025-06-29,747,0.5577,0.35,80.0,49620.07,12279.39,68487.64,5,1,0,100,low
1479,1479,2025-06-18,711,0.1413,0.1,87.5,25274.6,3960.9,7308.41,4,0,0,100,low
1480,1480,2025-07-13,761,0.4167,0.3,94.44,9912.72,5900.38,51005.3,5,1,0,100,low
1481,1481,2025-07-12,762,0.4491,0.3412,93.33,60142.5,10544.82,60354.17,4,3,0,100,low
1482,1482,2025-07-15,646,0.3305,0.3748,75.0,32554.99,524.09,27949.79,3,2,0,100,low
1483,1483,2025-06-22,613,0.0915,0.1,66.67,10867.9,4740.58,5422.37,4,1,0,100,low
1484,1484,2025-06-23,612,0.0454,0.1,60.0,15060.34,604.5,1495.99,4,4,2,100,low
1485,1485,2025-06-29,798,0.0042,0.0,100.0,19550.16,2306.71,346.39,4,0,0,100,low
1486,1486,2025-06-28,727,0.837,0.4792,92.86,42827.68,7725.88,73206.85,6,3,0,100,low
1487,1487,2025-06-29,559,0.2037,0.1,25.0,5859.26,1960.71,5475.8,3,1,1,100,low
1488,1488,2025-06-22,729,0.3475,0.1498,81.25,1677.44,6381.53,25766.7,6,2,0,100,low
1489,1489,2025-06-17,680,0.3083,0.2139,84.62,13677.15,3732.11,12408.58,3,2,0,100,low
1490,1490,2025-06-27,719,0.2816,0.3419,81.82,33472.09,1540.95,22982.89,5,1,1,100,low
1491,1491,2025-07-04,761,0.0667,0.1,100.0,21178.69,4294.9,5450.27,3,2,0,100,low
1492,1492,2025-07-15,615,0.4074,0.5,75.0,8701.22,1896.05,15952.14,4,2,0,100,low
1493,1493,2025-07-05,636,0.2402,0.3,85.71,11283.85,1334.17,5640.24,4,0,0,100,low
1494,1494,2025-06-16,787,0.3547,0.1591,81.25,7681.45,10274.39,42758.39,6,3,0,100,low
1495,1495,2025-07-14,723,0.1018,0.1,100.0,5787.37,2729.23,4522.27,3,5,0,100,low
1496,1496,2025-07-02,675,0.6612,0.7333,91.67,30957.94,5266.48,47906.74,5,1,0,100,low
1497,1497,2025-07-06,712,0.1953,0.3,87.5,40464.76,5079.7,16114.25,3,0,1,100,low
1498,1498,2025-06-25,772,0.2974,0.1537,100.0,33053.49,5846.81,24891.92,4,3,0,100,low
1499,1499,2025-06-19,746,0.182,0.0,100.0,3034.55,4547.02,8898.51,4,1,0,100,low
1500,1500,2025-06-16,719,0.0811,0.1,80.0,32024.57,4841.17,6368.61,2,4,0,100,low
1501,1501,2025-06-27,738,0.0732,0.1,100.0,14536.32,3861.83,3858.9,4,2,1,100,low
1502,1502,2025-06-17,589,0.1656,0.1,37.5,14655.41,562.27,5090.04,4,2,0,100,low
1503,1503,2025-06-26,589,0.1103,0.1,50.0,4786.46,3730.27,5206.17,4,1,0,100,low
1504,1504,2025-06-16,635,0.3538,0.5464,84.62,12915.82,3094.81,29967.86,4,5,0,100,low
1505,1505,2025-07-02,631,0.3097,0.2306,54.55,24634.41,4544.46,23434.53,3,0,0,100,low
1506,1506,2025-06-28,770,0.0675,0.1,100.0,5106.81,6740.73,5316.84,4,3,0,100,low
1507,1507,2025-07-03,658,0.3216,0.3,90.91,9308.51,4075.37,17187.93,5,3,0,100,low
1508,1508,2025-06-29,639,0.5043,0.8,87.5,8765.33,3766.01,25977.39,3,3,0,100,low
1509,1509,2025-06-26,716,0.1423,0.3,85.71,9090.4,5093.67,12380.95,2,1,0,100,low
1510,1510,2025-07-02,669,0.4053,0.5,75.0,38666.0,937.29,32458.5,4,5,0,100,low
1511,1511,2025-07-14,673,0.1415,0.1,83.33,3630.78,1702.98,6895.97,2,1,1,100,low
1512,1512,2025-06-28,721,0.615,0.2984,76.92,27147.37,9925.88,81774.24,3,0,0,100,low
1513,1513,2025-07-04,664,0.8422,0.6113,92.86,28033.98,1108.55,68034.86,5,1,0,100,low
1514,1514,2025-06-17,683,0.4679,0.2692,76.47,10836.78,3409.57,40472.66,6,2,0,100,low
1515,1515,2025-07-01,708,0.8649,0.6748,85.71,39458.18,3591.09,111434.76,4,3,0,100,low
1516,1516,2025-06-28,768,0.1595,0.1,100.0,16191.32,639.45,11245.67,5,1,0,100,low
1517,1517,2025-07-03,645,0.0966,0.3,80.0,18426.83,2874.17,4509.47,3,1,0,100,low
1518,1518,2025-06-24,680,0.4267,0.286,91.67,2800.31,5019.52,25338.33,3,3,0,100,low
1519,1519,2025-06-20,759,0.3349,0.4241,83.33,103199.33,10501.09,70230.59,4,5,0,100,low
1520,1520,2025-06-29,748,0.3124,0.134,75.0,27432.57,15218.81,63697.72,5,3,0,100,low
1521,1521,2025-07-12,797,0.2061,0.1467,88.89,47102.67,8411.81,26304.63,4,4,0,100,low
1522,1522,2025-06-17,647,0.3102,0.1227,60.0,8715.68,5222.95,23160.04,5,2,0,100,low
1523,1523,2025-06-22,610,0.3179,0.8,80.0,9667.59,3720.03,13215.1,2,5,1,100,low
1524,1524,2025-07-05,782,0.1354,0.1,100.0,22862.45,4306.06,10788.22,4,3,0,100,low
1525,1525,2025-06-20,770,0.0549,0.0,100.0,10974.33,537.2,2330.79,2,4,0,100,low
1526,1526,2025-06-17,785,0.1064,0.1174,100.0,23894.6,4757.09,7503.63,5,1,0,100,low
1527,1527,2025-06-22,772,0.1488,0.1,100.0,24004.41,5478.52,11309.18,3,5,0,100,low
1528,1528,2025-06-18,700,0.0773,0.3,100.0,17070.36,1383.46,4126.98,4,3,0,100,low
1529,1529,2025-07-04,778,0.3999,0.2062,83.33,9592.33,6879.59,46755.08,5,4,0,100,low
1530,1530,2025-07-02,617,0.6415,0.4104,66.67,2603.22,2830.36,53840.43,5,0,0,100,low
1531,1531,2025-07-02,610,0.2558,0.3,71.43,16664.26,841.12,15009.66,3,4,0,100,low
1532,1532,2025-07-11,794,0.3273,0.1959,87.5,65215.56,1181.95,44119.96,3,2,0,100,low
1533,1533,2025-06-23,528,0.2567,0.3,50.0,3481.07,579.19,7291.15,2,4,0,100,low
1534,1534,2025-07-05,703,0.2596,0.1,85.71,11071.62,1254.55,13315.88,2,4,0,100,low
1535,1535,2025-06-30,766,0.1873,0.0457,93.33,14844.21,4764.48,15880.15,4,0,0,100,low
1536,1536,2025-07-05,642,0.3245,0.3,87.5,6022.74,1181.69,8619.18,2,5,0,100,low
1537,1537,2025-06-17,819,0.3064,0.4509,100.0,12344.35,4557.08,64434.1,5,5,1,100,low
1538,1538,2025-07-14,712,0.1601,0.1,100.0,9063.25,5539.28,9422.79,2,5,0,100,low
1539,1539,2025-07-12,652,0.3937,0.5,71.43,11089.07,6852.31,29309.56,3,3,1,100,low
1540,1540,2025-07-04,839,0.6904,0.2991,95.83,93838.35,10925.36,144308.62,5,4,0,100,low
1541,1541,2025-07-06,565,0.2022,0.3,33.33,4413.91,1670.59,7182.83,3,5,0,100,low
1542,1542,2025-06-29,638,0.0773,0.1,66.67,8940.53,7811.97,6144.48,3,2,0,100,low
1543,1543,2025-07-08,787,0.2219,0.1,100.0,26400.76,3216.17,17830.72,2,5,0,100,low
1544,1544,2025-07-05,655,0.304,0.5,75.0,36135.95,4143.67,23063.67,4,5,1,100,low
1545,1545,2025-06-17,706,0.2109,0.3,80.0,10078.38,5164.3,16797.25,4,5,0,100,low
1546,1546,2025-07-05,659,0.2906,0.3,71.43,14797.61,2446.7,23341.79,2,4,0,100,low
1547,1547,2025-06-28,707,0.3348,0.3,100.0,26880.43,3350.88,18695.34,2,3,0,100,low
1548,1548,2025-07-04,815,0.0261,0.0,100.0,37727.39,4156.37,2129.47,4,0,0,100,low
1549,1549,2025-06-18,753,0.1638,0.3,100.0,24297.15,1661.84,13603.93,2,3,0,100,low
1550,1550,2025-07-14,629,0.3225,0.206,77.78,5166.16,1514.6,13094.02,4,1,0,100,low
1551,1551,2025-07-06,819,0.9281,0.4913,100.0,29165.45,1888.45,107949.71,6,2,0,100,low
1552,1552,2025-06-21,699,0.4782,0.8,100.0,14520.95,6829.02,38769.23,3,4,0,100,low
1553,1553,2025-06-29,703,0.1532,0.1,85.71,23069.2,1230.48,8478.06,3,4,1,100,low
1554,1554,2025-07-13,762,0.4451,0.2857,86.67,15874.82,4999.28,32510.12,3,3,0,100,low
1555,1555,2025-06-28,720,0.4252,0.5,80.0,40463.02,1826.87,37575.95,3,4,0,100,low
1556,1556,2025-07-12,850,0.1987,0.0,100.0,11809.91,16045.43,39696.23,5,4,0,100,low
1557,1557,2025-07-15,738,0.6444,0.3807,81.25,24498.63,5420.61,126861.49,5,5,0,100,low
1558,1558,2025-06-21,657,0.4751,0.4771,62.5,32119.37,10115.38,62204.87,5,0,0,100,low
1559,1559,2025-07-05,581,0.1336,0.3,42.86,14067.64,2637.18,5012.5,2,2,2,100,low
1560,1560,2025-06-27,545,0.3919,0.5,33.33,7929.96,2453.33,10876.01,4,0,0,100,low
1561,1561,2025-07-05,630,0.4493,0.4114,68.75,29388.09,7049.91,33225.56,4,5,0,100,low
1562,1562,2025-06-21,609,0.1548,0.1,66.67,14586.16,4172.53,7206.11,3,1,0,100,low
1563,1563,2025-07-04,643,0.5096,0.5313,92.86,19897.87,4322.37,22604.08,3,0,0,100,low
1564,1564,2025-07-11,754,0.531,0.3333,100.0,37335.6,7325.48,42130.44,4,5,2,100,low
1565,1565,2025-07-06,642,0.1069,0.0,42.86,18021.31,3240.25,5268.79,3,1,0,100,low
1566,1566,2025-07-02,688,0.1466,0.0,83.33,5892.49,1414.45,6991.78,3,3,0,100,low
1567,1567,2025-06-21,687,0.206,0.3,87.5,14493.94,2633.64,11083.63,3,2,0,100,low
1568,1568,2025-06-27,575,0.3417,0.5,75.0,10037.95,1029.81,9413.16,3,3,2,100,low
1569,1569,2025-07-04,719,0.1433,0.1,100.0,24137.97,4187.85,7152.68,2,5,0,100,low
1570,1570,2025-06-17,610,0.3698,0.2173,63.64,5773.61,1818.35,20455.56,5,0,0,100,low
1571,1571,2025-07-01,601,0.3969,0.3,75.0,14477.36,2411.78,17474.3,4,3,0,100,low
1572,1572,2025-07-14,770,0.399,0.5,100.0,7478.82,5145.83,31102.78,4,1,0,100,low
1573,1573,2025-06-30,662,0.1247,0.95,100.0,30170.22,6443.77,10492.69,3,0,2,100,low
1574,1574,2025-06-23,783,0.4295,0.2339,91.3,12192.94,3278.17,51271.99,4,2,1,100,low
1575,1575,2025-06-20,742,0.3533,0.3,88.89,28673.5,731.8,26577.61,6,0,0,100,low
1576,1576,2025-07-12,529,0.2166,0.3,50.0,409.13,2488.06,5673.29,2,0,0,100,low
1577,1577,2025-06-25,701,0.1642,0.1187,84.62,23614.16,5645.65,14097.08,4,1,2,100,low
1578,1578,2025-06-22,717,0.6649,0.2719,81.82,5007.93,4740.41,50934.73,4,4,0,100,low
1579,1579,2025-06-27,815,0.3263,0.2373,100.0,26531.36,11014.76,42790.09,6,5,0,100,low
1580,1580,2025-07-15,709,0.1709,0.1,100.0,20275.91,766.51,8861.83,2,0,0,100,low
1581,1581,2025-07-01,619,0.585,0.5213,70.0,3872.63,5641.58,46648.9,5,0,0,100,low
1582,1582,2025-06-24,810,0.3591,0.5,100.0,62933.06,8695.09,46358.75,5,2,2,100,low
1583,1583,2025-06-23,612,0.5577,0.2987,73.33,17821.58,1679.25,33179.17,5,0,0,100,low
1584,1584,2025-07-06,773,0.1605,0.1,100.0,17738.55,6552.53,11413.81,3,0,0,100,low
1585,1585,2025-07-14,515,0.2386,0.3,50.0,7119.03,2567.71,6509.94,4,3,0,100,low
1586,1586,2025-06-18,795,0.7107,0.4855,95.45,58373.33,9480.31,87038.62,6,2,0,100,low
1587,1587,2025-06-17,699,0.3983,0.5,77.78,1278.86,10181.95,47909.54,4,2,1,100,low
1588,1588,2025-07-03,790,0.0419,0.1,100.0,25638.65,3213.19,3009.2,2,3,0,100,low
1589,1589,2025-06-24,577,0.1107,0.1,60.0,18329.8,3895.47,6122.22,2,1,0,100,low
1590,1590,2025-07-14,746,0.1887,0.1156,85.71,3883.94,2394.69,14402.04,4,3,0,100,low
1591,1591,2025-06-25,508,0.1402,0.3,66.67,8060.93,1728.89,3189.3,4,0,0,100,low
1592,1592,2025-06-24,789,0.2599,0.1,93.75,51878.67,6332.29,32634.24,4,1,0,100,low
1593,1593,2025-07-05,604,0.0254,0.1,62.5,18413.37,781.23,1450.91,2,4,0,100,low
1594,1594,2025-06-17,638,0.1277,0,85.0,3322.68,887.7,3285.87,3,1,0,100,low
1595,1595,2025-06-24,813,0.3247,0.137,91.3,85045.3,18730.6,63489.02,6,3,0,100,low
1596,1596,2025-06-26,594,0.1068,0.1,33.33,383.89,3410.26,5207.91,2,3,0,100,low
1597,1597,2025-06-28,708,0.6782,0.6173,100.0,34135.04,3244.77,60449.18,5,0,0,100,low
1598,1598,2025-07-06,703,0.0054,0.0,80.0,4725.49,1556.13,287.22,3,3,0,100,low
1599,1599,2025-07-01,615,0.2721,0.1915,50.0,209.33,2564.08,8312.61,3,4,0,100,low
1600,1600,2025-07-13,694,0.566,0.4245,100.0,8940.78,3558.17,25370.21,5,4,0,100,low
1601,1601,2025-06-27,506,0.7358,0.8,60.0,8946.43,1013.0,36959.15,3,3,0,100,low
1602,1602,2025-07-02,593,0.0536,0.3,25.0,10299.37,2022.73,1613.01,4,5,1,100,low
1603,1603,2025-06-21,714,0.5877,0.3264,85.0,456.56,1834.54,46462.52,6,4,1,100,low
1604,1604,2025-06-27,668,0.2266,0.3222,80.0,4189.85,554.09,12632.05,3,2,0,100,low
1605,1605,2025-06-16,568,0.1843,0.1,71.43,1053.6,929.24,4242.93,3,5,0,100,low
1606,1606,2025-07-08,696,0.8117,0.4668,83.33,3348.22,1678.67,72611.68,4,5,0,100,low
1607,1607,2025-07-03,574,0.3059,0.3,75.0,8226.35,972.54,7637.47,4,4,0,100,low
1608,1608,2025-07-15,658,0.8616,0.6577,92.31,10312.17,4475.11,62302.06,4,1,0,100,low
1609,1609,2025-06-29,732,0.6175,0.4249,100.0,20237.16,3231.3,50359.16,5,0,0,100,low
1610,1610,2025-06-17,716,0.0622,0.0645,75.0,18474.2,5883.48,5256.23,4,0,1,100,low
1611,1611,2025-06-30,611,0.5616,0.5995,66.67,3347.35,4166.18,75668.28,6,4,0,100,low
1612,1612,2025-07-06,775,0.7922,0.3125,87.5,19818.96,11792.15,103786.3,5,4,0,100,low
1613,1613,2025-07-07,666,0.2386,0.3,85.71,21314.64,3238.8,14285.96,4,0,0,100,low
1614,1614,2025-06-30,698,0.1596,0.238,85.71,11440.22,1746.76,8546.59,3,5,0,100,low
1615,1615,2025-06-25,806,0.5387,0.3501,95.45,9658.01,8034.46,65804.75,5,5,0,100,low
1616,1616,2025-07-01,725,0.1851,0.267,91.67,11037.62,1752.76,14308.79,3,1,0,100,low
1617,1617,2025-06-25,790,0.2461,0.1381,83.33,76337.99,18721.6,48812.52,5,4,2,100,low
1618,1618,2025-06-28,618,0.8247,0.5736,69.23,54725.16,1009.96,109272.55,4,4,0,100,low
1619,1619,2025-06-28,732,0.2886,0.131,90.91,24232.42,5296.63,22691.77,4,0,0,100,low
1620,1620,2025-06-21,614,0.0587,0.1,62.5,674.88,3664.15,3304.81,4,2,0,100,low
1621,1621,2025-07-10,723,0.3069,0.5,87.5,37321.34,2914.85,27110.23,2,1,1,100,low
1622,1622,2025-06-24,667,0.2287,0.1,80.0,13218.58,2799.08,10459.46,4,4,0,100,low
1623,1623,2025-07-10,750,0.6345,0.3889,85.0,50073.36,8545.34,79205.86,5,4,0,100,low
1624,1624,2025-07-11,786,0.3421,0.3,90.91,4882.21,12408.26,44802.37,4,4,0,100,low
1625,1625,2025-07-09,591,0.4447,0.8,60.0,17005.5,4425.32,32172.22,2,1,0,100,low
1626,1626,2025-06-30,598,0.081,0.1,50.0,11144.06,4128.85,4533.25,3,2,0,100,low
1627,1627,2025-07-01,664,0.4234,0.1989,73.33,15724.21,2766.79,30047.48,3,0,0,100,low
1628,1628,2025-07-13,738,0.1237,0.0,100.0,14268.56,1410.77,6711.19,2,1,0,100,low
1629,1629,2025-06-20,692,0.2174,0.2289,91.67,8085.35,4949.58,12886.55,4,4,0,100,low
1630,1630,2025-06-26,719,0.0666,0.1,100.0,8105.61,4356.07,3649.02,4,1,0,100,low
1631,1631,2025-07-07,708,0.1509,0.1,100.0,16736.65,685.07,8301.42,3,2,0,100,low
1632,1632,2025-06-27,735,0.1753,0.22,100.0,20786.28,1322.45,7394.61,4,3,0,100,low
1633,1633,2025-06-27,712,0.7907,0.5095,93.33,54352.4,2935.2,97736.99,3,3,0,100,low
1634,1634,2025-07-08,793,0.3961,0.2732,93.75,90489.93,11916.57,80747.76,5,0,0,100,low
1635,1635,2025-07-11,727,0.3502,0.1847,77.78,68519.25,9747.86,69042.91,4,4,0,100,low
1636,1636,2025-07-12,587,0.2581,0.1,58.33,13369.32,2293.44,15301.05,3,5,0,100,low
1637,1637,2025-06-22,606,0.4334,0.5,75.0,23243.86,4791.18,23519.13,4,3,0,100,low
1638,1638,2025-07-01,656,0.5053,0.5824,81.82,6482.53,7874.02,40745.76,4,5,0,100,low
1639,1639,2025-06-29,520,0.7782,0.5597,66.67,616.82,3233.74,25901.17,5,2,0,100,low
1640,1640,2025-07-09,850,0.0809,0.0486,100.0,15019.99,5643.03,9499.37,5,5,0,100,low
1641,1641,2025-06-27,791,0.5241,0.2584,94.44,8346.2,9848.69,107950.5,6,0,1,100,low
1642,1642,2025-07-02,621,0.1428,0.3,75.0,11879.71,2992.58,4330.85,2,4,0,100,low
1643,1643,2025-07-05,806,0.1776,0.2408,100.0,46452.26,9009.43,22035.26,4,0,0,100,low
1644,1644,2025-07-12,675,0.3921,0.1467,73.91,30358.67,3625.84,28419.72,4,3,0,100,low
1645,1645,2025-07-02,786,0.6944,0.2533,91.67,39725.82,15260.58,138063.46,6,4,0,100,low
1646,1646,2025-07-07,652,0.1436,0.1,83.33,24678.1,889.06,7146.72,3,4,1,100,low
1647,1647,2025-06-26,811,0.2121,0.1711,91.67,4833.74,8738.15,43087.06,3,0,1,100,low
1648,1648,2025-07-07,694,0.8107,0.6627,100.0,24567.09,4234.33,65635.83,4,3,0,100,low
1649,1649,2025-07-02,579,0.2136,0.3,62.5,9565.91,3193.13,7186.99,3,5,0,100,low
1650,1650,2025-07-01,616,0.3032,0.3,75.0,4300.64,3430.89,16039.71,5,2,0,100,low
1651,1651,2025-07-12,803,0.3618,0.2732,100.0,33876.21,5938.68,46214.29,4,0,0,100,low
1652,1652,2025-06-23,775,0.2482,0.1872,81.25,38274.77,10198.53,31174.35,5,4,0,100,low
1653,1653,2025-07-12,693,0.1919,0.1,87.5,13928.19,4797.39,10635.75,2,1,0,100,low
1654,1654,2025-07-02,730,0.0878,0.0354,71.43,34343.32,1954.95,6709.96,3,2,0,100,low
1655,1655,2025-07-10,549,0.0599,0.1,66.67,4098.01,1312.2,1384.44,3,1,0,100,low
1656,1656,2025-07-05,623,0.1489,0.1,71.43,6454.44,2549.79,7407.83,2,1,0,100,low
1657,1657,2025-06-18,775,0.475,0.2648,82.35,25718.26,10041.38,57600.85,6,1,0,100,low
1658,1658,2025-06-29,780,0.3992,0.2,93.75,59681.88,8406.23,79284.54,3,5,0,100,low
1659,1659,2025-06-29,595,0.3343,0.3,71.43,19287.16,3416.13,16971.34,4,3,0,100,low
1660,1660,2025-07-04,661,0.5549,0.2766,68.75,8864.06,1895.94,39458.15,5,1,0,100,low
1661,1661,2025-07-10,669,0.0977,0,85.0,3622.53,1340.82,2098.92,3,3,0,100,low
1662,1662,2025-07-08,516,0.3102,0.8,50.0,13977.49,3567.91,15283.56,4,2,0,100,low
1663,1663,2025-06-19,776,0.3206,0.171,85.0,36891.24,4156.75,38118.65,5,0,1,100,low
1664,1664,2025-06-20,809,0.3679,0.1345,94.12,47358.36,5458.56,45957.88,5,1,0,100,low
1665,1665,2025-06-22,616,0.1511,0.3,60.0,29429.0,5294.89,11592.62,3,3,0,100,low
1666,1666,2025-07-08,759,0.5558,0.2675,84.0,23272.89,7713.71,64214.07,6,3,0,100,low
1667,1667,2025-06-18,715,0.1744,0.3,100.0,1972.98,1898.7,8687.21,3,2,0,100,low
1668,1668,2025-06-23,779,0.4696,0.2826,100.0,18825.55,6730.81,36550.79,5,4,0,100,low
1669,1669,2025-06-20,535,0.0746,0.3,66.67,14241.67,624.13,2187.2,2,0,0,100,low
1670,1670,2025-06-21,637,0.2979,0.3,80.0,19412.15,4293.98,14388.01,3,3,0,100,low
1671,1671,2025-06-30,587,0.0883,0.1,66.67,5444.5,1885.69,3117.23,2,4,2,100,low
1672,1672,2025-07-03,753,0.4273,0.2376,88.24,20355.26,3421.24,30725.59,4,2,0,100,low
1673,1673,2025-06-22,732,0.2029,0.056,66.67,57667.23,2234.43,24554.78,3,3,0,100,low
1674,1674,2025-06-17,709,0.1875,0.3,100.0,2675.75,2453.82,7763.4,2,2,0,100,low
1675,1675,2025-06-17,546,0.2664,0.3,75.0,4940.86,1655.68,5372.62,3,4,1,100,low
1676,1676,2025-07-08,691,0.5459,0.3,90.0,7458.68,3235.42,23828.52,3,4,0,100,low
1677,1677,2025-06-28,806,0.345,0.1652,100.0,9180.1,13049.63,45618.16,5,0,0,100,low
1678,1678,2025-06-28,576,0.11,0.1,66.67,1188.32,1406.64,4764.86,4,3,0,100,low
1679,1679,2025-07-15,565,0.3945,0.3,50.0,359.47,598.23,13535.14,2,4,0,100,low
1680,1680,2025-06-20,637,0.1456,0,85.0,12716.16,1740.94,4283.68,3,1,0,100,low
1681,1681,2025-06-25,640,0.2407,0.5,60.0,4581.22,7858.67,19122.67,3,4,0,100,low
1682,1682,2025-07-05,753,0.6598,0.65,100.0,35299.67,8521.15,140741.38,3,1,0,100,low
1683,1683,2025-07-15,597,0.1557,0.3,75.0,4721.33,3170.93,9165.08,4,2,2,100,low
1684,1684,2025-06-27,641,0.3972,0.2287,63.64,16372.36,5439.19,27810.47,5,0,0,100,low
1685,1685,2025-07-04,557,0.3548,0.5,60.0,26960.27,4782.55,19536.22,5,4,0,100,low
1686,1686,2025-06-22,708,0.0609,0.1,100.0,19793.13,5832.53,3554.61,4,1,1,100,low
1687,1687,2025-07-10,730,0.3036,0.1544,88.89,33184.82,1228.76,25208.58,3,0,0,100,low
1688,1688,2025-07-07,757,0.131,0.0528,100.0,11628.71,3412.32,6152.31,5,3,0,100,low
1689,1689,2025-06-19,710,0.2309,0.3,100.0,1442.91,999.79,10051.69,3,2,0,100,low
1690,1690,2025-07-05,697,0.2986,0.3,100.0,10428.87,2165.8,12545.21,4,5,0,100,low
1691,1691,2025-07-01,576,0.1104,0.1,40.0,9340.25,1046.91,3608.16,2,1,0,100,low
1692,1692,2025-07-06,588,0.3019,0.8,80.0,3448.43,3306.15,13449.37,2,4,0,100,low
1693,1693,2025-06-17,768,0.0794,0.0,100.0,4251.45,3141.6,3723.92,4,3,0,100,low
1694,1694,2025-06-17,755,0.2212,0.3,100.0,29591.75,5627.04,18083.6,3,3,0,100,low
1695,1695,2025-07-05,712,0.289,0.1525,100.0,21699.08,1130.35,16176.0,5,5,0,100,low
1696,1696,2025-06-23,735,0.0722,0.0807,90.91,15110.55,2566.96,3550.49,5,5,0,100,low
1697,1697,2025-06-28,617,0.3374,0.3,33.33,12827.11,7650.42,26015.85,4,1,0,100,low
1698,1698,2025-07-01,767,0.849,0.4834,91.67,970.5,1797.22,109981.79,7,0,0,100,low
1699,1699,2025-07-03,727,0.4051,0.3351,85.71,20600.25,1358.62,32866.86,3,3,0,100,low
1700,1700,2025-07-13,654,0.1605,0,85.0,9175.92,707.2,3600.69,2,4,0,100,low
1701,1701,2025-06-16,661,0.1723,0.3857,85.71,10842.22,3203.47,9307.04,5,5,0,100,low
1702,1702,2025-06-22,731,0.3107,0.2116,88.89,31867.79,5516.21,26968.47,3,4,0,100,low
1703,1703,2025-06-30,755,0.6151,0.4475,80.0,4497.72,7517.93,75681.98,4,0,0,100,low
1704,1704,2025-07-03,762,0.4776,0.4457,81.82,44808.04,12302.88,60874.66,4,4,0,100,low
1705,1705,2025-07-06,836,0.2849,0.1769,100.0,6601.86,607.81,35943.03,5,1,0,100,low
1706,1706,2025-07-15,681,0.3175,0.2094,81.25,1548.77,2022.01,14991.6,3,2,0,100,low
1707,1707,2025-06-16,727,0.6152,0.5695,91.67,36468.45,10670.56,78527.71,5,1,0,100,low
1708,1708,2025-06-26,767,0.1989,0.1157,81.25,57520.4,10274.72,23009.55,4,5,0,100,low
1709,1709,2025-07-05,571,0.4072,0.3,53.33,11007.59,2527.56,13771.34,5,3,0,100,low
1710,1710,2025-07-09,732,0.1991,0.1,100.0,23771.76,4768.75,9718.83,2,4,0,100,low
1711,1711,2025-06-17,613,0.421,0.5,75.0,822.56,1461.96,16927.12,2,2,0,100,low
1712,1712,2025-07-07,764,0.2086,0.3,100.0,14148.36,4535.64,18222.59,4,3,0,100,low
1713,1713,2025-07-06,590,0.5798,0.3766,60.0,5785.92,1199.47,30692.43,4,4,0,100,low
1714,1714,2025-07-13,773,0.946,0.4227,92.59,57074.19,3137.25,113481.1,6,5,0,100,low
1715,1715,2025-07-15,750,0.6094,0.5467,100.0,1853.51,4821.07,81593.19,5,3,0,100,low
1716,1716,2025-06-17,683,0.1158,0.3,80.0,35763.8,4861.6,9191.28,4,1,1,100,low
1717,1717,2025-07-13,661,0.277,0.1,78.57,6749.63,5301.17,20240.22,4,4,0,100,low
1718,1718,2025-07-07,762,0.0915,0.1,100.0,29240.33,2483.12,6585.15,2,4,0,100,low
1719,1719,2025-07-02,692,0.0721,0.1,85.71,14500.08,2222.05,3791.93,3,4,0,100,low
1720,1720,2025-07-06,578,0.1533,0.1,62.5,18063.51,500.87,6381.46,4,4,0,100,low
1721,1721,2025-07-09,768,0.2324,0.1,100.0,35215.42,3632.19,16541.22,4,4,0,100,low
1722,1722,2025-07-06,795,0.1926,0.0547,90.0,4051.09,2618.47,15934.76,3,2,0,100,low
1723,1723,2025-07-10,520,0.309,0.8,33.33,16868.63,5252.15,17185.15,3,1,2,100,low
1724,1724,2025-06-18,702,0.1304,0.1,87.5,12566.92,4222.7,5857.71,3,1,0,100,low
1725,1725,2025-07-08,736,0.5475,0.1896,78.26,21615.34,793.53,71613.47,6,1,2,100,low
1726,1726,2025-07-15,712,0.2426,0.5,100.0,17979.46,2179.18,10910.42,4,5,0,100,low
1727,1727,2025-06-30,598,0.1282,0.1562,66.67,11107.89,732.48,5386.12,3,0,1,100,low
1728,1728,2025-06-18,747,0.2685,0.5,100.0,8422.9,723.24,22944.29,4,1,1,100,low
1729,1729,2025-06-30,612,0.2129,0.3,75.0,10340.02,4063.41,10742.09,4,3,0,100,low
1730,1730,2025-06-25,780,0.4209,0.2365,90.48,61824.91,6279.38,52251.14,5,1,1,100,low
1731,1731,2025-07-14,742,0.2214,0.3,85.71,37124.84,2577.7,18600.79,4,5,0,100,low
1732,1732,2025-06-27,695,0.3882,0.3,83.33,6363.54,5049.37,31976.59,3,5,0,100,low
1733,1733,2025-06-19,637,0.2275,0.1,50.0,6049.13,4784.54,17390.28,4,4,1,100,low
1734,1734,2025-07-15,697,0.4067,0.1721,78.95,17713.16,5085.51,34084.82,4,2,0,100,low
1735,1735,2025-07-01,825,0.1641,0.1338,100.0,4492.85,10245.7,19684.79,4,0,0,100,low
1736,1736,2025-07-03,767,0.6414,0.5908,100.0,17314.86,7905.35,78029.88,3,1,0,100,low
1737,1737,2025-07-09,623,0.2867,0.3,85.71,1664.78,755.53,8102.77,4,2,0,100,low
1738,1738,2025-06-18,786,0.2179,0.3,100.0,60839.42,8737.86,27969.86,5,1,0,100,low
1739,1739,2025-07-01,670,0.0019,0,85.0,2609.56,511.63,40.66,3,4,0,100,low
1740,1740,2025-07-07,683,0.116,0.3,100.0,5912.62,3471.82,5431.96,3,5,0,100,low
1741,1741,2025-06-24,711,0.3404,0.2478,83.33,14679.15,2770.71,26067.55,6,5,0,100,low
1742,1742,2025-06-30,814,0.5847,0.3935,100.0,29817.09,6490.68,73175.73,4,2,1,100,low
1743,1743,2025-06-23,591,0.5986,0.5818,38.46,28365.29,540.96,42872.44,5,5,1,100,low
1744,1744,2025-06-23,529,0.1104,0.1,62.5,4061.11,1064.29,2704.71,2,5,2,100,low
1745,1745,2025-06-16,792,0.49,0.1926,85.19,5541.18,4683.95,57761.97,7,4,0,100,low
1746,1746,2025-06-28,535,0.5381,0.51,54.55,948.19,1338.85,20594.89,3,0,0,100,low
1747,1747,2025-06-19,696,0.241,0.3,100.0,4992.69,4197.26,10417.34,3,1,0,100,low
1748,1748,2025-06-16,686,0.2797,0.1846,87.5,2391.96,3068.0,9227.12,4,1,0,100,low
1749,1749,2025-06-21,561,0.2323,0.1,0.0,9158.94,1440.01,6128.24,2,1,0,100,low
1750,1750,2025-07-07,692,0.1175,0.3,100.0,9467.71,1118.17,6762.1,2,3,0,100,low
1751,1751,2025-07-10,781,0.2361,0.1357,90.91,18742.05,6544.24,31454.58,5,2,1,100,low
1752,1752,2025-07-13,760,0.1219,0.3,100.0,23218.79,5938.29,9087.8,4,4,0,100,low
1753,1753,2025-07-11,611,0.2321,0.1,50.0,886.07,2888.18,7388.96,3,2,0,100,low
1754,1754,2025-06-25,669,0.018,0,85.0,6185.54,2030.41,496.39,2,1,0,100,low
1755,1755,2025-07-15,593,0.3662,0.3,66.67,13149.56,1200.52,16700.04,3,0,0,100,low
1756,1756,2025-07-05,687,0.0763,0.1,85.71,20034.32,1678.85,3156.84,4,1,0,100,low
1757,1757,2025-07-01,659,0.3507,0.3,87.5,7303.23,608.14,17342.6,3,0,0,100,low
1758,1758,2025-06-30,708,0.2789,0.5,83.33,30007.57,1930.95,24026.42,4,2,0,100,low
1759,1759,2025-07-05,745,0.5624,0.5339,89.47,55975.97,9112.5,117386.85,6,3,0,100,low
1760,1760,2025-06-19,760,0.3842,0.4507,92.31,5352.17,895.8,46897.3,3,0,0,100,low
1761,1761,2025-06-29,745,0.3137,0.3,100.0,16155.46,7364.14,28222.93,4,5,0,100,low
1762,1762,2025-06-26,793,0.1795,0.0445,100.0,7105.71,1172.88,14655.14,5,4,0,100,low
1763,1763,2025-07-02,627,0.2724,0.3,75.0,5344.59,5828.54,16281.2,4,2,2,100,low
1764,1764,2025-06-20,578,0.0902,0.1,66.67,8229.82,1935.68,3464.29,2,2,2,100,low
1765,1765,2025-07-13,679,0.16,0.0,75.0,10776.78,2657.85,7370.88,3,4,0,100,low
1766,1766,2025-06-22,835,0.2854,0.2073,100.0,26447.58,7736.64,35918.15,3,3,0,100,low
1767,1767,2025-06-17,785,0.0178,0.0,100.0,15338.27,1356.26,1464.78,2,2,1,100,low
1768,1768,2025-07-10,713,0.2777,0.3,100.0,666.54,1563.03,9479.33,3,5,0,100,low
1769,1769,2025-07-15,668,0.274,0.5,75.0,24947.85,2751.56,21157.13,4,5,0,100,low
1770,1770,2025-06-19,508,0.4767,0.5,50.0,10694.63,1466.11,11727.0,4,5,0,100,low
1771,1771,2025-07-03,637,0.2317,0.1,71.43,2292.88,2439.85,7991.55,3,3,0,100,low
1772,1772,2025-06-18,676,0.1111,0.1,80.0,18533.91,4767.04,6622.27,3,0,0,100,low
1773,1773,2025-06-17,663,0.0962,0,85.0,7998.0,827.2,2470.8,2,2,0,100,low
1774,1774,2025-06-25,590,0.1919,0.1875,66.67,6111.18,4746.98,9198.1,3,3,0,100,low
1775,1775,2025-07-07,728,0.2547,0.1,100.0,14415.26,4412.01,11728.75,4,1,1,100,low
1776,1776,2025-06-26,634,0.3327,0.2692,73.33,3434.54,2272.6,17368.48,3,0,0,100,low
1777,1777,2025-07-13,575,0.3001,0.3211,45.45,14513.65,3434.96,10599.49,3,1,0,100,low
1778,1778,2025-06-28,661,0.2813,0.3,85.71,11916.04,2424.91,10267.88,2,0,0,100,low
1779,1779,2025-06-29,700,0.1821,0.1937,70.0,32260.48,3007.32,13424.59,4,2,0,100,low
1780,1780,2025-07-02,595,0.129,0.1,50.0,7471.71,830.49,6504.85,3,1,0,100,low
1781,1781,2025-06-22,718,0.0986,0.3,85.71,23010.94,5948.85,7077.86,2,4,0,100,low
1782,1782,2025-06-18,611,0.2508,0.2024,78.57,5274.43,583.64,12889.83,4,1,0,100,low
1783,1783,2025-06-25,682,0.2972,0.3,100.0,4808.66,3406.59,12357.93,3,4,0,100,low
1784,1784,2025-06-30,561,0.604,0.8,60.0,28318.78,7469.49,45628.09,2,5,0,100,low
1785,1785,2025-07-04,755,0.4329,0.3572,87.5,53455.59,2329.76,53152.77,5,2,0,100,low
1786,1786,2025-06-24,595,0.4275,0.3792,57.14,6916.85,989.94,13501.89,4,3,0,100,low
1787,1787,2025-06-30,708,0.1363,0.0,75.0,34724.18,5747.61,11918.6,3,4,0,100,low
1788,1788,2025-06-18,561,0.4753,0.5,66.67,20425.2,1196.46,23052.93,3,1,0,100,low
1789,1789,2025-06-23,575,0.4552,0.4985,54.55,25713.05,4173.8,24863.02,4,0,0,100,low
1790,1790,2025-06-21,728,0.4494,0.6686,91.67,51738.62,7434.99,58173.1,3,4,0,100,low
1791,1791,2025-07-05,602,0.0713,0.1,62.5,22266.11,1649.96,3528.4,2,3,1,100,low
1792,1792,2025-06-28,563,0.1393,0.388,44.44,6510.81,3146.95,4871.37,4,2,0,100,low
1793,1793,2025-07-11,814,0.3079,0.2283,91.67,17973.72,8764.14,39599.74,5,0,2,100,low
1794,1794,2025-06-24,658,0.1009,0.1,66.67,13392.12,2708.5,7828.06,5,0,0,100,low
1795,1795,2025-06-19,759,0.4395,0.4,93.75,28286.07,19555.56,94252.73,5,1,0,100,low
1796,1796,2025-06-29,543,0.2612,0.3,71.43,1762.92,2120.56,6030.71,4,0,0,100,low
1797,1797,2025-06-25,758,0.4743,0.5,100.0,2181.47,553.09,39425.66,3,5,0,100,low
1798,1798,2025-07-07,714,0.2702,0.3,100.0,4074.6,3383.36,12000.28,2,5,2,100,low
1799,1799,2025-07-01,614,0.2671,0.1,62.5,4693.74,1285.4,13427.42,2,2,0,100,low
1800,1800,2025-06-18,611,0.1861,0.1,62.5,24864.91,4593.43,9994.46,3,3,0,100,low
1801,1801,2025-07-03,611,0.2537,0.1478,66.67,11507.83,2026.81,10541.68,4,3,0,100,low
1802,1802,2025-06-16,737,0.6278,0.6195,93.33,6181.68,10805.65,126417.71,4,0,0,100,low
1803,1803,2025-06-24,700,0.4277,0.3,100.0,9285.61,2260.26,19397.54,3,2,0,100,low
1804,1804,2025-07-11,683,0.168,0.163,57.14,42676.04,19858.42,33955.37,3,0,0,100,low
1805,1805,2025-07-04,494,0.3324,0.8,66.67,2758.37,825.83,9416.47,2,0,1,100,low
1806,1806,2025-06-24,641,0.306,0.1739,75.0,9390.12,3844.94,13219.01,3,0,0,100,low
1807,1807,2025-07-10,757,0.2243,0.1,100.0,37190.55,5309.09,19529.6,4,2,0,100,low
1808,1808,2025-07-11,671,0.279,0.3,75.0,19374.75,2723.61,24671.12,4,3,0,100,low
1809,1809,2025-07-12,689,0.2756,0.1,100.0,4834.44,1161.48,7372.69,2,1,0,100,low
1810,1810,2025-07-14,805,0.289,0.1848,87.5,38197.81,18711.01,58053.8,5,4,0,100,low
1811,1811,2025-06-23,566,0.0959,0.3,60.0,21356.9,1309.67,4816.27,4,4,0,100,low
1812,1812,2025-06-29,663,0.043,0,85.0,8401.13,1801.68,1255.16,1,5,1,100,low
1813,1813,2025-07-13,638,0.0573,0.066,68.75,8872.6,3325.28,2806.79,5,2,0,100,low
1814,1814,2025-07-14,643,0.3195,0.3,66.67,15052.22,6532.69,25509.63,3,3,0,100,low
1815,1815,2025-07-09,740,0.1295,0.1,100.0,19040.31,1039.56,7634.38,4,4,1,100,low
1816,1816,2025-07-01,691,0.2514,0.3,87.5,21523.36,1464.73,13217.01,4,2,0,100,low
1817,1817,2025-06-17,546,0.1743,0.1,50.0,1676.54,1564.18,3498.89,4,1,0,100,low
1818,1818,2025-06-26,683,0.4816,0.4105,50.0,65369.41,9076.43,63697.9,5,1,0,100,low
1819,1819,2025-07-10,817,0.0544,0.0,100.0,26076.56,527.91,4419.19,4,3,0,100,low
1820,1820,2025-07-06,741,0.0032,0.0,100.0,1081.59,1242.33,125.18,4,0,0,100,low
1821,1821,2025-06-27,705,0.0156,0.1,100.0,10461.08,583.81,591.8,3,1,0,100,low
1822,1822,2025-06-30,792,0.1655,0.0677,93.33,6574.92,4600.39,13630.66,4,1,0,100,low
1823,1823,2025-07-03,788,0.1698,0.0897,100.0,40535.15,6781.48,14293.81,5,4,0,100,low
1824,1824,2025-06-30,603,0.388,0.3273,77.78,2977.54,1755.46,20078.85,4,5,0,100,low
1825,1825,2025-06-20,675,0.8867,0.5424,73.91,43336.94,1356.11,107217.57,4,4,0,100,low
1826,1826,2025-07-03,682,0.3472,0.3,100.0,2368.14,5770.84,20445.49,4,2,0,100,low
1827,1827,2025-07-11,537,0.4073,0.6171,50.0,25407.66,1880.93,22240.7,4,0,0,100,low
1828,1828,2025-07-12,708,0.3891,0.2149,80.0,2825.2,2485.92,28148.23,5,1,0,100,low
1829,1829,2025-06-25,683,0.8133,0.6321,85.71,10605.77,6761.46,59187.24,5,3,0,100,low
1830,1830,2025-06-21,801,0.2209,0.1,100.0,35288.79,2004.53,28069.58,3,0,0,100,low
1831,1831,2025-07-09,657,0.2924,0.5,75.0,2311.06,960.5,22533.34,3,1,1,100,low
1832,1832,2025-07-04,541,0.4684,0.6154,75.0,1624.93,2507.87,22150.18,5,0,0,100,low
1833,1833,2025-07-07,625,0.2451,0.2229,72.73,11639.02,4298.87,13122.7,4,1,0,100,low
1834,1834,2025-07-11,738,0.3222,0.5,100.0,17414.9,2042.04,25581.95,3,2,0,100,low
1835,1835,2025-07-07,645,0.1139,0,85.0,5856.73,1400.23,3172.98,2,3,2,100,low
1836,1836,2025-07-04,751,0.1429,0.1,87.5,26491.61,7964.13,11648.82,4,5,0,100,low
1837,1837,2025-07-05,710,0.4773,0.3607,81.25,38694.12,6448.27,37758.77,5,2,0,100,low
1838,1838,2025-07-07,739,0.1051,0.1,80.0,29679.07,7583.26,8615.03,4,5,0,100,low
1839,1839,2025-06-23,762,0.1854,0.1,85.71,32379.19,1299.04,13452.66,2,1,0,100,low
1840,1840,2025-06-20,838,0.0701,0.0557,90.91,13562.43,11917.24,9215.21,3,5,0,100,low
1841,1841,2025-07-09,690,0.4951,0.5,80.0,34335.33,7672.59,42948.78,3,1,0,100,low
1842,1842,2025-06-24,692,0.3646,0.3,100.0,23642.88,4337.99,21755.23,3,1,0,100,low
1843,1843,2025-07-11,665,0.484,0.5,80.0,10757.71,1579.33,23890.57,2,4,0,100,low
1844,1844,2025-07-14,837,0.2031,0.2356,100.0,27836.95,7033.34,26901.28,3,5,0,100,low
1845,1845,2025-07-05,630,0.3057,0.8,85.71,8805.31,4111.46,15258.67,2,2,0,100,low
1846,1846,2025-07-14,814,0.3457,0.1199,100.0,54743.87,9420.14,40681.8,5,1,0,100,low
1847,1847,2025-06-19,613,0.5096,0.3,75.0,13003.08,1293.38,22742.37,4,4,0,100,low
1848,1848,2025-06-21,763,0.2136,0.1,100.0,14803.0,5996.16,18377.97,3,1,0,100,low
1849,1849,2025-06-23,719,0.2226,0.3,100.0,18655.22,4591.54,12686.99,4,5,0,100,low
1850,1850,2025-06-27,742,0.3628,0.2165,91.67,31142.05,5223.63,31908.74,4,1,0,100,low
1851,1851,2025-06-17,800,0.3199,0.3,100.0,53114.44,4424.26,37870.37,4,5,1,100,low
1852,1852,2025-07-08,673,0.265,0.4091,87.5,20948.01,2519.48,11387.46,4,3,0,100,low
1853,1853,2025-07-05,592,0.0165,0.0,50.0,1366.94,547.61,360.84,4,2,0,100,low
1854,1854,2025-07-14,776,0.0475,0.0,87.5,26530.91,8006.18,3811.49,3,0,1,100,low
1855,1855,2025-07-02,785,0.2068,0.0845,84.62,9184.79,12241.49,27831.51,6,0,0,100,low
1856,1856,2025-07-07,565,0.1971,0.1,33.33,5617.87,804.9,4322.88,4,5,0,100,low
1857,1857,2025-07-09,788,0.1597,0.1,100.0,3464.07,8118.3,13791.32,2,4,1,100,low
1858,1858,2025-07-02,711,0.767,0.3318,80.0,2788.63,4003.8,53787.51,4,4,0,100,low
1859,1859,2025-06-20,809,0.5809,0.3459,100.0,6581.36,9837.56,122094.54,4,2,1,100,low
1860,1860,2025-07-08,616,0.294,0.1269,76.92,10429.92,4128.18,12190.77,3,4,0,100,low
1861,1861,2025-06-20,804,0.3239,0.2139,90.91,21365.38,8218.85,39175.9,4,2,1,100,low
1862,1862,2025-07-04,591,0.4253,0.3,77.78,8720.09,701.38,18173.49,4,0,0,100,low
1863,1863,2025-07-12,783,0.5,0.3609,94.12,60143.91,4078.81,61109.49,5,4,0,100,low
1864,1864,2025-07-07,804,0.2942,0.1762,87.5,8030.19,12269.14,61385.16,4,3,2,100,low
1865,1865,2025-07-04,788,0.2511,0.2472,100.0,34818.8,5960.04,21254.58,5,2,1,100,low
1866,1866,2025-07-06,768,0.1341,0.3,100.0,9654.91,6353.19,10807.19,2,2,1,100,low
1867,1867,2025-07-08,589,0.103,0.0,50.0,3653.02,1808.43,2867.96,2,0,1,100,low
1868,1868,2025-07-11,672,0.1561,0.1,80.0,2197.16,4596.16,8854.28,3,1,0,100,low
1869,1869,2025-06-19,650,0.4199,0.1777,66.67,34045.78,6691.39,29415.68,4,0,0,100,low
1870,1870,2025-06-21,715,0.1702,0.0277,80.0,25074.25,3119.29,9163.39,3,2,0,100,low
1871,1871,2025-06-27,773,0.2486,0.1,100.0,10320.45,6966.08,20127.46,3,3,0,100,low
1872,1872,2025-06-28,812,0.3378,0.138,95.83,10719.28,9201.76,66832.6,7,1,0,100,low
1873,1873,2025-06-23,581,0.7179,0.4787,62.5,11010.77,653.67,33985.33,3,0,0,100,low
1874,1874,2025-07-11,703,0.4945,0.5,83.33,13534.38,3931.33,35425.4,4,0,0,100,low
1875,1875,2025-06-22,637,0.4744,0.2587,69.23,18399.31,829.57,35888.94,5,1,0,100,low
1876,1876,2025-06-28,634,0.1094,0.3,66.67,25676.96,4157.3,8571.38,2,1,0,100,low
1877,1877,2025-06-21,752,0.6492,0.4,84.62,35616.79,8219.06,83993.23,5,5,0,100,low
1878,1878,2025-07-15,668,0.2384,0.3,80.0,5541.91,1072.48,10739.36,2,5,2,100,low
1879,1879,2025-06-28,629,0.6268,0.4565,75.0,5567.57,946.91,31208.67,4,3,0,100,low
1880,1880,2025-07-15,582,0.0973,0.1,66.67,1285.98,3233.07,4162.65,3,2,0,100,low
1881,1881,2025-07-01,711,0.0308,0.0366,88.89,22193.37,4152.3,1414.0,5,1,0,100,low
1882,1882,2025-07-10,608,0.0754,0.0,42.86,2704.28,2763.99,2694.22,3,2,0,100,low
1883,1883,2025-06-24,709,0.0828,0.1,83.33,1680.54,4211.92,6549.75,2,2,0,100,low
1884,1884,2025-07-08,747,0.2699,0.3,100.0,4051.52,5464.15,23104.03,2,3,0,100,low
1885,1885,2025-06-28,739,0.2818,0.1588,81.82,14279.53,4007.81,22552.33,5,4,0,100,low
1886,1886,2025-06-16,794,0.4377,0.2,86.67,46017.17,7867.75,51109.03,6,4,0,100,low
1887,1887,2025-07-04,797,0.5573,0.4683,100.0,49387.43,4349.13,68701.75,5,4,0,100,low
1888,1888,2025-07-04,733,0.1215,0.0,87.5,10734.74,5556.09,6854.8,3,5,0,100,low
1889,1889,2025-06-26,671,0.6337,0.3131,75.0,9970.2,1736.0,50883.25,5,4,0,100,low
1890,1890,2025-06-29,676,0.0747,0.1,80.0,8373.15,3214.06,2493.5,2,3,2,100,low
1891,1891,2025-06-30,696,0.1513,0.3,100.0,12581.57,1676.19,6060.62,2,3,0,100,low
1892,1892,2025-07-01,722,1.0,0.5068,92.86,43576.68,8664.38,124148.2,6,1,1,100,low
1893,1893,2025-07-12,584,0.2011,0.3,66.67,8079.33,1313.61,7061.18,3,0,0,100,low
1894,1894,2025-07-14,777,0.6254,0.2793,89.47,47697.74,9284.26,81343.93,7,0,0,100,low
1895,1895,2025-06-17,710,0.1947,0.5224,100.0,10636.01,4386.69,15957.8,4,4,1,100,low
1896,1896,2025-06-22,563,0.3222,0.5,33.33,3970.34,3508.55,16648.45,4,2,0,100,low
1897,1897,2025-07-06,753,0.3858,0.2421,81.25,7005.48,3065.74,46813.3,4,2,2,100,low
1898,1898,2025-07-02,761,0.3285,0.4343,81.25,8308.75,3657.07,40200.4,5,4,0,100,low
1899,1899,2025-06-30,675,0.2869,0.3,71.43,13550.24,7220.83,22230.56,3,1,0,100,low
1900,1900,2025-07-13,689,0.015,0.0,66.67,7689.37,1749.4,1341.6,3,4,0,100,low
1901,1901,2025-07-14,664,0.5819,0.3,76.47,20569.63,4137.79,43905.63,4,1,0,100,low
1902,1902,2025-07-10,639,0.4267,0.8,100.0,11574.99,4812.16,21518.55,2,0,0,100,low
1903,1903,2025-06-22,667,0.6419,0.4968,72.73,19259.22,1814.88,56130.21,4,4,0,100,low
1904,1904,2025-06-29,766,0.3085,0.3,100.0,32012.39,4328.71,22608.56,4,1,1,100,low
1905,1905,2025-06-22,669,0.0074,0,85.0,8908.78,2102.14,166.75,1,2,0,100,low
1906,1906,2025-07-12,658,0.4209,0.3,80.0,22469.02,2403.24,19534.04,4,4,0,100,low
1907,1907,2025-06-16,676,0.2111,0.1,87.5,17319.2,2695.58,11660.23,4,4,0,100,low
1908,1908,2025-06-27,744,0.6925,0.4591,88.89,38341.97,5823.07,60190.98,5,0,1,100,low
1909,1909,2025-07-08,569,0.8166,0.4592,62.5,5426.56,1439.96,43385.14,4,4,0,100,low
1910,1910,2025-06-20,698,0.1353,0.1622,75.0,26488.06,6674.94,10579.88,4,5,0,100,low
1911,1911,2025-06-22,666,0.0669,0,85.0,7078.4,2134.0,1488.78,3,1,0,100,low
1912,1912,2025-06-20,733,0.6836,0.3687,85.0,40234.15,12044.32,138815.97,5,1,0,100,low
1913,1913,2025-06-25,789,0.8217,0.3639,94.74,3625.94,7808.29,95166.69,4,1,0,100,low
1914,1914,2025-06-20,802,0.3718,0.1587,94.12,29205.9,3771.95,45099.8,5,2,1,100,low
1915,1915,2025-06-16,669,0.2428,0.1,83.33,10850.78,1223.94,11441.33,2,4,0,100,low
1916,1916,2025-07-05,727,0.0697,0.1,100.0,18153.99,4157.84,4121.77,3,5,0,100,low
1917,1917,2025-06-19,541,0.3726,0.5,50.0,3942.4,2067.54,7850.61,2,3,0,100,low
1918,1918,2025-07-11,671,0.114,0.3,85.71,11157.88,3129.71,6578.01,4,0,0,100,low
1919,1919,2025-07-13,657,0.1439,0.0491,63.64,30917.49,6421.56,10358.47,4,5,0,100,low
1920,1920,2025-06-23,600,0.0418,0.1,66.67,22218.16,5889.7,2466.77,4,0,0,100,low
1921,1921,2025-07-13,705,0.0485,0.1,100.0,9455.92,2134.22,2637.76,3,4,0,100,low
1922,1922,2025-07-11,709,0.5676,0.5,90.0,27450.0,7224.75,50589.96,4,3,0,100,low
1923,1923,2025-06-27,719,0.388,0.3971,100.0,1290.07,3376.04,21237.51,5,3,1,100,low
1924,1924,2025-07-10,664,0.2399,0.196,72.73,32162.93,2797.02,18906.18,4,4,0,100,low
1925,1925,2025-06-21,743,0.2524,0.2357,93.75,34402.27,4442.39,22610.99,3,1,0,100,low
1926,1926,2025-07-04,633,0.1963,0.1,42.86,66.44,4825.13,16756.78,4,0,2,100,low
1927,1927,2025-06-22,669,0.2434,0.1,80.0,16754.42,2346.25,8359.75,4,1,0,100,low
1928,1928,2025-06-23,700,0.2472,0.2158,93.33,11474.56,1513.27,11848.16,5,5,0,100,low
1929,1929,2025-07-05,722,0.0951,0.1,100.0,16202.43,4666.95,4507.82,4,3,0,100,low
1930,1930,2025-06-20,661,0.2031,0.052,60.0,4931.22,3236.79,15829.85,4,3,0,100,low
1931,1931,2025-07-10,784,0.361,0.187,82.14,35995.22,15733.86,76558.72,7,3,0,100,low
1932,1932,2025-06-27,764,0.3451,0.3531,90.91,25738.55,11134.16,71425.06,4,3,0,100,low
1933,1933,2025-06-19,759,0.4474,0.3,80.0,17086.65,17230.4,89722.93,5,5,0,100,low
1934,1934,2025-07-01,777,0.0594,0.1,100.0,34462.58,720.15,5096.66,2,0,0,100,low
1935,1935,2025-06-22,819,0.266,0.1475,100.0,55769.45,7489.98,35620.5,4,4,0,100,low
1936,1936,2025-07-12,595,0.3264,0.3,50.0,9732.38,1767.8,12164.04,2,4,0,100,low
1937,1937,2025-06-22,710,0.2259,0.1,100.0,15828.56,3864.4,11986.68,4,2,0,100,low
1938,1938,2025-07-09,738,0.3888,0.2429,91.67,16089.17,939.28,31748.25,3,5,0,100,low
1939,1939,2025-07-13,839,0.2368,0.0454,100.0,15022.8,2593.89,28700.86,4,5,1,100,low
1940,1940,2025-06-19,779,0.3812,0.2933,90.0,24445.39,7691.6,48023.78,3,5,0,100,low
1941,1941,2025-07-13,538,0.3386,0.5,60.0,9416.74,2051.28,7263.2,4,1,0,100,low
1942,1942,2025-07-14,617,0.233,0.1,75.0,19685.82,1519.55,12011.95,3,0,0,100,low
1943,1943,2025-07-03,583,0.0565,0.1,60.0,8201.62,2503.51,2122.94,2,5,0,100,low
1944,1944,2025-07-10,740,0.6424,0.3823,81.25,5250.6,3436.49,83703.51,4,2,0,100,low
1945,1945,2025-06-16,725,0.6767,0.4094,90.0,41932.75,2310.9,58831.75,3,2,0,100,low
1946,1946,2025-07-05,665,0.2955,0.3,80.0,8186.81,585.76,13671.62,4,3,0,100,low
1947,1947,2025-06-25,675,0.7715,0.8154,85.71,2812.49,9547.38,96490.55,5,3,1,100,low
1948,1948,2025-07-07,788,0.3814,0.37,91.67,6737.13,8357.75,44492.7,4,0,0,100,low
1949,1949,2025-06-26,709,0.2704,0.3,100.0,7557.54,2803.18,14201.91,4,0,0,100,low
1950,1950,2025-07-01,677,0.2046,0.2266,72.22,12199.39,6809.68,16122.36,5,4,0,100,low
1951,1951,2025-06-21,660,0.0373,0.1,83.33,2704.58,2458.07,1573.79,2,1,0,100,low
1952,1952,2025-07-06,720,0.2289,0.1531,71.43,569.44,4988.2,46680.53,3,4,0,100,low
1953,1953,2025-06-23,809,0.1462,0.1,100.0,18682.49,11068.98,18504.7,5,1,0,100,low
1954,1954,2025-07-03,558,0.3415,0.5,66.67,15096.19,2563.21,13126.84,4,0,0,100,low
1955,1955,2025-07-02,711,0.3427,0.3,71.43,58866.84,7438.1,43062.76,5,0,0,100,low
1956,1956,2025-06-25,808,0.2314,0.2105,93.75,5332.92,10907.34,28640.09,5,0,1,100,low
1957,1957,2025-07-03,728,0.4154,0.2724,88.24,33898.18,1860.28,33801.25,6,3,2,100,low
1958,1958,2025-07-01,509,0.5818,0.8,60.0,7605.66,2913.08,27239.55,4,0,0,100,low
1959,1959,2025-07-09,642,0.2996,0.8,85.71,20152.21,906.96,14354.81,2,5,0,100,low
1960,1960,2025-07-09,755,0.6559,0.4272,93.33,4126.38,9323.97,82394.28,3,1,0,100,low
1961,1961,2025-07-05,709,0.3729,0.36,88.89,40006.7,7976.55,30641.57,5,2,0,100,low
1962,1962,2025-06-29,808,0.4028,0.3367,100.0,45698.79,19998.27,83113.11,5,4,0,100,low
1963,1963,2025-06-16,588,0.7764,0.5,62.5,452.69,2761.18,25509.24,4,3,0,100,low
1964,1964,2025-07-09,593,0.2782,0.3,66.67,12668.61,3380.03,10453.69,3,3,1,100,low
1965,1965,2025-06-17,760,0.1807,0.0385,88.24,4835.13,7647.76,14932.79,5,3,0,100,low
1966,1966,2025-07-10,772,0.0614,0.0,87.5,16520.28,4175.98,5492.42,2,4,1,100,low
1967,1967,2025-07-09,672,0.589,0.6049,90.91,21658.69,7351.21,45223.72,3,2,0,100,low
1968,1968,2025-07-10,693,0.3078,0.5,85.71,19495.47,5053.16,16553.51,4,4,0,100,low
1969,1969,2025-06-25,719,0.133,0.1,100.0,12338.22,2984.53,5999.62,2,4,0,100,low
1970,1970,2025-06-22,528,0.7383,0.95,75.0,26748.1,3989.24,40809.84,3,4,0,100,low
1971,1971,2025-06-30,614,0.1776,0.1,40.0,21414.29,3628.59,9789.95,4,3,0,100,low
1972,1972,2025-07-10,666,0.8413,0.5057,80.0,33033.81,5014.98,61673.81,4,0,0,100,low
1973,1973,2025-07-09,656,0.1164,0.1,33.33,33970.37,3791.5,8944.99,3,1,0,100,low
1974,1974,2025-06-29,731,0.0614,0.1,90.91,4586.37,3674.08,4332.21,3,2,0,100,low
1975,1975,2025-06-19,665,0.1427,0.1,70.0,17330.07,2079.46,10051.05,3,0,0,100,low
1976,1976,2025-07-01,537,0.1785,0.3,33.33,10529.4,1116.58,3782.76,3,1,0,100,low
1977,1977,2025-07-04,643,0.0048,0,85.0,7528.63,2698.4,130.94,1,3,0,100,low
1978,1978,2025-07-06,679,0.2508,0.2571,76.92,33642.07,3465.02,19412.93,5,3,1,100,low
1979,1979,2025-07-02,609,0.2469,0.3,75.0,20824.86,3863.82,10685.08,2,2,0,100,low
1980,1980,2025-07-03,708,0.1931,0.1,87.5,10911.53,3926.68,9542.02,5,3,0,100,low
1981,1981,2025-06-22,802,0.3534,0.1222,100.0,46968.92,6978.41,42560.12,4,1,0,100,low
1982,1982,2025-06-29,543,0.2487,0.8,60.0,17772.9,2107.45,14457.9,2,4,0,100,low
1983,1983,2025-06-16,806,0.7162,0.4521,100.0,11820.69,10604.11,88978.25,5,2,1,100,low
1984,1984,2025-07-09,666,0.2548,0.3,87.5,21996.18,2277.46,12697.08,2,5,0,100,low
1985,1985,2025-06-19,812,0.1916,0.0,100.0,40122.07,2139.62,17013.12,3,4,0,100,low
1986,1986,2025-06-23,789,0.3437,0.2523,90.91,13719.46,3482.51,73760.81,5,1,0,100,low
1987,1987,2025-06-27,728,0.2032,0.1,87.5,41450.99,3620.28,17653.33,2,5,0,100,low
1988,1988,2025-07-10,646,0.1458,0.1,75.0,11748.4,1322.0,4404.68,2,1,0,100,low
1989,1989,2025-06-26,692,0.159,0.0,50.0,24569.24,6013.01,11492.71,2,4,1,100,low
1990,1990,2025-06-22,639,0.4882,0.382,66.67,21835.96,1894.37,35044.39,4,1,0,100,low
1991,1991,2025-06-29,658,0.2739,0.2156,83.33,17024.02,4285.96,13548.94,5,5,0,100,low
1992,1992,2025-07-04,645,0.2373,0.3,75.0,28789.82,1615.37,19310.71,3,1,0,100,low
1993,1993,2025-06-17,713,0.2194,0.3,100.0,13891.38,746.79,10397.7,3,5,0,100,low
1994,1994,2025-06-22,727,0.0684,0.1,80.0,2675.24,3363.73,5950.51,2,4,0,100,low
1995,1995,2025-07-04,650,0.1329,0,85.0,4750.06,832.19,2971.63,1,5,0,100,low
1996,1996,2025-07-09,791,0.304,0.394,91.67,35191.62,7370.73,39361.82,5,5,1,100,low
1997,1997,2025-07-02,739,0.5434,0.6736,100.0,57917.06,6742.4,70016.95,4,2,0,100,low
1998,1998,2025-07-05,820,0.0931,0.1,100.0,42064.31,2646.83,19610.63,3,5,0,100,low
1999,1999,2025-07-06,601,0.4584,0.5,75.0,15855.88,1538.34,24132.11,2,2,0,100,low
2000,2000,2025-07-07,637,0.2883,0.3,62.5,21431.74,5142.04,22030.7,4,5,0,100,low
