member_id,first_name,last_name,email,phone,date_of_birth,address,city,state,zip_code,annual_income,employment_status,member_since,member_status
1,Jessica,Davis,member1@example.com,555-3286,1954-11-01,9035 Pine Rd,Denver,MA,14165,70819,employed,2020-10-03,active
2,Richard,Thompson,member2@example.com,555-9928,1983-04-11,3711 Jackson St,Denver,NC,10851,59726,employed,2024-11-04,active
3,Ashley,Harris,member3@example.com,555-6514,1954-10-23,1619 Madison St,Houston,CO,55082,81149,employed,2023-12-22,active
4,Mark,Williams,member4@example.com,555-5803,2002-01-14,6025 Park Ave,Oklahoma City,IL,16006,35054,employed,2024-04-18,active
5,Robert,Gonzalez,member5@example.com,555-5554,1986-04-26,6077 Cedar Ln,Jacksonville,CO,37460,42614,self_employed,2024-05-06,active
6,William,Moore,member6@example.com,555-5010,1960-04-19,7673 Madison St,Dallas,OH,99733,117339,employed,2022-05-29,active
7,Matthew,Gonzalez,member7@example.com,555-5386,1951-07-30,3556 Lincoln Ave,San Antonio,OK,61856,77505,employed,2025-07-19,active
8,Maria,Moore,member8@example.com,555-5304,1998-01-31,7119 Madison St,Jacksonville,OH,28131,48679,employed,2023-06-12,active
9,William,Sanchez,member9@example.com,555-7916,1999-02-23,1140 Madison St,Fort Worth,TN,79352,73592,employed,2021-12-30,inactive
10,Lisa,Perez,member10@example.com,555-9797,1969-07-30,5673 Elm St,San Jose,MA,30730,115376,employed,2023-02-18,active
11,Amanda,Taylor,member11@example.com,555-2743,2001-09-26,4989 Park Ave,Phoenix,CO,31174,78630,unemployed,2023-08-12,inactive
12,Carolyn,Smith,member12@example.com,555-2832,1978-03-16,5138 First St,Los Angeles,OH,84364,115018,employed,2021-01-11,active
13,Joshua,Harris,member13@example.com,555-3060,1957-02-27,7887 Cedar Ln,Dallas,NV,89507,42267,unemployed,2022-12-17,inactive
14,Helen,Perez,member14@example.com,555-7118,1984-12-10,8579 Jackson St,Houston,OH,39451,121591,employed,2020-12-12,active
15,John,Williams,member15@example.com,555-1964,1966-03-06,1204 Oak Ave,Austin,IL,77391,77540,employed,2021-12-03,active
16,Kenneth,Jackson,member16@example.com,555-8744,1967-06-10,7849 Adams Ave,San Antonio,TX,22704,57669,employed,2024-04-13,active
17,Sarah,Perez,member17@example.com,555-2612,1951-01-29,6696 Lincoln Ave,Houston,OH,35112,55303,self_employed,2021-08-27,active
18,Jessica,Ramirez,member18@example.com,555-2235,1985-05-24,9116 Elm St,Los Angeles,NY,22224,26012,employed,2024-10-24,active
19,Helen,Lewis,member19@example.com,555-1960,1960-05-29,6309 Main St,Fort Worth,NC,69638,55913,employed,2022-03-10,active
20,Carolyn,Jones,member20@example.com,555-4111,1972-04-04,3666 Oak Ave,Denver,CA,51104,213211,employed,2020-11-28,active
21,Andrew,Williams,member21@example.com,555-4044,1951-10-15,9849 Pine Rd,Nashville,OH,62923,57403,employed,2021-04-05,active
22,Frances,Williams,member22@example.com,555-7868,2004-08-12,9662 Lincoln Ave,Dallas,FL,97782,88970,employed,2024-08-08,active
23,Stephanie,Anderson,member23@example.com,555-6180,1952-02-24,252 Jackson St,Washington,TX,19602,44288,employed,2023-08-09,active
24,Jessica,Lopez,member24@example.com,555-5669,1959-10-17,7279 Washington St,Washington,NV,11025,51436,self_employed,2024-05-01,active
25,James,Rodriguez,member25@example.com,555-2891,1955-03-30,9164 Maple Dr,Dallas,IN,89276,43394,self_employed,2021-10-08,active
26,Thomas,Lewis,member26@example.com,555-1832,1953-12-02,7039 Second St,Los Angeles,NY,53719,48650,employed,2024-11-29,active
27,Maria,Thompson,member27@example.com,555-8007,1995-12-17,258 Elm St,Chicago,AZ,81511,200294,employed,2020-10-15,active
28,Michael,Martinez,member28@example.com,555-6974,1949-03-21,5962 Park Ave,Nashville,OH,97416,74852,employed,2021-03-01,active
29,Jennifer,Robinson,member29@example.com,555-4878,1960-03-20,3000 Adams Ave,New York,PA,53540,83316,unemployed,2024-12-22,active
30,Robert,Gonzalez,member30@example.com,555-1634,1987-11-13,3744 Park Ave,Charlotte,CO,50001,123131,employed,2025-03-10,active
31,Helen,Hernandez,member31@example.com,555-5564,1951-11-13,4673 Jefferson Dr,Boston,NV,62386,40775,employed,2024-05-25,inactive
32,Thomas,Garcia,member32@example.com,555-5349,1949-01-26,1876 Adams Ave,Jacksonville,WA,67199,70904,employed,2023-12-27,inactive
33,Michael,Thompson,member33@example.com,555-8144,1945-10-16,8618 Park Ave,Jacksonville,MA,19171,38893,employed,2024-04-24,active
34,Stephanie,Taylor,member34@example.com,555-6067,2005-06-20,6791 Lincoln Ave,Fort Worth,IN,82667,74083,employed,2021-04-20,active
35,Amanda,Martin,member35@example.com,555-5930,1982-01-26,9077 Main St,San Jose,IN,37549,82423,employed,2022-12-31,active
36,Steven,Perez,member36@example.com,555-4501,1991-07-02,7852 Cedar Ln,Nashville,IL,47196,80559,employed,2023-06-24,active
37,Jessica,Perez,member37@example.com,555-6085,1965-10-17,3362 Maple Dr,New York,CA,42092,73060,employed,2023-04-03,active
38,Kenneth,Miller,member38@example.com,555-7291,1989-12-28,6647 First St,Phoenix,NY,23970,84923,employed,2024-12-14,active
39,Maria,Davis,member39@example.com,555-2988,1986-08-04,2284 Jackson St,Nashville,NV,83259,56972,employed,2023-12-05,active
40,Andrew,Wilson,member40@example.com,555-9976,1985-08-23,2707 Monroe Dr,Charlotte,NC,42406,84502,employed,2025-04-19,active
41,Jessica,Rodriguez,member41@example.com,555-8206,1952-08-03,4781 First St,Dallas,WA,51904,87081,employed,2023-08-14,active
42,Ashley,Williams,member42@example.com,555-7797,1982-03-17,5521 Jackson St,Columbus,CA,37110,52551,employed,2025-04-04,active
43,Jane,Ramirez,member43@example.com,555-7232,1988-06-06,196 Jefferson Dr,San Jose,DC,64921,134139,self_employed,2023-08-10,active
44,Carolyn,Davis,member44@example.com,555-5471,1984-09-27,8056 Main St,Fort Worth,WA,97670,89767,self_employed,2024-05-24,active
45,Frances,Moore,member45@example.com,555-1441,1980-12-27,9797 Main St,Chicago,MA,27786,85315,self_employed,2025-06-13,active
46,Rachel,Hernandez,member46@example.com,555-6529,1979-08-27,4658 Adams Ave,Dallas,IL,71644,32422,employed,2020-09-11,active
47,David,Harris,member47@example.com,555-1659,1948-06-03,4151 Park Ave,New York,AZ,41266,31467,employed,2021-04-18,active
48,Thomas,Harris,member48@example.com,555-7043,1960-09-10,1976 Cedar Ln,San Jose,TX,85849,27142,employed,2020-09-24,active
49,Richard,Williams,member49@example.com,555-4978,1954-10-13,5041 Elm St,Denver,CA,55508,82298,employed,2023-07-30,active
50,John,Ramirez,member50@example.com,555-7882,1989-08-13,1829 Adams Ave,Jacksonville,TN,30052,56579,employed,2023-01-11,active
51,Joshua,Harris,member51@example.com,555-8921,1987-05-06,7236 Second St,Austin,OH,21359,78850,employed,2022-02-25,active
52,Mark,Hernandez,member52@example.com,555-1470,1989-12-26,5425 Cedar Ln,Indianapolis,FL,56507,55227,employed,2025-01-22,active
53,Michelle,Moore,member53@example.com,555-1166,1991-12-27,3230 Pine Rd,San Diego,MA,74038,59534,employed,2023-09-14,active
54,Jane,Williams,member54@example.com,555-5820,1965-07-09,6725 First St,San Jose,CO,72031,86083,employed,2023-09-10,active
55,Rachel,Rodriguez,member55@example.com,555-6023,1968-03-11,3877 Elm St,Las Vegas,FL,51359,58035,employed,2021-04-04,active
56,Paul,Rodriguez,member56@example.com,555-9595,1999-03-07,4736 Elm St,San Antonio,IN,39816,201066,employed,2022-08-12,active
57,Michael,Johnson,member57@example.com,555-5786,1956-12-19,8142 Elm St,New York,IN,71524,37502,employed,2023-04-10,active
58,Paul,Brown,member58@example.com,555-2070,1981-08-03,8156 Pine Rd,Denver,CA,29887,41683,employed,2021-06-04,active
59,Lisa,Moore,member59@example.com,555-7818,2000-01-13,9866 First St,San Francisco,DC,69049,117791,unemployed,2023-01-26,active
60,Frances,Johnson,member60@example.com,555-2625,1964-04-12,3557 Second St,Nashville,IL,30585,84051,employed,2021-12-07,active
61,Kevin,Thomas,member61@example.com,555-5771,1948-07-26,3892 Washington St,Oklahoma City,IN,69510,20087,employed,2020-12-26,active
62,Richard,Wilson,member62@example.com,555-2880,1994-06-30,3783 Maple Dr,Dallas,AZ,19359,134326,employed,2020-12-03,active
63,Steven,Brown,member63@example.com,555-8679,2007-06-04,5082 Madison St,Dallas,NV,80776,58651,self_employed,2023-05-11,active
64,Kevin,Rodriguez,member64@example.com,555-1423,1953-10-31,3850 Main St,Nashville,NC,85529,84156,employed,2020-10-24,active
65,Michelle,Garcia,member65@example.com,555-8141,2002-08-03,8156 Pine Rd,Indianapolis,CO,63523,57005,employed,2022-06-16,active
66,Carolyn,Martinez,member66@example.com,555-7561,1994-12-28,701 Jackson St,Chicago,WA,43082,25269,employed,2022-05-27,active
67,John,Perez,member67@example.com,555-9889,1987-02-01,6870 Oak Ave,San Antonio,NV,57419,86862,employed,2024-01-30,active
68,Maria,Jones,member68@example.com,555-5719,1984-12-11,8041 Elm St,New York,OH,30758,71691,employed,2022-05-01,active
69,Lisa,Anderson,member69@example.com,555-2924,2003-10-01,2622 Monroe Dr,Oklahoma City,IN,76698,73054,employed,2024-07-17,active
70,Maria,Jones,member70@example.com,555-7284,1962-09-27,9920 Maple Dr,Chicago,NC,64387,130473,employed,2022-06-30,active
71,Stephanie,Clark,member71@example.com,555-9022,1958-12-21,7416 Monroe Dr,Jacksonville,WA,82340,70084,employed,2024-11-12,active
72,Jessica,Jackson,member72@example.com,555-7274,1966-08-05,6830 Oak Ave,Austin,OK,59968,50544,self_employed,2022-10-02,inactive
73,Michael,Jones,member73@example.com,555-9229,1998-08-03,5539 Elm St,Charlotte,TX,78937,74984,employed,2023-02-24,active
74,Thomas,Hernandez,member74@example.com,555-7512,2003-12-09,1415 Lincoln Ave,Nashville,DC,51505,25058,employed,2024-02-07,active
75,David,Davis,member75@example.com,555-5708,1966-01-18,1580 Adams Ave,Houston,TX,68153,87728,employed,2021-07-09,active
76,Sarah,Martinez,member76@example.com,555-6873,1979-04-08,7156 Maple Dr,San Diego,NV,64008,116507,employed,2023-10-06,active
77,Mark,Martin,member77@example.com,555-4945,1990-04-15,9654 Maple Dr,San Diego,TN,93611,45736,employed,2022-01-05,active
78,Joshua,Garcia,member78@example.com,555-2210,1985-04-08,5761 Washington St,Boston,MA,42780,85245,self_employed,2023-02-24,active
79,Robert,Davis,member79@example.com,555-7248,1996-12-12,5981 Washington St,Oklahoma City,IN,12875,52605,self_employed,2025-03-29,active
80,Sarah,Robinson,member80@example.com,555-9138,1971-04-26,3870 Jefferson Dr,San Diego,FL,91381,58544,self_employed,2021-12-29,active
81,Michael,Martinez,member81@example.com,555-8222,1948-08-19,9595 Jefferson Dr,Las Vegas,AZ,21813,74481,employed,2022-03-30,active
82,Joshua,Lewis,member82@example.com,555-6994,1993-04-06,8321 Second St,Philadelphia,NC,73156,46579,employed,2025-02-09,active
83,David,Jones,member83@example.com,555-4696,2006-04-25,6611 Jefferson Dr,Chicago,DC,11824,118773,employed,2022-01-26,active
84,Elizabeth,Brown,member84@example.com,555-4830,1987-12-09,510 Lincoln Ave,Washington,OH,94889,48590,employed,2020-12-10,active
85,Lisa,Jones,member85@example.com,555-1742,1948-12-23,5086 Monroe Dr,Houston,TX,40775,49902,employed,2025-07-25,active
86,Joshua,Wilson,member86@example.com,555-3531,1982-11-10,1722 Monroe Dr,Washington,MA,46666,52157,employed,2020-10-09,active
87,Elizabeth,Brown,member87@example.com,555-7018,1994-06-27,5976 Oak Ave,Fort Worth,NC,34878,54571,self_employed,2021-04-10,active
88,Kevin,Smith,member88@example.com,555-1828,1975-07-24,4090 Maple Dr,Denver,FL,18992,118003,employed,2025-03-29,active
89,Charles,Hernandez,member89@example.com,555-3417,1999-02-09,146 Second St,Phoenix,AZ,80807,47076,employed,2021-12-29,active
90,Anthony,Sanchez,member90@example.com,555-4898,1998-06-20,5404 Main St,Philadelphia,NC,16868,20844,employed,2021-04-19,active
91,Elizabeth,Taylor,member91@example.com,555-2786,1986-03-11,8354 First St,Washington,CA,96363,72082,employed,2023-07-06,active
92,Paul,Ramirez,member92@example.com,555-7580,1983-11-19,1868 Monroe Dr,Oklahoma City,TN,19632,71020,employed,2021-01-15,active
93,Catherine,Moore,member93@example.com,555-6327,1979-10-24,9887 Washington St,Charlotte,NV,89354,24135,employed,2023-01-01,active
94,Ashley,Wilson,member94@example.com,555-8398,1966-02-20,6879 Lincoln Ave,Charlotte,DC,64524,88066,employed,2024-09-05,active
95,Jennifer,Perez,member95@example.com,555-8770,1951-08-30,1594 Pine Rd,Chicago,MA,22656,48352,employed,2024-10-05,active
96,Maria,Moore,member96@example.com,555-6400,2005-09-30,2102 Adams Ave,Jacksonville,MA,16743,133231,employed,2022-03-15,active
97,Jennifer,Perez,member97@example.com,555-8900,1965-10-04,1873 Jefferson Dr,Seattle,CO,25058,58937,employed,2024-11-11,active
98,Frances,Martin,member98@example.com,555-1430,2000-04-10,4481 Main St,Philadelphia,NC,50499,54061,employed,2022-06-29,active
99,Helen,Williams,member99@example.com,555-3324,2002-06-11,602 Pine Rd,Las Vegas,NV,38197,44694,employed,2022-09-12,active
100,Matthew,Harris,member100@example.com,555-2391,1950-05-11,2649 Cedar Ln,Washington,CA,98338,52125,employed,2021-01-17,active
101,Donald,Rodriguez,member101@example.com,555-4531,1991-08-09,1964 Jefferson Dr,Columbus,TX,47125,85914,employed,2024-05-22,active
102,Helen,Martin,member102@example.com,555-1897,1946-04-30,3449 Washington St,San Antonio,AZ,43491,50106,employed,2022-03-18,active
103,Mark,Moore,member103@example.com,555-4770,1990-07-09,9254 Jefferson Dr,Chicago,DC,15544,34111,employed,2023-01-13,active
104,Kenneth,Gonzalez,member104@example.com,555-7843,1971-08-12,1987 Madison St,New York,WA,32527,125258,employed,2025-01-30,active
105,Robert,Davis,member105@example.com,555-8138,1998-06-21,6660 Pine Rd,Fort Worth,IN,54500,51857,employed,2021-10-30,active
106,Janet,Taylor,member106@example.com,555-4176,1976-12-25,5852 Maple Dr,San Diego,TX,29194,56727,employed,2022-01-09,active
107,Carolyn,Anderson,member107@example.com,555-8354,2006-09-30,9348 Lincoln Ave,Boston,WA,29786,72469,employed,2023-01-20,active
108,Catherine,Johnson,member108@example.com,555-6766,1991-02-26,1315 Washington St,Charlotte,TN,14929,49922,employed,2020-11-27,active
109,Andrew,Gonzalez,member109@example.com,555-8581,1997-09-14,9181 Oak Ave,Charlotte,FL,52143,42958,employed,2023-12-25,active
110,Nicole,Thompson,member110@example.com,555-2381,1990-11-27,2927 Oak Ave,San Diego,TN,67595,42027,employed,2023-07-12,active
111,Mark,Wilson,member111@example.com,555-6543,2006-07-19,9895 Oak Ave,Boston,WA,18639,52217,self_employed,2022-06-09,active
112,Kevin,Ramirez,member112@example.com,555-3463,1975-07-19,1435 Maple Dr,Jacksonville,IN,95990,79310,employed,2024-07-03,active
113,Mark,Lee,member113@example.com,555-6381,1957-02-07,8724 Pine Rd,Boston,MA,76648,22776,employed,2022-08-14,active
114,Carolyn,Miller,member114@example.com,555-4711,1957-12-24,2638 Pine Rd,San Jose,TX,76543,47018,employed,2024-11-28,active
115,Nicole,Lewis,member115@example.com,555-3147,1999-03-22,6272 Maple Dr,Philadelphia,PA,91885,87253,employed,2025-02-14,active
116,Jessica,Anderson,member116@example.com,555-5668,1985-11-30,3933 First St,San Jose,OK,35430,71431,employed,2022-08-26,active
117,Daniel,Harris,member117@example.com,555-7256,1990-10-04,8741 Adams Ave,Philadelphia,FL,89254,84437,employed,2021-05-13,active
118,Maria,Robinson,member118@example.com,555-2680,1991-12-04,2142 Washington St,Chicago,PA,45755,35747,self_employed,2023-02-09,active
119,Charles,Clark,member119@example.com,555-8391,1977-01-01,536 Adams Ave,Los Angeles,DC,75799,34335,employed,2022-09-07,active
120,Matthew,Robinson,member120@example.com,555-2623,2003-12-13,5593 Maple Dr,Phoenix,CA,47601,207285,employed,2025-03-29,active
121,John,Lewis,member121@example.com,555-2298,1947-05-06,4293 Park Ave,Phoenix,NV,65476,130371,employed,2021-03-18,active
122,Donald,Lee,member122@example.com,555-8489,1951-04-11,1916 Monroe Dr,Washington,NY,92831,43992,employed,2023-06-24,active
123,Frances,Lopez,member123@example.com,555-4941,1996-11-01,6925 Cedar Ln,Nashville,IL,78614,79544,employed,2022-08-11,active
124,Andrew,Moore,member124@example.com,555-1333,1980-09-01,7802 Oak Ave,Boston,DC,58929,86624,employed,2022-01-04,active
125,Robert,Harris,member125@example.com,555-6447,1957-08-10,826 Jefferson Dr,Seattle,WA,94252,42213,employed,2021-07-27,active
126,James,Williams,member126@example.com,555-8498,1948-12-15,4907 Park Ave,Los Angeles,FL,15492,85680,employed,2022-05-11,active
127,Michael,Harris,member127@example.com,555-4131,1971-04-23,5948 Oak Ave,Boston,WA,45811,87794,employed,2021-04-14,active
128,Mark,Hernandez,member128@example.com,555-4060,1990-02-26,8251 Jefferson Dr,San Francisco,NC,20828,53107,employed,2024-08-31,active
129,Matthew,Brown,member129@example.com,555-2311,1975-01-22,4943 Washington St,Charlotte,MA,31842,45913,employed,2024-06-15,active
130,Deborah,Rodriguez,member130@example.com,555-1939,1952-05-15,6755 Jefferson Dr,San Francisco,PA,14081,51552,employed,2021-05-22,active
131,David,Davis,member131@example.com,555-7001,1978-02-16,6372 Oak Ave,Washington,AZ,99006,84358,employed,2023-02-10,active
132,Janet,Lopez,member132@example.com,555-7521,1973-11-04,4666 First St,Houston,NY,34385,42519,employed,2023-05-22,active
133,Thomas,Thompson,member133@example.com,555-8311,1964-11-21,4778 Monroe Dr,San Antonio,TX,27790,118858,employed,2025-05-15,active
134,Matthew,Perez,member134@example.com,555-6692,1951-06-19,9111 Washington St,San Jose,PA,93584,54585,unemployed,2021-07-25,active
135,James,Davis,member135@example.com,555-9094,1947-12-31,6012 Jefferson Dr,Charlotte,AZ,90209,73976,unemployed,2025-07-18,active
136,Donald,Clark,member136@example.com,555-2208,1956-11-18,5294 Pine Rd,Charlotte,TN,99143,55684,employed,2023-06-28,active
137,Amanda,Harris,member137@example.com,555-3114,1984-06-14,8338 Oak Ave,Houston,NV,30056,133065,employed,2022-04-17,active
138,Janet,Lewis,member138@example.com,555-5653,1952-09-18,4205 Park Ave,Boston,NC,26406,47388,employed,2024-02-04,active
139,Catherine,Jackson,member139@example.com,555-3526,1960-12-30,5631 Oak Ave,New York,IL,15958,86468,employed,2024-03-08,active
140,Donald,Martin,member140@example.com,555-1496,1990-04-27,9038 Washington St,Boston,IN,73300,46907,employed,2021-12-17,active
141,Sarah,Garcia,member141@example.com,555-8202,1982-12-05,8033 Jackson St,San Antonio,WA,89516,79746,employed,2021-05-24,active
142,James,Harris,member142@example.com,555-7070,1991-11-03,9302 Elm St,Austin,OH,71141,81317,unemployed,2021-04-10,active
143,Mark,Ramirez,member143@example.com,555-7850,1967-11-30,2716 Lincoln Ave,Denver,WA,34881,43172,employed,2024-11-12,active
144,Stephanie,Thomas,member144@example.com,555-1379,1953-09-19,6542 Jackson St,San Diego,FL,86460,210296,employed,2022-07-26,active
145,Paul,Martinez,member145@example.com,555-9793,1946-05-16,1861 Adams Ave,Phoenix,NC,57943,59579,self_employed,2024-11-14,active
146,Richard,Lopez,member146@example.com,555-5728,1952-03-27,6429 Jackson St,Seattle,NC,91689,21676,unemployed,2024-05-27,active
147,Nicole,Moore,member147@example.com,555-6990,1958-08-01,3361 Madison St,San Francisco,CA,15938,23168,employed,2020-10-21,active
148,Jennifer,Martin,member148@example.com,555-9446,1958-03-07,5473 Lincoln Ave,Philadelphia,DC,90805,55523,employed,2024-09-25,active
149,Joshua,Thomas,member149@example.com,555-5911,1988-03-30,372 Jefferson Dr,Austin,TX,64596,86623,employed,2023-11-11,active
150,Thomas,Lee,member150@example.com,555-4728,1950-03-31,9660 Monroe Dr,Philadelphia,NV,92447,115873,employed,2024-08-18,active
151,Jessica,Johnson,member151@example.com,555-2800,1962-10-03,410 Jackson St,Austin,MA,29848,119842,employed,2022-11-26,active
152,Sarah,Thompson,member152@example.com,555-3262,1992-03-04,3497 Lincoln Ave,Nashville,OK,78875,55453,self_employed,2022-09-13,active
153,Anthony,Perez,member153@example.com,555-5331,2000-05-15,8032 Park Ave,San Diego,NC,83149,57469,employed,2022-04-06,active
154,Ashley,Thompson,member154@example.com,555-9011,1974-01-30,7961 Jefferson Dr,Seattle,NC,47721,204752,employed,2021-04-09,active
155,Jennifer,Martinez,member155@example.com,555-1689,1971-06-12,1394 Jefferson Dr,Charlotte,NC,72793,82928,employed,2021-10-15,active
156,James,Brown,member156@example.com,555-4920,1967-05-23,931 First St,Boston,OH,16880,88416,employed,2021-02-24,active
157,James,Smith,member157@example.com,555-3587,1982-02-22,7893 Monroe Dr,Boston,FL,47649,73294,employed,2022-05-22,active
158,Charles,Moore,member158@example.com,555-1611,1961-05-06,6946 Cedar Ln,Los Angeles,DC,74930,22931,unemployed,2021-08-19,active
159,John,Martinez,member159@example.com,555-2758,1975-09-12,4762 Jackson St,Boston,NV,74738,204485,self_employed,2025-07-29,active
160,Lisa,Hernandez,member160@example.com,555-3662,1986-10-23,4315 Cedar Ln,New York,WA,48669,130336,employed,2023-10-09,active
161,Andrew,Hernandez,member161@example.com,555-2421,1981-08-07,1662 Cedar Ln,Phoenix,OK,52415,53287,employed,2021-12-24,active
162,Nicole,Martinez,member162@example.com,555-1187,1969-02-07,5990 First St,Los Angeles,TX,71000,54638,employed,2022-04-23,active
163,Daniel,Lopez,member163@example.com,555-4618,1965-04-19,2288 Monroe Dr,Phoenix,TN,89395,80190,employed,2022-09-07,active
164,Ashley,Harris,member164@example.com,555-5054,2006-09-04,9861 Pine Rd,San Francisco,TN,79228,85428,employed,2024-07-14,active
165,Maria,Lewis,member165@example.com,555-9281,1963-10-11,9483 Maple Dr,Philadelphia,WA,78202,118676,employed,2023-01-24,active
166,Andrew,Anderson,member166@example.com,555-1911,1986-04-27,2261 Adams Ave,Charlotte,CA,83242,59108,employed,2023-03-07,active
167,John,White,member167@example.com,555-4570,1997-07-10,1296 Oak Ave,Columbus,CO,18357,40713,employed,2023-08-16,inactive
168,Paul,Johnson,member168@example.com,555-5703,1982-04-27,3048 Maple Dr,Boston,MA,59081,117261,unemployed,2022-09-25,active
169,Joshua,Jones,member169@example.com,555-6697,1956-04-13,3024 Madison St,San Francisco,AZ,39188,127369,employed,2025-04-08,active
170,Joshua,Wilson,member170@example.com,555-9715,1979-09-01,3862 First St,Charlotte,CO,30332,29776,employed,2022-02-18,active
171,Donald,Martin,member171@example.com,555-1256,1967-03-26,3476 Pine Rd,Houston,CA,68515,118697,employed,2023-12-10,active
172,Helen,Anderson,member172@example.com,555-4839,1994-01-23,3659 Oak Ave,Phoenix,NV,47914,123019,employed,2021-11-25,active
173,Matthew,Davis,member173@example.com,555-5944,1958-06-29,8640 First St,Columbus,IN,46064,80449,employed,2020-12-05,active
174,Deborah,Moore,member174@example.com,555-9120,1949-11-05,5742 Madison St,San Francisco,WA,64568,75738,employed,2022-11-17,active
175,Charles,Martinez,member175@example.com,555-3365,1987-03-07,1044 Adams Ave,Columbus,NV,27575,57626,employed,2022-10-07,active
176,Elizabeth,Williams,member176@example.com,555-9775,1962-09-23,944 Second St,Fort Worth,CA,19539,42590,self_employed,2021-08-23,active
177,Ashley,Ramirez,member177@example.com,555-6455,1972-11-02,351 Park Ave,San Antonio,TX,72773,88312,employed,2021-12-12,active
178,Maria,Hernandez,member178@example.com,555-5637,1979-10-16,7739 Jefferson Dr,San Jose,NC,57139,82996,self_employed,2023-06-19,active
179,Matthew,Robinson,member179@example.com,555-4328,1978-11-24,5226 Adams Ave,Los Angeles,OH,29126,55384,employed,2020-09-05,active
180,Daniel,Jones,member180@example.com,555-4214,1975-03-27,3868 Madison St,Denver,OH,75444,133977,employed,2023-09-04,active
181,Carolyn,White,member181@example.com,555-9037,1986-12-25,2856 Jefferson Dr,Philadelphia,AZ,81636,78432,employed,2023-04-30,active
182,David,Clark,member182@example.com,555-1794,1946-03-19,6856 Maple Dr,Boston,OH,18908,116924,employed,2024-07-21,active
183,Frances,Lee,member183@example.com,555-8916,2004-10-14,8093 Main St,New York,MA,11553,54942,employed,2020-09-06,active
184,Deborah,Sanchez,member184@example.com,555-3937,1955-03-29,1678 Maple Dr,San Diego,FL,91235,49394,employed,2023-07-17,active
185,Helen,Anderson,member185@example.com,555-4984,1965-11-25,5014 Pine Rd,Boston,CA,22255,53005,employed,2022-11-11,active
186,William,Williams,member186@example.com,555-9189,1984-07-26,5527 Elm St,San Francisco,CA,40115,71838,employed,2021-10-09,active
187,Michael,Robinson,member187@example.com,555-2218,2007-01-16,4693 Oak Ave,Philadelphia,WA,12052,88572,employed,2021-10-01,active
188,Stephanie,Garcia,member188@example.com,555-4939,1996-06-24,6475 Lincoln Ave,Fort Worth,AZ,20279,83051,self_employed,2023-05-25,active
189,David,Hernandez,member189@example.com,555-7499,1974-12-02,585 Second St,Charlotte,OK,39902,43200,employed,2022-08-01,active
190,Mark,Williams,member190@example.com,555-5839,1967-10-01,1304 Pine Rd,Dallas,AZ,59807,46086,employed,2024-07-30,active
191,Robert,Williams,member191@example.com,555-1085,1973-04-18,7386 Jefferson Dr,Dallas,TX,27367,52767,employed,2021-01-28,active
192,Robert,Smith,member192@example.com,555-2468,1977-05-23,9180 Pine Rd,Washington,WA,60493,58177,employed,2020-08-28,active
193,Maria,Lewis,member193@example.com,555-4977,1996-12-13,8637 Cedar Ln,Nashville,DC,32216,42775,employed,2021-05-14,active
194,Deborah,Rodriguez,member194@example.com,555-7899,1972-07-13,8033 Pine Rd,Jacksonville,NC,42321,44781,employed,2024-08-18,active
195,James,Martinez,member195@example.com,555-1110,1981-02-20,5543 Madison St,Austin,TN,53874,76407,employed,2023-01-01,active
196,Matthew,Martin,member196@example.com,555-4290,1988-08-12,5247 Cedar Ln,Fort Worth,WA,48200,134477,employed,2024-09-16,active
197,Matthew,Gonzalez,member197@example.com,555-5592,1980-11-21,6080 Elm St,Denver,FL,87624,58870,employed,2023-08-25,active
198,Rachel,Thompson,member198@example.com,555-4434,1984-12-22,4873 Pine Rd,Columbus,OK,28242,70881,self_employed,2024-02-21,active
199,Mark,Williams,member199@example.com,555-8357,1999-04-14,7951 Madison St,Seattle,NV,64827,45050,employed,2023-08-21,active
200,Emily,Brown,member200@example.com,555-5067,2004-08-20,5916 Cedar Ln,Boston,CA,83822,212593,employed,2024-03-16,active
201,Deborah,Brown,member201@example.com,555-1172,1954-06-27,4339 First St,San Francisco,NV,83137,50865,self_employed,2023-11-04,active
202,Catherine,Thompson,member202@example.com,555-9199,1959-03-01,5751 Main St,Indianapolis,TX,48722,52259,employed,2022-12-02,active
203,Nicole,Anderson,member203@example.com,555-4389,1992-05-22,8012 Jefferson Dr,Indianapolis,TX,67431,24642,employed,2024-08-20,active
204,Lisa,Smith,member204@example.com,555-6620,2003-10-09,1891 Cedar Ln,Las Vegas,OH,77632,49839,employed,2021-07-26,active
205,Charles,Sanchez,member205@example.com,555-7636,2002-02-19,3122 Cedar Ln,Boston,MA,61849,53971,self_employed,2020-10-01,active
206,Mark,Smith,member206@example.com,555-4519,1964-02-07,4660 Pine Rd,Denver,TX,80371,129731,employed,2021-08-20,active
207,Carolyn,Taylor,member207@example.com,555-6134,1999-03-13,6467 Madison St,Denver,TX,55603,43734,employed,2022-07-24,active
208,Catherine,Williams,member208@example.com,555-3194,1973-09-26,2031 First St,San Jose,TX,33992,79746,self_employed,2022-09-06,active
209,Kenneth,Gonzalez,member209@example.com,555-7931,1962-04-21,8073 Cedar Ln,Seattle,PA,74178,83704,employed,2022-03-17,active
210,Anthony,Smith,member210@example.com,555-8939,1957-11-20,3296 Madison St,Seattle,NV,95599,54778,employed,2023-05-13,active
211,Emily,Jackson,member211@example.com,555-1505,1965-06-04,4885 Oak Ave,Dallas,OH,80465,54544,employed,2022-03-17,active
212,Lisa,Jackson,member212@example.com,555-2871,1969-09-03,8998 Jefferson Dr,Seattle,CA,67850,56230,employed,2023-08-26,active
213,Michael,Anderson,member213@example.com,555-5305,1976-11-29,1525 Jackson St,Houston,OH,37509,48111,employed,2025-02-18,active
214,William,Martin,member214@example.com,555-3281,1964-03-05,3490 Oak Ave,Denver,CO,79767,89997,employed,2022-03-01,active
215,Michelle,Ramirez,member215@example.com,555-9428,2006-08-01,1660 Maple Dr,Columbus,CA,46349,49589,employed,2025-06-13,active
216,Matthew,Clark,member216@example.com,555-5055,2006-04-22,6534 Monroe Dr,Phoenix,NC,92288,74348,employed,2022-11-29,active
217,Michelle,Thompson,member217@example.com,555-7046,1986-06-07,8096 Lincoln Ave,Denver,NY,22208,23050,employed,2024-09-07,inactive
218,Joshua,Gonzalez,member218@example.com,555-4568,1984-03-08,3570 Monroe Dr,Dallas,WA,47171,81738,self_employed,2022-06-25,active
219,Sarah,Johnson,member219@example.com,555-2631,2001-10-25,7629 Main St,Houston,PA,67840,35903,employed,2023-02-23,active
220,James,Lewis,member220@example.com,555-5945,1959-11-26,4589 Pine Rd,Boston,CO,42819,201629,self_employed,2021-01-18,active
221,Stephanie,White,member221@example.com,555-4836,1984-02-24,1594 Elm St,New York,FL,72496,120423,employed,2021-01-09,active
222,Nicole,Clark,member222@example.com,555-2975,1983-07-12,2265 Monroe Dr,Chicago,OH,60209,54583,employed,2021-02-01,active
223,Stephanie,Jones,member223@example.com,555-7270,1957-08-01,2440 Pine Rd,San Francisco,NY,89995,30267,employed,2024-03-26,active
224,Jennifer,Robinson,member224@example.com,555-7745,2000-11-28,7348 Park Ave,Chicago,TX,28351,46981,employed,2024-10-22,active
225,Matthew,Sanchez,member225@example.com,555-3290,1967-11-14,4637 Pine Rd,San Diego,IN,13515,81519,self_employed,2025-05-05,active
226,Andrew,Miller,member226@example.com,555-7418,1972-02-26,994 First St,Indianapolis,DC,24777,121732,employed,2021-12-09,active
227,John,Lopez,member227@example.com,555-6185,1957-06-24,6437 Adams Ave,Jacksonville,PA,71736,87310,self_employed,2024-11-27,active
228,Michael,Robinson,member228@example.com,555-1990,1981-05-05,8400 Washington St,Boston,NV,64451,70451,employed,2022-12-18,active
229,Jennifer,Rodriguez,member229@example.com,555-2369,1973-06-11,1394 Park Ave,Phoenix,WA,61213,37582,employed,2023-11-17,active
230,Deborah,White,member230@example.com,555-4909,1950-11-01,4105 Pine Rd,Columbus,TX,69424,117166,employed,2024-01-08,active
231,James,Thompson,member231@example.com,555-1185,1960-05-03,8233 Jefferson Dr,San Francisco,NV,43980,45755,employed,2021-07-10,active
232,Lisa,Harris,member232@example.com,555-1480,1975-09-11,7134 Second St,San Francisco,IL,44465,78806,employed,2024-07-31,inactive
233,Elizabeth,Johnson,member233@example.com,555-9185,1996-06-30,2834 Jefferson Dr,Philadelphia,NC,23487,86257,employed,2023-10-22,active
234,John,Davis,member234@example.com,555-1753,1987-12-18,6063 Madison St,Phoenix,PA,14635,36673,employed,2023-09-09,active
235,Jessica,Wilson,member235@example.com,555-6241,1969-12-22,1376 Jefferson Dr,Houston,NV,98254,83741,employed,2020-11-18,active
236,David,Lewis,member236@example.com,555-8620,1970-12-19,5190 Lincoln Ave,Chicago,TN,11044,116504,self_employed,2022-08-28,active
237,Jessica,Anderson,member237@example.com,555-7033,1998-09-21,8183 Park Ave,Las Vegas,OH,29735,79958,employed,2020-08-16,active
238,John,Hernandez,member238@example.com,555-1023,2004-08-10,6264 Washington St,Houston,FL,79443,37745,employed,2021-12-03,active
239,Emily,Johnson,member239@example.com,555-4792,1992-04-08,6867 Jefferson Dr,Charlotte,IL,86122,199665,employed,2021-02-14,active
240,Kenneth,Johnson,member240@example.com,555-8126,2005-01-25,2241 First St,San Jose,NC,51288,82922,employed,2025-01-29,active
241,Michelle,Davis,member241@example.com,555-2223,1963-10-29,2330 Elm St,Phoenix,TX,31544,125690,employed,2023-02-09,active
242,Ashley,Anderson,member242@example.com,555-6051,1987-03-17,4441 Elm St,Chicago,PA,99922,57561,employed,2022-04-18,active
243,Matthew,Jones,member243@example.com,555-2494,1967-11-28,5928 Madison St,San Francisco,CA,98759,71321,employed,2022-04-07,active
244,Steven,Moore,member244@example.com,555-5093,1954-02-19,7670 Elm St,Phoenix,TX,11567,196018,self_employed,2020-12-07,active
245,Helen,Lopez,member245@example.com,555-2376,1997-11-18,9702 Second St,Chicago,NY,18450,199283,employed,2021-09-11,active
246,Nicole,Brown,member246@example.com,555-1699,1986-12-30,929 Cedar Ln,Denver,MA,61773,44220,employed,2023-05-16,active
247,Amanda,Rodriguez,member247@example.com,555-5585,1985-08-26,2535 Oak Ave,Washington,OH,94840,75662,employed,2022-03-30,active
248,Michelle,Gonzalez,member248@example.com,555-3248,1983-04-02,3367 First St,Boston,NY,60134,130696,employed,2024-12-21,active
249,Kenneth,Taylor,member249@example.com,555-6269,1980-06-25,4530 Cedar Ln,New York,WA,88265,55881,employed,2021-10-25,active
250,Paul,Taylor,member250@example.com,555-6856,1998-01-12,3913 Cedar Ln,Houston,OH,96096,124205,employed,2021-12-09,active
251,Charles,Jackson,member251@example.com,555-7363,1977-06-21,2946 Cedar Ln,San Diego,WA,57026,116832,employed,2023-11-27,active
252,Kenneth,Miller,member252@example.com,555-9064,1994-04-11,5163 Cedar Ln,Indianapolis,CA,21830,88600,employed,2020-11-26,active
253,Nicole,Robinson,member253@example.com,555-4300,1957-05-06,5682 Cedar Ln,Austin,CA,12872,57250,employed,2021-06-01,active
254,Elizabeth,Williams,member254@example.com,555-7120,2005-01-15,6581 Elm St,Austin,IN,52284,118634,employed,2021-05-09,inactive
255,Carolyn,Lee,member255@example.com,555-6198,1961-04-08,9307 Jefferson Dr,San Diego,PA,59595,84315,employed,2022-04-23,active
256,Kenneth,Gonzalez,member256@example.com,555-1530,1961-12-22,9969 Lincoln Ave,Washington,OH,93839,45823,employed,2023-10-05,active
257,Jessica,Lopez,member257@example.com,555-6234,1960-09-13,1553 Lincoln Ave,Charlotte,NY,44761,50851,employed,2021-10-06,active
258,John,Johnson,member258@example.com,555-7323,1984-12-14,6975 Cedar Ln,Columbus,OK,59638,28410,unemployed,2022-07-23,active
259,Kenneth,Lee,member259@example.com,555-4695,1960-03-25,7493 Pine Rd,Los Angeles,IN,12631,35711,employed,2022-05-17,active
260,Mark,Garcia,member260@example.com,555-2228,1994-09-19,1625 Lincoln Ave,Washington,OK,14062,31200,employed,2023-01-03,active
261,Robert,Hernandez,member261@example.com,555-4367,1962-09-07,6805 Second St,Nashville,IN,48980,54227,employed,2021-12-02,active
262,Jennifer,Johnson,member262@example.com,555-6911,1945-12-25,7105 Pine Rd,San Jose,OK,36171,58011,employed,2021-02-17,active
263,Paul,Ramirez,member263@example.com,555-2892,1973-04-21,6612 Monroe Dr,Indianapolis,NC,21945,49562,unemployed,2024-03-09,active
264,Steven,Johnson,member264@example.com,555-5313,1985-02-02,7719 Second St,San Diego,NC,83956,52499,employed,2020-12-07,active
265,Anthony,Sanchez,member265@example.com,555-9871,1982-10-12,9762 First St,Seattle,CA,60738,73168,employed,2025-03-06,active
266,Jessica,Thomas,member266@example.com,555-5896,1952-09-21,6568 Oak Ave,San Francisco,NV,84905,210559,employed,2024-05-21,inactive
267,William,Miller,member267@example.com,555-4157,1956-12-16,799 Adams Ave,Chicago,MA,36465,34714,employed,2025-03-14,active
268,David,Williams,member268@example.com,555-7358,1995-07-21,6610 Lincoln Ave,Dallas,NV,70051,123450,employed,2025-06-26,active
269,Donald,Brown,member269@example.com,555-7790,1959-01-24,2528 Elm St,Houston,TX,47498,89253,employed,2025-06-14,active
270,Carolyn,Jackson,member270@example.com,555-8750,1948-12-31,2921 Second St,Fort Worth,AZ,91034,53464,employed,2024-01-01,active
271,Nicole,Thompson,member271@example.com,555-4892,1950-01-23,7885 Second St,Jacksonville,NY,54284,52969,self_employed,2025-03-04,active
272,Robert,Ramirez,member272@example.com,555-4734,1957-09-11,5023 Jackson St,Austin,NC,64627,56109,self_employed,2023-12-24,active
273,Donald,White,member273@example.com,555-8937,1991-12-23,6226 Oak Ave,San Francisco,PA,18600,46926,self_employed,2022-05-02,active
274,Jane,Garcia,member274@example.com,555-4158,1963-08-25,1044 First St,Los Angeles,TN,16626,57179,self_employed,2022-08-11,active
275,Lisa,Perez,member275@example.com,555-1500,1967-05-06,6202 Monroe Dr,Washington,TN,33276,55211,employed,2025-06-20,active
276,Thomas,White,member276@example.com,555-2480,1971-03-20,549 Madison St,Los Angeles,PA,85007,81280,employed,2024-12-17,inactive
277,Michelle,Lee,member277@example.com,555-7709,1991-09-09,428 Main St,Indianapolis,AZ,94852,122376,employed,2021-07-23,active
278,Stephanie,Thompson,member278@example.com,555-5511,1983-08-30,6268 Jefferson Dr,Charlotte,NC,38601,28270,unemployed,2023-03-16,active
279,John,Taylor,member279@example.com,555-7131,1996-01-04,9828 Washington St,San Jose,TX,73142,83013,employed,2020-12-11,active
280,Thomas,Lee,member280@example.com,555-5895,1962-07-16,2556 First St,Los Angeles,DC,96577,50654,self_employed,2022-05-19,active
281,Thomas,Robinson,member281@example.com,555-7857,1981-12-08,6461 Oak Ave,Denver,FL,54979,86297,unemployed,2024-08-29,active
282,Anthony,Taylor,member282@example.com,555-5918,1960-11-21,9246 Cedar Ln,San Jose,TX,71706,85588,self_employed,2021-04-22,active
283,Amanda,Perez,member283@example.com,555-6499,2004-05-08,1563 First St,Jacksonville,OH,50250,88318,employed,2022-12-12,active
284,Rachel,Ramirez,member284@example.com,555-2929,1987-11-08,979 Pine Rd,Indianapolis,FL,75598,48538,employed,2021-04-05,active
285,Jennifer,Jones,member285@example.com,555-4281,1976-05-19,6804 Jackson St,Phoenix,WA,33639,49776,employed,2024-12-15,active
286,Sarah,Smith,member286@example.com,555-8406,1970-03-06,3530 Cedar Ln,Denver,PA,74169,45794,employed,2024-12-28,active
287,Helen,Wilson,member287@example.com,555-8821,1980-01-11,176 Oak Ave,Seattle,FL,58903,34211,employed,2020-08-31,active
288,John,Lee,member288@example.com,555-5076,1965-12-09,5741 Washington St,Phoenix,TX,60272,87400,employed,2023-05-30,active
289,Daniel,Anderson,member289@example.com,555-9524,1999-02-21,8687 Lincoln Ave,Columbus,AZ,54922,41498,employed,2023-05-03,active
290,Charles,White,member290@example.com,555-3149,1964-08-02,459 Cedar Ln,Houston,CO,95267,53218,employed,2025-01-11,active
291,Frances,Johnson,member291@example.com,555-1785,2005-01-10,1871 Main St,Los Angeles,TX,64627,123381,employed,2023-01-29,active
292,Ashley,Thompson,member292@example.com,555-1152,1972-08-26,6995 Elm St,Nashville,NV,45386,85545,employed,2024-01-30,active
293,Frances,Brown,member293@example.com,555-5631,1955-11-13,1841 Monroe Dr,San Antonio,FL,44471,23437,unemployed,2025-04-01,active
294,Michael,Moore,member294@example.com,555-9132,1964-04-09,7975 Lincoln Ave,San Diego,NY,11671,53426,employed,2024-05-09,active
295,Jennifer,Williams,member295@example.com,555-9383,1952-05-16,1759 Second St,Boston,OH,69867,38813,employed,2022-04-01,active
296,Daniel,Lopez,member296@example.com,555-6123,1983-11-10,1998 Elm St,Los Angeles,NY,28139,25724,self_employed,2024-04-22,active
297,Michelle,Lewis,member297@example.com,555-2522,1979-01-26,5715 Cedar Ln,Houston,DC,62461,54343,self_employed,2023-02-23,active
298,William,Brown,member298@example.com,555-3171,1950-11-25,2711 Elm St,Columbus,OK,84572,55671,employed,2024-05-23,active
299,James,Thomas,member299@example.com,555-8997,1955-10-09,6838 Jackson St,Los Angeles,IL,44290,81750,employed,2024-04-05,active
300,Kenneth,White,member300@example.com,555-4669,2005-09-25,5642 Elm St,Columbus,OH,73167,87197,employed,2022-07-12,active
301,Maria,Lewis,member301@example.com,555-1894,1946-09-07,2671 Monroe Dr,Indianapolis,PA,19812,74871,employed,2024-10-19,active
302,Charles,Moore,member302@example.com,555-7203,1981-10-26,3950 Pine Rd,Charlotte,TN,85108,49114,employed,2023-02-06,active
303,Carolyn,White,member303@example.com,555-1291,1954-11-06,6709 Adams Ave,Los Angeles,NY,21913,50356,employed,2025-01-10,active
304,Maria,Miller,member304@example.com,555-8474,1976-03-21,6053 Oak Ave,San Diego,TN,53512,79981,self_employed,2023-09-24,active
305,Lisa,Brown,member305@example.com,555-4633,1945-11-01,5692 Jefferson Dr,Boston,IN,81786,81904,employed,2023-07-08,active
306,Donald,Brown,member306@example.com,555-5166,2000-06-10,3309 Park Ave,Houston,DC,38257,25379,employed,2023-02-25,active
307,Donald,Johnson,member307@example.com,555-3018,1986-01-21,7593 Maple Dr,Indianapolis,NY,79515,51073,employed,2024-09-18,active
308,Andrew,Harris,member308@example.com,555-3903,1997-07-18,2945 Maple Dr,Houston,DC,96182,134173,employed,2023-12-15,active
309,Kevin,Robinson,member309@example.com,555-5067,1970-03-09,6618 Lincoln Ave,San Jose,TN,27481,52604,employed,2021-05-12,active
310,Maria,Ramirez,member310@example.com,555-6143,1995-04-21,3660 Park Ave,San Antonio,IN,99995,86786,employed,2022-07-11,active
311,Matthew,Thompson,member311@example.com,555-2890,1977-03-29,9312 Monroe Dr,Denver,MA,98374,25826,unemployed,2024-10-12,active
312,Janet,Brown,member312@example.com,555-1414,1979-10-23,2481 Oak Ave,Nashville,CA,36201,83840,employed,2022-01-31,active
313,Jennifer,Clark,member313@example.com,555-2016,2007-08-06,4935 Park Ave,Seattle,CA,57013,49391,employed,2025-02-25,active
314,Maria,Gonzalez,member314@example.com,555-4892,1991-06-23,4812 Oak Ave,Fort Worth,DC,64600,88411,self_employed,2025-01-03,inactive
315,Thomas,Miller,member315@example.com,555-8259,1965-11-15,6125 Park Ave,Las Vegas,FL,48558,58092,employed,2023-02-08,active
316,Andrew,Brown,member316@example.com,555-7180,1949-04-14,7120 Second St,Seattle,NC,27048,76126,self_employed,2021-06-28,active
317,Jennifer,Johnson,member317@example.com,555-3518,1974-08-01,9879 Oak Ave,Boston,IN,74297,50831,employed,2025-01-06,active
318,Amanda,Taylor,member318@example.com,555-2117,1990-12-16,2711 Adams Ave,Seattle,DC,22051,50415,employed,2022-07-19,active
319,Daniel,Miller,member319@example.com,555-9691,1988-03-29,9296 Main St,Houston,CO,68414,50875,employed,2021-12-08,active
320,Matthew,Gonzalez,member320@example.com,555-2857,1980-04-04,4303 Washington St,New York,NV,59146,77989,self_employed,2023-06-22,active
321,Richard,Hernandez,member321@example.com,555-9419,1953-01-10,1672 Cedar Ln,Seattle,NY,92173,41436,employed,2020-12-15,active
322,Deborah,Clark,member322@example.com,555-2702,1964-01-31,8910 Adams Ave,Boston,IL,99921,76985,self_employed,2021-06-13,active
323,Sarah,Garcia,member323@example.com,555-5127,1995-09-16,1254 First St,Dallas,MA,60860,71241,employed,2023-02-12,active
324,Lisa,Moore,member324@example.com,555-1096,2003-03-09,1136 Oak Ave,Oklahoma City,IL,56884,40553,employed,2023-05-29,active
325,Daniel,Harris,member325@example.com,555-8170,1979-11-10,6573 Main St,Indianapolis,PA,79922,79874,employed,2021-10-27,active
326,Jennifer,Martinez,member326@example.com,555-7113,1946-08-22,9168 Maple Dr,Houston,CA,10659,57882,employed,2023-10-19,active
327,Anthony,Miller,member327@example.com,555-7760,2003-08-03,8497 Maple Dr,Philadelphia,PA,38939,72789,employed,2024-01-18,active
328,Kenneth,Ramirez,member328@example.com,555-1891,1994-11-17,7657 Pine Rd,San Jose,IL,42858,45942,employed,2021-02-20,active
329,Jessica,Brown,member329@example.com,555-5671,2001-03-21,1243 Park Ave,Austin,OK,69067,80841,employed,2022-06-06,active
330,Kenneth,Lopez,member330@example.com,555-6182,1984-01-24,2862 Main St,Austin,OH,39035,59142,employed,2024-07-31,active
331,Nicole,Lewis,member331@example.com,555-8863,1987-03-01,7396 Jefferson Dr,San Jose,OK,82308,51779,employed,2021-03-13,active
332,James,Lewis,member332@example.com,555-9824,1963-04-06,4412 Pine Rd,Las Vegas,IL,12441,79195,self_employed,2025-05-08,active
333,Catherine,Miller,member333@example.com,555-1600,1995-02-15,4369 Monroe Dr,Boston,AZ,57948,39067,employed,2022-10-15,active
334,Andrew,Taylor,member334@example.com,555-2483,1981-03-27,6061 Main St,Nashville,OH,90482,79535,employed,2024-06-04,active
335,Kenneth,Jackson,member335@example.com,555-3395,1989-01-06,5978 Oak Ave,San Diego,OK,40375,84621,employed,2020-12-09,active
336,Elizabeth,Gonzalez,member336@example.com,555-8695,1986-06-05,860 Oak Ave,Boston,WA,23529,46775,employed,2024-07-14,inactive
337,Thomas,Jackson,member337@example.com,555-9918,1996-10-16,2948 Madison St,Boston,DC,57880,78961,employed,2023-11-19,active
338,Charles,Taylor,member338@example.com,555-7649,1977-04-19,5753 Monroe Dr,Indianapolis,NY,75776,131930,employed,2025-07-14,active
339,Michelle,Miller,member339@example.com,555-3461,1962-05-29,2678 Jefferson Dr,Washington,TX,96652,42526,employed,2021-11-17,active
340,Paul,Thomas,member340@example.com,555-4452,1998-08-23,2741 Adams Ave,New York,OH,15655,43713,employed,2021-04-21,active
341,Kenneth,Jones,member341@example.com,555-1916,1960-07-24,4331 Cedar Ln,San Francisco,DC,88558,56798,employed,2023-10-01,active
342,Ashley,Anderson,member342@example.com,555-8723,1988-11-07,2894 First St,Columbus,AZ,86368,124288,self_employed,2025-03-10,active
343,Nicole,Robinson,member343@example.com,555-8429,1999-02-27,9776 Pine Rd,San Diego,DC,60523,86738,employed,2021-04-30,active
344,Jennifer,Martin,member344@example.com,555-2577,1961-07-22,7896 Oak Ave,Seattle,NV,25403,56526,employed,2021-02-09,active
345,John,Lewis,member345@example.com,555-8069,1992-06-22,6992 Jefferson Dr,Los Angeles,NV,66224,39774,employed,2021-11-15,active
346,Kenneth,Brown,member346@example.com,555-7971,1957-08-26,4270 Monroe Dr,San Diego,IL,47128,52492,employed,2023-12-11,active
347,John,Jackson,member347@example.com,555-9561,1956-03-18,8615 Main St,Fort Worth,FL,51405,46193,employed,2022-11-18,active
348,Joshua,Wilson,member348@example.com,555-6990,2000-07-14,4614 Madison St,San Antonio,MA,82365,59181,employed,2024-12-25,active
349,Thomas,Martinez,member349@example.com,555-6641,1981-05-10,2362 Elm St,Las Vegas,OH,68536,58320,employed,2024-12-23,active
350,Nicole,Sanchez,member350@example.com,555-1852,1960-01-23,6475 Main St,Chicago,AZ,71822,47027,employed,2023-12-15,active
351,Kevin,Johnson,member351@example.com,555-7296,1981-08-01,8636 Washington St,Oklahoma City,CA,32973,27266,employed,2024-03-06,active
352,Michael,Sanchez,member352@example.com,555-9364,1991-12-01,3895 Cedar Ln,Nashville,CA,57151,36978,employed,2021-12-05,active
353,Helen,Lopez,member353@example.com,555-7474,1982-01-05,9702 Park Ave,San Francisco,NY,18993,197845,self_employed,2021-02-03,active
354,Anthony,Lopez,member354@example.com,555-5530,1965-12-10,3287 Jackson St,Fort Worth,NY,44223,88321,self_employed,2021-07-27,active
355,Nicole,Brown,member355@example.com,555-9409,1968-10-04,8913 Second St,Oklahoma City,TN,59424,22371,unemployed,2023-09-30,active
356,Rachel,Perez,member356@example.com,555-8548,1998-04-15,548 Monroe Dr,Houston,NC,18854,51130,self_employed,2022-09-25,active
357,Donald,Lopez,member357@example.com,555-9462,1993-09-11,259 Second St,San Diego,IN,22190,202534,self_employed,2022-10-29,active
358,Amanda,Thomas,member358@example.com,555-6142,1977-05-10,3680 Second St,Philadelphia,FL,75404,117491,employed,2024-09-20,active
359,Richard,Clark,member359@example.com,555-5091,2001-02-19,5933 Maple Dr,Houston,TX,20287,78696,employed,2024-05-18,inactive
360,Joshua,Johnson,member360@example.com,555-8901,1978-12-10,5267 Monroe Dr,Denver,NC,74330,40217,employed,2021-08-12,inactive
361,Kenneth,Jones,member361@example.com,555-1887,1992-10-21,7033 Monroe Dr,Seattle,CA,75860,124183,employed,2022-07-15,active
362,Lisa,Thompson,member362@example.com,555-9490,1986-11-30,5271 Main St,New York,FL,59732,75727,employed,2023-11-05,active
363,Thomas,Davis,member363@example.com,555-5413,1987-12-05,5721 Jefferson Dr,Philadelphia,OK,65567,48509,employed,2021-10-08,active
364,Michelle,Anderson,member364@example.com,555-3947,1996-11-25,2248 First St,Houston,NC,40907,81962,self_employed,2023-09-14,active
365,Jennifer,Thomas,member365@example.com,555-1159,1961-06-26,7006 Monroe Dr,Phoenix,NV,79990,44779,employed,2024-08-17,active
366,Kenneth,Johnson,member366@example.com,555-7527,1954-07-09,2776 Oak Ave,San Antonio,NC,72460,48223,employed,2025-04-17,active
367,Elizabeth,Moore,member367@example.com,555-5222,1976-07-06,424 Adams Ave,Houston,CO,99074,50966,employed,2023-12-26,active
368,Daniel,Lopez,member368@example.com,555-6326,2006-01-13,8463 Monroe Dr,Las Vegas,TN,20277,87643,employed,2022-09-22,active
369,Nicole,Wilson,member369@example.com,555-7631,1952-01-15,1396 Cedar Ln,Austin,OH,51088,44746,self_employed,2022-05-13,active
370,Michelle,Lewis,member370@example.com,555-8289,1978-03-22,9716 Jackson St,Columbus,PA,34102,89837,employed,2025-05-18,active
371,Emily,Miller,member371@example.com,555-3734,1981-04-05,1787 Elm St,Chicago,OK,81884,78245,self_employed,2020-11-21,active
372,Frances,Jones,member372@example.com,555-2381,2004-05-21,6487 Washington St,San Diego,OH,47247,42727,employed,2023-01-27,active
373,Anthony,Ramirez,member373@example.com,555-6328,1988-05-10,7754 Second St,Seattle,TN,27709,25590,employed,2024-07-01,active
374,Kenneth,Wilson,member374@example.com,555-9576,2003-01-14,8845 Washington St,Jacksonville,OK,80735,84960,employed,2021-11-11,active
375,Jennifer,Martinez,member375@example.com,555-1172,1945-08-25,8674 Maple Dr,Jacksonville,IN,71498,51985,employed,2023-08-03,active
376,Deborah,Sanchez,member376@example.com,555-5799,1999-03-14,3888 Main St,Seattle,CO,34716,130632,employed,2022-11-24,active
377,Mark,Clark,member377@example.com,555-7199,1965-06-06,4408 Pine Rd,Columbus,OH,77713,48188,employed,2024-11-15,active
378,Joshua,Sanchez,member378@example.com,555-5404,1982-09-07,3180 Pine Rd,Philadelphia,AZ,47957,78908,employed,2021-03-17,active
379,Carolyn,Miller,member379@example.com,555-6253,1947-05-19,2592 Oak Ave,Seattle,NY,34371,78917,employed,2021-02-28,active
380,Charles,Williams,member380@example.com,555-3468,1946-12-17,8186 Park Ave,Austin,MA,50838,34366,employed,2024-12-29,active
381,Michael,Hernandez,member381@example.com,555-2314,1958-09-30,1018 Second St,Fort Worth,IL,81197,210194,employed,2023-03-23,active
382,John,Brown,member382@example.com,555-5078,1980-02-29,7357 First St,Las Vegas,CA,36106,123194,employed,2023-03-04,active
383,Stephanie,Robinson,member383@example.com,555-6293,1959-11-14,791 Elm St,Dallas,OK,93692,26830,employed,2022-04-06,active
384,Jessica,Lee,member384@example.com,555-8113,1974-10-02,346 Cedar Ln,Dallas,TX,61879,122136,unemployed,2025-01-05,active
385,Paul,Thompson,member385@example.com,555-3539,1978-12-16,1566 First St,Philadelphia,OK,21980,214040,employed,2024-06-07,active
386,Jennifer,Thompson,member386@example.com,555-9787,1955-04-11,2161 Monroe Dr,San Diego,WA,83184,116967,employed,2025-01-03,active
387,Jane,Thompson,member387@example.com,555-7189,1977-10-09,2307 Second St,Los Angeles,OK,67344,54375,employed,2023-09-21,active
388,Joshua,Lopez,member388@example.com,555-6303,1987-08-30,4610 Cedar Ln,Chicago,NV,30319,76218,employed,2023-02-09,active
389,Andrew,Gonzalez,member389@example.com,555-4039,1947-04-27,6065 First St,Austin,IL,96283,52029,employed,2023-08-11,active
390,Jennifer,Martin,member390@example.com,555-5638,1974-07-31,6814 Lincoln Ave,Houston,TX,78576,56303,employed,2024-04-13,active
391,Michael,Miller,member391@example.com,555-2753,1989-03-08,3239 Elm St,Los Angeles,DC,96235,119252,employed,2023-05-03,active
392,Charles,Martin,member392@example.com,555-2161,1946-10-24,3519 Monroe Dr,Chicago,TN,93744,78386,employed,2020-12-05,active
393,Sarah,Clark,member393@example.com,555-5355,1993-02-05,766 Pine Rd,San Jose,IL,38298,83629,employed,2023-07-02,active
394,Richard,Taylor,member394@example.com,555-5075,1996-10-11,3031 Adams Ave,Las Vegas,TX,93705,87421,employed,2023-10-27,active
395,William,Sanchez,member395@example.com,555-3955,1994-12-24,6679 Lincoln Ave,Nashville,PA,79979,53994,self_employed,2023-12-14,active
396,Matthew,Ramirez,member396@example.com,555-7090,1982-08-19,7154 Lincoln Ave,Washington,OH,83812,50326,employed,2023-08-25,active
397,Steven,Anderson,member397@example.com,555-7505,1945-08-28,667 Washington St,Washington,NY,77844,78325,employed,2021-05-06,inactive
398,Ashley,Ramirez,member398@example.com,555-6159,1947-08-03,4621 Maple Dr,Houston,CA,70341,49841,unemployed,2022-08-01,active
399,Thomas,Sanchez,member399@example.com,555-5920,1953-11-19,9446 Madison St,Denver,FL,20118,59076,employed,2024-08-23,active
400,Kenneth,Clark,member400@example.com,555-2562,1999-01-15,5021 Oak Ave,Las Vegas,DC,20286,55999,employed,2024-12-17,active
401,Deborah,Wilson,member401@example.com,555-2974,1965-12-24,9968 Main St,Boston,DC,17094,81400,self_employed,2022-04-19,active
402,Andrew,Thompson,member402@example.com,555-4617,1959-05-20,927 Madison St,Charlotte,NV,21807,58511,employed,2021-10-31,active
403,Emily,Thomas,member403@example.com,555-1807,1994-10-25,6640 Second St,Chicago,DC,75774,74850,employed,2023-01-09,active
404,Richard,Thomas,member404@example.com,555-7476,2004-02-26,9460 Park Ave,Seattle,NV,42275,24419,employed,2021-12-12,active
405,Kenneth,Williams,member405@example.com,555-2843,2005-11-26,6876 Adams Ave,Jacksonville,CO,34967,80597,employed,2022-05-21,active
406,Anthony,Martin,member406@example.com,555-8245,2001-07-19,2489 Jackson St,Los Angeles,OH,36173,79988,employed,2024-06-06,active
407,Sarah,Davis,member407@example.com,555-3419,1971-06-13,325 Lincoln Ave,Oklahoma City,TX,49992,72811,employed,2023-02-10,active
408,Joshua,Taylor,member408@example.com,555-5237,1994-11-16,8013 Maple Dr,Oklahoma City,NY,59362,57629,employed,2023-11-09,active
409,Daniel,Miller,member409@example.com,555-5444,1950-05-27,7717 Main St,Chicago,DC,96556,78370,employed,2022-02-09,active
410,Jane,Martinez,member410@example.com,555-7332,1966-05-18,6337 Elm St,Austin,OK,88263,126803,self_employed,2023-07-27,active
411,Jane,Johnson,member411@example.com,555-5053,1993-02-18,5095 Lincoln Ave,Indianapolis,DC,30578,55007,employed,2020-09-09,active
412,Andrew,Rodriguez,member412@example.com,555-2015,2001-10-12,4321 Madison St,New York,NC,39567,49906,employed,2021-06-09,active
413,Mark,Taylor,member413@example.com,555-4726,1983-01-30,4038 Maple Dr,Columbus,IN,89346,44497,employed,2022-06-08,active
414,Richard,Ramirez,member414@example.com,555-3262,1973-05-12,8682 Maple Dr,Columbus,AZ,96013,24540,unemployed,2023-10-03,active
415,Lisa,Garcia,member415@example.com,555-6203,1958-09-11,583 Lincoln Ave,Columbus,MA,49760,58262,employed,2023-01-27,active
416,Richard,Brown,member416@example.com,555-3155,1962-03-19,529 Second St,Washington,OH,88166,123971,employed,2021-11-21,active
417,Paul,Jones,member417@example.com,555-9230,1999-11-22,7780 Jefferson Dr,Philadelphia,DC,74414,22604,unemployed,2023-03-31,active
418,John,Robinson,member418@example.com,555-5421,1982-09-11,3746 Park Ave,San Antonio,IL,33209,41056,employed,2023-01-19,active
419,Jessica,Wilson,member419@example.com,555-7633,1949-05-23,6332 Lincoln Ave,Fort Worth,NV,94068,50646,self_employed,2025-07-01,active
420,Michael,Lewis,member420@example.com,555-5025,1992-03-04,8912 Madison St,Las Vegas,CA,83098,23582,employed,2022-10-05,active
421,Steven,Gonzalez,member421@example.com,555-5989,1971-04-16,7658 Cedar Ln,Columbus,IN,90364,71615,employed,2020-11-22,active
422,Steven,Williams,member422@example.com,555-9202,1955-10-17,3045 Maple Dr,Fort Worth,MA,52396,130190,employed,2023-02-12,active
423,Emily,Rodriguez,member423@example.com,555-6309,2003-10-29,2786 Elm St,Chicago,TX,68903,46616,self_employed,2024-02-22,active
424,Andrew,Martin,member424@example.com,555-3619,1979-08-12,9116 Madison St,Los Angeles,PA,53934,82585,employed,2023-10-05,active
425,Amanda,Harris,member425@example.com,555-1840,1983-04-13,5147 Washington St,Las Vegas,TN,47851,120312,self_employed,2024-02-06,active
426,Thomas,Smith,member426@example.com,555-8514,1990-04-14,8269 Main St,Washington,OK,41179,121647,employed,2021-10-21,active
427,Kevin,Martin,member427@example.com,555-1107,1967-08-05,9067 Second St,Washington,FL,16411,53439,employed,2021-08-16,active
428,Michael,Perez,member428@example.com,555-5889,1975-05-06,1536 Oak Ave,Houston,MA,33363,71203,employed,2021-06-29,active
429,Maria,Garcia,member429@example.com,555-8460,1997-07-31,6001 Oak Ave,Chicago,IN,52312,89495,employed,2022-08-27,active
430,David,Martinez,member430@example.com,555-8713,1957-09-16,2099 Second St,Austin,NV,64232,129002,employed,2023-07-13,active
431,Janet,Williams,member431@example.com,555-8924,2007-06-03,4805 Adams Ave,Washington,WA,44034,41906,employed,2023-07-15,active
432,Carolyn,Taylor,member432@example.com,555-9154,1989-10-28,3047 First St,Oklahoma City,IN,35369,74250,employed,2020-08-06,active
433,Ashley,Sanchez,member433@example.com,555-7793,1982-10-14,845 Lincoln Ave,Jacksonville,FL,11480,43864,employed,2024-03-06,active
434,Andrew,Moore,member434@example.com,555-6307,1946-03-10,1965 Lincoln Ave,Austin,DC,84569,42222,employed,2024-01-16,inactive
435,Nicole,Robinson,member435@example.com,555-8849,1988-03-17,682 Maple Dr,Indianapolis,AZ,92208,121357,employed,2023-03-04,active
436,Donald,Robinson,member436@example.com,555-1917,1992-05-21,5004 Lincoln Ave,Seattle,NY,37297,80980,employed,2023-10-29,active
437,Jennifer,Rodriguez,member437@example.com,555-1510,1976-01-25,6247 Cedar Ln,Denver,DC,34560,81586,employed,2023-12-04,active
438,Matthew,Thompson,member438@example.com,555-1518,1969-12-30,6880 Pine Rd,Indianapolis,OH,58704,80101,employed,2023-02-14,active
439,Lisa,Lopez,member439@example.com,555-1612,1963-10-09,1617 Jackson St,San Francisco,NY,73263,57206,employed,2023-05-24,active
440,Janet,Martinez,member440@example.com,555-6363,1958-06-30,1709 Maple Dr,San Antonio,CA,70210,55842,employed,2022-10-05,active
441,Michael,Perez,member441@example.com,555-2426,1975-07-17,7749 Oak Ave,Houston,NV,96374,70134,employed,2024-10-07,active
442,Ashley,Hernandez,member442@example.com,555-4285,1962-11-30,4795 Second St,Seattle,WA,67817,80228,employed,2024-05-08,active
443,Frances,Moore,member443@example.com,555-9422,1954-10-28,3484 Jefferson Dr,Seattle,WA,45527,28966,employed,2021-05-19,active
444,David,Martinez,member444@example.com,555-6549,1994-02-19,7368 Oak Ave,Phoenix,NY,71700,133811,employed,2024-05-17,active
445,Amanda,Thompson,member445@example.com,555-8304,2000-12-06,5926 Washington St,Austin,FL,97932,42821,employed,2025-02-15,active
446,Emily,Clark,member446@example.com,555-8672,1954-05-14,7564 Washington St,Nashville,TN,71675,210259,employed,2021-11-20,active
447,Helen,Garcia,member447@example.com,555-6412,1974-10-10,7526 Monroe Dr,New York,IL,72303,28455,self_employed,2021-03-22,active
448,Anthony,Martin,member448@example.com,555-3087,1991-03-18,1786 Madison St,Oklahoma City,TX,52712,45596,employed,2023-09-15,active
449,Catherine,Wilson,member449@example.com,555-4908,2001-05-04,4092 Cedar Ln,Indianapolis,DC,18658,87457,employed,2022-07-01,active
450,Deborah,Jackson,member450@example.com,555-6606,1994-06-29,3969 Cedar Ln,Nashville,IL,85260,84127,employed,2025-04-12,active
451,Robert,Clark,member451@example.com,555-8294,1961-06-11,5146 Madison St,Chicago,TX,99850,85168,employed,2025-02-25,active
452,Sarah,Williams,member452@example.com,555-4565,1958-02-07,9615 Main St,Phoenix,AZ,69372,125728,employed,2023-07-27,active
453,Matthew,Martinez,member453@example.com,555-5989,1984-08-22,5740 Pine Rd,Denver,NY,90149,84652,employed,2023-06-14,active
454,Maria,Johnson,member454@example.com,555-1013,1995-11-19,5985 Elm St,San Jose,NY,40833,29639,employed,2023-01-04,active
455,Helen,Gonzalez,member455@example.com,555-8130,1994-07-18,3560 Cedar Ln,Indianapolis,AZ,34671,50424,employed,2023-09-14,active
456,James,Jones,member456@example.com,555-1190,1952-01-28,357 Maple Dr,Las Vegas,OK,96235,128671,employed,2023-01-14,inactive
457,Donald,Ramirez,member457@example.com,555-8471,1999-11-12,7074 Cedar Ln,Charlotte,NV,65590,24496,unemployed,2023-09-07,active
458,Kevin,Smith,member458@example.com,555-9161,1966-11-17,8320 Second St,Columbus,CO,14385,47397,employed,2020-10-19,active
459,Emily,Jones,member459@example.com,555-9624,1970-09-16,7717 Pine Rd,San Francisco,IL,42142,73708,employed,2023-03-28,active
460,Joshua,Sanchez,member460@example.com,555-6119,2000-08-21,964 Lincoln Ave,Seattle,NY,71455,72558,employed,2023-02-18,active
461,Daniel,Martinez,member461@example.com,555-3744,1948-10-22,9891 Washington St,Las Vegas,NC,18050,50863,employed,2024-02-12,active
462,Daniel,Sanchez,member462@example.com,555-1447,1971-05-16,8042 Pine Rd,Phoenix,NV,20074,41691,employed,2025-05-12,active
463,Thomas,Smith,member463@example.com,555-2827,1999-10-24,2960 Maple Dr,Nashville,TN,58466,49206,employed,2025-02-12,active
464,Janet,Ramirez,member464@example.com,555-1542,1976-05-25,1482 Maple Dr,Washington,AZ,75004,77739,employed,2024-10-22,inactive
465,William,Miller,member465@example.com,555-6653,1950-07-07,4431 Elm St,Los Angeles,PA,70819,77797,employed,2022-10-28,active
466,Mark,Thomas,member466@example.com,555-5302,1958-08-30,8790 Adams Ave,New York,IN,68827,57449,employed,2022-09-24,active
467,Joshua,Lee,member467@example.com,555-6797,1984-05-17,4566 Lincoln Ave,Dallas,NC,22881,196344,employed,2022-01-07,active
468,Catherine,Harris,member468@example.com,555-4193,1992-04-14,5628 Cedar Ln,Austin,NY,98185,47923,employed,2020-08-20,active
469,Steven,Lopez,member469@example.com,555-4594,1971-01-21,4227 Park Ave,Los Angeles,NY,91185,23201,unemployed,2021-02-07,active
470,Lisa,Thompson,member470@example.com,555-2965,1953-05-22,2228 Madison St,Nashville,PA,24528,77104,self_employed,2024-06-27,active
471,Michelle,Harris,member471@example.com,555-7995,2005-07-13,5398 Second St,Philadelphia,IL,46344,42481,employed,2024-12-11,active
472,Thomas,Garcia,member472@example.com,555-8218,1951-11-13,8156 Park Ave,Washington,DC,33388,41968,employed,2024-03-16,active
473,Robert,Robinson,member473@example.com,555-8234,1968-11-15,1792 Oak Ave,Chicago,IL,84887,34131,employed,2024-09-01,active
474,John,Robinson,member474@example.com,555-1619,2005-04-06,6497 Second St,Phoenix,WA,61292,56308,employed,2023-10-23,active
475,Helen,Ramirez,member475@example.com,555-2148,1994-02-04,3800 Main St,Fort Worth,OK,25886,86078,employed,2023-10-08,active
476,Helen,Johnson,member476@example.com,555-2485,1978-06-01,8859 Lincoln Ave,Chicago,TN,48005,205926,employed,2024-03-21,active
477,Stephanie,Thompson,member477@example.com,555-7391,1955-03-21,5986 Monroe Dr,Chicago,TN,34833,82588,employed,2021-05-16,active
478,Mark,Williams,member478@example.com,555-9856,2003-05-13,5141 Monroe Dr,Seattle,TN,12151,39429,employed,2020-10-17,active
479,Ashley,Sanchez,member479@example.com,555-9570,1986-10-05,8891 Maple Dr,Las Vegas,OH,19441,41402,employed,2020-10-17,active
480,Frances,Johnson,member480@example.com,555-4976,2003-11-05,2238 Main St,Philadelphia,CA,50283,40624,employed,2025-03-10,active
481,David,Clark,member481@example.com,555-2742,1955-11-19,8245 First St,Chicago,FL,65864,45593,employed,2022-06-24,active
482,Kenneth,Moore,member482@example.com,555-3250,1974-06-28,3593 Oak Ave,Denver,PA,53975,208173,employed,2020-12-10,active
483,Elizabeth,Moore,member483@example.com,555-3703,1984-12-29,4091 Oak Ave,Phoenix,TX,92863,33603,employed,2024-01-09,active
484,John,Garcia,member484@example.com,555-2460,2004-02-10,9827 Washington St,Columbus,OK,26632,55956,employed,2021-09-29,active
485,Amanda,Martin,member485@example.com,555-1616,1999-02-18,3049 Monroe Dr,Washington,IL,92207,54759,employed,2025-03-22,active
486,Richard,Brown,member486@example.com,555-9686,1954-03-23,6029 First St,Charlotte,FL,46231,40149,employed,2020-11-19,active
487,William,Perez,member487@example.com,555-1706,1950-06-27,6066 Washington St,San Antonio,MA,42949,85545,employed,2022-06-18,active
488,Sarah,Robinson,member488@example.com,555-9804,1961-06-02,2689 Main St,Indianapolis,NV,25212,129848,employed,2020-12-26,active
489,Donald,Miller,member489@example.com,555-6336,1966-04-12,1904 Lincoln Ave,San Diego,TX,41079,89421,employed,2024-09-21,active
490,Catherine,Thomas,member490@example.com,555-1890,1984-09-28,2474 Park Ave,Washington,TN,33338,47230,employed,2022-10-05,active
491,Michelle,Miller,member491@example.com,555-6503,1957-01-19,625 Oak Ave,Dallas,AZ,24563,46362,employed,2025-05-13,active
492,Daniel,Martin,member492@example.com,555-3568,2002-11-16,2884 First St,Chicago,MA,78389,51258,employed,2023-05-01,active
493,Michelle,Smith,member493@example.com,555-8014,1967-10-08,4160 Lincoln Ave,Columbus,OH,87564,55515,employed,2021-06-04,active
494,Michael,Thomas,member494@example.com,555-9261,1948-08-27,7074 Madison St,Indianapolis,TX,69302,128689,unemployed,2023-05-14,active
495,Donald,Miller,member495@example.com,555-3174,1977-10-17,4946 First St,Boston,IL,12087,70407,employed,2023-04-12,active
496,Catherine,Smith,member496@example.com,555-8452,1987-03-31,2371 Madison St,Philadelphia,CO,92157,55049,self_employed,2023-03-11,active
497,Nicole,Taylor,member497@example.com,555-1535,1972-03-31,7077 Second St,Oklahoma City,FL,99740,22316,employed,2021-01-15,active
498,Elizabeth,Lewis,member498@example.com,555-1844,1955-08-06,6374 Jefferson Dr,Charlotte,CA,57916,41796,employed,2022-08-23,active
499,Ashley,Jones,member499@example.com,555-6487,1967-01-18,8941 Elm St,Boston,OK,86037,72195,employed,2025-06-22,inactive
500,Michelle,Taylor,member500@example.com,555-7929,1970-07-03,992 Pine Rd,Jacksonville,CO,69298,47387,employed,2023-04-25,active
501,Joshua,Lewis,member501@example.com,555-5788,1986-03-10,6131 Pine Rd,San Antonio,TN,21443,130406,employed,2021-01-14,active
502,Michelle,Brown,member502@example.com,555-3424,1990-03-02,2565 Park Ave,San Francisco,NY,48426,42521,employed,2022-12-04,inactive
503,Donald,Anderson,member503@example.com,555-1351,1971-10-17,3197 Pine Rd,New York,OH,78107,74326,employed,2024-03-15,active
504,Janet,Clark,member504@example.com,555-9986,1985-08-02,7603 Washington St,Denver,AZ,50172,80692,employed,2021-07-20,active
505,Sarah,Jones,member505@example.com,555-6785,1971-02-25,7569 Cedar Ln,Washington,PA,80165,52186,unemployed,2022-03-10,active
506,Lisa,Johnson,member506@example.com,555-6187,1997-03-08,2172 Jackson St,Dallas,CO,34182,45029,employed,2021-09-27,active
507,Jennifer,Lopez,member507@example.com,555-8347,1994-01-27,2763 Washington St,Houston,NY,63026,30385,unemployed,2023-05-22,active
508,Joshua,Taylor,member508@example.com,555-6427,2003-09-15,4942 Monroe Dr,San Jose,AZ,84086,125492,employed,2024-09-03,active
509,Michael,Jones,member509@example.com,555-2914,1973-04-12,506 Madison St,Washington,OH,68454,43680,employed,2022-08-04,active
510,Charles,Sanchez,member510@example.com,555-5553,1963-03-14,469 Pine Rd,Seattle,TN,98744,26394,unemployed,2024-05-09,inactive
511,Matthew,Martin,member511@example.com,555-9381,1950-09-01,6015 Madison St,Phoenix,MA,58448,207924,employed,2022-10-02,active
512,Steven,Ramirez,member512@example.com,555-2435,1964-12-27,7378 Adams Ave,Charlotte,IN,31468,51513,employed,2025-02-08,active
513,Catherine,Martin,member513@example.com,555-2410,1958-07-11,3504 Washington St,Indianapolis,NV,53963,128572,employed,2020-12-16,active
514,Donald,Lee,member514@example.com,555-5478,1982-10-29,2965 Jackson St,Oklahoma City,AZ,36117,82313,employed,2021-08-18,active
515,Stephanie,Clark,member515@example.com,555-5979,1989-12-19,9263 Jackson St,San Diego,NY,10320,56075,employed,2021-06-14,active
516,Daniel,Wilson,member516@example.com,555-3938,1989-10-08,4109 Main St,Houston,NC,74625,210484,employed,2020-12-17,active
517,Thomas,Lee,member517@example.com,555-8799,1956-05-14,6214 Main St,Dallas,PA,86238,55744,employed,2020-11-30,active
518,Sarah,Rodriguez,member518@example.com,555-6917,1983-04-11,5932 Oak Ave,San Jose,IN,79417,44439,employed,2024-03-03,active
519,Kevin,Harris,member519@example.com,555-3738,1994-06-02,5385 Lincoln Ave,Nashville,IN,45580,76004,employed,2024-06-06,active
520,Jennifer,Smith,member520@example.com,555-3243,1992-02-16,4710 Jefferson Dr,Indianapolis,MA,54605,57511,employed,2021-07-02,active
521,Maria,Martin,member521@example.com,555-9612,1993-05-17,9129 Elm St,Columbus,TN,20013,47245,employed,2021-03-29,active
522,Elizabeth,Jones,member522@example.com,555-8240,1999-04-04,8670 Lincoln Ave,Philadelphia,IN,13769,130712,employed,2024-10-05,active
523,Stephanie,Jones,member523@example.com,555-4438,1957-04-27,1387 Adams Ave,Oklahoma City,TX,20188,44664,employed,2020-09-10,active
524,Michael,Sanchez,member524@example.com,555-9412,1998-11-09,1071 Monroe Dr,Houston,NC,15672,71393,employed,2020-12-16,active
525,Kevin,Miller,member525@example.com,555-4277,1962-03-20,5859 Main St,Chicago,AZ,46356,23162,unemployed,2023-11-03,active
526,Frances,Davis,member526@example.com,555-9272,1996-10-18,1219 Elm St,Denver,NY,79315,56404,employed,2021-10-21,active
527,Joshua,Smith,member527@example.com,555-2616,1964-11-02,8360 Monroe Dr,Jacksonville,PA,67627,200628,self_employed,2024-05-13,inactive
528,Deborah,Miller,member528@example.com,555-9425,1966-01-20,6777 Elm St,Austin,TX,71066,51626,unemployed,2021-03-16,active
529,Maria,White,member529@example.com,555-1665,1953-01-07,5475 Monroe Dr,Houston,DC,47173,51837,employed,2023-02-24,active
530,Donald,Martinez,member530@example.com,555-8011,1962-07-30,1240 Monroe Dr,Nashville,CO,33500,54547,employed,2020-08-29,inactive
531,Janet,Perez,member531@example.com,555-2392,1956-05-02,2448 Madison St,Fort Worth,TX,32114,43446,employed,2020-12-13,active
532,Helen,Brown,member532@example.com,555-4815,1983-09-28,8277 Second St,Oklahoma City,NC,94388,46562,employed,2022-10-31,active
533,Andrew,Rodriguez,member533@example.com,555-3414,1986-06-05,1870 Elm St,Dallas,OK,75178,83252,unemployed,2021-11-18,active
534,David,Thomas,member534@example.com,555-1438,1961-09-15,6369 Lincoln Ave,Phoenix,IN,91522,23263,unemployed,2024-01-31,active
535,Rachel,Miller,member535@example.com,555-5809,2005-01-14,8257 Monroe Dr,San Francisco,NC,81098,37037,employed,2022-07-07,active
536,Michael,Wilson,member536@example.com,555-2951,1980-01-21,7474 Lincoln Ave,Fort Worth,TN,70248,70579,self_employed,2020-10-15,active
537,William,Thomas,member537@example.com,555-8056,1957-09-14,5219 Madison St,Indianapolis,TX,84560,79930,self_employed,2024-05-16,active
538,Paul,Moore,member538@example.com,555-3560,1991-02-05,1013 Madison St,Dallas,OK,87469,87674,employed,2022-09-15,active
539,Jane,Jackson,member539@example.com,555-1739,1957-02-20,6103 Jefferson Dr,Las Vegas,NY,91940,49320,employed,2022-07-02,active
540,Sarah,Perez,member540@example.com,555-5001,1967-11-08,3944 Washington St,Denver,IL,18585,51710,employed,2025-06-17,active
541,Michael,Anderson,member541@example.com,555-7921,1996-08-07,8533 Adams Ave,Dallas,NY,71564,40645,employed,2023-11-20,active
542,Kenneth,Brown,member542@example.com,555-9001,1954-08-13,3473 Lincoln Ave,Indianapolis,NV,97475,58689,employed,2022-06-29,active
543,David,Clark,member543@example.com,555-9779,1964-11-04,4808 Second St,Los Angeles,IN,85172,54286,employed,2022-11-04,active
544,Catherine,Brown,member544@example.com,555-6518,1970-03-01,1202 Monroe Dr,Columbus,FL,55523,73013,employed,2025-01-18,active
545,Deborah,Perez,member545@example.com,555-9846,1973-10-01,3378 Adams Ave,Fort Worth,NC,91915,131536,employed,2023-06-24,active
546,Janet,Ramirez,member546@example.com,555-4056,1997-05-23,8278 Park Ave,Nashville,TN,45118,75917,self_employed,2024-03-01,active
547,Sarah,Taylor,member547@example.com,555-4287,1978-04-27,7677 Maple Dr,San Diego,AZ,99824,84212,self_employed,2024-11-17,active
548,David,Lee,member548@example.com,555-4335,1982-08-22,4473 Washington St,Boston,PA,43612,50441,self_employed,2024-06-09,active
549,Jane,Davis,member549@example.com,555-6087,1987-04-13,8052 Adams Ave,Columbus,CA,36475,43721,employed,2021-06-25,active
550,Amanda,Lee,member550@example.com,555-1691,1989-03-24,426 Oak Ave,Chicago,WA,88852,29102,unemployed,2022-04-05,active
551,Emily,Gonzalez,member551@example.com,555-3302,1966-10-25,1933 Elm St,San Francisco,NV,43004,128336,self_employed,2023-05-16,active
552,Matthew,Hernandez,member552@example.com,555-7388,1966-10-22,7028 Park Ave,Phoenix,TX,32957,44006,employed,2021-10-15,inactive
553,Sarah,Thomas,member553@example.com,555-9740,1979-04-04,1950 Lincoln Ave,Seattle,MA,72240,48333,self_employed,2024-06-01,active
554,Elizabeth,Clark,member554@example.com,555-6049,1947-07-13,670 Oak Ave,Oklahoma City,OH,43158,44748,employed,2023-09-08,active
555,Lisa,Moore,member555@example.com,555-4872,1985-04-30,6464 Main St,Fort Worth,NC,49438,81890,self_employed,2021-02-03,active
556,William,Robinson,member556@example.com,555-8190,2002-04-13,5296 Adams Ave,Los Angeles,NC,20498,79745,employed,2025-03-15,active
557,Nicole,Thompson,member557@example.com,555-7920,1954-08-24,2727 Second St,San Francisco,IL,56118,53531,self_employed,2022-12-12,active
558,Jane,Harris,member558@example.com,555-1853,2003-03-07,3110 Jackson St,Boston,AZ,10403,125707,employed,2022-11-01,active
559,William,Davis,member559@example.com,555-9460,2003-11-18,2231 Adams Ave,Austin,TN,72700,58868,employed,2025-06-26,active
560,Daniel,Miller,member560@example.com,555-2382,1982-10-29,6122 Cedar Ln,Fort Worth,DC,84762,59432,employed,2021-11-05,active
561,Charles,Robinson,member561@example.com,555-2457,1987-02-15,3348 Second St,Oklahoma City,PA,16525,38301,employed,2022-11-02,active
562,Elizabeth,Garcia,member562@example.com,555-2922,1946-11-27,8715 Adams Ave,Charlotte,OK,25533,74890,employed,2021-11-05,active
563,Carolyn,Gonzalez,member563@example.com,555-3133,1984-05-02,3485 Park Ave,San Jose,FL,64831,48722,employed,2021-08-07,active
564,Jessica,Martin,member564@example.com,555-8388,1967-12-01,6156 Jackson St,Chicago,NY,71457,29509,self_employed,2021-05-02,active
565,Mark,Thompson,member565@example.com,555-7935,1999-03-20,4298 Pine Rd,Houston,CA,16830,208027,employed,2022-06-15,active
566,Kevin,Thompson,member566@example.com,555-1745,1946-02-13,4255 Madison St,San Jose,DC,97983,51609,unemployed,2022-09-01,active
567,Thomas,Garcia,member567@example.com,555-9253,1989-11-08,5657 Jackson St,Phoenix,IL,51591,116347,employed,2024-07-27,active
568,James,Thomas,member568@example.com,555-5603,1977-12-27,7146 Washington St,Dallas,NC,77760,23828,employed,2022-05-06,active
569,Jennifer,Moore,member569@example.com,555-8208,1950-05-31,3195 Maple Dr,Los Angeles,OH,34004,56098,employed,2020-10-15,active
570,Carolyn,Johnson,member570@example.com,555-8233,1977-08-16,9289 Monroe Dr,Charlotte,OK,24744,55307,employed,2025-05-01,active
571,Daniel,Garcia,member571@example.com,555-3757,1991-04-13,4569 Park Ave,Denver,NY,78945,31455,employed,2024-11-20,active
572,Carolyn,Perez,member572@example.com,555-2545,1975-02-15,525 Washington St,Nashville,TX,61664,42517,employed,2022-09-07,active
573,Emily,Anderson,member573@example.com,555-8861,1986-05-17,4512 Main St,Austin,CA,96005,205601,employed,2024-01-29,inactive
574,Sarah,Sanchez,member574@example.com,555-5635,1974-08-19,1009 Pine Rd,Seattle,DC,22130,58650,employed,2022-10-28,active
575,Ashley,Garcia,member575@example.com,555-7365,1981-09-27,4768 Maple Dr,Houston,IN,74336,53071,employed,2025-01-29,active
576,Kevin,Jones,member576@example.com,555-6882,2005-05-06,1674 Jefferson Dr,San Francisco,FL,74175,125161,self_employed,2023-02-01,active
577,Emily,Harris,member577@example.com,555-7922,1978-09-04,3153 Adams Ave,Boston,MA,22182,58450,employed,2020-10-24,active
578,Jennifer,Robinson,member578@example.com,555-9115,1992-12-10,8696 Pine Rd,San Jose,TN,67325,202347,employed,2021-01-12,active
579,Stephanie,Clark,member579@example.com,555-5073,1992-07-26,7107 Washington St,Denver,CA,82219,44869,unemployed,2021-01-06,active
580,Robert,Anderson,member580@example.com,555-5151,1977-07-12,4275 Pine Rd,San Francisco,NY,24933,86733,employed,2024-09-27,active
581,Michael,Williams,member581@example.com,555-7819,1972-05-05,5243 Jackson St,Nashville,TN,91764,45970,employed,2025-02-12,active
582,Emily,White,member582@example.com,555-5248,2006-01-20,1842 Adams Ave,Seattle,NY,10766,201133,employed,2022-10-20,active
583,Helen,Ramirez,member583@example.com,555-8974,1972-10-21,6010 Madison St,San Jose,IL,26395,55634,employed,2021-05-06,active
584,Richard,Ramirez,member584@example.com,555-1439,1964-05-30,7982 Maple Dr,Boston,OH,67119,20520,unemployed,2025-04-23,active
585,Rachel,Jones,member585@example.com,555-8765,1983-06-28,457 Elm St,Philadelphia,AZ,68361,76255,employed,2023-04-23,active
586,Daniel,Jackson,member586@example.com,555-7418,1950-03-17,5569 Main St,Houston,MA,64484,134176,employed,2025-05-06,active
587,Michael,Thomas,member587@example.com,555-7548,1989-04-01,8510 Monroe Dr,San Diego,CA,79246,88163,unemployed,2020-09-10,active
588,Donald,Lewis,member588@example.com,555-8755,1956-02-17,8206 Jefferson Dr,Charlotte,MA,12727,42081,employed,2021-06-29,active
589,Andrew,Davis,member589@example.com,555-6556,1999-08-28,7775 Maple Dr,San Jose,DC,64638,51267,employed,2025-04-05,active
590,William,Martin,member590@example.com,555-4394,1970-12-24,1512 Monroe Dr,Phoenix,PA,36146,81804,employed,2021-06-19,active
591,Carolyn,Martinez,member591@example.com,555-4845,1964-06-05,9223 Oak Ave,New York,CO,44184,33630,self_employed,2022-08-04,active
592,David,Hernandez,member592@example.com,555-8055,1955-11-12,3814 Elm St,Seattle,OH,73748,56497,employed,2022-01-13,inactive
593,Maria,Rodriguez,member593@example.com,555-3476,2007-07-22,8544 Elm St,Oklahoma City,CA,67386,71529,employed,2025-01-25,active
594,Frances,Martin,member594@example.com,555-2669,1996-02-07,787 Elm St,Philadelphia,TX,36920,118634,unemployed,2022-08-13,active
595,Carolyn,White,member595@example.com,555-2626,1959-06-25,6059 Lincoln Ave,Phoenix,TX,36462,54467,employed,2023-01-19,inactive
596,Paul,Hernandez,member596@example.com,555-5698,1990-12-12,2905 Pine Rd,Dallas,CO,64396,70215,employed,2022-08-11,active
597,Charles,Jones,member597@example.com,555-8025,1982-09-23,6806 Jackson St,San Francisco,CO,13901,57355,employed,2023-01-26,active
598,Emily,Hernandez,member598@example.com,555-6157,1981-09-03,2792 Adams Ave,Los Angeles,DC,14861,36952,self_employed,2024-04-16,active
599,Janet,Martinez,member599@example.com,555-7869,1981-09-14,9170 Washington St,Las Vegas,WA,55109,58827,employed,2020-08-19,active
600,Steven,Lee,member600@example.com,555-4360,1994-06-25,7344 Jefferson Dr,Boston,DC,35859,119812,employed,2025-07-12,active
601,James,Taylor,member601@example.com,555-9860,1971-02-10,3601 Pine Rd,San Francisco,IN,78332,30960,employed,2022-07-01,active
602,Joshua,Jackson,member602@example.com,555-5238,1967-04-17,5079 Adams Ave,San Francisco,TX,17857,40913,self_employed,2025-04-22,active
603,Lisa,Anderson,member603@example.com,555-5881,1996-12-29,185 Jackson St,Austin,OH,86230,81615,employed,2023-10-05,active
604,Charles,Lopez,member604@example.com,555-5902,1971-03-02,9484 Maple Dr,Oklahoma City,DC,78113,132474,employed,2024-09-21,active
605,Elizabeth,Anderson,member605@example.com,555-2605,1958-10-15,7074 Adams Ave,Chicago,IL,18151,59083,employed,2022-12-21,active
606,Janet,Gonzalez,member606@example.com,555-9502,1981-01-21,4420 Monroe Dr,Boston,MA,67682,54619,employed,2024-06-14,active
607,Jennifer,Taylor,member607@example.com,555-3082,1989-02-16,7599 Maple Dr,Oklahoma City,NV,79355,53661,employed,2021-04-01,active
608,Maria,Lopez,member608@example.com,555-2945,1999-08-12,6794 Elm St,Houston,CO,84942,41068,employed,2022-03-19,active
609,Elizabeth,Martinez,member609@example.com,555-5816,1989-03-26,558 Maple Dr,Phoenix,MA,16376,52172,employed,2022-04-19,active
610,Maria,Lopez,member610@example.com,555-2106,1949-08-25,6941 Monroe Dr,Denver,IN,84155,56016,employed,2023-02-15,active
611,Kevin,Jones,member611@example.com,555-3269,1990-12-04,7651 Jackson St,Nashville,TN,29527,85572,employed,2025-06-12,active
612,Helen,Hernandez,member612@example.com,555-9863,1949-10-01,7359 Second St,Boston,IL,31707,33422,employed,2024-07-21,active
613,Lisa,Lee,member613@example.com,555-2395,1962-11-26,8977 Oak Ave,Denver,NV,34824,80120,employed,2024-10-18,active
614,Joshua,Garcia,member614@example.com,555-1310,1970-04-22,3471 First St,Oklahoma City,TN,21094,118941,employed,2025-02-10,active
615,Jane,Hernandez,member615@example.com,555-8160,1961-10-31,6898 Main St,San Francisco,WA,60070,59296,employed,2022-01-11,active
616,Jennifer,Garcia,member616@example.com,555-5187,1953-09-05,2626 Washington St,Columbus,PA,17721,212753,employed,2024-01-13,inactive
617,Robert,Hernandez,member617@example.com,555-3334,1982-09-04,5411 Second St,Fort Worth,TX,16799,41916,employed,2021-09-21,active
618,Andrew,Gonzalez,member618@example.com,555-2885,1969-10-19,1093 Lincoln Ave,Charlotte,MA,18579,77749,employed,2023-04-21,active
619,Catherine,Perez,member619@example.com,555-2663,1967-09-27,9188 Maple Dr,San Jose,MA,68455,70610,employed,2021-01-21,active
620,William,Sanchez,member620@example.com,555-5016,1993-11-11,7042 Jackson St,Los Angeles,NY,70902,74665,employed,2025-03-28,active
621,Paul,Rodriguez,member621@example.com,555-5110,2006-08-24,6328 Jefferson Dr,Boston,FL,86697,75484,employed,2025-04-20,active
622,Stephanie,Williams,member622@example.com,555-7476,1956-09-02,2388 Second St,Columbus,FL,90012,37501,employed,2023-06-02,inactive
623,Steven,Rodriguez,member623@example.com,555-5029,2005-01-20,5369 Lincoln Ave,San Antonio,TN,88579,51227,employed,2022-06-06,active
624,John,Lewis,member624@example.com,555-1156,2005-12-28,2943 Adams Ave,Seattle,OK,61483,70067,employed,2023-08-10,active
625,Steven,Perez,member625@example.com,555-3022,1977-04-22,6266 Jefferson Dr,Fort Worth,PA,11105,117540,employed,2021-04-15,active
626,Jane,Harris,member626@example.com,555-5606,2006-09-11,5962 Park Ave,Chicago,IN,38986,129567,employed,2021-11-25,inactive
627,Kevin,Miller,member627@example.com,555-1116,1963-03-26,6589 Elm St,Dallas,NV,74751,196205,employed,2021-07-18,active
628,Kevin,Jackson,member628@example.com,555-3875,1951-07-03,9736 Maple Dr,Las Vegas,IL,26702,88537,employed,2022-01-16,active
629,Michelle,Miller,member629@example.com,555-1378,2006-06-11,8831 Second St,Nashville,TN,10256,132140,employed,2022-12-25,active
630,Matthew,Wilson,member630@example.com,555-7666,1970-03-23,2094 Jackson St,Indianapolis,CO,77797,116699,self_employed,2024-11-04,active
631,Donald,Moore,member631@example.com,555-8354,1974-01-04,184 Madison St,San Antonio,WA,20722,71538,employed,2025-07-10,active
632,Deborah,Williams,member632@example.com,555-5095,1963-04-21,2794 Lincoln Ave,San Jose,IL,92050,27393,self_employed,2024-02-04,active
633,Nicole,Clark,member633@example.com,555-5102,1967-10-24,1866 Monroe Dr,San Diego,WA,17134,40787,employed,2025-03-12,active
634,Frances,Anderson,member634@example.com,555-2567,2001-09-28,7414 Elm St,Chicago,CA,14370,72389,employed,2022-09-14,active
635,Sarah,Robinson,member635@example.com,555-8240,1950-07-22,5039 Adams Ave,Chicago,TX,98809,117130,employed,2020-11-25,active
636,Frances,Harris,member636@example.com,555-7735,1966-07-21,9923 Main St,Charlotte,DC,70844,52499,employed,2025-01-17,active
637,Jane,Anderson,member637@example.com,555-9474,1975-01-31,9730 Park Ave,Houston,TX,11610,73318,employed,2023-12-04,active
638,James,Lee,member638@example.com,555-9337,1968-08-18,5922 Adams Ave,Indianapolis,TN,34369,76344,self_employed,2021-12-13,active
639,Deborah,Taylor,member639@example.com,555-6861,1973-07-23,9662 Maple Dr,Phoenix,OK,50458,24183,employed,2023-12-21,active
640,Jennifer,Johnson,member640@example.com,555-4889,1991-02-18,9266 Oak Ave,Columbus,CO,35612,40264,employed,2021-09-17,active
641,Paul,Thompson,member641@example.com,555-8657,1999-06-13,5525 Lincoln Ave,Washington,IN,64879,42241,employed,2022-06-07,active
642,John,Lee,member642@example.com,555-4654,1966-04-19,7743 Park Ave,San Diego,OK,53452,41382,employed,2025-02-11,active
643,John,Lopez,member643@example.com,555-1162,1952-04-03,5963 Main St,Seattle,TX,28664,46037,employed,2022-03-21,active
644,Jane,Miller,member644@example.com,555-4241,1971-02-16,2953 First St,Dallas,PA,54540,81793,employed,2025-05-04,active
645,Thomas,Robinson,member645@example.com,555-2657,1947-07-10,2348 Madison St,Boston,TX,54352,40704,employed,2021-10-07,active
646,Janet,Sanchez,member646@example.com,555-8106,1951-07-04,2041 Maple Dr,Phoenix,FL,35124,52201,employed,2023-07-29,active
647,Jessica,Robinson,member647@example.com,555-1756,2000-11-27,9722 Park Ave,Seattle,IN,29472,59646,employed,2022-06-05,active
648,Andrew,Jackson,member648@example.com,555-9011,1964-05-30,1433 Monroe Dr,Nashville,IL,31945,79177,self_employed,2023-06-10,active
649,Janet,Anderson,member649@example.com,555-3932,1974-07-06,6225 Monroe Dr,Oklahoma City,OK,72096,131684,employed,2022-02-03,active
650,Ashley,Davis,member650@example.com,555-4325,1986-03-13,3940 Madison St,San Antonio,IN,65708,89135,employed,2025-07-28,active
651,Emily,Jones,member651@example.com,555-2376,1972-02-10,7382 Jefferson Dr,San Diego,CA,70981,52258,employed,2023-06-18,active
652,Elizabeth,Sanchez,member652@example.com,555-9151,1974-01-30,4573 Madison St,New York,PA,67892,55320,employed,2021-11-24,active
653,Andrew,Taylor,member653@example.com,555-9956,2003-05-21,1380 Second St,San Diego,TX,25543,22700,employed,2020-12-27,active
654,Nicole,Rodriguez,member654@example.com,555-5959,2006-12-18,4596 Park Ave,Oklahoma City,AZ,81188,80936,employed,2022-01-19,active
655,Helen,Gonzalez,member655@example.com,555-1194,1987-12-26,8499 Maple Dr,Fort Worth,OH,39743,51358,employed,2024-08-23,active
656,Maria,Harris,member656@example.com,555-8679,1987-01-13,5681 Pine Rd,Austin,FL,66202,56902,employed,2024-11-27,active
657,Maria,Smith,member657@example.com,555-7139,1958-02-08,9561 Maple Dr,San Jose,NY,75509,54374,employed,2025-02-17,active
658,Helen,Harris,member658@example.com,555-9808,1972-07-09,5442 Main St,Denver,CA,28236,47388,employed,2021-06-13,inactive
659,Kevin,Robinson,member659@example.com,555-7404,1979-11-07,3445 Madison St,Chicago,DC,34685,213618,employed,2023-04-02,active
660,Stephanie,Williams,member660@example.com,555-3808,1954-12-31,9158 Cedar Ln,Los Angeles,OK,13517,84795,employed,2021-08-20,active
661,Charles,Martinez,member661@example.com,555-9591,1951-12-02,7549 Oak Ave,Jacksonville,NV,11447,127644,employed,2021-07-20,active
662,Lisa,Jones,member662@example.com,555-9789,1983-03-06,7935 Pine Rd,Fort Worth,FL,27030,127815,employed,2025-06-20,active
663,Kenneth,Martinez,member663@example.com,555-4325,1990-09-20,7619 Second St,San Antonio,NY,28702,55557,employed,2023-02-01,active
664,Kenneth,Lewis,member664@example.com,555-9043,1986-12-04,7680 Oak Ave,Las Vegas,IL,47737,48088,employed,2024-03-18,active
665,Amanda,Wilson,member665@example.com,555-5081,1961-10-01,7179 Jackson St,Fort Worth,PA,84529,49746,employed,2021-02-14,active
666,William,Rodriguez,member666@example.com,555-9810,1971-10-29,1193 Park Ave,Indianapolis,MA,82459,122854,self_employed,2021-04-08,inactive
667,Matthew,Wilson,member667@example.com,555-8388,1960-06-05,4241 Park Ave,San Francisco,CA,70577,23447,unemployed,2020-09-26,active
668,Helen,Ramirez,member668@example.com,555-4185,1981-03-24,718 Main St,Dallas,TX,27888,85135,employed,2022-06-03,active
669,Maria,Perez,member669@example.com,555-4969,1984-11-28,2397 Monroe Dr,Dallas,PA,32359,55117,employed,2025-04-16,active
670,Helen,Garcia,member670@example.com,555-2271,2005-11-15,283 Second St,Phoenix,TN,56935,29638,employed,2021-08-02,active
671,Sarah,Clark,member671@example.com,555-9566,2003-02-23,1784 Madison St,Oklahoma City,IN,68194,37442,employed,2020-11-18,active
672,Jessica,Lopez,member672@example.com,555-4908,1963-08-01,1597 Main St,Columbus,NY,11908,32366,employed,2022-06-24,active
673,Robert,Sanchez,member673@example.com,555-3750,1960-08-16,821 Adams Ave,San Francisco,TX,52879,72070,employed,2022-05-25,active
674,Helen,Wilson,member674@example.com,555-2979,1966-06-28,3602 Elm St,Jacksonville,WA,32756,46786,self_employed,2020-09-02,active
675,Charles,Williams,member675@example.com,555-5562,2003-12-13,6145 Oak Ave,Chicago,FL,63883,52752,employed,2022-04-12,active
676,Kenneth,Garcia,member676@example.com,555-5127,1954-02-20,9928 Lincoln Ave,Boston,DC,98853,43336,employed,2024-11-29,active
677,Paul,Williams,member677@example.com,555-6490,1947-03-23,9685 Jackson St,Fort Worth,NV,93963,50419,unemployed,2024-09-30,active
678,Frances,Harris,member678@example.com,555-3032,1973-05-07,3973 Adams Ave,San Diego,IL,17854,70435,employed,2021-05-11,active
679,Michael,Davis,member679@example.com,555-8270,1975-02-16,2299 Second St,Austin,CA,78271,44969,employed,2025-01-10,inactive
680,Charles,Ramirez,member680@example.com,555-6427,1976-05-21,4069 Park Ave,Seattle,CA,97163,79452,employed,2021-12-24,active
681,Mark,Taylor,member681@example.com,555-6269,1962-02-08,7347 Main St,Chicago,OK,19173,77289,employed,2021-09-01,active
682,Amanda,Jackson,member682@example.com,555-9992,1963-12-22,3971 Pine Rd,Columbus,TN,50824,201691,employed,2021-07-05,active
683,Stephanie,Martinez,member683@example.com,555-8344,2002-08-30,3399 Second St,Indianapolis,IL,57131,45781,employed,2022-10-27,active
684,Deborah,Harris,member684@example.com,555-3553,1988-11-18,424 Madison St,Columbus,IL,49351,53850,employed,2023-12-04,active
685,Rachel,Martinez,member685@example.com,555-8431,1971-01-18,6246 Monroe Dr,Chicago,WA,27911,75757,employed,2024-08-06,active
686,Andrew,White,member686@example.com,555-7131,1989-09-23,6728 Adams Ave,Fort Worth,CO,60336,46213,employed,2023-05-02,active
687,Michael,Robinson,member687@example.com,555-3039,1980-02-29,9366 Cedar Ln,San Antonio,MA,43457,197334,employed,2024-11-29,active
688,Elizabeth,Thompson,member688@example.com,555-1945,2004-01-13,6413 Adams Ave,Las Vegas,OH,41765,86698,employed,2023-04-08,active
689,Jennifer,Rodriguez,member689@example.com,555-8462,2006-09-28,2514 Second St,San Diego,PA,11617,115925,employed,2021-03-30,active
690,Catherine,Lewis,member690@example.com,555-2316,1992-02-28,3193 Adams Ave,Philadelphia,MA,43144,82594,employed,2024-06-19,active
691,Donald,Harris,member691@example.com,555-2456,1955-06-11,9481 Jefferson Dr,Phoenix,NC,37462,207543,employed,2024-10-13,active
692,John,Brown,member692@example.com,555-2144,1983-02-15,8700 Adams Ave,Boston,IN,66485,45518,employed,2021-07-18,active
693,Amanda,Taylor,member693@example.com,555-2806,1986-01-26,9391 Park Ave,Philadelphia,FL,17730,44401,employed,2024-10-16,active
694,Donald,Anderson,member694@example.com,555-2789,2002-09-26,2821 Pine Rd,San Jose,IL,59509,78498,unemployed,2021-04-15,active
695,Carolyn,Perez,member695@example.com,555-2651,1946-06-29,1100 Second St,New York,CA,22693,59190,employed,2021-10-09,active
696,Michelle,Robinson,member696@example.com,555-8961,1988-02-04,5621 Adams Ave,Austin,CO,99372,39758,employed,2025-07-31,active
697,Helen,Gonzalez,member697@example.com,555-1937,1977-07-31,5510 Elm St,New York,TN,62665,47851,self_employed,2024-08-27,active
698,Janet,Rodriguez,member698@example.com,555-5072,1978-09-10,7504 Monroe Dr,San Francisco,MA,96537,115841,employed,2021-08-22,active
699,Elizabeth,Ramirez,member699@example.com,555-1749,1974-11-04,7379 First St,Washington,OK,62450,80557,employed,2024-09-24,active
700,Paul,Perez,member700@example.com,555-2645,1980-03-02,4914 Park Ave,Oklahoma City,AZ,78164,34021,self_employed,2025-07-02,active
701,Carolyn,Sanchez,member701@example.com,555-2426,1972-09-03,9090 Jackson St,Philadelphia,TN,25162,131535,employed,2023-04-17,active
702,Emily,Brown,member702@example.com,555-8125,1948-04-05,2725 Lincoln Ave,Fort Worth,NC,38885,46935,employed,2024-08-14,active
703,Joshua,Lee,member703@example.com,555-9060,1953-10-02,5552 First St,Denver,IL,94408,44033,employed,2022-07-06,active
704,Maria,Ramirez,member704@example.com,555-8159,1966-07-29,3762 Second St,Houston,IN,21492,82505,employed,2021-03-19,active
705,Lisa,Jackson,member705@example.com,555-7025,1957-01-26,5234 Madison St,Denver,NY,50737,76165,employed,2020-12-07,active
706,Matthew,Harris,member706@example.com,555-6980,2006-08-01,2169 First St,Houston,DC,11204,52718,unemployed,2023-08-10,active
707,Carolyn,Perez,member707@example.com,555-8467,1958-11-12,9954 Washington St,Phoenix,CA,88496,49726,employed,2022-05-20,active
708,Kenneth,Thomas,member708@example.com,555-4534,1990-01-18,4875 Madison St,Los Angeles,WA,30014,199045,employed,2025-03-25,active
709,Sarah,Robinson,member709@example.com,555-3933,1989-05-17,6519 Washington St,Nashville,PA,12826,122375,employed,2023-08-30,active
710,Helen,Gonzalez,member710@example.com,555-2176,1992-12-29,4737 Washington St,Oklahoma City,FL,81828,55513,unemployed,2022-10-18,active
711,Sarah,Ramirez,member711@example.com,555-5981,1986-09-08,2781 Maple Dr,Charlotte,OK,48152,59018,self_employed,2021-05-26,active
712,John,Lopez,member712@example.com,555-2670,2006-06-30,2518 Madison St,Columbus,PA,17383,121411,employed,2021-02-15,active
713,Andrew,Lee,member713@example.com,555-6545,1998-11-16,7207 Maple Dr,Boston,DC,42112,41719,employed,2020-10-11,active
714,Amanda,Lee,member714@example.com,555-7150,2005-10-24,1568 Jackson St,Boston,DC,46073,49918,employed,2024-02-19,active
715,Lisa,Thomas,member715@example.com,555-9351,1965-10-26,477 Monroe Dr,Dallas,TX,87709,43932,employed,2021-08-08,active
716,James,Brown,member716@example.com,555-6328,1951-05-03,8906 Cedar Ln,Fort Worth,NY,61615,209210,employed,2023-09-15,active
717,Janet,Clark,member717@example.com,555-9830,2004-02-08,2133 Park Ave,Nashville,TX,33680,87369,employed,2025-06-03,active
718,Matthew,Brown,member718@example.com,555-1641,1957-03-13,9522 Park Ave,Boston,PA,21510,58177,employed,2023-09-28,active
719,Andrew,Martinez,member719@example.com,555-6956,1994-06-25,2911 Adams Ave,Nashville,NY,42550,72772,unemployed,2022-04-10,active
720,Steven,Jones,member720@example.com,555-9035,1973-09-18,8663 Jefferson Dr,Washington,NV,37504,124614,employed,2024-06-11,active
721,Jennifer,Martinez,member721@example.com,555-4526,1957-09-05,9965 Park Ave,Denver,CO,46358,122769,employed,2021-04-23,active
722,Mark,Lee,member722@example.com,555-3675,1981-07-13,7572 Pine Rd,Dallas,MA,28775,58017,employed,2023-08-05,active
723,Richard,Thompson,member723@example.com,555-7097,1996-03-16,8479 Cedar Ln,Columbus,AZ,51465,78827,unemployed,2025-01-02,active
724,Michelle,Brown,member724@example.com,555-9707,1955-07-05,9084 Adams Ave,Chicago,WA,93909,39779,employed,2021-02-01,active
725,Charles,Rodriguez,member725@example.com,555-1161,1954-06-05,6279 First St,Fort Worth,TX,26187,48953,employed,2021-07-28,active
726,Carolyn,Brown,member726@example.com,555-9666,1976-12-09,9474 Washington St,Seattle,NC,89621,134294,employed,2021-02-21,active
727,Joshua,Moore,member727@example.com,555-7597,1988-06-02,9804 Maple Dr,Dallas,NY,77314,52765,employed,2024-08-02,active
728,Michelle,Johnson,member728@example.com,555-7064,1967-12-27,6952 Jackson St,Philadelphia,TN,56399,32412,employed,2025-01-24,active
729,Charles,Martinez,member729@example.com,555-2424,1973-01-22,6760 Lincoln Ave,Chicago,IL,20052,54017,employed,2024-09-05,active
730,Daniel,Moore,member730@example.com,555-9074,1946-08-07,7046 Maple Dr,Indianapolis,OK,77503,38851,employed,2024-06-06,inactive
731,Frances,Miller,member731@example.com,555-1119,1983-10-07,8854 Jefferson Dr,San Diego,NV,99663,119085,employed,2024-01-02,active
732,Janet,Lewis,member732@example.com,555-4687,1961-04-28,1330 Jefferson Dr,Phoenix,NV,56306,45522,employed,2020-11-15,active
733,Nicole,Robinson,member733@example.com,555-5092,1994-01-02,2031 Washington St,San Jose,OK,48475,52231,self_employed,2022-01-27,active
734,Stephanie,Robinson,member734@example.com,555-9446,1948-10-25,7686 Monroe Dr,Los Angeles,CO,10772,88639,employed,2024-01-15,active
735,Amanda,Gonzalez,member735@example.com,555-6808,1946-06-08,1760 Adams Ave,Indianapolis,FL,21107,43511,employed,2023-07-22,active
736,John,Jones,member736@example.com,555-5098,1965-12-03,7811 Madison St,Jacksonville,IN,57775,44058,self_employed,2022-12-28,active
737,Steven,Perez,member737@example.com,555-8198,1960-02-27,2391 Jefferson Dr,Las Vegas,MA,10761,78830,employed,2022-08-08,active
738,Michael,Jones,member738@example.com,555-7464,1983-06-01,5526 Oak Ave,Philadelphia,FL,72822,73626,employed,2024-04-26,inactive
739,James,Hernandez,member739@example.com,555-7551,1990-08-30,6470 Maple Dr,Houston,TX,12772,36025,employed,2021-04-18,active
740,Nicole,Wilson,member740@example.com,555-1131,1984-08-09,7967 Washington St,San Jose,OK,20828,77749,employed,2024-11-08,active
741,Michelle,Harris,member741@example.com,555-2884,1969-04-13,4152 Adams Ave,San Antonio,OK,23508,86752,employed,2024-07-08,active
742,Catherine,Lee,member742@example.com,555-3436,1966-03-21,2073 Maple Dr,Fort Worth,CA,45895,76182,unemployed,2021-08-31,active
743,Sarah,Gonzalez,member743@example.com,555-7673,1992-09-26,5120 First St,San Diego,WA,65846,46541,employed,2023-04-11,active
744,Michelle,Lopez,member744@example.com,555-5596,1977-02-17,6949 First St,Austin,CA,33822,41692,employed,2020-10-25,active
745,Paul,Rodriguez,member745@example.com,555-2650,1984-04-18,3128 Second St,Indianapolis,CO,53815,80539,employed,2022-04-18,active
746,James,Hernandez,member746@example.com,555-6907,1978-01-22,9748 Jefferson Dr,San Diego,NC,37529,88080,employed,2023-11-12,active
747,Kevin,Brown,member747@example.com,555-1672,1998-04-06,3220 Park Ave,Oklahoma City,TN,22928,119275,employed,2021-01-03,active
748,Richard,Moore,member748@example.com,555-3517,1949-07-27,2194 Park Ave,Columbus,NC,83445,79878,employed,2022-07-15,active
749,David,Thomas,member749@example.com,555-7864,1992-08-17,8355 Main St,Philadelphia,NC,26899,43847,self_employed,2022-03-19,active
750,Helen,Thomas,member750@example.com,555-9723,1991-09-15,1328 Cedar Ln,Charlotte,NV,60351,76232,employed,2023-09-28,active
751,John,Garcia,member751@example.com,555-4568,1998-10-05,245 Jackson St,San Francisco,NV,43925,48896,employed,2022-04-16,active
752,William,Davis,member752@example.com,555-1747,1993-07-04,4002 Washington St,Los Angeles,AZ,46406,48798,employed,2021-05-02,active
753,Ashley,Moore,member753@example.com,555-2903,1945-10-06,5792 Jefferson Dr,Austin,IL,81994,78159,unemployed,2022-01-25,active
754,Sarah,Lee,member754@example.com,555-1170,1977-07-13,3692 Second St,Philadelphia,NC,12049,49663,employed,2023-08-08,active
755,Mark,Lee,member755@example.com,555-5216,2001-10-27,9125 Park Ave,Charlotte,OH,52501,134112,employed,2022-02-04,active
756,Charles,White,member756@example.com,555-8109,1978-09-17,2530 Monroe Dr,Chicago,OK,33791,82958,employed,2023-03-01,active
757,Amanda,Lee,member757@example.com,555-5621,1947-07-12,5181 Cedar Ln,Philadelphia,DC,89668,121188,employed,2021-08-22,active
758,Helen,Brown,member758@example.com,555-9630,1957-12-15,293 Elm St,Fort Worth,DC,12715,28036,employed,2021-03-16,active
759,Emily,Rodriguez,member759@example.com,555-3336,2001-12-04,9924 Main St,New York,TX,81089,71433,employed,2024-09-18,active
760,Paul,Harris,member760@example.com,555-8279,1960-04-10,5136 Lincoln Ave,Indianapolis,AZ,41956,117784,employed,2020-11-25,active
761,Michael,Brown,member761@example.com,555-9923,1972-04-05,1780 Adams Ave,Phoenix,NY,39401,57813,employed,2020-09-21,active
762,Charles,Robinson,member762@example.com,555-7303,2007-04-02,1941 Monroe Dr,Philadelphia,TX,39428,51577,employed,2021-02-27,inactive
763,Lisa,Lopez,member763@example.com,555-2389,1949-07-12,2575 Cedar Ln,Columbus,NV,53888,42499,employed,2023-12-14,active
764,Daniel,Lopez,member764@example.com,555-2702,1969-12-17,8279 Jefferson Dr,Dallas,IL,10285,49881,employed,2025-06-02,active
765,Mark,Anderson,member765@example.com,555-8838,1951-09-05,1954 Adams Ave,Las Vegas,NC,28961,24803,employed,2021-02-04,active
766,Carolyn,Wilson,member766@example.com,555-8885,1982-10-11,9958 Lincoln Ave,Phoenix,OH,60224,32616,employed,2022-12-08,active
767,Charles,Gonzalez,member767@example.com,555-2369,1997-10-05,7011 First St,Oklahoma City,IL,40827,86141,employed,2022-08-13,active
768,Paul,Jones,member768@example.com,555-2804,1950-12-26,5823 Jefferson Dr,Phoenix,IN,70344,195562,employed,2021-05-25,active
769,Charles,Johnson,member769@example.com,555-3257,1956-02-27,2444 Madison St,Las Vegas,NY,65667,83797,employed,2022-09-03,active
770,Kevin,Ramirez,member770@example.com,555-3591,1948-05-07,2506 Jefferson Dr,Phoenix,IL,42118,39058,employed,2021-01-07,active
771,Amanda,Thomas,member771@example.com,555-3295,1992-12-16,5007 Monroe Dr,Columbus,WA,68192,128647,employed,2024-12-20,active
772,Michael,Martin,member772@example.com,555-3843,1990-10-16,2727 Main St,Fort Worth,MA,99116,23645,employed,2025-07-01,active
773,Andrew,Martinez,member773@example.com,555-4724,1983-08-25,2669 Second St,Chicago,NV,59487,78455,self_employed,2021-04-16,active
774,Amanda,Clark,member774@example.com,555-2264,1987-08-31,7921 Lincoln Ave,Boston,DC,59868,41834,employed,2021-07-06,active
775,Robert,Brown,member775@example.com,555-2274,1978-03-07,9982 Lincoln Ave,New York,OH,46989,53900,employed,2021-07-02,active
776,Stephanie,Miller,member776@example.com,555-4305,2002-11-29,630 First St,Dallas,IL,84727,39566,employed,2023-10-03,active
777,Matthew,Williams,member777@example.com,555-6056,1946-05-26,5943 Washington St,Fort Worth,NV,35543,210853,employed,2022-05-09,active
778,Robert,Hernandez,member778@example.com,555-7672,1990-10-26,1754 Maple Dr,New York,DC,72515,74244,employed,2023-11-16,active
779,Rachel,Williams,member779@example.com,555-2528,1966-06-01,3633 Maple Dr,Oklahoma City,PA,75748,25282,employed,2023-06-26,inactive
780,Nicole,Anderson,member780@example.com,555-3149,1976-01-21,4865 Jefferson Dr,Washington,MA,15244,87147,self_employed,2025-08-01,active
781,Frances,Martin,member781@example.com,555-2228,1959-04-24,9388 Monroe Dr,Houston,NY,28693,77835,employed,2024-11-19,active
782,Rachel,Hernandez,member782@example.com,555-3780,1972-02-28,2745 Pine Rd,Dallas,CO,56316,72856,employed,2021-02-01,active
783,Paul,Rodriguez,member783@example.com,555-8242,2003-12-24,2401 Elm St,Denver,OK,15189,85097,employed,2022-08-17,active
784,Andrew,Ramirez,member784@example.com,555-6138,1979-03-01,1467 Adams Ave,San Francisco,TN,44449,44226,employed,2025-07-04,active
785,Jessica,Thompson,member785@example.com,555-1130,1959-07-04,1825 Washington St,Fort Worth,PA,84728,71869,employed,2022-10-29,active
786,Anthony,Anderson,member786@example.com,555-8675,2003-04-12,8867 Jackson St,Houston,IL,33628,55147,employed,2024-09-09,active
787,Richard,Gonzalez,member787@example.com,555-6385,1951-06-04,5298 Lincoln Ave,Washington,OK,37870,208007,employed,2024-07-11,active
788,Jennifer,Thomas,member788@example.com,555-3384,2003-01-28,3597 Lincoln Ave,Denver,CA,88784,34895,employed,2024-12-05,active
789,Paul,Miller,member789@example.com,555-1886,1964-08-12,475 Adams Ave,Dallas,NC,93320,126845,employed,2021-07-29,active
790,Steven,Ramirez,member790@example.com,555-7876,1992-09-19,3607 Second St,Philadelphia,CA,22116,33273,employed,2022-12-28,active
791,Donald,Thomas,member791@example.com,555-8790,1993-09-06,2732 Adams Ave,Jacksonville,DC,11301,75391,employed,2023-09-25,active
792,Catherine,Martin,member792@example.com,555-3369,1974-09-07,5285 Main St,Phoenix,TN,29331,72549,employed,2023-05-22,active
793,John,Anderson,member793@example.com,555-3059,2002-07-18,7461 Elm St,Los Angeles,FL,34596,33316,employed,2022-12-11,active
794,Anthony,Miller,member794@example.com,555-4131,2006-08-12,9550 Main St,Jacksonville,CO,12122,89691,employed,2022-04-13,active
795,Rachel,Wilson,member795@example.com,555-7723,1977-03-12,5870 Adams Ave,San Francisco,WA,24860,74087,employed,2021-07-29,active
796,Joshua,Wilson,member796@example.com,555-7251,1971-03-18,7267 Washington St,Oklahoma City,TX,21484,58112,employed,2025-02-08,active
797,Donald,Brown,member797@example.com,555-9133,2001-08-09,9024 Elm St,Boston,TN,75976,20538,unemployed,2023-11-06,active
798,Rachel,Moore,member798@example.com,555-7243,1955-11-29,3304 Monroe Dr,Houston,CO,70810,83783,employed,2022-11-26,active
799,Elizabeth,Sanchez,member799@example.com,555-4668,1991-03-05,4746 Second St,Nashville,NC,50291,82969,employed,2025-04-16,active
800,Donald,Johnson,member800@example.com,555-1254,1947-12-30,2612 Jefferson Dr,San Francisco,WA,53920,122915,employed,2021-07-18,inactive
801,Helen,Miller,member801@example.com,555-7444,1950-04-08,9567 Adams Ave,Phoenix,DC,32769,202924,employed,2022-11-06,active
802,James,Taylor,member802@example.com,555-2939,2002-04-16,9552 Madison St,Boston,NC,82470,84332,employed,2021-06-24,active
803,John,Lee,member803@example.com,555-3507,1948-02-19,9007 Pine Rd,Denver,DC,13314,43056,employed,2024-10-01,active
804,Charles,Martinez,member804@example.com,555-4175,1993-09-03,4118 Madison St,Dallas,CA,46040,206734,employed,2021-01-19,active
805,Lisa,Anderson,member805@example.com,555-3010,1955-03-31,2423 Washington St,Dallas,PA,22160,88984,self_employed,2021-01-08,active
806,Carolyn,Sanchez,member806@example.com,555-1359,1982-10-04,1305 Monroe Dr,Boston,IL,37563,46814,employed,2024-06-10,active
807,Amanda,Martinez,member807@example.com,555-1166,1961-09-01,9394 Oak Ave,Houston,WA,55453,129774,employed,2023-04-21,inactive
808,Thomas,Robinson,member808@example.com,555-2992,1962-12-10,584 Main St,San Francisco,NV,29968,70164,employed,2021-10-19,active
809,James,Davis,member809@example.com,555-2367,1956-12-29,4484 Second St,Indianapolis,FL,22054,27109,employed,2022-07-17,active
810,Carolyn,Wilson,member810@example.com,555-9399,1981-07-09,3263 Second St,Philadelphia,FL,46842,85304,employed,2022-10-16,active
811,Ashley,White,member811@example.com,555-8992,1984-07-11,7409 Adams Ave,Washington,NC,51779,89253,employed,2024-01-30,active
812,Elizabeth,Lewis,member812@example.com,555-2052,1985-12-16,2840 Oak Ave,San Francisco,NC,86922,46544,employed,2022-11-20,active
813,Jane,Brown,member813@example.com,555-3947,1974-08-03,7135 Cedar Ln,Jacksonville,OH,19521,132383,employed,2021-10-17,active
814,Matthew,Thompson,member814@example.com,555-1178,1975-02-22,3602 Jackson St,Denver,WA,40493,50303,employed,2023-09-27,active
815,Robert,Moore,member815@example.com,555-5555,2000-03-05,1325 Adams Ave,Nashville,MA,51652,46952,employed,2025-02-23,active
816,Michelle,Wilson,member816@example.com,555-2953,1956-10-09,7518 Cedar Ln,Washington,WA,87485,56185,employed,2022-09-26,active
817,Kenneth,Smith,member817@example.com,555-8565,1971-02-25,2247 Madison St,Los Angeles,NV,15127,20584,unemployed,2022-06-24,active
818,Donald,White,member818@example.com,555-5931,1970-04-13,5296 Jefferson Dr,Fort Worth,IL,82935,23116,self_employed,2024-12-06,active
819,Rachel,Thomas,member819@example.com,555-2989,1979-03-09,1783 Main St,San Diego,CA,11362,82888,employed,2021-05-14,active
820,Emily,Miller,member820@example.com,555-7043,1993-11-12,180 Oak Ave,Dallas,CA,24523,54276,employed,2020-11-09,active
821,Mark,Rodriguez,member821@example.com,555-3790,1957-12-31,9659 Jackson St,Houston,AZ,51855,30791,employed,2025-06-03,active
822,Lisa,Taylor,member822@example.com,555-9644,1967-03-21,9568 Monroe Dr,Nashville,OK,46771,83542,employed,2022-05-24,active
823,Daniel,Thompson,member823@example.com,555-2356,1977-04-23,9250 First St,Nashville,FL,20225,43008,employed,2021-01-03,inactive
824,Rachel,Clark,member824@example.com,555-7308,1962-07-01,8089 Elm St,Austin,FL,87401,20430,unemployed,2024-11-09,active
825,Jennifer,Ramirez,member825@example.com,555-9265,1955-02-13,2230 First St,Jacksonville,DC,69301,125217,employed,2025-06-15,active
826,Michelle,Wilson,member826@example.com,555-3690,2007-03-17,5132 Elm St,Phoenix,TN,24047,53113,employed,2024-10-06,active
827,Jane,Thomas,member827@example.com,555-9698,1986-04-01,5866 Second St,Houston,IL,56455,35101,employed,2023-01-03,active
828,Sarah,Anderson,member828@example.com,555-5466,1978-10-24,1702 Oak Ave,Boston,DC,65389,54118,employed,2021-09-04,active
829,Kevin,Thomas,member829@example.com,555-9497,1984-07-15,1888 Oak Ave,Boston,OH,24559,59465,employed,2021-10-26,active
830,David,Moore,member830@example.com,555-2655,1970-05-09,3810 Madison St,Fort Worth,DC,23278,133849,employed,2021-10-27,active
831,William,Sanchez,member831@example.com,555-4335,1976-10-29,4818 Washington St,Las Vegas,NY,22352,123790,employed,2021-08-17,active
832,Jessica,Garcia,member832@example.com,555-6162,2006-10-10,1237 Cedar Ln,Philadelphia,WA,69666,85622,employed,2021-05-20,inactive
833,Amanda,Rodriguez,member833@example.com,555-2261,1960-12-15,259 Jefferson Dr,Indianapolis,NY,74003,84022,employed,2025-06-26,active
834,Daniel,Clark,member834@example.com,555-4740,1992-10-06,8343 Cedar Ln,Phoenix,TX,23106,20569,unemployed,2022-04-18,active
835,Joshua,Rodriguez,member835@example.com,555-8970,1968-05-20,6068 Jackson St,New York,CO,49470,56078,employed,2024-07-27,active
836,Michelle,Perez,member836@example.com,555-9508,2003-01-14,439 Maple Dr,Columbus,OH,96424,89521,employed,2021-05-20,active
837,Deborah,Lopez,member837@example.com,555-4380,1953-08-25,3275 Madison St,Boston,TX,45903,38926,employed,2025-07-04,active
838,Janet,Garcia,member838@example.com,555-5346,2006-07-24,5815 Lincoln Ave,Fort Worth,MA,46208,84721,unemployed,2022-04-28,active
839,Lisa,Wilson,member839@example.com,555-8455,1996-06-23,5785 Washington St,Houston,NY,75395,81248,employed,2024-06-06,active
840,Frances,Moore,member840@example.com,555-3664,1972-11-17,8076 Washington St,Chicago,IN,12043,87143,self_employed,2023-02-18,active
841,Carolyn,Martinez,member841@example.com,555-1083,1984-03-30,5871 Main St,Los Angeles,NC,28051,59433,employed,2022-07-21,active
842,Maria,Jones,member842@example.com,555-2409,1969-12-03,2437 Park Ave,Columbus,IL,48116,86449,employed,2021-10-25,active
843,Mark,Wilson,member843@example.com,555-7539,1954-06-11,4380 Washington St,Washington,IN,32715,123150,employed,2023-10-01,active
844,Richard,Rodriguez,member844@example.com,555-3223,1982-12-27,9181 Park Ave,San Jose,IN,21219,133945,employed,2022-04-03,active
845,Deborah,Brown,member845@example.com,555-3270,1992-11-17,7340 Lincoln Ave,San Francisco,CO,71391,87885,employed,2022-07-29,active
846,Maria,Smith,member846@example.com,555-7896,1953-07-28,2403 Washington St,San Diego,NV,58904,53443,employed,2021-04-20,active
847,Helen,Jones,member847@example.com,555-7601,2005-10-03,197 Jackson St,San Francisco,TN,17123,124612,employed,2021-01-23,active
848,Robert,Clark,member848@example.com,555-5760,1996-05-14,7988 Lincoln Ave,Los Angeles,TX,86626,118507,employed,2024-05-15,active
849,Maria,White,member849@example.com,555-9115,1957-11-16,3762 Maple Dr,San Jose,IN,10845,76719,employed,2025-02-07,active
850,Jennifer,Martin,member850@example.com,555-2983,1992-04-10,1687 First St,San Antonio,TX,72094,73758,employed,2020-09-22,active
851,Stephanie,Gonzalez,member851@example.com,555-8925,1962-02-24,3949 Second St,Washington,TN,96266,41823,self_employed,2024-01-18,active
852,Jessica,Garcia,member852@example.com,555-9380,1994-09-07,3382 Monroe Dr,Indianapolis,IN,47938,20709,employed,2024-05-01,active
853,Helen,Gonzalez,member853@example.com,555-2758,1987-04-07,6930 Adams Ave,Phoenix,NY,47148,82036,employed,2023-02-25,active
854,Frances,Anderson,member854@example.com,555-1698,1977-06-18,2382 Jackson St,Las Vegas,TN,46294,59023,employed,2020-08-21,inactive
855,Janet,Gonzalez,member855@example.com,555-9405,1951-04-09,2958 Maple Dr,Jacksonville,WA,70225,56489,employed,2024-08-06,active
856,David,Robinson,member856@example.com,555-8925,1979-06-02,7829 Cedar Ln,Denver,NV,96364,29926,self_employed,2023-07-15,active
857,Anthony,Jackson,member857@example.com,555-7615,1951-09-14,836 Main St,Las Vegas,PA,40369,89295,self_employed,2021-02-16,active
858,Charles,Harris,member858@example.com,555-4876,1955-02-05,2950 Madison St,Columbus,IL,18116,55611,employed,2024-01-08,active
859,Elizabeth,Martin,member859@example.com,555-1482,1961-04-03,5361 Elm St,Oklahoma City,TN,59496,22388,employed,2021-05-02,inactive
860,Carolyn,Anderson,member860@example.com,555-5687,1965-11-14,3396 Cedar Ln,Columbus,NV,35204,76544,employed,2021-01-26,active
861,James,Lewis,member861@example.com,555-1085,1977-11-24,6785 Pine Rd,Austin,PA,99438,73152,employed,2024-09-05,inactive
862,Ashley,Jackson,member862@example.com,555-8761,1990-07-28,5868 Jefferson Dr,Washington,AZ,18802,87306,employed,2023-01-18,active
863,James,Sanchez,member863@example.com,555-9474,1972-05-24,1753 Elm St,Indianapolis,OH,16747,42322,employed,2023-12-17,active
864,Thomas,Gonzalez,member864@example.com,555-6863,1951-09-26,2686 Washington St,Chicago,OH,77863,29499,self_employed,2024-01-06,active
865,Lisa,Jackson,member865@example.com,555-8716,1969-03-28,591 Oak Ave,Austin,MA,44194,41856,employed,2021-09-17,active
866,Nicole,Robinson,member866@example.com,555-2021,1966-10-11,8186 Pine Rd,Denver,CA,55330,74564,employed,2020-12-25,active
867,Paul,Jones,member867@example.com,555-5432,1949-05-20,1804 Oak Ave,Indianapolis,NV,39523,72640,self_employed,2024-03-26,active
868,Sarah,Smith,member868@example.com,555-4214,1993-07-25,6315 Main St,Seattle,OK,16834,47463,employed,2022-10-04,active
869,Maria,Jones,member869@example.com,555-2893,1984-12-05,2033 Jefferson Dr,Jacksonville,FL,54974,84081,employed,2023-01-14,active
870,Charles,Wilson,member870@example.com,555-9785,1996-08-07,850 Main St,Las Vegas,OH,17455,43014,employed,2021-01-06,active
871,Anthony,Martin,member871@example.com,555-5001,1971-11-15,2225 Madison St,Indianapolis,TX,96060,49260,employed,2021-01-07,active
872,Anthony,Lewis,member872@example.com,555-4609,1985-06-06,5059 Jefferson Dr,Seattle,IN,95674,121745,employed,2021-12-16,active
873,Sarah,Lopez,member873@example.com,555-7731,2001-06-06,8066 Second St,Chicago,FL,27974,57741,employed,2025-04-22,inactive
874,Elizabeth,White,member874@example.com,555-3325,1948-11-09,3951 Jackson St,Boston,TN,24973,58119,employed,2020-09-15,active
875,Stephanie,Clark,member875@example.com,555-2384,1950-12-30,4672 Madison St,Indianapolis,NY,60146,29108,unemployed,2022-09-29,active
876,Deborah,Moore,member876@example.com,555-1856,2004-11-20,5099 Oak Ave,Seattle,CO,13406,52429,employed,2024-01-01,active
877,Catherine,Miller,member877@example.com,555-1448,1976-03-24,7211 Adams Ave,Las Vegas,CA,24314,48602,employed,2023-09-10,active
878,Joshua,Anderson,member878@example.com,555-7944,1997-01-04,9411 Second St,Philadelphia,DC,71254,79418,self_employed,2024-10-08,inactive
879,Michelle,Williams,member879@example.com,555-5094,1994-05-03,4946 Lincoln Ave,Denver,DC,15060,40497,employed,2024-01-15,active
880,Kevin,Smith,member880@example.com,555-3036,1973-03-04,9413 Lincoln Ave,Dallas,PA,68170,48208,employed,2023-03-08,active
881,Paul,Lee,member881@example.com,555-4569,1982-04-19,1059 Pine Rd,Dallas,WA,18394,21212,self_employed,2023-01-22,active
882,Carolyn,Jones,member882@example.com,555-4726,2002-03-10,2958 Maple Dr,Washington,CA,40496,79048,employed,2021-03-25,active
883,Catherine,Hernandez,member883@example.com,555-1687,1995-04-16,3834 Oak Ave,Oklahoma City,NC,43743,56604,self_employed,2020-09-05,active
884,Michael,Martin,member884@example.com,555-4845,1977-01-05,1888 Pine Rd,San Francisco,TN,24835,126578,employed,2023-06-15,active
885,Donald,Williams,member885@example.com,555-7987,1971-01-14,2444 Main St,Austin,CO,53907,58689,employed,2022-11-16,active
886,William,Lopez,member886@example.com,555-1730,1971-09-26,2558 Main St,Houston,FL,51039,49635,employed,2023-06-15,active
887,Ashley,Gonzalez,member887@example.com,555-1534,2004-08-02,2558 Madison St,Boston,IL,20133,89054,employed,2021-11-05,active
888,Joshua,White,member888@example.com,555-2986,1992-12-26,942 Monroe Dr,Nashville,NV,78201,212964,employed,2023-01-23,active
889,Jessica,Hernandez,member889@example.com,555-4982,1978-02-10,3882 Jackson St,Austin,TX,41594,58849,employed,2023-01-31,active
890,Maria,Taylor,member890@example.com,555-2252,1978-02-21,8032 First St,Charlotte,MA,40115,126858,employed,2023-10-13,active
891,Donald,Perez,member891@example.com,555-3263,1999-12-19,4364 Washington St,Austin,WA,25461,212616,employed,2021-01-16,active
892,Richard,Lewis,member892@example.com,555-3947,1986-05-17,354 Cedar Ln,Houston,MA,44521,74862,employed,2024-11-17,active
893,Michael,Clark,member893@example.com,555-8068,1947-10-15,2835 Pine Rd,Phoenix,NV,79377,118309,employed,2022-10-06,active
894,Jessica,Thompson,member894@example.com,555-5806,1956-04-26,5618 Lincoln Ave,Denver,TX,15929,53183,employed,2021-01-01,active
895,Steven,White,member895@example.com,555-8138,1971-08-05,7916 Maple Dr,Las Vegas,PA,87274,54709,self_employed,2025-03-09,active
896,Elizabeth,Perez,member896@example.com,555-8430,1979-09-04,5350 Jackson St,Philadelphia,NV,87080,20255,unemployed,2022-02-26,active
897,Sarah,Jackson,member897@example.com,555-9481,1992-10-03,9599 Adams Ave,San Jose,WA,60340,29743,employed,2022-05-17,active
898,Ashley,Wilson,member898@example.com,555-9505,1970-08-08,9523 Lincoln Ave,Houston,CO,47328,196374,self_employed,2021-07-08,active
899,William,Martinez,member899@example.com,555-5250,2000-01-08,1838 First St,Nashville,NC,28481,54382,employed,2021-02-15,active
900,Michael,Lewis,member900@example.com,555-9844,1993-11-24,3297 Main St,Indianapolis,NY,58436,120532,employed,2021-09-23,active
901,Janet,Jones,member901@example.com,555-8435,1972-02-06,1895 Elm St,Charlotte,MA,74651,128975,employed,2022-01-23,active
902,Lisa,Lopez,member902@example.com,555-2295,1965-08-05,1318 Lincoln Ave,Philadelphia,NV,53953,29124,unemployed,2022-02-19,active
903,Matthew,Lewis,member903@example.com,555-1628,1984-07-08,1745 Lincoln Ave,San Antonio,CA,93164,72427,employed,2024-02-08,active
904,Charles,Perez,member904@example.com,555-4205,1969-06-09,7802 Maple Dr,Indianapolis,PA,75106,32327,self_employed,2022-03-04,active
905,Ashley,Smith,member905@example.com,555-8115,1951-09-04,8139 Park Ave,Oklahoma City,PA,15087,72906,self_employed,2022-12-07,active
906,Anthony,Thomas,member906@example.com,555-9691,2004-07-29,3050 Washington St,San Diego,IN,97552,89133,employed,2023-04-23,active
907,Paul,Martinez,member907@example.com,555-2581,1965-04-12,1941 Washington St,Columbus,TN,52650,89590,employed,2021-12-22,active
908,Lisa,Lopez,member908@example.com,555-7522,1957-02-16,8025 Monroe Dr,Washington,MA,40783,35228,self_employed,2020-10-01,active
909,Matthew,Rodriguez,member909@example.com,555-6203,1982-07-14,6512 Jackson St,Columbus,DC,44170,83402,employed,2020-11-22,active
910,Michael,Martinez,member910@example.com,555-8334,1982-05-28,3725 Cedar Ln,Seattle,FL,91957,81135,employed,2021-03-16,active
911,Joshua,Smith,member911@example.com,555-1345,1979-08-29,1578 Lincoln Ave,Jacksonville,IL,95843,80803,employed,2020-11-11,active
912,Joshua,Gonzalez,member912@example.com,555-4757,1971-09-03,2744 Jefferson Dr,Austin,MA,38261,46502,unemployed,2023-09-09,active
913,Janet,Brown,member913@example.com,555-9216,1981-05-04,8044 Oak Ave,Philadelphia,IN,49513,116182,employed,2020-09-21,active
914,Lisa,Clark,member914@example.com,555-7190,2004-06-05,6665 Maple Dr,Las Vegas,NC,21130,78103,employed,2021-01-06,active
915,Joshua,Martin,member915@example.com,555-3487,1954-03-19,9736 Madison St,San Antonio,IN,52431,83611,employed,2022-12-21,active
916,Robert,Rodriguez,member916@example.com,555-8723,1979-06-04,4871 Adams Ave,Chicago,OH,63258,28980,employed,2023-09-25,active
917,Mark,Smith,member917@example.com,555-9143,1980-12-14,6206 Elm St,Charlotte,OH,85743,57472,employed,2020-09-22,active
918,Robert,Lee,member918@example.com,555-6089,1975-06-19,2455 Pine Rd,Houston,PA,37221,52118,employed,2025-06-09,active
919,Frances,Clark,member919@example.com,555-8758,1992-08-05,9383 First St,Los Angeles,OK,43033,72748,employed,2022-11-24,active
920,Kenneth,Martin,member920@example.com,555-7660,1946-02-20,4493 Park Ave,Seattle,OK,81511,44935,employed,2023-05-23,active
921,Paul,Taylor,member921@example.com,555-2334,1955-01-24,7074 Pine Rd,Fort Worth,AZ,11785,80545,employed,2021-06-30,active
922,Lisa,Johnson,member922@example.com,555-7949,1990-01-24,2897 Monroe Dr,Phoenix,MA,62350,26467,employed,2020-08-21,active
923,Michelle,Taylor,member923@example.com,555-6281,2000-10-27,6188 Cedar Ln,Phoenix,IN,78583,49641,employed,2024-06-05,active
924,Thomas,Thomas,member924@example.com,555-8583,1964-07-14,5509 Maple Dr,Philadelphia,NV,72111,82165,employed,2020-08-23,active
925,John,Martinez,member925@example.com,555-4074,1963-07-08,1637 Jackson St,Austin,TX,18009,55417,employed,2024-02-03,active
926,Charles,Lopez,member926@example.com,555-1231,1962-12-03,4598 Washington St,Columbus,IN,58139,51483,employed,2024-02-02,active
927,Richard,Williams,member927@example.com,555-3497,1954-11-17,3646 Second St,Philadelphia,NC,83880,133386,employed,2021-02-28,active
928,Catherine,Martin,member928@example.com,555-5542,2000-11-22,7856 Park Ave,Philadelphia,NY,40386,82548,employed,2021-10-20,active
929,Paul,Ramirez,member929@example.com,555-1004,1974-08-25,1374 Oak Ave,Phoenix,NV,67630,119800,employed,2022-12-22,active
930,Jessica,Moore,member930@example.com,555-7442,1979-06-28,6416 Monroe Dr,Jacksonville,IN,78417,56396,employed,2022-05-14,active
931,Michelle,Thompson,member931@example.com,555-3341,1984-11-12,9283 Jackson St,Indianapolis,NC,99832,122009,self_employed,2021-04-06,active
932,Elizabeth,Ramirez,member932@example.com,555-8636,2005-10-01,5768 Adams Ave,San Antonio,FL,60129,51409,employed,2022-09-08,active
933,Elizabeth,Taylor,member933@example.com,555-4193,1946-02-21,9704 Washington St,Austin,TX,58348,70349,employed,2022-01-04,active
934,Michelle,Lee,member934@example.com,555-8843,1981-05-16,819 Second St,Dallas,CA,84996,28946,employed,2025-03-16,active
935,Rachel,Thomas,member935@example.com,555-3847,1988-02-11,9038 Elm St,Los Angeles,CO,13779,85427,unemployed,2024-01-10,active
936,James,Williams,member936@example.com,555-7874,1956-05-09,1018 Jackson St,Boston,CA,51187,45796,self_employed,2021-02-18,active
937,Jane,Hernandez,member937@example.com,555-6185,1960-10-26,9714 Jefferson Dr,San Francisco,NY,97096,46362,employed,2022-11-06,active
938,Andrew,Jones,member938@example.com,555-5368,1953-03-04,2927 Jackson St,Los Angeles,NC,89761,72014,employed,2021-09-13,active
939,Maria,Lopez,member939@example.com,555-2928,1976-04-09,7739 Pine Rd,Denver,TN,21555,40105,employed,2021-03-29,active
940,Catherine,Lee,member940@example.com,555-1329,1960-10-30,271 Park Ave,Boston,CO,70338,42831,employed,2021-01-16,active
941,Richard,White,member941@example.com,555-3174,1973-06-30,973 Madison St,Oklahoma City,IN,33331,125085,employed,2022-02-25,active
942,Michelle,Lewis,member942@example.com,555-4264,1961-07-12,4932 Second St,Oklahoma City,TN,44674,47404,employed,2021-02-08,active
943,Janet,Anderson,member943@example.com,555-3793,1948-12-07,9688 Madison St,Phoenix,FL,66866,81431,employed,2022-07-14,active
944,Andrew,Moore,member944@example.com,555-5406,1953-10-12,8509 Park Ave,Dallas,FL,71300,79459,employed,2022-01-19,active
945,Rachel,Jackson,member945@example.com,555-6291,1979-01-14,9336 Madison St,Nashville,CA,52253,26108,employed,2024-07-09,active
946,Paul,Hernandez,member946@example.com,555-6516,2003-10-06,1741 Cedar Ln,Jacksonville,IN,31331,40258,employed,2023-03-17,active
947,Rachel,Jackson,member947@example.com,555-8126,1981-06-19,7859 First St,Dallas,CO,88766,84385,employed,2022-06-25,active
948,Charles,Harris,member948@example.com,555-9306,1955-04-26,6997 Adams Ave,Dallas,DC,87735,41314,unemployed,2020-09-30,active
949,Janet,Miller,member949@example.com,555-3286,1957-04-17,5558 Oak Ave,Chicago,IN,28541,49849,self_employed,2025-01-30,active
950,Jennifer,Miller,member950@example.com,555-3819,1972-09-01,5138 Pine Rd,Philadelphia,OH,36649,55092,employed,2023-01-14,active
951,Elizabeth,Smith,member951@example.com,555-8820,1959-12-07,5747 Elm St,Indianapolis,DC,37851,58197,employed,2023-03-28,active
952,Robert,Gonzalez,member952@example.com,555-3105,1974-03-14,2287 Madison St,Austin,IN,98440,122954,employed,2024-09-06,active
953,Carolyn,Perez,member953@example.com,555-1440,1965-07-12,3018 First St,Jacksonville,CO,54544,87501,employed,2023-05-26,active
954,Charles,Jones,member954@example.com,555-9191,1962-07-03,824 Park Ave,San Jose,MA,22170,83047,self_employed,2022-06-29,active
955,Mark,Perez,member955@example.com,555-8875,1948-10-06,4376 Adams Ave,Philadelphia,PA,62194,44939,employed,2024-05-31,active
956,Robert,Lee,member956@example.com,555-7626,1946-09-26,2735 Lincoln Ave,Phoenix,NV,60330,22707,employed,2024-06-08,active
957,Sarah,Martinez,member957@example.com,555-7962,1968-11-04,1999 Jackson St,San Francisco,CO,72068,53163,employed,2024-07-31,active
958,Amanda,Wilson,member958@example.com,555-9711,1980-01-16,1410 Maple Dr,New York,WA,87352,81955,employed,2022-01-13,active
959,Rachel,Martinez,member959@example.com,555-1652,1956-07-17,8121 Jackson St,Jacksonville,CA,88555,129909,employed,2024-06-08,active
960,Jane,Moore,member960@example.com,555-5378,1961-09-03,4904 Jefferson Dr,Columbus,NY,68559,49704,employed,2022-05-29,active
961,Michael,Moore,member961@example.com,555-7491,1967-12-12,2971 Pine Rd,Seattle,TX,26522,23659,employed,2024-08-30,active
962,Rachel,Thompson,member962@example.com,555-4999,1992-08-10,9423 Jackson St,Los Angeles,IL,52806,49001,employed,2022-09-05,active
963,Emily,Hernandez,member963@example.com,555-5947,1983-07-19,6665 Main St,Philadelphia,NC,95576,73313,employed,2024-10-02,active
964,Richard,Jackson,member964@example.com,555-5275,1972-11-03,8522 First St,Oklahoma City,CA,59051,129202,self_employed,2023-10-21,active
965,Amanda,Rodriguez,member965@example.com,555-9217,2005-11-16,849 Madison St,Philadelphia,IN,45740,84317,employed,2020-08-13,active
966,Michelle,Rodriguez,member966@example.com,555-8576,1999-05-21,5312 Elm St,San Diego,OH,12368,33576,employed,2024-07-25,active
967,Kevin,Clark,member967@example.com,555-8547,1998-05-20,6993 Lincoln Ave,Seattle,DC,72338,29431,unemployed,2023-09-19,active
968,Jennifer,Anderson,member968@example.com,555-9175,1964-07-15,8820 Cedar Ln,Nashville,DC,43514,51349,employed,2022-11-06,active
969,Maria,Lopez,member969@example.com,555-2361,1964-04-05,8776 Jefferson Dr,San Jose,IN,51331,117575,employed,2023-02-13,active
970,Anthony,Jackson,member970@example.com,555-8070,1982-11-27,483 Washington St,Seattle,OK,40765,39167,employed,2022-09-10,active
971,Lisa,Brown,member971@example.com,555-7483,1965-03-23,3562 Elm St,Denver,IN,33412,39894,self_employed,2025-06-09,active
972,Anthony,Harris,member972@example.com,555-4567,1983-02-26,9918 Second St,Austin,CO,92611,83143,employed,2021-03-07,active
973,Joshua,Gonzalez,member973@example.com,555-4688,1981-11-18,8207 Jackson St,San Jose,TN,30574,80412,employed,2025-06-26,active
974,Rachel,Lee,member974@example.com,555-3822,2006-12-12,1710 Madison St,Denver,MA,64823,57454,employed,2022-11-21,active
975,Frances,Taylor,member975@example.com,555-2319,1999-06-06,9448 Adams Ave,New York,WA,89929,27346,employed,2021-12-27,active
976,Jane,White,member976@example.com,555-7378,1995-03-02,8477 Park Ave,Philadelphia,TN,58373,72980,self_employed,2024-08-22,active
977,Daniel,Williams,member977@example.com,555-1506,1964-03-18,9563 Jackson St,Charlotte,OH,99610,46546,employed,2023-12-21,active
978,Andrew,Lee,member978@example.com,555-2821,1999-10-30,5527 Cedar Ln,San Diego,TN,19154,45795,unemployed,2020-08-17,active
979,Paul,Ramirez,member979@example.com,555-7313,1951-12-14,6933 Second St,Oklahoma City,TX,89557,83315,self_employed,2024-03-20,inactive
980,Sarah,Martinez,member980@example.com,555-7527,1949-03-21,6053 Madison St,Oklahoma City,NV,92479,84369,employed,2024-03-25,active
981,Thomas,Harris,member981@example.com,555-2831,1960-10-18,6104 Adams Ave,Nashville,WA,28605,73395,employed,2021-12-13,active
982,David,Anderson,member982@example.com,555-9053,1967-08-06,4359 Lincoln Ave,San Jose,TN,53340,43182,employed,2025-01-01,active
983,James,Jones,member983@example.com,555-9548,1971-07-08,525 First St,Jacksonville,CO,48170,49020,employed,2022-04-23,active
984,Steven,Perez,member984@example.com,555-5831,1959-06-30,2206 Maple Dr,Washington,IN,60361,49985,employed,2022-01-11,active
985,Jennifer,Jackson,member985@example.com,555-1197,1968-11-29,6066 Madison St,Indianapolis,PA,55116,26935,unemployed,2024-03-13,active
986,Mark,Ramirez,member986@example.com,555-8950,2003-10-23,2870 Monroe Dr,Philadelphia,OK,59790,125298,employed,2020-09-01,active
987,Charles,Jones,member987@example.com,555-5559,2000-03-29,2059 Park Ave,Jacksonville,OK,70204,27367,employed,2023-10-13,active
988,Richard,Lopez,member988@example.com,555-1538,1981-05-22,1719 Lincoln Ave,San Francisco,IL,45582,132174,self_employed,2023-09-10,inactive
989,Sarah,Anderson,member989@example.com,555-9567,1967-11-20,4109 Second St,Las Vegas,PA,95302,132620,self_employed,2025-05-25,active
990,Kevin,Rodriguez,member990@example.com,555-5546,1953-11-01,3213 Pine Rd,Phoenix,NV,49683,84944,employed,2020-12-05,active
991,Robert,Moore,member991@example.com,555-1836,1974-03-31,1296 Park Ave,Indianapolis,TX,67920,59047,employed,2021-01-20,active
992,Carolyn,Martinez,member992@example.com,555-1157,1997-10-29,7141 Elm St,Las Vegas,TN,94230,39312,employed,2021-09-05,active
993,Thomas,Harris,member993@example.com,555-7671,1999-08-04,4535 Monroe Dr,Boston,PA,53075,84950,unemployed,2023-06-07,active
994,Joshua,Davis,member994@example.com,555-6589,1970-05-03,9295 Washington St,Boston,TN,24610,49818,employed,2024-10-30,active
995,Andrew,Thomas,member995@example.com,555-9122,1960-04-10,3029 Pine Rd,Columbus,IN,22395,50459,self_employed,2025-06-03,active
996,Richard,Harris,member996@example.com,555-2781,1966-06-08,3593 Washington St,San Francisco,IN,51945,87648,employed,2024-11-19,active
997,Ashley,Jackson,member997@example.com,555-3532,1974-09-08,2662 Park Ave,Fort Worth,PA,30701,29832,self_employed,2024-01-04,active
998,Kevin,Sanchez,member998@example.com,555-7830,1969-10-22,3847 Second St,Indianapolis,IN,58600,56923,unemployed,2021-05-26,active
999,Deborah,Jackson,member999@example.com,555-7447,1983-01-23,192 Madison St,Los Angeles,MA,56348,80333,employed,2024-03-17,active
1000,Richard,Miller,member1000@example.com,555-5193,1972-02-01,6219 Main St,Austin,MA,60122,203985,employed,2022-06-01,active
1001,Steven,Ramirez,member1001@example.com,555-5488,1955-03-23,1319 First St,Philadelphia,WA,72872,77044,employed,2024-08-19,active
1002,Mark,Thompson,member1002@example.com,555-8979,1968-01-20,4689 Madison St,Los Angeles,TX,17355,196507,employed,2024-03-04,active
1003,Lisa,Thomas,member1003@example.com,555-3200,1952-04-11,5417 Adams Ave,Phoenix,AZ,87307,84356,self_employed,2022-04-07,active
1004,Kenneth,Moore,member1004@example.com,555-5271,1995-08-01,8800 Washington St,Oklahoma City,NY,28411,84360,employed,2024-12-01,active
1005,Elizabeth,Lewis,member1005@example.com,555-8304,1964-11-28,3116 Lincoln Ave,Charlotte,OH,70398,125287,self_employed,2022-08-14,active
1006,Jane,Jones,member1006@example.com,555-2952,2003-04-04,6830 Adams Ave,Fort Worth,OK,16295,78487,employed,2025-04-02,active
1007,Kenneth,Wilson,member1007@example.com,555-1525,1990-11-16,5458 Monroe Dr,San Jose,WA,93148,131785,employed,2020-12-18,active
1008,Joshua,Garcia,member1008@example.com,555-9413,1953-07-05,9503 Jackson St,Washington,FL,19579,88294,employed,2024-11-21,active
1009,Jennifer,Lee,member1009@example.com,555-6413,1952-03-10,3076 Lincoln Ave,Charlotte,NV,66675,130260,employed,2025-07-29,active
1010,Mark,Smith,member1010@example.com,555-1139,1965-11-05,5381 Adams Ave,Phoenix,NC,39214,70208,employed,2023-11-12,active
1011,Richard,Harris,member1011@example.com,555-6810,1997-05-23,2600 Park Ave,Phoenix,FL,50433,54999,employed,2021-08-09,active
1012,Joshua,Lopez,member1012@example.com,555-2134,1975-01-07,5266 First St,Nashville,FL,36437,71292,employed,2022-04-15,active
1013,Ashley,Harris,member1013@example.com,555-6821,1948-02-02,2349 Jackson St,Houston,DC,13332,202634,self_employed,2023-01-29,active
1014,Steven,Anderson,member1014@example.com,555-7540,1963-06-17,3469 Madison St,Denver,TX,22170,121834,employed,2021-07-27,active
1015,Ashley,Brown,member1015@example.com,555-9013,1999-11-26,5971 Lincoln Ave,Columbus,FL,37568,86924,employed,2021-02-04,active
1016,Rachel,Smith,member1016@example.com,555-1118,1979-09-25,6981 Madison St,Houston,CO,57237,48365,employed,2022-04-29,active
1017,Emily,Lee,member1017@example.com,555-7384,1987-12-05,359 Second St,Las Vegas,WA,15946,49853,employed,2021-05-18,active
1018,Jennifer,Jones,member1018@example.com,555-8697,1949-02-19,1102 Park Ave,Las Vegas,IN,58719,40303,employed,2024-01-19,active
1019,Janet,Jones,member1019@example.com,555-3975,1978-05-23,1892 Cedar Ln,New York,OK,36748,45649,employed,2022-04-21,active
1020,Jane,Sanchez,member1020@example.com,555-1423,1975-05-22,566 Monroe Dr,Los Angeles,AZ,63432,48689,employed,2020-11-06,active
1021,Robert,Smith,member1021@example.com,555-6712,1965-08-14,1609 Adams Ave,Chicago,TX,72349,87209,employed,2023-03-12,inactive
1022,Kevin,Sanchez,member1022@example.com,555-1011,1973-07-30,7902 Monroe Dr,Dallas,AZ,52320,132587,employed,2024-04-08,active
1023,Kenneth,Miller,member1023@example.com,555-3061,1965-04-25,8533 Maple Dr,Phoenix,OH,96403,198158,employed,2021-01-18,active
1024,Robert,Davis,member1024@example.com,555-4706,1968-02-16,3124 Washington St,Austin,TN,97602,79250,self_employed,2023-11-25,active
1025,James,Hernandez,member1025@example.com,555-7914,1979-04-06,2479 Oak Ave,Las Vegas,DC,92821,78740,employed,2020-11-09,active
1026,Michael,Clark,member1026@example.com,555-4896,1960-02-29,6600 Lincoln Ave,New York,OK,73418,195469,employed,2025-05-25,active
1027,Ashley,Anderson,member1027@example.com,555-5305,1994-08-12,7306 Elm St,Las Vegas,NC,95912,88913,employed,2024-11-23,active
1028,Carolyn,Harris,member1028@example.com,555-9993,1986-07-30,1681 Lincoln Ave,San Francisco,NC,18272,46105,employed,2024-12-21,active
1029,Charles,Anderson,member1029@example.com,555-2820,1956-06-06,9118 Washington St,Phoenix,CO,50243,87803,employed,2023-02-15,active
1030,Andrew,Garcia,member1030@example.com,555-7513,1991-06-23,3292 Maple Dr,Nashville,OH,12191,197718,self_employed,2021-09-13,active
1031,Kenneth,Ramirez,member1031@example.com,555-9692,1992-09-28,869 Jefferson Dr,Seattle,OH,79582,59691,employed,2021-07-10,active
1032,Frances,Davis,member1032@example.com,555-3491,1994-02-27,7047 Park Ave,Dallas,CA,62543,25427,unemployed,2022-04-02,active
1033,Rachel,Hernandez,member1033@example.com,555-3230,1972-07-21,105 Pine Rd,Dallas,IN,37361,83803,self_employed,2024-09-13,active
1034,James,Jones,member1034@example.com,555-8879,1960-01-07,4072 Madison St,Philadelphia,MA,61249,196940,employed,2023-11-27,active
1035,Michelle,Jones,member1035@example.com,555-7577,1956-09-18,9699 Maple Dr,San Antonio,TN,28665,117311,employed,2024-05-10,active
1036,Janet,Brown,member1036@example.com,555-8718,1966-06-21,7280 Washington St,Houston,TN,30142,43843,employed,2020-12-25,active
1037,Michael,Gonzalez,member1037@example.com,555-5185,1955-10-06,7743 Adams Ave,Denver,PA,73871,81186,self_employed,2024-11-03,active
1038,Kevin,Martin,member1038@example.com,555-6940,1967-04-15,8202 Adams Ave,Columbus,CA,93631,72902,unemployed,2021-03-06,active
1039,Andrew,Hernandez,member1039@example.com,555-7875,2005-06-23,4216 Jefferson Dr,Chicago,NY,23255,49039,self_employed,2024-08-02,active
1040,Deborah,Perez,member1040@example.com,555-5354,1954-12-19,8093 Madison St,Washington,NV,97498,56219,employed,2022-09-25,active
1041,Lisa,Harris,member1041@example.com,555-4909,1977-12-31,9604 Adams Ave,Fort Worth,CA,55521,23230,unemployed,2024-03-20,active
1042,Michael,Gonzalez,member1042@example.com,555-8074,2005-08-31,520 Park Ave,Denver,PA,13164,133787,self_employed,2024-02-15,active
1043,Rachel,Ramirez,member1043@example.com,555-5153,1977-10-23,5736 Jefferson Dr,San Diego,NC,68459,33505,employed,2024-12-25,active
1044,William,Miller,member1044@example.com,555-9966,2003-10-20,5373 Madison St,Jacksonville,PA,75514,48623,employed,2025-05-23,active
1045,Charles,Hernandez,member1045@example.com,555-6010,1954-09-23,1581 Madison St,Austin,OK,93817,57636,employed,2021-08-19,active
1046,Steven,Lewis,member1046@example.com,555-6922,1959-12-04,2861 Lincoln Ave,New York,TX,34876,55906,employed,2023-11-07,active
1047,Maria,Moore,member1047@example.com,555-3914,1981-05-05,1344 Park Ave,Chicago,IL,88377,88365,employed,2025-07-03,active
1048,Joshua,Lopez,member1048@example.com,555-7500,1957-07-29,6411 Elm St,Las Vegas,IN,90402,119776,employed,2023-10-14,inactive
1049,Michael,Davis,member1049@example.com,555-9978,1959-07-19,4585 Main St,Indianapolis,OH,38701,47367,employed,2021-12-18,active
1050,Daniel,Davis,member1050@example.com,555-1340,2000-07-25,8017 Jackson St,Columbus,FL,64044,47076,employed,2021-08-19,active
1051,Mark,White,member1051@example.com,555-5284,1978-04-17,4418 Adams Ave,Jacksonville,CO,40763,88856,self_employed,2022-05-20,active
1052,Jessica,Sanchez,member1052@example.com,555-9819,1997-07-31,2209 Elm St,San Francisco,OK,80170,24407,employed,2022-05-07,active
1053,Maria,Clark,member1053@example.com,555-4669,1987-05-20,4509 Oak Ave,Charlotte,TN,75160,122465,employed,2023-11-26,active
1054,Steven,Moore,member1054@example.com,555-1942,1976-10-28,7909 Maple Dr,Chicago,CO,18573,200614,employed,2024-08-14,active
1055,Carolyn,Wilson,member1055@example.com,555-3184,1981-03-10,3625 Jackson St,San Jose,IN,53323,40903,employed,2021-11-22,active
1056,Joshua,Perez,member1056@example.com,555-6152,1946-04-01,967 Jefferson Dr,Denver,TX,19307,128341,employed,2024-01-12,active
1057,Jessica,Martin,member1057@example.com,555-3938,1961-11-24,583 Monroe Dr,Las Vegas,TX,53488,45282,employed,2021-02-01,active
1058,Mark,Thompson,member1058@example.com,555-8772,1958-01-24,5724 Cedar Ln,Houston,IN,56551,52695,employed,2021-08-01,active
1059,Thomas,Gonzalez,member1059@example.com,555-4286,1965-12-21,5854 Pine Rd,Austin,TN,22324,131373,employed,2023-07-11,active
1060,Sarah,Perez,member1060@example.com,555-7113,1954-03-17,2860 Main St,San Francisco,NY,10610,116995,unemployed,2022-06-03,active
1061,David,Garcia,member1061@example.com,555-4088,2002-09-28,8262 Cedar Ln,Seattle,FL,55252,38614,employed,2021-02-17,active
1062,Amanda,Lewis,member1062@example.com,555-8220,1961-07-25,8412 Maple Dr,Charlotte,NY,91537,134651,employed,2020-10-21,active
1063,Stephanie,Robinson,member1063@example.com,555-5774,1955-04-23,5818 Cedar Ln,Denver,NV,31939,118941,employed,2021-02-23,active
1064,Maria,Clark,member1064@example.com,555-7370,1985-10-28,2006 Pine Rd,Austin,OH,57932,81055,self_employed,2021-05-19,active
1065,Michael,Lopez,member1065@example.com,555-1960,1988-09-27,9785 Elm St,San Francisco,IL,96967,121171,employed,2024-04-05,active
1066,Janet,Gonzalez,member1066@example.com,555-9951,2003-05-06,3392 Washington St,Austin,AZ,68707,88844,employed,2024-11-13,active
1067,Mark,Williams,member1067@example.com,555-9035,1947-10-11,8148 Elm St,Austin,OK,89909,128969,employed,2022-10-08,active
1068,Sarah,Taylor,member1068@example.com,555-1682,1962-07-06,1561 Washington St,Denver,PA,94008,204410,employed,2022-05-07,active
1069,Mark,Miller,member1069@example.com,555-6763,1993-11-19,959 Adams Ave,Las Vegas,NV,78679,71546,self_employed,2025-05-08,active
1070,Robert,Anderson,member1070@example.com,555-4042,1965-07-08,5347 Pine Rd,Oklahoma City,FL,74916,41465,self_employed,2021-09-30,active
1071,Ashley,Lewis,member1071@example.com,555-2905,1971-09-12,177 First St,Nashville,WA,33207,71482,self_employed,2022-10-10,active
1072,Jennifer,Martin,member1072@example.com,555-5033,2001-06-02,4330 Adams Ave,Nashville,IN,36853,53171,employed,2025-07-07,active
1073,Donald,Clark,member1073@example.com,555-7777,1979-06-22,4656 Park Ave,Indianapolis,NC,88660,128408,employed,2020-08-24,active
1074,Charles,Williams,member1074@example.com,555-2874,1955-12-25,2703 Monroe Dr,Chicago,PA,80377,54717,employed,2022-06-04,active
1075,Daniel,Martinez,member1075@example.com,555-5284,1955-05-17,2056 Madison St,San Antonio,IL,82712,83048,employed,2025-05-02,active
1076,Robert,Brown,member1076@example.com,555-4746,1949-01-19,6458 Cedar Ln,Chicago,IL,41686,21169,employed,2023-01-12,active
1077,Michael,Perez,member1077@example.com,555-9251,1962-08-05,3547 Lincoln Ave,Los Angeles,NY,30016,44677,employed,2022-07-03,active
1078,Richard,Lewis,member1078@example.com,555-1924,1980-09-29,6326 Maple Dr,San Jose,NV,18342,45751,employed,2021-11-07,active
1079,Steven,Williams,member1079@example.com,555-5026,1999-08-14,8759 Washington St,Seattle,PA,28790,54380,employed,2023-08-28,inactive
1080,Joshua,Smith,member1080@example.com,555-3783,1974-07-01,6168 Oak Ave,Phoenix,TX,99694,22134,employed,2021-11-24,active
1081,Kenneth,Brown,member1081@example.com,555-4678,2002-01-02,676 Pine Rd,New York,OK,84906,21914,self_employed,2024-03-15,active
1082,Jessica,Perez,member1082@example.com,555-9037,2000-08-06,4196 Jefferson Dr,Boston,TN,72800,82673,employed,2021-06-12,active
1083,Amanda,Gonzalez,member1083@example.com,555-5214,1960-01-09,6130 Main St,Columbus,IN,28872,122334,employed,2020-10-29,active
1084,Helen,Jones,member1084@example.com,555-6782,1964-04-23,6748 Adams Ave,Columbus,TN,69285,87743,self_employed,2023-01-29,inactive
1085,Helen,Jones,member1085@example.com,555-9682,1964-02-11,4130 Park Ave,Oklahoma City,FL,84499,51069,employed,2021-09-05,active
1086,Maria,Ramirez,member1086@example.com,555-7688,1979-04-07,5128 Park Ave,Fort Worth,AZ,71634,81908,self_employed,2021-03-13,active
1087,Ashley,Hernandez,member1087@example.com,555-3567,2004-10-26,6396 Adams Ave,Philadelphia,TN,13124,53504,employed,2024-06-24,active
1088,Kenneth,Harris,member1088@example.com,555-3553,2003-03-03,6684 Park Ave,Phoenix,MA,51483,75647,employed,2023-03-20,active
1089,Frances,Taylor,member1089@example.com,555-1578,2006-04-21,1690 Pine Rd,Chicago,NY,11136,85947,employed,2025-06-03,active
1090,Anthony,Miller,member1090@example.com,555-3467,1964-09-30,5139 Pine Rd,Jacksonville,WA,86473,42947,employed,2025-03-26,active
1091,Robert,Sanchez,member1091@example.com,555-3618,1959-04-12,2774 Adams Ave,Houston,MA,30746,45741,employed,2023-09-27,active
1092,Jessica,Brown,member1092@example.com,555-3402,1985-07-21,1690 Oak Ave,Phoenix,DC,71972,49215,employed,2022-09-18,active
1093,Elizabeth,Robinson,member1093@example.com,555-8224,1998-02-10,9470 Cedar Ln,Charlotte,NY,74456,89207,employed,2024-05-09,active
1094,David,Garcia,member1094@example.com,555-3210,2001-08-16,5016 Madison St,Phoenix,TX,97674,117785,self_employed,2021-09-10,inactive
1095,Carolyn,Smith,member1095@example.com,555-7844,1960-10-21,6083 Second St,San Antonio,NV,46732,42722,employed,2023-07-04,active
1096,Sarah,Lee,member1096@example.com,555-4912,1973-02-23,4410 Jackson St,Columbus,WA,15302,30438,self_employed,2022-02-12,active
1097,Nicole,Moore,member1097@example.com,555-1514,1957-05-12,274 Main St,San Jose,DC,36167,85010,employed,2023-03-23,active
1098,Nicole,Lopez,member1098@example.com,555-9398,1983-09-22,6771 Lincoln Ave,Phoenix,CO,44286,28856,unemployed,2023-09-08,active
1099,Emily,Sanchez,member1099@example.com,555-6220,1991-04-15,1959 Main St,Phoenix,TX,41845,42729,self_employed,2021-01-02,active
1100,Emily,Ramirez,member1100@example.com,555-2235,1946-07-04,320 Lincoln Ave,Washington,IL,30479,38740,employed,2023-11-09,active
1101,Nicole,Sanchez,member1101@example.com,555-2733,2000-08-05,2098 Oak Ave,Oklahoma City,AZ,36151,130098,employed,2024-10-08,active
1102,Charles,Miller,member1102@example.com,555-1819,1952-10-06,6438 Lincoln Ave,Boston,NV,35249,43001,employed,2023-04-04,active
1103,Amanda,Thomas,member1103@example.com,555-5719,2006-04-20,9796 Oak Ave,Charlotte,PA,76530,86230,employed,2020-08-15,active
1104,Joshua,Jackson,member1104@example.com,555-4102,1956-10-06,1341 Park Ave,Philadelphia,WA,39847,203626,employed,2021-07-01,active
1105,Andrew,Lee,member1105@example.com,555-5676,1965-03-21,7088 Second St,Jacksonville,OH,79540,124722,employed,2020-08-17,active
1106,William,Williams,member1106@example.com,555-2009,1951-04-10,8192 Jefferson Dr,Las Vegas,CA,91244,203246,employed,2024-10-28,active
1107,Emily,Hernandez,member1107@example.com,555-6922,2006-09-28,1179 Second St,Las Vegas,WA,69085,34612,employed,2022-08-06,active
1108,Carolyn,Hernandez,member1108@example.com,555-9944,1962-09-17,3837 Cedar Ln,Los Angeles,CO,63704,56374,employed,2023-03-13,active
1109,Rachel,Anderson,member1109@example.com,555-3501,1958-05-21,6417 Adams Ave,New York,AZ,51513,53213,employed,2022-09-23,inactive
1110,Deborah,Sanchez,member1110@example.com,555-3830,1959-03-11,9814 Cedar Ln,San Antonio,TX,12148,83088,employed,2022-10-13,active
1111,Helen,Garcia,member1111@example.com,555-5972,1994-12-03,4649 First St,San Antonio,OK,89537,46480,employed,2024-08-24,active
1112,Sarah,Lopez,member1112@example.com,555-2736,1951-08-23,5396 Monroe Dr,Washington,IN,28543,45237,employed,2021-11-27,active
1113,John,Martinez,member1113@example.com,555-3598,1976-01-06,5189 Adams Ave,Washington,TX,88527,47091,employed,2021-04-25,active
1114,James,Lopez,member1114@example.com,555-8758,1951-04-21,390 Jackson St,Jacksonville,MA,42258,52234,employed,2021-10-05,active
1115,Paul,Sanchez,member1115@example.com,555-5596,1995-06-07,5682 Lincoln Ave,Oklahoma City,FL,26663,80241,employed,2022-05-24,active
1116,Frances,Davis,member1116@example.com,555-5081,1989-06-22,9329 Monroe Dr,New York,WA,76972,77501,employed,2025-07-11,active
1117,Carolyn,Anderson,member1117@example.com,555-5358,1951-08-24,7464 Madison St,San Antonio,NC,28754,80539,employed,2022-08-18,active
1118,John,Hernandez,member1118@example.com,555-6835,2001-04-27,8006 Maple Dr,Dallas,WA,73530,28080,employed,2022-05-08,active
1119,Kevin,Martin,member1119@example.com,555-2972,1972-02-28,1092 Park Ave,San Francisco,NV,47022,76166,self_employed,2021-12-24,active
1120,Ashley,Jones,member1120@example.com,555-5851,1947-11-28,572 Adams Ave,Chicago,CO,70940,40357,employed,2024-12-08,active
1121,Kevin,Anderson,member1121@example.com,555-6146,1955-04-22,4581 Jackson St,Dallas,FL,89500,32518,employed,2023-02-17,active
1122,Lisa,Johnson,member1122@example.com,555-6349,1995-03-19,7916 Jefferson Dr,Phoenix,WA,59155,80577,self_employed,2023-09-03,active
1123,Matthew,Martin,member1123@example.com,555-1565,2003-05-20,4735 Lincoln Ave,Denver,CA,77070,50613,employed,2020-11-25,active
1124,David,Jones,member1124@example.com,555-3483,1954-10-24,8665 Cedar Ln,Oklahoma City,OH,22040,86275,employed,2024-10-26,active
1125,David,Thomas,member1125@example.com,555-7562,1994-07-18,1118 Adams Ave,Boston,DC,30314,42659,employed,2023-08-30,active
1126,Thomas,Davis,member1126@example.com,555-4920,1950-09-16,9237 Main St,Los Angeles,OH,72743,129696,employed,2020-10-28,active
1127,James,Taylor,member1127@example.com,555-6234,1974-08-12,6449 Madison St,New York,NV,47963,75001,self_employed,2023-05-08,active
1128,Michael,Miller,member1128@example.com,555-1589,1964-05-17,3860 Monroe Dr,New York,CO,20567,83596,employed,2023-11-07,active
1129,Jennifer,Moore,member1129@example.com,555-1120,2001-12-13,4710 Second St,Seattle,CO,76962,75379,employed,2022-10-07,active
1130,Richard,Hernandez,member1130@example.com,555-5265,1980-11-11,2052 Washington St,Charlotte,NY,68398,59910,employed,2023-12-21,inactive
1131,Lisa,Johnson,member1131@example.com,555-7348,1955-03-20,3468 Park Ave,Denver,IN,98369,83293,employed,2021-10-15,active
1132,Charles,Jackson,member1132@example.com,555-5134,1965-02-02,8473 Main St,San Jose,NY,38367,126827,employed,2025-03-28,active
1133,Mark,White,member1133@example.com,555-6363,1986-09-19,6502 Cedar Ln,Indianapolis,OK,83509,56370,self_employed,2023-12-08,active
1134,Robert,Lewis,member1134@example.com,555-1004,1948-06-09,919 Main St,Dallas,NY,49773,203143,employed,2023-01-31,active
1135,Elizabeth,Miller,member1135@example.com,555-4125,1983-08-09,6208 Pine Rd,Dallas,MA,95672,75226,employed,2020-09-17,active
1136,Thomas,Anderson,member1136@example.com,555-4353,1956-06-07,597 Monroe Dr,Philadelphia,NY,24756,23934,employed,2021-01-26,active
1137,Michelle,Rodriguez,member1137@example.com,555-1369,1996-03-02,7959 Pine Rd,Las Vegas,AZ,38242,58998,employed,2020-12-14,active
1138,Rachel,Wilson,member1138@example.com,555-3867,1946-10-30,9549 Oak Ave,Nashville,IL,46808,41217,employed,2024-07-26,active
1139,Michelle,Ramirez,member1139@example.com,555-4081,1966-09-15,7439 Main St,Boston,CA,83821,48758,employed,2025-04-09,active
1140,Sarah,Martinez,member1140@example.com,555-6964,1953-07-28,9898 Jefferson Dr,Charlotte,OK,81380,86008,employed,2021-07-04,active
1141,Matthew,White,member1141@example.com,555-6681,1982-02-25,2950 Madison St,Jacksonville,TN,55539,133055,employed,2024-11-21,active
1142,Donald,Lopez,member1142@example.com,555-8073,1953-05-24,9965 Second St,Phoenix,WA,57011,131204,employed,2024-03-16,active
1143,Nicole,Taylor,member1143@example.com,555-3376,1999-05-12,5697 Cedar Ln,Denver,AZ,36976,75383,self_employed,2025-03-18,active
1144,Andrew,Moore,member1144@example.com,555-1687,1992-04-02,1800 Main St,Dallas,PA,39724,33729,self_employed,2024-06-03,active
1145,Elizabeth,Moore,member1145@example.com,555-7471,1992-07-27,6535 First St,Denver,CO,63477,43831,employed,2024-06-11,active
1146,Richard,Thompson,member1146@example.com,555-1009,1990-11-25,1866 Monroe Dr,Phoenix,IL,50180,34865,employed,2021-12-11,active
1147,Robert,Clark,member1147@example.com,555-4129,1947-10-01,365 Main St,San Jose,TX,37143,46856,employed,2021-08-18,active
1148,Lisa,Wilson,member1148@example.com,555-6857,2004-12-28,6702 Main St,Oklahoma City,IN,54979,72196,employed,2022-10-06,active
1149,Frances,Jackson,member1149@example.com,555-1686,2006-07-26,8150 Oak Ave,Indianapolis,WA,56071,59322,self_employed,2020-10-05,active
1150,Robert,Wilson,member1150@example.com,555-6751,2007-01-30,8133 Main St,Fort Worth,CA,73890,52574,employed,2024-11-04,active
1151,Jessica,White,member1151@example.com,555-2540,1986-06-07,6323 Lincoln Ave,San Diego,OK,14501,57817,employed,2022-05-26,active
1152,Donald,Brown,member1152@example.com,555-1168,2006-12-27,2203 Main St,San Francisco,TN,19057,84784,employed,2023-05-28,active
1153,Joshua,Lee,member1153@example.com,555-1798,1968-05-09,9695 Elm St,Oklahoma City,NV,74369,58515,employed,2021-07-25,active
1154,Kevin,Hernandez,member1154@example.com,555-7991,1955-06-24,2636 Pine Rd,San Antonio,OK,73733,45332,employed,2021-12-26,active
1155,Michael,Martinez,member1155@example.com,555-3992,1965-09-07,5671 Monroe Dr,San Diego,TN,25216,75787,employed,2021-02-26,active
1156,Steven,Thomas,member1156@example.com,555-7007,1984-03-19,436 Jefferson Dr,Boston,TX,64869,39831,employed,2023-03-31,active
1157,Emily,Rodriguez,member1157@example.com,555-6859,1988-03-21,6675 First St,Phoenix,TX,13160,53836,employed,2021-06-30,active
1158,Joshua,Lopez,member1158@example.com,555-5309,1988-07-06,1194 Cedar Ln,Denver,MA,25184,46439,employed,2023-09-23,active
1159,Helen,Smith,member1159@example.com,555-7092,1951-01-08,8459 Main St,Houston,NV,97282,49841,employed,2022-01-29,active
1160,Jessica,Ramirez,member1160@example.com,555-8870,1964-10-18,3191 Monroe Dr,Indianapolis,OK,38065,24491,employed,2021-02-21,active
1161,David,Jones,member1161@example.com,555-3080,1991-05-20,2482 Pine Rd,Indianapolis,NV,19514,87740,self_employed,2023-10-06,active
1162,Elizabeth,Davis,member1162@example.com,555-5300,1982-02-05,1077 Adams Ave,Los Angeles,WA,61724,83549,employed,2020-09-28,active
1163,Kevin,Clark,member1163@example.com,555-4681,1957-01-23,7953 Adams Ave,Boston,PA,41632,82244,employed,2023-12-12,active
1164,Jane,Wilson,member1164@example.com,555-2086,1996-01-12,1490 Maple Dr,Boston,CA,58433,42459,employed,2022-02-22,active
1165,Joshua,Martin,member1165@example.com,555-6359,1973-04-14,7799 Monroe Dr,Fort Worth,AZ,71515,51189,employed,2022-06-24,active
1166,Frances,Lee,member1166@example.com,555-2031,1968-03-18,4494 Second St,San Jose,NV,39863,51220,employed,2022-05-06,active
1167,Anthony,Martinez,member1167@example.com,555-4143,1975-09-11,8581 Adams Ave,Dallas,NC,88349,47845,employed,2022-12-19,active
1168,Daniel,Miller,member1168@example.com,555-6922,1994-05-02,9158 Lincoln Ave,San Antonio,TN,86251,44563,employed,2023-07-04,active
1169,Ashley,Martin,member1169@example.com,555-6527,1962-01-24,8242 Jefferson Dr,San Diego,DC,73483,79550,employed,2024-08-10,active
1170,Thomas,Martin,member1170@example.com,555-2180,1968-04-18,2138 Madison St,Seattle,DC,10428,87609,employed,2020-12-17,active
1171,Maria,Jackson,member1171@example.com,555-5539,1991-06-30,9397 Adams Ave,San Antonio,NC,16683,131221,employed,2022-12-26,active
1172,Mark,Hernandez,member1172@example.com,555-2956,1958-03-05,3067 Elm St,Jacksonville,CA,15378,43541,employed,2025-05-04,active
1173,Robert,Robinson,member1173@example.com,555-7934,1964-01-08,754 Oak Ave,New York,TX,54250,37538,employed,2024-02-02,active
1174,Frances,Martin,member1174@example.com,555-5370,1995-03-21,5892 First St,Phoenix,NY,82575,47886,employed,2023-11-12,active
1175,Frances,Smith,member1175@example.com,555-3627,1953-10-26,9459 Second St,Indianapolis,TX,22541,52559,employed,2021-12-20,active
1176,Amanda,Robinson,member1176@example.com,555-4610,1970-09-17,1859 Main St,San Diego,IN,67041,55057,employed,2023-11-03,active
1177,Robert,Ramirez,member1177@example.com,555-2343,1982-04-16,7376 Jackson St,Phoenix,DC,90616,129619,employed,2024-10-18,active
1178,Carolyn,Wilson,member1178@example.com,555-9584,1976-05-07,5376 Main St,Indianapolis,NV,90692,78903,employed,2022-10-06,active
1179,David,Martin,member1179@example.com,555-7187,1960-09-29,6719 Park Ave,San Antonio,WA,56303,82221,employed,2022-11-10,active
1180,Paul,Smith,member1180@example.com,555-4998,2003-07-19,1159 Jackson St,Oklahoma City,NY,60969,77565,employed,2023-10-17,active
1181,Steven,Robinson,member1181@example.com,555-7949,1953-08-31,7265 Second St,Jacksonville,OH,45274,56087,employed,2022-08-23,active
1182,Catherine,Lee,member1182@example.com,555-9473,1999-05-22,8798 Park Ave,Los Angeles,DC,57785,45180,employed,2020-11-09,active
1183,Maria,Johnson,member1183@example.com,555-5102,1952-10-01,8705 Second St,Charlotte,AZ,48424,25202,employed,2021-05-20,active
1184,Stephanie,Garcia,member1184@example.com,555-9528,1951-08-19,3898 Pine Rd,Washington,CA,85053,46095,employed,2024-04-04,active
1185,Paul,Wilson,member1185@example.com,555-3751,1966-11-01,381 Park Ave,Washington,IL,18831,120765,employed,2024-12-02,active
1186,Rachel,Moore,member1186@example.com,555-7044,1961-09-09,2602 Cedar Ln,San Diego,NY,52661,120856,employed,2025-05-20,active
1187,Sarah,Gonzalez,member1187@example.com,555-3211,1960-08-15,892 Monroe Dr,Phoenix,AZ,41709,40678,employed,2025-06-02,active
1188,Rachel,Garcia,member1188@example.com,555-2800,1967-11-28,2755 Oak Ave,Chicago,DC,27813,49151,employed,2020-08-04,active
1189,Helen,Moore,member1189@example.com,555-9871,1981-11-15,8702 Jackson St,Boston,NV,56391,86054,employed,2024-12-30,active
1190,Janet,Robinson,member1190@example.com,555-7679,1960-08-11,8343 Monroe Dr,Phoenix,CA,37117,83277,employed,2020-12-31,active
1191,Donald,Gonzalez,member1191@example.com,555-7159,1972-07-05,6221 Main St,Austin,OK,36044,49779,employed,2024-10-17,active
1192,Catherine,Sanchez,member1192@example.com,555-3291,2003-11-14,5047 Madison St,San Diego,AZ,12146,44822,employed,2021-11-11,active
1193,Rachel,Lopez,member1193@example.com,555-4353,1987-03-16,2236 Adams Ave,Los Angeles,OH,29075,53082,employed,2024-03-05,active
1194,Mark,Lewis,member1194@example.com,555-8100,1952-08-24,9901 Washington St,Jacksonville,NV,82300,41740,employed,2023-04-07,active
1195,Nicole,Miller,member1195@example.com,555-6084,1991-02-06,2818 Main St,Houston,AZ,83608,210710,employed,2022-02-06,active
1196,Steven,Gonzalez,member1196@example.com,555-6472,2000-08-17,7641 Jefferson Dr,Washington,WA,47345,87075,employed,2022-08-26,active
1197,Carolyn,Wilson,member1197@example.com,555-9420,1948-11-18,9078 Pine Rd,Phoenix,DC,53273,74040,self_employed,2024-04-16,active
1198,Richard,Williams,member1198@example.com,555-7289,1970-05-19,6561 First St,Los Angeles,CA,49703,78752,employed,2020-08-27,inactive
1199,Jennifer,Wilson,member1199@example.com,555-9962,1996-08-12,4280 Park Ave,New York,IL,31416,58654,employed,2025-05-27,active
1200,William,Robinson,member1200@example.com,555-9085,1955-11-21,1410 Jackson St,Austin,CO,71463,72165,employed,2022-01-13,active
1201,Matthew,Taylor,member1201@example.com,555-3549,2005-07-18,9762 Second St,Washington,OH,39648,80833,employed,2025-02-26,active
1202,Stephanie,Thomas,member1202@example.com,555-7630,1950-03-29,9794 Washington St,Dallas,TX,29394,50752,self_employed,2023-09-13,active
1203,Jennifer,Robinson,member1203@example.com,555-2615,1994-04-14,8387 Jefferson Dr,Columbus,DC,64957,78150,employed,2023-10-07,active
1204,David,Harris,member1204@example.com,555-6143,1950-09-29,7237 Madison St,Columbus,AZ,64293,25323,unemployed,2023-03-30,inactive
1205,Jessica,Thomas,member1205@example.com,555-9058,1981-03-13,9740 Park Ave,Fort Worth,MA,40816,52136,employed,2022-03-12,active
1206,Matthew,Jackson,member1206@example.com,555-7174,1953-01-27,1749 Pine Rd,Chicago,NY,29666,126013,employed,2023-08-14,active
1207,John,Thomas,member1207@example.com,555-3909,1948-07-28,2286 Washington St,Jacksonville,CO,97301,119977,unemployed,2023-10-18,active
1208,Michael,Jackson,member1208@example.com,555-2349,1949-03-08,103 Park Ave,Philadelphia,DC,74272,50150,employed,2021-03-11,active
1209,Frances,Martinez,member1209@example.com,555-3271,1951-06-20,7674 Second St,Philadelphia,NV,22598,57238,employed,2023-05-16,active
1210,Nicole,Perez,member1210@example.com,555-3667,1988-01-17,7513 Jefferson Dr,San Francisco,IN,48489,71049,employed,2024-04-02,active
1211,Stephanie,Perez,member1211@example.com,555-6351,1964-07-12,4043 Jackson St,Phoenix,AZ,14823,47704,employed,2021-01-12,active
1212,Steven,Jones,member1212@example.com,555-3446,1952-03-24,4728 Lincoln Ave,Oklahoma City,WA,85926,119839,employed,2021-12-05,active
1213,Maria,White,member1213@example.com,555-5956,1964-06-16,7853 Oak Ave,Jacksonville,PA,61222,44017,self_employed,2021-08-30,active
1214,Carolyn,Anderson,member1214@example.com,555-7512,1974-09-02,7466 Maple Dr,Austin,MA,96298,28263,employed,2022-05-09,inactive
1215,William,Rodriguez,member1215@example.com,555-7812,1954-01-01,8077 Lincoln Ave,Phoenix,CA,28394,76028,employed,2021-12-07,active
1216,Amanda,Wilson,member1216@example.com,555-1629,1946-06-20,6010 Lincoln Ave,Washington,CO,54194,49104,self_employed,2020-08-08,active
1217,Jennifer,Hernandez,member1217@example.com,555-9273,1970-03-04,8797 Madison St,San Francisco,FL,67008,86419,employed,2024-11-26,active
1218,Catherine,Moore,member1218@example.com,555-5754,1993-12-23,7578 Oak Ave,San Jose,WA,12348,129907,self_employed,2022-11-15,active
1219,Donald,Robinson,member1219@example.com,555-8594,2000-04-02,9469 First St,Austin,OH,68886,197057,employed,2022-01-27,active
1220,Catherine,Rodriguez,member1220@example.com,555-7468,1969-06-12,170 First St,Los Angeles,OH,68884,71268,employed,2021-12-05,active
1221,Michelle,Moore,member1221@example.com,555-9954,1983-01-11,367 Washington St,Washington,CA,75095,42493,employed,2023-11-04,active
1222,Jessica,Robinson,member1222@example.com,555-7373,1995-12-12,5483 Cedar Ln,Seattle,FL,11862,79422,employed,2024-06-06,active
1223,Jane,Brown,member1223@example.com,555-3127,1968-10-20,2869 Washington St,Nashville,NC,64470,48047,self_employed,2021-06-30,active
1224,Daniel,Martinez,member1224@example.com,555-9885,1994-11-12,1223 Pine Rd,Phoenix,TX,10436,45370,employed,2021-12-06,active
1225,Lisa,Harris,member1225@example.com,555-8393,1975-12-03,2089 Jackson St,San Francisco,TX,73077,78849,self_employed,2024-05-02,active
1226,Anthony,Garcia,member1226@example.com,555-7355,1962-08-15,9034 Second St,Las Vegas,NY,91309,81673,employed,2025-02-05,inactive
1227,Nicole,Garcia,member1227@example.com,555-9553,2007-07-02,8862 Park Ave,Indianapolis,CO,13904,72078,employed,2022-06-30,active
1228,Andrew,Harris,member1228@example.com,555-7593,1964-09-09,2844 Park Ave,Washington,OK,86854,84168,employed,2024-10-12,active
1229,Carolyn,Moore,member1229@example.com,555-8501,1980-05-20,5379 Jefferson Dr,San Antonio,CA,14768,202430,self_employed,2023-02-16,active
1230,Elizabeth,Lee,member1230@example.com,555-6549,1982-12-02,221 Lincoln Ave,Charlotte,IL,27574,70561,unemployed,2025-04-25,active
1231,Paul,Thomas,member1231@example.com,555-6582,1956-05-20,632 Lincoln Ave,San Diego,IN,80396,73817,employed,2025-03-13,active
1232,Stephanie,Perez,member1232@example.com,555-3243,1968-10-23,6319 Maple Dr,Dallas,WA,64005,23492,employed,2021-01-02,inactive
1233,Stephanie,Wilson,member1233@example.com,555-1372,1947-12-26,4771 Lincoln Ave,Philadelphia,IL,28012,56327,employed,2023-07-14,active
1234,Thomas,Harris,member1234@example.com,555-6468,1974-03-13,2127 Cedar Ln,Denver,FL,86313,126879,employed,2025-01-28,active
1235,Maria,Harris,member1235@example.com,555-9868,1952-10-14,9093 Washington St,Seattle,IN,23164,30206,employed,2022-11-07,active
1236,Nicole,Rodriguez,member1236@example.com,555-1852,1957-12-02,1226 Elm St,Denver,NY,24002,33768,employed,2023-04-06,active
1237,Thomas,Garcia,member1237@example.com,555-5056,1952-12-30,5573 Cedar Ln,Philadelphia,TX,92685,128303,employed,2025-02-21,active
1238,Andrew,Davis,member1238@example.com,555-7683,1946-02-11,8668 Second St,Denver,FL,74572,44150,employed,2023-08-29,active
1239,Janet,Martinez,member1239@example.com,555-6640,1957-11-10,6727 Adams Ave,Denver,IN,45305,52728,employed,2021-12-26,active
1240,Kevin,Thomas,member1240@example.com,555-1023,1955-12-03,6744 Park Ave,Las Vegas,NC,26802,128769,employed,2023-10-27,active
1241,Jessica,Jones,member1241@example.com,555-1658,1966-05-08,4195 Oak Ave,Las Vegas,IL,99662,73931,self_employed,2022-10-20,active
1242,Ashley,Thompson,member1242@example.com,555-2814,1946-11-15,6872 Elm St,Austin,FL,68598,43690,employed,2021-05-25,active
1243,Matthew,Wilson,member1243@example.com,555-7205,2004-10-22,8601 Second St,Charlotte,FL,93237,74038,self_employed,2021-05-28,active
1244,Michelle,Wilson,member1244@example.com,555-1801,1968-04-04,150 Adams Ave,Charlotte,PA,18048,47955,employed,2024-12-20,active
1245,Ashley,Wilson,member1245@example.com,555-2809,1971-05-29,2405 Washington St,Dallas,PA,65856,35032,employed,2024-11-25,active
1246,Rachel,Lopez,member1246@example.com,555-5967,2003-06-09,3775 Jackson St,San Antonio,NC,72499,87353,employed,2022-10-11,active
1247,Jane,Harris,member1247@example.com,555-4840,2003-07-11,8061 Madison St,San Diego,NV,94133,54356,self_employed,2021-05-26,active
1248,Robert,Rodriguez,member1248@example.com,555-9462,1973-06-21,6714 Main St,Chicago,TX,41617,87105,employed,2022-03-05,active
1249,Kenneth,Sanchez,member1249@example.com,555-9682,1962-01-19,8243 Main St,Phoenix,NY,52909,58217,self_employed,2024-11-23,active
1250,Paul,Miller,member1250@example.com,555-4069,1955-05-16,5119 Adams Ave,Dallas,NC,86833,88610,employed,2021-09-15,active
1251,Anthony,Brown,member1251@example.com,555-7224,1987-12-21,3315 First St,Austin,CA,54059,89712,employed,2022-08-03,active
1252,Deborah,Moore,member1252@example.com,555-1269,2007-07-09,1349 Elm St,Denver,AZ,40317,50925,employed,2022-11-22,active
1253,David,Brown,member1253@example.com,555-9987,1985-03-24,2323 First St,Las Vegas,FL,38635,53512,employed,2022-09-01,active
1254,Michelle,Lee,member1254@example.com,555-8370,1964-05-25,1631 Lincoln Ave,San Diego,TX,22256,59251,employed,2025-02-07,active
1255,Michelle,Moore,member1255@example.com,555-3736,2004-08-10,204 Monroe Dr,San Antonio,MA,53351,77903,employed,2021-02-23,active
1256,Deborah,Thompson,member1256@example.com,555-6717,1977-08-28,7511 Cedar Ln,New York,TX,92209,88863,employed,2023-10-17,active
1257,Charles,White,member1257@example.com,555-1740,1961-09-25,3308 Park Ave,San Antonio,AZ,48666,45638,employed,2023-03-04,active
1258,Ashley,Lopez,member1258@example.com,555-5908,2007-04-02,7174 Maple Dr,Oklahoma City,IL,30849,44407,employed,2023-03-31,active
1259,Donald,Brown,member1259@example.com,555-2389,1959-10-10,3569 Pine Rd,Phoenix,MA,24213,41151,employed,2023-01-10,active
1260,Maria,Lewis,member1260@example.com,555-9697,1998-09-21,9694 Lincoln Ave,Charlotte,PA,87892,123720,employed,2023-07-30,active
1261,Frances,Clark,member1261@example.com,555-8292,1970-09-08,5272 Second St,Washington,FL,12625,54714,employed,2021-09-08,active
1262,Emily,Ramirez,member1262@example.com,555-2889,1957-01-05,981 First St,Las Vegas,TX,83408,57545,employed,2023-04-11,active
1263,Amanda,Moore,member1263@example.com,555-4797,1956-12-24,4040 Oak Ave,San Francisco,IL,41653,74430,employed,2023-08-11,active
1264,Thomas,Hernandez,member1264@example.com,555-9993,1957-11-09,3021 Oak Ave,Columbus,OK,36909,57614,employed,2021-05-16,active
1265,Frances,Anderson,member1265@example.com,555-2170,1983-07-06,9057 Pine Rd,Las Vegas,WA,70410,42928,employed,2021-07-06,active
1266,John,Harris,member1266@example.com,555-1447,2005-04-15,496 Main St,Chicago,WA,31616,206065,employed,2024-11-01,active
1267,Richard,Thomas,member1267@example.com,555-2609,1985-01-08,8931 Jefferson Dr,Los Angeles,NY,29631,72656,employed,2022-07-27,active
1268,Daniel,Rodriguez,member1268@example.com,555-3609,1953-04-08,9041 Maple Dr,Washington,OK,47641,86515,employed,2023-05-05,active
1269,Daniel,Taylor,member1269@example.com,555-1695,1973-10-26,6316 Monroe Dr,Los Angeles,NV,66975,74934,employed,2023-03-18,active
1270,Jessica,Gonzalez,member1270@example.com,555-6658,2002-10-04,5694 Pine Rd,Jacksonville,NV,46055,70091,employed,2023-07-24,active
1271,Jennifer,Sanchez,member1271@example.com,555-5414,1991-07-18,3833 Lincoln Ave,Jacksonville,CA,57999,44028,employed,2022-04-30,active
1272,Maria,Thompson,member1272@example.com,555-1645,2001-09-17,7796 Oak Ave,Columbus,FL,41508,82298,employed,2022-11-21,active
1273,Jane,Harris,member1273@example.com,555-9615,1962-03-20,2160 Pine Rd,Los Angeles,NC,16158,85074,employed,2021-04-10,active
1274,Maria,Robinson,member1274@example.com,555-9671,1946-01-31,4386 Second St,Boston,PA,81758,57320,employed,2023-03-31,active
1275,Richard,Taylor,member1275@example.com,555-2051,1981-07-01,4487 First St,Phoenix,IL,28546,131897,employed,2024-06-29,active
1276,Stephanie,Wilson,member1276@example.com,555-5875,1959-11-13,439 First St,Columbus,AZ,58268,75599,employed,2024-08-21,active
1277,Thomas,Williams,member1277@example.com,555-8568,1949-04-19,6492 Washington St,Boston,DC,30535,77008,employed,2022-07-30,active
1278,Michael,Garcia,member1278@example.com,555-7607,1966-03-11,6146 Lincoln Ave,Seattle,PA,48513,49522,self_employed,2021-08-30,inactive
1279,Paul,Gonzalez,member1279@example.com,555-6041,1982-07-12,4684 Washington St,San Francisco,NV,76219,115762,employed,2020-09-18,active
1280,Andrew,Taylor,member1280@example.com,555-3923,1970-05-08,5532 Maple Dr,Charlotte,CA,98300,82070,employed,2024-06-12,active
1281,Daniel,Davis,member1281@example.com,555-4352,1965-01-11,3523 Jefferson Dr,San Antonio,NV,43779,41884,unemployed,2023-11-18,active
1282,Jennifer,Sanchez,member1282@example.com,555-2674,1953-09-20,1649 Jackson St,San Francisco,TN,26223,82934,employed,2023-08-22,active
1283,Richard,Thomas,member1283@example.com,555-4551,1957-09-22,6735 Lincoln Ave,San Diego,CA,63300,202900,employed,2025-05-19,active
1284,Frances,Harris,member1284@example.com,555-9272,1990-03-13,5464 Madison St,Houston,TN,75625,22748,self_employed,2025-05-26,active
1285,John,Robinson,member1285@example.com,555-4028,1964-05-12,535 Main St,Denver,TX,53855,87185,self_employed,2024-12-14,active
1286,John,Davis,member1286@example.com,555-7181,1975-08-04,7837 Monroe Dr,Dallas,IN,88128,89568,employed,2021-04-05,inactive
1287,Ashley,Gonzalez,member1287@example.com,555-7027,2000-05-05,5765 Maple Dr,Los Angeles,IL,50793,115100,self_employed,2023-12-22,active
1288,Kenneth,Martinez,member1288@example.com,555-2783,1994-01-06,4888 First St,San Diego,DC,79453,37234,employed,2023-04-07,active
1289,Donald,Miller,member1289@example.com,555-3795,1959-10-14,3632 Maple Dr,Chicago,OH,69151,24564,unemployed,2022-02-17,active
1290,Michael,Thompson,member1290@example.com,555-5816,1957-04-22,8614 Adams Ave,Las Vegas,CA,58081,43022,employed,2024-02-15,active
1291,Helen,Wilson,member1291@example.com,555-8133,1949-10-19,8608 Elm St,Houston,AZ,65904,77787,employed,2024-12-18,active
1292,Sarah,Taylor,member1292@example.com,555-4328,1978-01-20,6499 Madison St,Washington,IL,13574,121322,self_employed,2022-10-03,active
1293,Ashley,Brown,member1293@example.com,555-3875,1965-04-02,4261 Lincoln Ave,Jacksonville,CA,66333,50498,self_employed,2023-06-11,active
1294,Carolyn,Wilson,member1294@example.com,555-3336,2001-05-14,3554 Second St,San Jose,CA,25181,43564,employed,2021-12-11,active
1295,Richard,Hernandez,member1295@example.com,555-5889,1966-12-09,7913 Maple Dr,Columbus,CA,37782,87295,unemployed,2021-11-24,active
1296,Elizabeth,Anderson,member1296@example.com,555-1295,1999-12-23,878 Jefferson Dr,Denver,IL,47925,74067,employed,2022-03-11,active
1297,Catherine,Sanchez,member1297@example.com,555-3713,1981-10-12,9895 Adams Ave,Washington,DC,96084,129847,unemployed,2022-04-02,active
1298,Rachel,Williams,member1298@example.com,555-9555,1972-02-26,2478 Jefferson Dr,Denver,DC,93463,89670,employed,2023-10-11,active
1299,Andrew,Lewis,member1299@example.com,555-6072,1996-09-23,3285 Cedar Ln,San Antonio,TX,34242,43373,employed,2025-04-17,active
1300,Deborah,Gonzalez,member1300@example.com,555-1897,1982-03-24,476 Monroe Dr,Phoenix,DC,93917,124647,employed,2021-04-01,active
1301,Amanda,White,member1301@example.com,555-4537,1973-05-28,9302 First St,San Francisco,OH,52700,41000,employed,2024-05-06,active
1302,Janet,Jones,member1302@example.com,555-1286,1971-03-08,150 Jefferson Dr,Columbus,TX,28672,122994,self_employed,2024-06-26,active
1303,Jennifer,Gonzalez,member1303@example.com,555-6877,1994-06-28,2502 Adams Ave,Nashville,NC,22254,40981,employed,2024-12-24,active
1304,David,Robinson,member1304@example.com,555-4549,1946-12-24,9304 Monroe Dr,Columbus,TX,98081,81295,employed,2025-03-31,active
1305,Matthew,Jackson,member1305@example.com,555-6518,1956-06-03,4227 Park Ave,Dallas,DC,80971,26235,self_employed,2021-06-04,active
1306,Michelle,Lee,member1306@example.com,555-1664,1948-04-13,2790 Monroe Dr,San Diego,NY,10853,80182,employed,2024-05-01,active
1307,Mark,Williams,member1307@example.com,555-1903,1956-02-12,6443 Park Ave,Chicago,IL,97597,52801,self_employed,2021-09-02,active
1308,David,Gonzalez,member1308@example.com,555-9647,1950-08-30,4675 Pine Rd,San Jose,IL,52125,40835,employed,2020-11-22,active
1309,Catherine,Anderson,member1309@example.com,555-7736,2001-11-20,2453 Oak Ave,Las Vegas,CO,38902,87098,employed,2024-02-29,active
1310,Kevin,Martinez,member1310@example.com,555-7401,1960-03-14,1053 Jackson St,Phoenix,DC,63955,36228,employed,2024-05-09,active
1311,Emily,White,member1311@example.com,555-9062,2001-09-29,7868 Madison St,Los Angeles,PA,84110,20637,unemployed,2024-07-05,active
1312,Janet,Perez,member1312@example.com,555-9741,1969-03-20,1200 Park Ave,San Antonio,FL,69489,28635,employed,2021-11-21,active
1313,William,Miller,member1313@example.com,555-6648,1981-08-23,1881 Jackson St,Seattle,IL,70850,30295,employed,2020-08-24,active
1314,Emily,Martin,member1314@example.com,555-3676,1945-09-06,6323 Elm St,San Diego,MA,41191,200382,employed,2025-03-19,active
1315,Joshua,Jackson,member1315@example.com,555-6651,1979-05-16,2086 Park Ave,San Antonio,TN,19743,74337,employed,2024-05-01,active
1316,William,Ramirez,member1316@example.com,555-6292,1949-12-04,2407 Madison St,San Jose,NV,15636,59416,employed,2025-03-04,active
1317,Ashley,Perez,member1317@example.com,555-5098,1954-10-03,6626 Monroe Dr,Seattle,TX,28582,41733,employed,2023-03-09,active
1318,Amanda,Williams,member1318@example.com,555-1229,1960-02-16,1611 Monroe Dr,Denver,PA,23413,56822,employed,2024-02-10,active
1319,Joshua,Hernandez,member1319@example.com,555-9049,2007-04-03,7275 First St,Columbus,OH,80694,83758,employed,2021-12-13,active
1320,Matthew,Wilson,member1320@example.com,555-1477,1976-01-03,3850 Jackson St,Las Vegas,NY,74595,120807,employed,2024-12-28,active
1321,Lisa,Anderson,member1321@example.com,555-8836,1951-02-13,6697 Monroe Dr,San Diego,DC,77931,84047,employed,2024-12-17,active
1322,John,Gonzalez,member1322@example.com,555-9857,1958-07-11,1482 Cedar Ln,Philadelphia,OH,92467,115506,employed,2022-07-19,active
1323,Elizabeth,Smith,member1323@example.com,555-6489,1994-01-01,7428 Elm St,Nashville,NC,63075,52889,employed,2023-10-13,active
1324,Kenneth,Jones,member1324@example.com,555-6363,1996-08-01,6619 Jackson St,Washington,CA,83076,25708,employed,2023-11-25,active
1325,Kevin,Moore,member1325@example.com,555-5731,1994-09-09,364 Cedar Ln,Phoenix,CA,53369,77707,employed,2025-01-24,active
1326,Joshua,Wilson,member1326@example.com,555-5108,1991-02-27,4881 Maple Dr,San Jose,WA,89918,77530,employed,2023-06-17,active
1327,Steven,Lee,member1327@example.com,555-9940,1991-03-04,7601 Oak Ave,Oklahoma City,TN,22014,22752,employed,2022-08-04,active
1328,Mark,Thomas,member1328@example.com,555-4211,1994-01-07,3159 Main St,Washington,TN,46031,57824,employed,2022-09-21,active
1329,Rachel,Thomas,member1329@example.com,555-9719,1989-10-27,6399 Maple Dr,Washington,MA,76296,197080,employed,2023-05-18,active
1330,Kenneth,Miller,member1330@example.com,555-9092,1949-01-24,8818 Lincoln Ave,Nashville,NV,10085,44243,employed,2022-10-28,active
1331,Michelle,Lewis,member1331@example.com,555-1489,2005-03-03,6004 Madison St,Fort Worth,WA,99864,77781,employed,2023-02-24,active
1332,Joshua,Garcia,member1332@example.com,555-6613,1979-03-29,4496 Second St,Philadelphia,NV,61534,24090,employed,2023-03-04,active
1333,Frances,Martinez,member1333@example.com,555-4042,2002-11-26,4140 Maple Dr,Nashville,NC,61299,51567,employed,2025-03-30,active
1334,Kenneth,Robinson,member1334@example.com,555-2689,1976-02-28,6733 Cedar Ln,Dallas,IL,99714,121375,employed,2024-05-27,active
1335,Paul,Garcia,member1335@example.com,555-6625,1980-07-18,2847 Cedar Ln,Fort Worth,OH,39133,51071,employed,2022-07-07,active
1336,Andrew,Brown,member1336@example.com,555-7409,1978-10-06,6093 Main St,Boston,OK,78017,82125,employed,2022-01-23,inactive
1337,Frances,Hernandez,member1337@example.com,555-8991,2006-08-27,4807 Second St,San Diego,NY,35448,133306,employed,2022-04-22,active
1338,David,Robinson,member1338@example.com,555-2854,1988-10-23,9914 Monroe Dr,Philadelphia,CA,36102,36787,employed,2023-07-07,active
1339,Michael,Williams,member1339@example.com,555-6967,1964-06-30,6563 Washington St,Chicago,WA,48489,47733,employed,2023-02-18,active
1340,Amanda,Lopez,member1340@example.com,555-4513,1983-04-10,7896 Elm St,San Diego,MA,68632,121628,employed,2025-05-12,active
1341,Jennifer,Thompson,member1341@example.com,555-2787,1971-01-27,1527 Oak Ave,Jacksonville,PA,69851,28708,self_employed,2022-09-26,active
1342,Janet,Thomas,member1342@example.com,555-1985,1999-12-03,2256 Monroe Dr,New York,NC,57315,118998,employed,2021-04-25,active
1343,Anthony,Gonzalez,member1343@example.com,555-3667,1957-12-01,5521 Adams Ave,Columbus,CA,52526,88278,self_employed,2025-06-07,active
1344,Michelle,Martinez,member1344@example.com,555-3745,1958-01-15,8172 Lincoln Ave,San Francisco,WA,97728,84738,employed,2022-02-26,active
1345,Elizabeth,Sanchez,member1345@example.com,555-6199,2000-09-10,4819 Cedar Ln,San Francisco,AZ,49916,59278,employed,2024-01-13,active
1346,Jane,Jones,member1346@example.com,555-1102,1949-03-05,802 Maple Dr,San Jose,CO,93776,209028,self_employed,2021-11-16,active
1347,James,Lee,member1347@example.com,555-2896,1974-11-19,5299 Pine Rd,San Antonio,NY,52464,117383,self_employed,2022-06-30,active
1348,Amanda,Perez,member1348@example.com,555-2644,1971-02-10,5068 Washington St,San Francisco,NV,90859,83948,employed,2022-09-26,active
1349,Charles,Wilson,member1349@example.com,555-8356,2002-10-25,7326 Washington St,Boston,MA,29622,86076,employed,2024-10-10,active
1350,William,Robinson,member1350@example.com,555-7042,1971-06-21,3526 Pine Rd,San Francisco,FL,32658,56885,unemployed,2024-07-22,active
1351,David,Jones,member1351@example.com,555-4279,2000-01-22,2446 Main St,Boston,IN,91797,119381,employed,2021-02-08,active
1352,Donald,Rodriguez,member1352@example.com,555-9020,1960-01-03,3441 Jackson St,Jacksonville,NY,79797,72944,employed,2021-07-07,active
1353,Amanda,Sanchez,member1353@example.com,555-3960,1977-01-17,7965 Jackson St,Austin,NC,57603,42853,employed,2023-09-28,active
1354,Kenneth,Johnson,member1354@example.com,555-6331,1958-06-02,1578 Jackson St,Fort Worth,OH,23402,52416,employed,2022-10-15,active
1355,Paul,Garcia,member1355@example.com,555-2037,1986-08-27,3623 Park Ave,Charlotte,FL,83988,129402,self_employed,2024-04-06,active
1356,Amanda,Jones,member1356@example.com,555-4507,1982-08-06,2904 Elm St,Las Vegas,MA,52854,40959,employed,2024-04-10,active
1357,Maria,Jones,member1357@example.com,555-4874,1960-07-31,5426 Jefferson Dr,Oklahoma City,OH,85707,29935,employed,2025-05-21,active
1358,Michelle,Wilson,member1358@example.com,555-3001,1989-07-08,7686 Monroe Dr,San Diego,PA,61522,58217,self_employed,2022-03-19,active
1359,Thomas,Jackson,member1359@example.com,555-9161,2000-06-22,2008 Cedar Ln,Charlotte,TN,10352,30899,employed,2021-08-20,active
1360,Jessica,Perez,member1360@example.com,555-8676,1992-12-01,8254 Elm St,San Antonio,OK,52844,45311,employed,2021-05-13,active
1361,Jennifer,Smith,member1361@example.com,555-2614,1957-09-22,6068 Madison St,Las Vegas,CA,81824,87004,employed,2021-08-23,active
1362,Carolyn,Martin,member1362@example.com,555-8628,1992-03-02,8348 Jackson St,Jacksonville,FL,58784,123693,employed,2024-04-30,active
1363,Sarah,Sanchez,member1363@example.com,555-1662,1963-10-05,384 Second St,San Jose,OH,60836,57530,employed,2024-03-16,active
1364,Rachel,Williams,member1364@example.com,555-6683,1960-04-06,3541 Pine Rd,New York,AZ,94267,88803,employed,2023-10-29,active
1365,Jane,Williams,member1365@example.com,555-5960,1963-06-24,7931 Second St,Boston,NV,35277,134230,employed,2020-11-27,active
1366,Paul,Williams,member1366@example.com,555-4447,2007-04-03,9823 Monroe Dr,Chicago,TX,29029,40160,employed,2022-10-26,active
1367,William,Brown,member1367@example.com,555-8542,1982-06-07,7744 Maple Dr,Los Angeles,TX,89408,44973,employed,2024-11-29,active
1368,Robert,Jones,member1368@example.com,555-3960,1949-05-24,2081 Oak Ave,Charlotte,AZ,54949,23693,employed,2024-04-19,active
1369,Richard,Robinson,member1369@example.com,555-4507,1948-12-17,4910 Park Ave,Columbus,DC,54212,84340,self_employed,2021-10-03,active
1370,Stephanie,Harris,member1370@example.com,555-9535,1954-12-08,2551 Washington St,Philadelphia,TX,21809,84920,employed,2022-03-08,active
1371,James,Robinson,member1371@example.com,555-6523,1946-06-04,9544 Lincoln Ave,Phoenix,AZ,88161,82936,employed,2022-03-13,active
1372,Elizabeth,Lopez,member1372@example.com,555-7234,1951-07-25,120 Park Ave,Oklahoma City,CO,26803,39379,employed,2024-12-15,active
1373,Charles,Anderson,member1373@example.com,555-2943,1958-05-15,4613 Park Ave,Columbus,CO,82049,40559,employed,2022-06-02,active
1374,Jane,Rodriguez,member1374@example.com,555-2227,1959-08-26,520 Maple Dr,Indianapolis,CA,65372,44270,employed,2021-04-12,active
1375,Michelle,Johnson,member1375@example.com,555-3725,1999-05-21,1107 Jackson St,Las Vegas,IL,66521,47563,employed,2022-12-23,active
1376,Daniel,Taylor,member1376@example.com,555-2753,1976-05-10,5333 Second St,Philadelphia,NY,39076,27477,employed,2024-07-09,active
1377,Jane,Martin,member1377@example.com,555-6950,1982-01-08,8232 Jackson St,Jacksonville,MA,50404,48182,employed,2024-01-30,active
1378,Deborah,Clark,member1378@example.com,555-3825,1967-09-20,4216 Monroe Dr,Houston,AZ,42912,51404,employed,2023-03-06,active
1379,Lisa,Sanchez,member1379@example.com,555-9424,1956-08-22,734 Park Ave,New York,MA,82593,38184,employed,2021-11-16,active
1380,Deborah,Taylor,member1380@example.com,555-1698,1994-06-24,315 Elm St,Las Vegas,CO,68688,42948,employed,2021-03-10,active
1381,Sarah,Anderson,member1381@example.com,555-2383,1963-03-06,8429 Oak Ave,Columbus,TN,23325,23544,self_employed,2021-12-20,active
1382,Sarah,Clark,member1382@example.com,555-5714,1978-01-14,8794 Second St,Indianapolis,IN,36148,80883,employed,2025-01-29,active
1383,Kenneth,Wilson,member1383@example.com,555-3977,1976-12-10,8811 Jefferson Dr,Charlotte,MA,66293,26440,employed,2023-12-06,active
1384,Nicole,Miller,member1384@example.com,555-4282,2000-02-03,6695 Cedar Ln,Charlotte,NC,67340,23948,unemployed,2025-07-29,active
1385,David,Taylor,member1385@example.com,555-4941,1958-01-15,7882 Main St,Los Angeles,CA,44865,117586,employed,2022-11-06,active
1386,Jane,Harris,member1386@example.com,555-2111,1956-02-02,928 Jackson St,Denver,OK,97364,30824,employed,2023-03-18,active
1387,Thomas,Jackson,member1387@example.com,555-4865,1994-06-07,9144 Pine Rd,Oklahoma City,NC,85257,40643,employed,2020-08-09,active
1388,Amanda,Johnson,member1388@example.com,555-5186,2000-05-31,8322 Oak Ave,Denver,IN,94749,72155,employed,2025-03-30,active
1389,Janet,Thomas,member1389@example.com,555-4664,2003-10-11,1166 Park Ave,Charlotte,TN,99804,52943,employed,2021-04-06,active
1390,Robert,Wilson,member1390@example.com,555-7258,1954-07-28,2532 Park Ave,Indianapolis,IN,16436,58236,employed,2023-04-23,active
1391,Matthew,Wilson,member1391@example.com,555-3998,1964-07-24,8544 Washington St,Denver,TX,90025,47644,employed,2023-02-02,active
1392,Deborah,Ramirez,member1392@example.com,555-3286,1948-01-01,3611 Jackson St,Los Angeles,NV,70390,28654,employed,2025-03-08,active
1393,Sarah,Clark,member1393@example.com,555-3594,2004-12-01,549 Second St,Houston,IL,40829,118463,employed,2022-08-29,active
1394,Andrew,Lewis,member1394@example.com,555-8349,1958-10-16,1934 Pine Rd,Charlotte,NY,80451,88728,employed,2023-05-31,active
1395,David,Moore,member1395@example.com,555-7537,1968-12-19,5082 Maple Dr,Philadelphia,TX,69151,211653,employed,2025-07-10,active
1396,Steven,Taylor,member1396@example.com,555-7124,1984-11-26,288 Cedar Ln,Los Angeles,NY,44013,77639,employed,2023-08-14,active
1397,Amanda,Clark,member1397@example.com,555-4095,1979-10-03,9331 Pine Rd,San Jose,DC,21993,55508,employed,2024-11-15,active
1398,Carolyn,Perez,member1398@example.com,555-5430,1960-06-22,9928 Adams Ave,Seattle,NV,29718,25171,unemployed,2023-03-09,active
1399,Sarah,Rodriguez,member1399@example.com,555-1706,1998-06-20,5910 First St,Oklahoma City,TX,43901,55634,employed,2025-01-07,active
1400,Michael,Thomas,member1400@example.com,555-5065,1961-07-09,8087 Washington St,Nashville,OH,53687,73686,employed,2024-08-22,active
1401,Helen,Garcia,member1401@example.com,555-5798,2003-01-21,840 Adams Ave,Oklahoma City,IN,89930,35081,employed,2022-09-12,active
1402,Deborah,Smith,member1402@example.com,555-5352,1986-04-14,8483 Washington St,Phoenix,IL,68188,48677,self_employed,2020-08-26,active
1403,Anthony,Jackson,member1403@example.com,555-4983,2002-03-10,6762 Second St,Seattle,AZ,10044,52646,employed,2023-05-29,inactive
1404,Helen,Moore,member1404@example.com,555-9221,1966-02-02,773 Adams Ave,Phoenix,NC,61798,202274,employed,2023-04-12,active
1405,Kenneth,Williams,member1405@example.com,555-7961,1947-08-14,1138 Pine Rd,San Jose,IL,38108,212275,employed,2025-03-29,active
1406,Kevin,Lee,member1406@example.com,555-3674,1963-12-29,6774 Elm St,San Diego,FL,72273,123135,employed,2024-08-15,active
1407,Michael,Robinson,member1407@example.com,555-5169,1974-06-16,9214 Elm St,Fort Worth,WA,12874,26113,self_employed,2021-07-08,active
1408,Thomas,Brown,member1408@example.com,555-2595,1984-02-13,5308 Oak Ave,San Antonio,IN,45861,204898,employed,2020-09-29,active
1409,Paul,Lewis,member1409@example.com,555-2070,1991-11-30,2177 Second St,Washington,CA,81657,42070,employed,2023-08-16,inactive
1410,Maria,Jones,member1410@example.com,555-2587,1969-12-30,1404 Jackson St,Dallas,MA,77760,83130,employed,2025-05-05,inactive
1411,Helen,Lee,member1411@example.com,555-7169,1969-06-01,9044 Adams Ave,Washington,OH,86253,80697,employed,2022-10-22,active
1412,Mark,Jackson,member1412@example.com,555-6117,2007-06-04,1579 Lincoln Ave,Austin,NC,51098,80211,self_employed,2025-02-03,active
1413,Amanda,Johnson,member1413@example.com,555-8827,1978-01-20,4136 Madison St,Oklahoma City,CA,56040,24416,unemployed,2021-03-23,active
1414,Kevin,Moore,member1414@example.com,555-7469,1964-03-22,7001 Lincoln Ave,San Diego,MA,94884,22027,employed,2021-04-17,active
1415,Sarah,Gonzalez,member1415@example.com,555-8954,1946-04-30,905 Main St,Washington,IN,27810,80736,employed,2022-04-06,active
1416,Mark,Gonzalez,member1416@example.com,555-5488,1995-08-03,7225 Adams Ave,Indianapolis,MA,16553,75863,employed,2022-06-03,active
1417,Stephanie,Hernandez,member1417@example.com,555-7940,1978-04-24,8128 Jackson St,Austin,NY,84869,40470,employed,2023-02-11,active
1418,Richard,Sanchez,member1418@example.com,555-9297,2000-03-28,573 Adams Ave,Phoenix,OH,58434,50450,self_employed,2022-01-13,active
1419,Amanda,Harris,member1419@example.com,555-7860,1975-10-30,4838 Oak Ave,Houston,DC,92919,119286,self_employed,2022-06-18,active
1420,Deborah,Garcia,member1420@example.com,555-4059,1956-04-06,2965 Maple Dr,San Jose,PA,69234,41759,employed,2022-12-27,inactive
1421,James,Harris,member1421@example.com,555-6177,2000-08-28,1203 Madison St,New York,TX,20363,55530,employed,2021-07-31,active
1422,Andrew,Clark,member1422@example.com,555-5115,1993-06-29,8571 Madison St,Los Angeles,NY,80366,198024,employed,2020-09-02,active
1423,Carolyn,Moore,member1423@example.com,555-3094,1963-03-19,1396 Cedar Ln,Denver,CO,68207,82978,employed,2024-12-28,active
1424,Donald,Sanchez,member1424@example.com,555-5310,1960-05-12,7063 Pine Rd,Phoenix,TX,31577,123952,employed,2020-11-20,active
1425,Deborah,Lopez,member1425@example.com,555-7322,1993-05-24,887 Jackson St,Seattle,CO,93303,55686,employed,2021-07-14,active
1426,James,Brown,member1426@example.com,555-4810,1990-10-22,5413 Second St,Jacksonville,NC,16179,56844,employed,2020-10-06,active
1427,Daniel,Lee,member1427@example.com,555-8654,1976-01-05,2486 Park Ave,Chicago,TX,28342,50010,employed,2021-09-03,active
1428,Joshua,Martin,member1428@example.com,555-9048,2006-11-03,1490 Jackson St,Charlotte,DC,37037,84662,employed,2021-12-13,active
1429,Jane,Miller,member1429@example.com,555-9829,1979-09-08,2880 Pine Rd,Indianapolis,CO,11653,75451,employed,2024-04-05,active
1430,Mark,Davis,member1430@example.com,555-1683,1968-07-05,5489 Park Ave,Los Angeles,DC,89807,117204,employed,2025-01-12,inactive
1431,Jennifer,Rodriguez,member1431@example.com,555-4759,1975-05-03,3860 Washington St,New York,CA,93148,57869,employed,2024-09-27,active
1432,Andrew,Martinez,member1432@example.com,555-9424,1951-08-25,7062 Jefferson Dr,Philadelphia,NC,43305,32987,employed,2022-01-05,active
1433,Sarah,Clark,member1433@example.com,555-9711,1964-07-02,8866 Jefferson Dr,Oklahoma City,IL,72273,203573,employed,2023-12-20,active
1434,Matthew,Davis,member1434@example.com,555-3020,1958-11-01,8892 Jackson St,San Francisco,NV,96647,58103,employed,2022-01-08,active
1435,Catherine,Taylor,member1435@example.com,555-9429,1959-07-19,9911 Oak Ave,San Jose,WA,73077,88608,employed,2023-11-01,active
1436,Steven,Perez,member1436@example.com,555-3253,1968-05-29,6274 First St,Los Angeles,IL,88409,118429,employed,2023-08-14,active
1437,James,Lewis,member1437@example.com,555-4337,1995-08-03,3809 Jackson St,Philadelphia,NV,40862,48278,employed,2021-12-03,active
1438,Maria,Thomas,member1438@example.com,555-1492,1980-10-18,2674 Park Ave,Philadelphia,NV,77460,23693,self_employed,2020-11-12,active
1439,Lisa,Johnson,member1439@example.com,555-2916,1946-12-23,3132 First St,Philadelphia,NY,12133,76949,employed,2020-12-10,active
1440,Michael,Robinson,member1440@example.com,555-1488,1991-03-17,9879 Monroe Dr,Oklahoma City,DC,25951,54220,employed,2020-08-25,active
1441,Emily,Martinez,member1441@example.com,555-2011,1966-09-29,9160 Washington St,Austin,OH,94037,121204,employed,2021-01-24,active
1442,Maria,Lee,member1442@example.com,555-3265,1963-02-18,5258 Washington St,Columbus,WA,98641,85813,employed,2025-01-07,active
1443,Helen,Robinson,member1443@example.com,555-3988,1945-12-14,6163 Second St,Austin,DC,67348,20553,employed,2025-04-07,active
1444,Mark,Wilson,member1444@example.com,555-5401,1953-11-23,1309 Main St,Boston,DC,58623,21509,employed,2022-04-07,active
1445,John,Sanchez,member1445@example.com,555-8323,1994-03-26,5407 Elm St,Fort Worth,NC,91082,77366,unemployed,2023-03-22,active
1446,Richard,Wilson,member1446@example.com,555-7876,1994-10-28,3414 Washington St,Seattle,AZ,59534,82035,employed,2023-08-02,active
1447,Kevin,Anderson,member1447@example.com,555-1252,1993-01-02,3935 Adams Ave,Seattle,NV,93267,83279,employed,2023-10-05,active
1448,David,Lopez,member1448@example.com,555-1501,1978-12-03,9788 Adams Ave,Philadelphia,CO,69445,85902,employed,2025-04-27,active
1449,Kevin,Davis,member1449@example.com,555-3072,1947-08-21,1525 Maple Dr,Columbus,CO,69579,52355,employed,2025-05-08,inactive
1450,Amanda,Gonzalez,member1450@example.com,555-1240,1972-10-18,1388 Main St,Denver,CO,28245,88319,employed,2020-12-30,active
1451,Lisa,Anderson,member1451@example.com,555-8973,1986-08-19,4864 Pine Rd,Nashville,AZ,73999,56727,employed,2022-04-02,active
1452,Maria,Jones,member1452@example.com,555-5592,1953-11-19,9802 Madison St,Phoenix,MA,44900,42445,employed,2021-07-31,active
1453,Catherine,Williams,member1453@example.com,555-8360,1950-06-06,4430 Jefferson Dr,Dallas,AZ,23793,85647,employed,2025-03-16,active
1454,Michael,Hernandez,member1454@example.com,555-8128,1991-01-06,2171 Main St,Denver,AZ,26558,82217,employed,2025-04-28,active
1455,Jane,White,member1455@example.com,555-1815,1951-04-29,6642 First St,Oklahoma City,WA,63740,40001,employed,2022-02-17,inactive
1456,Michelle,Ramirez,member1456@example.com,555-8700,1961-07-29,8342 Cedar Ln,Seattle,WA,46699,46922,employed,2020-08-13,active
1457,Thomas,Thompson,member1457@example.com,555-8415,1967-03-16,1576 Maple Dr,Columbus,IL,61050,56931,employed,2023-08-18,active
1458,David,Johnson,member1458@example.com,555-6757,1996-02-06,1066 Pine Rd,Houston,CO,10134,82227,employed,2024-01-05,active
1459,Emily,Hernandez,member1459@example.com,555-4046,1983-12-26,1424 Oak Ave,Las Vegas,CO,39807,43578,unemployed,2025-03-03,active
1460,Michael,Johnson,member1460@example.com,555-8575,1951-12-31,7148 Lincoln Ave,Nashville,NY,10603,58661,employed,2023-04-20,active
1461,Kenneth,Sanchez,member1461@example.com,555-6116,1996-01-15,5461 Washington St,San Diego,AZ,84381,72838,self_employed,2023-07-07,active
1462,Donald,Lopez,member1462@example.com,555-3154,1999-01-13,4312 Second St,Indianapolis,TX,64187,88778,employed,2025-04-11,active
1463,Paul,Miller,member1463@example.com,555-6093,1993-12-10,1454 Park Ave,Las Vegas,IL,14655,211864,self_employed,2022-01-13,active
1464,Helen,Davis,member1464@example.com,555-4001,1951-10-21,7772 Washington St,San Antonio,CO,67389,58398,employed,2022-01-09,active
1465,Jennifer,Wilson,member1465@example.com,555-9682,1951-01-24,6745 Second St,Seattle,MA,15101,122928,employed,2024-10-07,active
1466,Thomas,Lewis,member1466@example.com,555-5908,1994-04-05,8347 Park Ave,Seattle,IN,33183,57955,employed,2022-05-16,active
1467,James,Moore,member1467@example.com,555-1777,1975-04-28,5572 Oak Ave,Charlotte,TN,46267,49762,employed,2024-07-16,active
1468,Elizabeth,Gonzalez,member1468@example.com,555-3612,1964-02-13,9349 Cedar Ln,Las Vegas,NY,87865,50995,employed,2020-10-11,active
1469,Carolyn,Lee,member1469@example.com,555-6070,1948-02-10,9931 Elm St,San Diego,TX,20922,50634,employed,2021-02-24,active
1470,Jane,Jones,member1470@example.com,555-6382,1972-02-06,7393 Madison St,Los Angeles,PA,32045,82710,employed,2024-02-22,active
1471,Matthew,Clark,member1471@example.com,555-5391,1953-02-05,3002 Main St,Chicago,AZ,33886,82155,self_employed,2023-01-16,active
1472,Sarah,Smith,member1472@example.com,555-3587,1983-02-10,931 Pine Rd,Austin,TX,54205,88543,employed,2021-10-16,active
1473,Catherine,Rodriguez,member1473@example.com,555-8211,2002-06-29,5667 Oak Ave,Charlotte,IN,15744,126371,self_employed,2025-04-08,active
1474,Rachel,Martin,member1474@example.com,555-1811,1977-05-21,9764 Jefferson Dr,Boston,NY,40225,76267,employed,2024-04-28,active
1475,Daniel,Perez,member1475@example.com,555-4542,1972-12-01,299 Park Ave,Oklahoma City,TX,10393,20318,self_employed,2022-02-22,active
1476,Andrew,Martin,member1476@example.com,555-5656,1951-06-02,1279 Washington St,Boston,TX,39016,122029,employed,2024-04-03,active
1477,Anthony,Lopez,member1477@example.com,555-4991,1979-03-05,9391 Lincoln Ave,Phoenix,CA,57362,75710,self_employed,2022-10-06,active
1478,Kenneth,Smith,member1478@example.com,555-1314,1981-04-29,9458 Adams Ave,Seattle,CA,19658,35954,employed,2023-08-27,active
1479,Jessica,Thomas,member1479@example.com,555-9207,1969-08-06,2153 Park Ave,Nashville,FL,84747,48610,employed,2025-05-06,active
1480,Jane,Smith,member1480@example.com,555-7432,1989-09-01,7611 Madison St,Philadelphia,WA,53003,82286,self_employed,2020-08-19,active
1481,Ashley,Gonzalez,member1481@example.com,555-6129,1968-07-11,2230 Madison St,Philadelphia,IN,23863,70362,employed,2023-03-01,active
1482,Kenneth,Thompson,member1482@example.com,555-3448,1965-04-09,3726 Washington St,Austin,TX,19141,42003,employed,2020-09-03,active
1483,Donald,Clark,member1483@example.com,555-1760,1977-08-04,4102 Main St,Boston,MA,76903,21305,unemployed,2022-01-03,active
1484,Helen,Anderson,member1484@example.com,555-4603,1957-11-06,206 Washington St,Nashville,WA,69839,43822,employed,2022-06-18,active
1485,Joshua,Anderson,member1485@example.com,555-6296,1996-05-19,3148 Pine Rd,Philadelphia,MA,50853,213234,employed,2021-07-12,active
1486,Amanda,Sanchez,member1486@example.com,555-1138,1958-05-01,7596 Jefferson Dr,Jacksonville,NV,34449,47873,employed,2021-01-09,active
1487,James,Smith,member1487@example.com,555-8289,1955-12-01,1588 Jefferson Dr,Philadelphia,OH,82185,195808,employed,2020-08-15,active
1488,Kevin,White,member1488@example.com,555-3800,1951-09-12,5876 Elm St,San Francisco,OK,10560,45513,employed,2024-06-08,active
1489,Andrew,Wilson,member1489@example.com,555-4464,1993-09-07,6185 Lincoln Ave,Seattle,IL,87141,23487,unemployed,2025-07-11,active
1490,Robert,Gonzalez,member1490@example.com,555-9466,1949-08-17,924 Lincoln Ave,San Diego,OK,80120,85415,employed,2024-11-17,active
1491,Mark,Martin,member1491@example.com,555-3532,1991-04-06,9633 Monroe Dr,Philadelphia,NV,46190,77076,employed,2022-06-13,inactive
1492,Andrew,Jones,member1492@example.com,555-3754,1988-05-30,2762 Main St,Los Angeles,PA,82246,41750,employed,2021-10-14,active
1493,Jennifer,Johnson,member1493@example.com,555-5128,1953-08-05,4645 Second St,Indianapolis,NC,95830,77492,employed,2021-10-09,active
1494,David,Wilson,member1494@example.com,555-6896,1997-06-06,9970 Park Ave,Oklahoma City,NY,98228,132199,employed,2021-04-19,active
1495,Ashley,Johnson,member1495@example.com,555-5538,1959-01-12,3688 Maple Dr,Phoenix,TN,75277,74180,employed,2022-08-08,active
1496,Richard,Johnson,member1496@example.com,555-3140,1990-10-18,1632 Adams Ave,Austin,CA,63367,23382,employed,2022-01-04,active
1497,Kevin,Davis,member1497@example.com,555-8208,1986-08-19,7630 Jefferson Dr,Fort Worth,TX,90098,21882,employed,2023-08-08,active
1498,Kevin,Williams,member1498@example.com,555-7811,2006-11-18,1312 Monroe Dr,San Jose,DC,89707,70750,employed,2020-10-25,active
1499,Jane,Rodriguez,member1499@example.com,555-5062,1994-03-12,4620 Pine Rd,Washington,DC,61364,57396,employed,2021-07-01,active
1500,Donald,Thomas,member1500@example.com,555-1229,1990-08-05,1015 Jefferson Dr,Fort Worth,CO,64746,26652,self_employed,2025-04-22,inactive
1501,Helen,Robinson,member1501@example.com,555-3506,1953-03-09,9444 Madison St,Jacksonville,CO,17922,41329,employed,2022-04-15,active
1502,Michael,Anderson,member1502@example.com,555-8069,1980-10-06,3316 Washington St,Washington,FL,39454,78347,employed,2023-10-09,active
1503,Rachel,Miller,member1503@example.com,555-3121,1960-10-17,6413 Maple Dr,Columbus,TX,21594,39808,employed,2022-03-31,inactive
1504,Nicole,Lee,member1504@example.com,555-6252,1969-07-21,2578 Elm St,Nashville,NV,77271,53465,employed,2024-02-27,active
1505,Kevin,Perez,member1505@example.com,555-2607,2001-07-06,6777 Maple Dr,Boston,OH,50781,36154,self_employed,2025-03-10,active
1506,Thomas,Davis,member1506@example.com,555-4293,1995-11-08,5651 First St,Phoenix,IN,70415,88707,employed,2021-08-20,active
1507,Charles,Davis,member1507@example.com,555-5271,1963-10-16,669 First St,Chicago,IL,57951,81949,employed,2025-05-06,active
1508,Michelle,Lopez,member1508@example.com,555-8649,1980-08-30,9335 Second St,Indianapolis,WA,69445,40917,employed,2022-11-03,active
1509,Nicole,Miller,member1509@example.com,555-6906,1967-03-01,7253 Jefferson Dr,Denver,OK,45501,123790,employed,2022-10-16,active
1510,David,Wilson,member1510@example.com,555-4418,1970-10-16,2172 Pine Rd,Philadelphia,WA,47427,86475,employed,2022-08-30,active
1511,Frances,Robinson,member1511@example.com,555-6019,1991-03-21,1534 Lincoln Ave,Philadelphia,DC,88111,70259,employed,2021-05-22,active
1512,Stephanie,Ramirez,member1512@example.com,555-8318,1961-12-10,1948 First St,New York,TN,46199,133865,employed,2021-05-09,active
1513,Michelle,Garcia,member1513@example.com,555-7304,1956-08-19,4784 Oak Ave,Nashville,NC,95283,89284,unemployed,2023-08-23,active
1514,Lisa,Martinez,member1514@example.com,555-6189,1973-05-10,3597 Oak Ave,Charlotte,MA,38837,45158,self_employed,2024-04-11,active
1515,Lisa,Thomas,member1515@example.com,555-9697,1977-08-08,2836 Maple Dr,Houston,IL,58281,40592,employed,2024-09-05,active
1516,William,Miller,member1516@example.com,555-6943,2004-08-31,4677 Cedar Ln,Columbus,NV,70378,38251,employed,2022-01-16,active
1517,Carolyn,Miller,member1517@example.com,555-3680,2003-10-14,514 Adams Ave,Austin,AZ,39171,86320,employed,2023-01-30,active
1518,Matthew,Wilson,member1518@example.com,555-4085,1963-02-18,7768 Main St,Houston,NC,18119,34089,employed,2024-03-17,active
1519,Steven,Robinson,member1519@example.com,555-9798,1951-04-13,502 Jefferson Dr,Austin,NV,96282,126701,employed,2020-11-04,active
1520,Amanda,White,member1520@example.com,555-3097,1951-07-15,5165 Cedar Ln,Austin,TN,96844,130854,self_employed,2025-05-03,active
1521,Charles,Jackson,member1521@example.com,555-3022,1965-02-28,6620 Pine Rd,Indianapolis,PA,14598,20867,unemployed,2021-09-13,active
1522,Jennifer,Taylor,member1522@example.com,555-7402,1961-06-06,538 Cedar Ln,Denver,OK,42260,51333,employed,2022-07-08,active
1523,Ashley,Robinson,member1523@example.com,555-4844,1958-12-13,2868 Maple Dr,Boston,TN,39732,51542,employed,2024-07-05,active
1524,John,Martinez,member1524@example.com,555-6957,1988-02-19,3738 Jefferson Dr,San Diego,AZ,39705,134771,employed,2022-12-17,active
1525,Emily,Robinson,member1525@example.com,555-1802,1995-02-03,7622 Oak Ave,San Francisco,PA,60998,71138,employed,2023-12-29,active
1526,Richard,Gonzalez,member1526@example.com,555-1632,1954-06-29,331 Monroe Dr,Houston,AZ,61960,211569,self_employed,2021-02-23,active
1527,Maria,Perez,member1527@example.com,555-3996,1953-09-06,8177 Adams Ave,Oklahoma City,NC,80009,133141,employed,2025-05-29,active
1528,Thomas,Jones,member1528@example.com,555-3378,1964-06-18,3650 Maple Dr,Phoenix,PA,76631,46563,employed,2020-09-06,active
1529,Jennifer,Lopez,member1529@example.com,555-3527,2005-04-19,3116 Cedar Ln,Las Vegas,CO,63087,79569,employed,2020-11-28,active
1530,Sarah,Lewis,member1530@example.com,555-7383,1967-05-16,7944 First St,Chicago,TX,79674,126060,employed,2020-11-24,active
1531,Jessica,Smith,member1531@example.com,555-8955,2005-08-28,5265 First St,Seattle,IN,25994,86114,employed,2024-04-01,active
1532,Mark,Garcia,member1532@example.com,555-7574,2004-12-12,1039 Washington St,Nashville,DC,40046,22350,employed,2023-10-16,active
1533,Matthew,White,member1533@example.com,555-5535,1988-05-10,837 Jefferson Dr,Austin,NC,84537,51972,employed,2020-12-29,active
1534,Deborah,White,member1534@example.com,555-5385,1952-02-06,1369 Lincoln Ave,Austin,MA,45601,117205,employed,2020-09-06,active
1535,Catherine,Miller,member1535@example.com,555-6259,1986-02-01,9064 Monroe Dr,Jacksonville,PA,17890,88881,employed,2023-04-07,active
1536,Deborah,Garcia,member1536@example.com,555-1244,1952-01-08,8228 Elm St,Phoenix,IL,29617,115595,employed,2022-04-24,active
1537,Deborah,Lewis,member1537@example.com,555-7611,1987-02-26,8815 Jackson St,Fort Worth,CA,84238,47983,employed,2023-07-10,active
1538,Paul,Davis,member1538@example.com,555-2309,1999-08-23,3137 Maple Dr,Charlotte,DC,98467,33971,employed,2024-11-15,active
1539,Joshua,Martin,member1539@example.com,555-8784,2003-11-04,9024 Adams Ave,Jacksonville,OH,93545,213899,self_employed,2021-10-02,active
1540,Kevin,Williams,member1540@example.com,555-7262,1975-02-20,5158 Park Ave,New York,NV,98095,80117,employed,2024-08-26,active
1541,Jennifer,Johnson,member1541@example.com,555-3597,1956-07-01,9702 Pine Rd,Jacksonville,NY,55757,75953,employed,2023-04-25,active
1542,Rachel,Sanchez,member1542@example.com,555-5654,1988-09-11,212 Oak Ave,New York,AZ,65163,49266,employed,2023-09-26,active
1543,Deborah,Thomas,member1543@example.com,555-7568,1972-05-08,9478 Jackson St,Denver,TN,50568,57850,employed,2025-07-20,active
1544,Anthony,Wilson,member1544@example.com,555-1553,1968-09-09,5516 Oak Ave,New York,MA,42016,46596,employed,2022-07-26,active
1545,Mark,Rodriguez,member1545@example.com,555-7989,2000-12-11,3155 Jackson St,Charlotte,IL,24406,46526,employed,2025-07-15,active
1546,Mark,Davis,member1546@example.com,555-6260,1964-02-10,911 Jefferson Dr,Denver,TN,11042,74500,employed,2021-08-05,active
1547,Donald,Perez,member1547@example.com,555-4381,1983-11-28,5010 First St,Chicago,WA,90488,37334,employed,2022-03-19,active
1548,Nicole,Martin,member1548@example.com,555-7446,1976-12-02,4715 Adams Ave,Nashville,MA,42507,88336,employed,2022-04-06,inactive
1549,Stephanie,Thompson,member1549@example.com,555-5217,1952-03-09,5102 Elm St,Fort Worth,OH,89621,79573,employed,2021-12-12,active
1550,Steven,Martinez,member1550@example.com,555-4709,1997-03-20,4517 Adams Ave,Dallas,NY,78920,123469,employed,2024-11-04,active
1551,Charles,Johnson,member1551@example.com,555-6377,1990-07-17,6983 Maple Dr,Washington,OK,38642,88394,employed,2023-10-25,active
1552,Michelle,Brown,member1552@example.com,555-5082,1959-10-15,1797 Main St,Denver,TN,26919,87117,employed,2020-12-06,active
1553,Paul,Hernandez,member1553@example.com,555-5937,1992-02-29,5797 Park Ave,San Jose,MA,58567,35687,employed,2022-06-23,active
1554,John,Johnson,member1554@example.com,555-5944,1970-08-05,9384 Adams Ave,San Jose,DC,18400,74117,employed,2021-06-02,active
1555,Jennifer,Lewis,member1555@example.com,555-6828,1955-03-17,2334 Elm St,San Antonio,TN,53688,41789,employed,2025-05-27,active
1556,Nicole,Jackson,member1556@example.com,555-6527,2001-12-24,7822 Main St,Seattle,MA,20339,59493,employed,2023-10-21,active
1557,Maria,Martinez,member1557@example.com,555-4099,1968-11-28,5461 Madison St,Fort Worth,OH,21094,123555,employed,2020-12-29,active
1558,Ashley,Martinez,member1558@example.com,555-4007,1962-09-24,6774 Cedar Ln,Nashville,AZ,14389,82156,employed,2025-05-26,active
1559,Donald,Miller,member1559@example.com,555-2765,1947-04-27,5035 First St,Nashville,TN,85949,49592,employed,2022-12-02,active
1560,Joshua,Clark,member1560@example.com,555-1459,1948-07-27,9146 Lincoln Ave,Oklahoma City,AZ,84590,82984,employed,2025-05-31,active
1561,Emily,Lee,member1561@example.com,555-8983,1984-12-12,4786 Pine Rd,Charlotte,NC,34683,71642,employed,2020-10-18,active
1562,Joshua,Sanchez,member1562@example.com,555-7006,1949-11-06,2776 Cedar Ln,Seattle,NC,65328,116915,employed,2022-10-12,active
1563,William,Miller,member1563@example.com,555-4293,1957-08-12,8624 Maple Dr,Washington,OH,11221,51035,employed,2021-05-09,active
1564,Ashley,Miller,member1564@example.com,555-1163,1966-04-01,459 First St,San Antonio,NC,63515,58796,unemployed,2023-03-20,active
1565,Deborah,Sanchez,member1565@example.com,555-8475,1978-05-27,275 Jackson St,Columbus,AZ,72703,74025,employed,2024-01-03,active
1566,Sarah,Garcia,member1566@example.com,555-5554,2003-03-20,6165 Park Ave,Los Angeles,IL,32680,80328,employed,2021-11-18,active
1567,William,Davis,member1567@example.com,555-1475,1965-02-01,4537 Maple Dr,Los Angeles,AZ,80802,78464,employed,2022-04-01,active
1568,Jane,Williams,member1568@example.com,555-8441,1960-04-07,2777 Maple Dr,San Jose,CA,58929,134055,employed,2020-11-30,active
1569,Thomas,Perez,member1569@example.com,555-9953,1987-02-20,1764 Monroe Dr,Boston,OK,52089,128552,self_employed,2025-03-19,active
1570,Amanda,Robinson,member1570@example.com,555-5320,1950-02-16,6429 Jefferson Dr,Boston,OH,80362,39684,self_employed,2025-06-24,active
1571,Nicole,Taylor,member1571@example.com,555-2050,1961-10-11,2648 Lincoln Ave,Washington,CA,86668,55373,employed,2024-12-21,active
1572,Thomas,Robinson,member1572@example.com,555-9308,1958-11-13,4153 Monroe Dr,San Diego,FL,69161,57490,employed,2023-10-21,active
1573,Emily,Williams,member1573@example.com,555-1772,1956-05-02,8798 Jackson St,San Francisco,CA,40894,26104,employed,2024-06-30,active
1574,Frances,Johnson,member1574@example.com,555-2211,1986-05-29,910 Monroe Dr,San Jose,CA,92480,83629,employed,2021-11-07,active
1575,Frances,Rodriguez,member1575@example.com,555-6815,1961-08-17,9900 Lincoln Ave,Las Vegas,TX,74748,59259,unemployed,2021-02-27,active
1576,Thomas,Davis,member1576@example.com,555-4609,1995-08-30,7544 Cedar Ln,Philadelphia,NY,57279,36129,self_employed,2025-05-24,active
1577,Matthew,Perez,member1577@example.com,555-5270,1998-09-02,6366 Park Ave,San Antonio,NY,80723,32310,employed,2025-03-02,active
1578,Jane,Martinez,member1578@example.com,555-9228,1992-02-29,8277 Lincoln Ave,New York,NC,70899,204647,employed,2020-09-14,active
1579,Mark,Harris,member1579@example.com,555-9314,2007-01-13,5823 Pine Rd,Washington,WA,34833,32261,employed,2025-01-02,active
1580,Ashley,Garcia,member1580@example.com,555-6186,1982-10-16,3920 Second St,Philadelphia,TN,75274,45952,employed,2023-04-01,active
1581,Jane,Wilson,member1581@example.com,555-2319,1981-06-20,5822 Pine Rd,Phoenix,AZ,13640,51753,employed,2024-04-03,active
1582,Daniel,Brown,member1582@example.com,555-2168,1974-07-31,6825 Park Ave,Los Angeles,AZ,87517,75166,employed,2022-05-15,active
1583,Deborah,Davis,member1583@example.com,555-8590,2005-08-08,2625 Adams Ave,Philadelphia,IN,97042,89056,employed,2024-11-14,inactive
1584,Thomas,Martin,member1584@example.com,555-9427,1948-01-25,9131 Lincoln Ave,Houston,FL,36838,32352,employed,2024-08-24,active
1585,Kenneth,Moore,member1585@example.com,555-4677,1959-09-23,1152 Pine Rd,Philadelphia,AZ,22368,71325,employed,2025-03-27,active
1586,Lisa,Thompson,member1586@example.com,555-7102,1993-12-07,2617 Adams Ave,Seattle,MA,80226,29701,unemployed,2023-05-22,inactive
1587,Catherine,Brown,member1587@example.com,555-9697,1974-12-13,4394 Oak Ave,Fort Worth,IN,50054,40276,employed,2024-10-17,active
1588,Mark,Garcia,member1588@example.com,555-9232,1990-04-20,7345 Monroe Dr,San Diego,WA,78259,115031,employed,2022-06-04,active
1589,Helen,White,member1589@example.com,555-6092,1956-04-17,9861 Adams Ave,Las Vegas,AZ,38535,208163,employed,2022-04-01,active
1590,Deborah,Sanchez,member1590@example.com,555-3372,1961-09-13,1330 Park Ave,Philadelphia,NY,50060,24617,unemployed,2024-06-16,active
1591,Lisa,Martinez,member1591@example.com,555-8956,1991-06-29,9411 Elm St,Chicago,OK,90608,48288,employed,2023-02-03,active
1592,Frances,Rodriguez,member1592@example.com,555-9631,1954-04-20,2735 Park Ave,Houston,NY,17472,89271,employed,2021-10-26,active
1593,William,Thompson,member1593@example.com,555-1034,1951-03-28,188 Jefferson Dr,San Antonio,PA,80679,40686,employed,2022-06-23,active
1594,Michael,Hernandez,member1594@example.com,555-3940,1969-11-16,4102 First St,Seattle,NY,56567,43157,employed,2023-09-09,active
1595,Kenneth,Harris,member1595@example.com,555-2023,1950-12-28,7490 Madison St,Seattle,MA,31497,120600,employed,2025-03-14,active
1596,Amanda,Ramirez,member1596@example.com,555-4388,1990-08-22,6413 Park Ave,San Antonio,OK,63413,47997,self_employed,2024-10-10,active
1597,Joshua,Robinson,member1597@example.com,555-7594,1961-07-10,6615 Jackson St,Houston,OH,66892,43737,self_employed,2023-09-07,active
1598,Richard,Jones,member1598@example.com,555-9287,1959-09-17,3395 First St,Oklahoma City,AZ,22995,70026,unemployed,2024-05-12,active
1599,Amanda,Anderson,member1599@example.com,555-2037,1993-01-15,7913 Lincoln Ave,Oklahoma City,NY,63223,77333,employed,2023-04-17,active
1600,Elizabeth,Clark,member1600@example.com,555-3736,1946-03-15,8918 Elm St,Boston,NC,42422,21423,employed,2024-11-27,active
1601,Donald,Brown,member1601@example.com,555-8547,1990-10-12,1913 Jefferson Dr,Denver,MA,85963,39880,employed,2025-05-16,active
1602,Carolyn,Garcia,member1602@example.com,555-1272,1959-02-27,6502 Madison St,Jacksonville,DC,79974,49794,employed,2022-09-29,active
1603,Robert,Jones,member1603@example.com,555-6303,1985-11-07,3444 Washington St,Washington,NV,87748,81596,employed,2023-10-05,active
1604,Michelle,Perez,member1604@example.com,555-8129,2002-01-02,247 Jackson St,Las Vegas,IN,27891,50687,employed,2023-11-02,active
1605,Jennifer,Harris,member1605@example.com,555-7750,1983-08-05,9770 Washington St,Chicago,TN,85247,28785,unemployed,2024-01-22,active
1606,Kevin,Anderson,member1606@example.com,555-6029,2007-03-08,8259 Second St,Seattle,CO,99860,20126,unemployed,2024-01-20,active
1607,Andrew,Miller,member1607@example.com,555-9258,1972-10-03,1943 Adams Ave,Charlotte,OH,47876,49037,employed,2025-04-17,active
1608,Catherine,Moore,member1608@example.com,555-9736,1955-03-23,6339 Washington St,Denver,NY,44763,126251,employed,2022-03-19,active
1609,Andrew,Sanchez,member1609@example.com,555-7463,1946-07-12,5452 Cedar Ln,Houston,CA,31499,75461,employed,2022-10-28,active
1610,Maria,Martin,member1610@example.com,555-2002,1947-04-06,9018 Cedar Ln,Dallas,NC,56998,52999,employed,2023-07-04,active
1611,Kenneth,Moore,member1611@example.com,555-4112,2005-05-13,774 Lincoln Ave,Indianapolis,IN,97393,58228,self_employed,2025-02-26,active
1612,Thomas,Clark,member1612@example.com,555-2736,1995-04-13,5795 Adams Ave,San Diego,NY,29579,59497,employed,2023-02-04,active
1613,Michael,Perez,member1613@example.com,555-6651,1980-08-29,6707 Elm St,Denver,CO,94547,116548,employed,2021-09-23,active
1614,Robert,Moore,member1614@example.com,555-5277,1996-05-10,3238 Jackson St,Seattle,IN,66622,206712,employed,2023-02-08,active
1615,Jane,Lee,member1615@example.com,555-2938,1993-04-05,7834 Cedar Ln,Columbus,CA,14093,85723,self_employed,2021-03-22,active
1616,Lisa,Johnson,member1616@example.com,555-4783,1969-12-26,4943 Washington St,Dallas,AZ,88833,52201,self_employed,2023-12-05,active
1617,Deborah,Moore,member1617@example.com,555-7567,1979-03-19,2800 Washington St,Los Angeles,DC,28581,48986,employed,2025-01-01,active
1618,Deborah,Ramirez,member1618@example.com,555-8826,1957-12-03,5267 Adams Ave,Philadelphia,PA,33697,31278,employed,2021-04-15,active
1619,Daniel,Anderson,member1619@example.com,555-1481,1968-11-03,8274 Washington St,Indianapolis,DC,49790,47060,self_employed,2023-08-16,active
1620,Kevin,Wilson,member1620@example.com,555-6345,1960-12-15,1679 First St,Seattle,OH,50965,82201,employed,2020-08-15,active
1621,Anthony,Miller,member1621@example.com,555-2665,1960-07-20,9863 Oak Ave,New York,OH,61693,24495,employed,2021-04-21,active
1622,Paul,Davis,member1622@example.com,555-3345,2002-06-16,7690 Monroe Dr,Philadelphia,MA,45481,117227,self_employed,2023-08-05,active
1623,Matthew,Moore,member1623@example.com,555-6320,1960-12-23,3064 Washington St,Philadelphia,CO,28342,81354,employed,2024-08-01,active
1624,Matthew,Thomas,member1624@example.com,555-7033,2000-10-22,1476 Jackson St,Chicago,CA,54038,23789,self_employed,2020-11-17,active
1625,Emily,Rodriguez,member1625@example.com,555-8343,1986-05-19,5134 Second St,Indianapolis,OH,57988,81903,employed,2024-03-02,active
1626,Janet,White,member1626@example.com,555-5846,1955-09-13,7657 Elm St,Jacksonville,IN,84852,79750,employed,2023-03-01,active
1627,Nicole,Davis,member1627@example.com,555-9000,1991-06-11,8854 Main St,San Diego,FL,26359,59760,employed,2023-07-24,active
1628,Jessica,Clark,member1628@example.com,555-9538,1999-07-19,3085 Adams Ave,Los Angeles,NV,72185,22249,unemployed,2023-06-05,active
1629,Amanda,Thomas,member1629@example.com,555-9901,1988-04-09,3316 Main St,San Jose,MA,34111,58245,employed,2022-05-12,active
1630,Stephanie,Wilson,member1630@example.com,555-6352,2004-12-06,3584 Lincoln Ave,Las Vegas,OH,73259,44005,employed,2025-02-21,active
1631,Robert,Lopez,member1631@example.com,555-7960,2007-02-22,7937 Park Ave,San Jose,NC,60006,73326,employed,2023-05-16,active
1632,Catherine,Sanchez,member1632@example.com,555-7512,1998-06-20,1169 Washington St,San Diego,FL,61911,52415,self_employed,2021-05-09,active
1633,Deborah,Rodriguez,member1633@example.com,555-6594,1950-05-13,9726 Main St,Oklahoma City,CA,24701,82323,employed,2020-11-09,active
1634,Jane,Moore,member1634@example.com,555-4833,2006-12-25,5676 Cedar Ln,Houston,IL,80818,85718,employed,2023-12-03,active
1635,Daniel,Gonzalez,member1635@example.com,555-5537,1991-10-22,8565 Washington St,Washington,TN,86393,79420,employed,2022-09-01,active
1636,Carolyn,Hernandez,member1636@example.com,555-6710,1992-04-13,2171 Elm St,Denver,CA,33481,82154,employed,2021-05-23,active
1637,Kevin,Perez,member1637@example.com,555-2212,1957-12-27,5002 Park Ave,Boston,TN,20741,85163,employed,2023-03-07,active
1638,Thomas,Robinson,member1638@example.com,555-6385,1954-07-06,4456 Park Ave,Columbus,OK,30955,59025,employed,2023-07-10,inactive
1639,Ashley,Lee,member1639@example.com,555-1486,1964-06-21,8753 Lincoln Ave,Columbus,TX,20736,198434,employed,2023-10-30,active
1640,Emily,Rodriguez,member1640@example.com,555-6514,1997-05-09,286 Main St,Las Vegas,PA,23810,211111,self_employed,2023-01-31,active
1641,Deborah,Robinson,member1641@example.com,555-7929,1998-02-20,3503 First St,Jacksonville,IL,92313,30342,employed,2025-03-27,active
1642,Rachel,White,member1642@example.com,555-1194,2005-08-26,5316 Park Ave,Phoenix,DC,12618,87644,employed,2024-10-09,active
1643,Emily,Smith,member1643@example.com,555-5073,1993-06-04,2158 Monroe Dr,San Jose,AZ,94714,27901,unemployed,2025-06-11,active
1644,Sarah,Thompson,member1644@example.com,555-9701,1975-01-27,8865 Elm St,San Francisco,TX,15598,33978,employed,2022-03-06,active
1645,Rachel,Miller,member1645@example.com,555-7561,1951-11-22,5723 Monroe Dr,San Antonio,DC,62698,124808,employed,2021-05-16,active
1646,Kevin,Gonzalez,member1646@example.com,555-5019,1964-05-22,5887 First St,Washington,CA,10932,31425,employed,2024-02-07,active
1647,Daniel,Anderson,member1647@example.com,555-5035,1953-05-08,5577 Madison St,Fort Worth,OH,86648,54096,employed,2023-04-28,active
1648,Daniel,Davis,member1648@example.com,555-7437,2006-07-17,797 Maple Dr,San Francisco,OH,71805,43790,employed,2023-04-25,active
1649,Donald,Harris,member1649@example.com,555-7196,1982-05-30,176 Lincoln Ave,San Diego,IN,33211,25190,unemployed,2023-07-06,active
1650,Donald,Williams,member1650@example.com,555-1572,1955-01-17,7666 Lincoln Ave,Boston,FL,53877,123402,employed,2023-08-04,active
1651,Thomas,Johnson,member1651@example.com,555-7116,1956-10-20,713 Park Ave,Nashville,NY,27743,79817,employed,2023-05-04,inactive
1652,Ashley,Wilson,member1652@example.com,555-3200,1991-04-25,1778 Second St,Boston,NC,98661,24676,employed,2022-02-08,active
1653,Matthew,Sanchez,member1653@example.com,555-4463,1947-07-31,9526 Adams Ave,Denver,CA,64839,88973,employed,2023-05-14,active
1654,John,Jackson,member1654@example.com,555-3845,1961-03-04,8384 Second St,Washington,NV,69551,89884,employed,2024-11-17,active
1655,Jessica,Clark,member1655@example.com,555-6384,1993-11-15,7533 Maple Dr,Indianapolis,TX,69442,51488,employed,2022-01-29,active
1656,Maria,Brown,member1656@example.com,555-2731,1980-01-25,4539 Oak Ave,San Antonio,IN,37297,33920,employed,2023-11-25,active
1657,Ashley,Moore,member1657@example.com,555-8698,1985-05-26,5984 First St,Las Vegas,OH,38108,72130,employed,2022-11-09,active
1658,Robert,Davis,member1658@example.com,555-1138,1999-12-03,304 Elm St,Jacksonville,FL,77194,40456,employed,2025-03-21,active
1659,James,Gonzalez,member1659@example.com,555-3183,1976-12-02,4433 Cedar Ln,Los Angeles,NC,18889,40759,employed,2024-04-05,active
1660,Frances,Johnson,member1660@example.com,555-6834,1986-01-11,7666 Maple Dr,New York,NC,46634,122623,self_employed,2020-12-16,active
1661,Michelle,Brown,member1661@example.com,555-4524,1959-12-15,4535 Jefferson Dr,San Diego,IL,17798,86211,employed,2024-01-27,active
1662,Jennifer,Jones,member1662@example.com,555-5539,1994-06-11,7728 Main St,Denver,OK,29794,73237,self_employed,2024-10-05,active
1663,Amanda,Garcia,member1663@example.com,555-7114,1952-08-25,8226 Washington St,Phoenix,PA,47960,58819,employed,2020-08-31,active
1664,Robert,Brown,member1664@example.com,555-9742,2001-06-06,945 Oak Ave,San Antonio,IN,60144,122011,employed,2023-07-15,active
1665,John,Jones,member1665@example.com,555-9948,1981-06-20,7450 Cedar Ln,Los Angeles,AZ,14606,77048,employed,2020-10-07,active
1666,Donald,White,member1666@example.com,555-3220,1951-12-05,9459 Jefferson Dr,San Antonio,MA,81264,77747,employed,2023-11-10,active
1667,Jane,Johnson,member1667@example.com,555-2569,1990-01-15,4087 Maple Dr,Austin,NY,13407,55590,employed,2025-01-24,active
1668,Michael,Lee,member1668@example.com,555-8396,1961-01-15,2725 Pine Rd,Houston,FL,80849,72931,employed,2025-02-23,active
1669,David,Lee,member1669@example.com,555-7387,1990-02-07,2435 Cedar Ln,Houston,NY,43277,36689,employed,2022-05-12,active
1670,Lisa,Thomas,member1670@example.com,555-2817,1996-09-23,2839 Pine Rd,Indianapolis,NY,69609,79153,employed,2022-01-10,active
1671,Stephanie,Martinez,member1671@example.com,555-3158,1962-02-12,6007 Maple Dr,Chicago,DC,12018,44741,employed,2021-05-25,active
1672,Emily,Jones,member1672@example.com,555-1278,1997-12-21,4549 Washington St,Las Vegas,TN,72188,59258,employed,2025-07-17,active
1673,Donald,Lee,member1673@example.com,555-6785,1973-12-21,1646 First St,Phoenix,OK,63605,76823,employed,2021-01-11,active
1674,Jane,Perez,member1674@example.com,555-3194,1969-11-22,5751 Jefferson Dr,Denver,CO,24673,79833,employed,2022-09-24,active
1675,Matthew,Robinson,member1675@example.com,555-9798,1997-10-20,1589 Cedar Ln,Columbus,DC,47425,38840,employed,2024-09-11,active
1676,Maria,Wilson,member1676@example.com,555-9416,2006-02-23,7002 Maple Dr,San Antonio,TN,59724,83553,employed,2020-12-01,active
1677,Thomas,Smith,member1677@example.com,555-9375,1966-05-04,7281 Pine Rd,Denver,TX,84958,78822,employed,2020-10-08,active
1678,Deborah,Martinez,member1678@example.com,555-1714,1950-02-26,6713 Park Ave,Fort Worth,AZ,35871,88587,employed,2024-12-28,active
1679,Deborah,Rodriguez,member1679@example.com,555-8357,1949-02-22,8360 Cedar Ln,Houston,OH,85246,57705,employed,2023-07-19,active
1680,John,Garcia,member1680@example.com,555-2080,1960-07-29,3365 Monroe Dr,Nashville,AZ,11906,46143,employed,2022-08-08,active
1681,John,Johnson,member1681@example.com,555-1337,1947-04-09,9087 Madison St,San Diego,IN,62862,26820,unemployed,2023-02-17,active
1682,Janet,Jackson,member1682@example.com,555-2474,1956-07-10,4230 Elm St,Fort Worth,NY,13033,20158,employed,2023-11-03,inactive
1683,Jennifer,Clark,member1683@example.com,555-4851,1958-02-05,8201 Park Ave,Charlotte,TN,90973,127598,employed,2020-11-02,active
1684,Emily,Ramirez,member1684@example.com,555-9972,1983-10-16,7964 Second St,Fort Worth,OH,15325,81037,employed,2020-11-14,active
1685,Charles,Davis,member1685@example.com,555-8119,1956-04-16,1685 First St,Charlotte,IL,22598,89316,employed,2023-07-10,active
1686,Elizabeth,Thompson,member1686@example.com,555-5245,1975-03-22,8312 Maple Dr,Denver,IN,29671,59796,employed,2020-09-09,active
1687,Ashley,Hernandez,member1687@example.com,555-4918,1970-07-22,6864 Adams Ave,New York,TN,52159,40394,employed,2022-09-10,active
1688,Michelle,Ramirez,member1688@example.com,555-7626,1984-05-22,7335 Maple Dr,Oklahoma City,CA,22516,78204,employed,2020-11-30,active
1689,Joshua,Robinson,member1689@example.com,555-2500,2007-06-05,8406 Maple Dr,Phoenix,OH,77284,40525,employed,2023-02-03,active
1690,Helen,Jones,member1690@example.com,555-1551,1993-04-07,5779 Pine Rd,Indianapolis,NC,52567,70036,employed,2021-05-08,active
1691,Richard,Wilson,member1691@example.com,555-6104,1959-12-22,3741 Jefferson Dr,Charlotte,NY,11103,81747,employed,2022-03-29,active
1692,Maria,Thompson,member1692@example.com,555-6439,1955-04-04,9094 Elm St,Nashville,MA,19102,88350,self_employed,2024-02-10,active
1693,Jane,Martinez,member1693@example.com,555-7513,1955-11-27,619 Oak Ave,Charlotte,PA,38713,80727,employed,2020-11-24,active
1694,Maria,Davis,member1694@example.com,555-9558,1958-07-01,7608 Pine Rd,New York,IL,33039,41762,employed,2021-09-17,inactive
1695,Emily,Jones,member1695@example.com,555-1481,2004-05-22,4433 Jefferson Dr,New York,OK,66280,33999,employed,2023-01-11,active
1696,Michael,Lewis,member1696@example.com,555-6004,2004-05-30,3011 Maple Dr,Charlotte,MA,38673,48472,employed,2025-05-14,active
1697,Emily,Hernandez,member1697@example.com,555-4876,1946-04-03,6095 Monroe Dr,Las Vegas,FL,50517,40824,employed,2023-05-07,active
1698,Donald,Williams,member1698@example.com,555-9047,1982-05-29,8861 Cedar Ln,Philadelphia,WA,23311,51459,employed,2024-10-15,active
1699,John,Taylor,member1699@example.com,555-7422,1983-03-03,6447 Jefferson Dr,Oklahoma City,DC,30007,121005,employed,2025-05-21,active
1700,Donald,Ramirez,member1700@example.com,555-9942,1985-04-17,8466 Second St,Washington,IN,72037,209481,self_employed,2023-03-17,active
1701,Ashley,Lopez,member1701@example.com,555-1246,1948-11-30,6863 Elm St,San Francisco,IN,75614,88945,employed,2023-10-05,active
1702,Matthew,Ramirez,member1702@example.com,555-5454,1964-06-07,5139 Oak Ave,San Jose,MA,59598,44770,employed,2023-08-29,active
1703,Deborah,Clark,member1703@example.com,555-5141,1999-11-18,5937 Cedar Ln,Jacksonville,NC,85344,22846,employed,2024-12-29,active
1704,Emily,Harris,member1704@example.com,555-3027,1954-09-16,8178 Park Ave,Seattle,IL,79624,204057,self_employed,2021-05-30,active
1705,Charles,Hernandez,member1705@example.com,555-5710,1990-07-15,8336 Cedar Ln,Las Vegas,IL,79236,34058,employed,2023-06-27,active
1706,Helen,Gonzalez,member1706@example.com,555-5254,1947-04-13,5790 Elm St,Houston,CA,33821,132591,employed,2021-02-05,active
1707,Michelle,Williams,member1707@example.com,555-4055,1967-10-24,580 Elm St,Oklahoma City,DC,16679,125190,employed,2022-05-01,active
1708,Jessica,Thomas,member1708@example.com,555-3331,1954-08-27,8377 Madison St,Los Angeles,CA,36559,208889,employed,2021-07-03,active
1709,Maria,Clark,member1709@example.com,555-1810,1952-10-31,1565 Second St,Los Angeles,NY,37506,73441,employed,2022-04-04,active
1710,Carolyn,White,member1710@example.com,555-2620,1998-07-18,7745 Adams Ave,Los Angeles,TX,92620,43826,employed,2024-11-01,active
1711,Frances,Harris,member1711@example.com,555-1834,1991-02-26,4333 Elm St,Denver,IN,93379,126625,employed,2023-03-16,active
1712,Lisa,Williams,member1712@example.com,555-4375,1984-11-22,5682 First St,Austin,NV,31711,51949,self_employed,2024-07-19,active
1713,Steven,Taylor,member1713@example.com,555-1056,1987-12-15,2354 Jackson St,Washington,CA,39713,45454,employed,2023-03-19,active
1714,Andrew,Brown,member1714@example.com,555-8700,1959-07-06,2226 Park Ave,Nashville,DC,42940,53983,employed,2023-04-15,active
1715,Charles,Johnson,member1715@example.com,555-8330,1983-04-02,9269 Elm St,New York,PA,47590,26486,employed,2023-08-28,active
1716,Anthony,Anderson,member1716@example.com,555-9200,1948-06-18,341 Cedar Ln,Boston,NC,97704,87990,employed,2025-06-15,active
1717,Helen,Garcia,member1717@example.com,555-3658,1956-07-17,6501 Oak Ave,Fort Worth,DC,82284,74422,employed,2022-07-25,active
1718,Steven,Perez,member1718@example.com,555-6841,1951-08-03,7258 Elm St,San Diego,CO,28617,55471,employed,2021-02-02,active
1719,Jennifer,Gonzalez,member1719@example.com,555-2191,1946-01-13,7969 Main St,San Antonio,FL,57707,83322,self_employed,2020-11-06,inactive
1720,William,Martinez,member1720@example.com,555-4471,1955-09-25,8917 First St,Denver,AZ,47821,212127,employed,2023-08-17,active
1721,Stephanie,Robinson,member1721@example.com,555-2755,1983-10-11,9941 Pine Rd,New York,WA,39967,77221,employed,2020-11-06,active
1722,Elizabeth,Harris,member1722@example.com,555-7359,1971-09-23,6723 First St,San Diego,WA,40496,42335,employed,2022-04-29,active
1723,Lisa,Lewis,member1723@example.com,555-5524,1990-05-18,6991 Second St,Phoenix,OK,76265,30677,employed,2025-03-09,active
1724,Jessica,Moore,member1724@example.com,555-6520,1974-06-07,1921 Maple Dr,Seattle,IL,68856,74006,employed,2023-05-09,active
1725,Kenneth,Thomas,member1725@example.com,555-9301,1954-06-22,5692 Jefferson Dr,Dallas,AZ,59332,27674,unemployed,2025-05-18,active
1726,Charles,White,member1726@example.com,555-7280,1947-05-02,2615 Washington St,San Jose,MA,58471,39613,employed,2024-11-30,active
1727,Anthony,Williams,member1727@example.com,555-8234,1954-10-08,547 Jackson St,San Antonio,CA,75541,85353,employed,2023-03-10,active
1728,Paul,Moore,member1728@example.com,555-4766,1988-10-21,1102 Park Ave,Houston,OK,51687,48636,employed,2022-04-23,inactive
1729,Daniel,Clark,member1729@example.com,555-2194,1972-09-15,8345 Lincoln Ave,Oklahoma City,TN,98043,76085,self_employed,2021-08-08,active
1730,Helen,Perez,member1730@example.com,555-9652,1981-10-11,2516 Jackson St,Philadelphia,NV,49355,45660,employed,2020-11-04,active
1731,Mark,Perez,member1731@example.com,555-4389,1958-07-17,7935 Pine Rd,Oklahoma City,FL,54336,44459,employed,2021-10-03,active
1732,James,Lopez,member1732@example.com,555-3054,1965-03-09,8767 Adams Ave,Las Vegas,NV,72283,208136,employed,2023-12-29,active
1733,Janet,Robinson,member1733@example.com,555-9574,1980-12-06,9788 First St,Philadelphia,CA,53857,115989,employed,2024-12-17,active
1734,Jane,Perez,member1734@example.com,555-9598,1999-10-29,2472 Monroe Dr,San Antonio,MA,20984,40197,employed,2022-06-04,active
1735,Matthew,Miller,member1735@example.com,555-6270,1982-07-22,7476 Oak Ave,Las Vegas,OK,75561,48433,employed,2023-12-05,active
1736,William,Wilson,member1736@example.com,555-2261,1998-04-10,552 First St,San Francisco,NC,29288,51108,employed,2025-04-29,active
1737,James,Anderson,member1737@example.com,555-4379,1961-10-23,1077 Cedar Ln,Philadelphia,AZ,73195,53187,employed,2021-03-02,active
1738,Carolyn,Wilson,member1738@example.com,555-2977,1989-10-05,1846 Adams Ave,Philadelphia,CA,48604,35230,employed,2021-06-21,active
1739,Maria,Gonzalez,member1739@example.com,555-4812,1948-07-18,6240 Cedar Ln,Houston,MA,85836,73736,employed,2020-08-19,active
1740,Amanda,White,member1740@example.com,555-7770,1996-08-27,9104 Main St,Houston,NC,34167,120871,employed,2024-05-23,active
1741,Joshua,Smith,member1741@example.com,555-2170,1986-01-23,7711 Main St,San Antonio,IL,62436,42537,employed,2021-09-04,active
1742,Michael,Martinez,member1742@example.com,555-4248,1964-05-11,3126 Adams Ave,Charlotte,PA,43266,81220,employed,2022-02-26,active
1743,Steven,Garcia,member1743@example.com,555-5565,1985-06-08,7198 First St,Seattle,NY,80769,43707,self_employed,2021-11-01,inactive
1744,Matthew,Rodriguez,member1744@example.com,555-1997,1959-08-29,5831 Lincoln Ave,Houston,OH,89260,33031,employed,2021-11-06,active
1745,Emily,Garcia,member1745@example.com,555-2931,1980-05-31,3740 Jefferson Dr,Boston,CA,49120,86163,employed,2024-12-01,active
1746,Donald,Anderson,member1746@example.com,555-7473,2003-08-02,5525 Cedar Ln,Charlotte,PA,82478,44110,employed,2024-03-14,active
1747,Frances,White,member1747@example.com,555-7121,1947-09-27,7516 Main St,San Francisco,MA,49498,214271,employed,2025-03-01,active
1748,Jane,Garcia,member1748@example.com,555-1730,1994-08-04,267 Elm St,Denver,PA,87990,81907,employed,2020-11-06,active
1749,Stephanie,Lewis,member1749@example.com,555-4902,2001-03-27,633 Second St,Dallas,CA,86648,82170,employed,2021-11-07,active
1750,Amanda,Smith,member1750@example.com,555-3748,1967-08-04,5957 Pine Rd,Los Angeles,AZ,59052,46305,employed,2024-03-30,active
1751,Charles,Hernandez,member1751@example.com,555-5647,1975-02-12,647 First St,Fort Worth,NV,82664,41945,employed,2025-02-13,active
1752,Jessica,Miller,member1752@example.com,555-3657,1972-01-24,4135 Madison St,Philadelphia,MA,27335,76820,employed,2020-08-17,active
1753,Joshua,Lee,member1753@example.com,555-4776,1956-08-16,2169 Second St,Dallas,IL,31193,38491,employed,2025-07-09,active
1754,Helen,Hernandez,member1754@example.com,555-3193,1950-09-14,2031 Maple Dr,San Diego,OK,62623,50922,employed,2021-09-12,active
1755,William,Williams,member1755@example.com,555-1243,1980-01-31,3086 Second St,Boston,IL,84233,59267,employed,2021-09-23,active
1756,Amanda,Gonzalez,member1756@example.com,555-8312,1952-06-16,3853 Elm St,Indianapolis,CO,40424,43204,employed,2024-08-21,active
1757,Jennifer,Perez,member1757@example.com,555-9334,2002-02-13,6631 Second St,Fort Worth,TX,28594,123980,employed,2024-07-09,active
1758,Charles,Smith,member1758@example.com,555-1073,1996-11-15,9817 Cedar Ln,Nashville,NC,51340,73947,employed,2025-06-29,active
1759,David,Lopez,member1759@example.com,555-4772,1975-05-31,5910 Main St,Austin,TX,45508,25446,unemployed,2021-10-06,active
1760,Stephanie,Davis,member1760@example.com,555-1808,1992-01-22,7335 Monroe Dr,Denver,TN,93586,39067,employed,2021-05-16,active
1761,Thomas,Ramirez,member1761@example.com,555-3151,1959-05-25,1630 First St,Oklahoma City,NC,92350,74156,employed,2025-01-23,active
1762,Catherine,Garcia,member1762@example.com,555-1121,1972-10-11,8992 Monroe Dr,Indianapolis,CA,66547,87684,employed,2023-05-09,active
1763,Jessica,Harris,member1763@example.com,555-3787,1998-06-22,9759 Adams Ave,Jacksonville,TX,56919,121497,self_employed,2025-06-25,active
1764,Joshua,Perez,member1764@example.com,555-5748,1984-07-06,4604 Oak Ave,San Francisco,WA,93432,31150,employed,2023-05-31,active
1765,Joshua,Garcia,member1765@example.com,555-6253,1984-11-12,7928 Maple Dr,Fort Worth,PA,12357,57278,employed,2024-09-25,active
1766,William,Lopez,member1766@example.com,555-5999,1965-01-30,5324 Jefferson Dr,Chicago,DC,32121,44106,employed,2023-09-14,active
1767,Robert,Moore,member1767@example.com,555-4004,1977-04-12,6747 Cedar Ln,San Jose,TN,32557,51480,employed,2023-09-08,active
1768,John,Williams,member1768@example.com,555-3777,1960-03-21,4125 Second St,Chicago,IN,84675,78255,self_employed,2023-10-21,active
1769,Donald,Gonzalez,member1769@example.com,555-3789,1985-06-01,751 Maple Dr,Columbus,DC,10032,20440,unemployed,2022-01-22,active
1770,Elizabeth,Wilson,member1770@example.com,555-4181,1962-03-31,1193 Monroe Dr,San Jose,CA,12459,116724,self_employed,2024-08-10,active
1771,Jessica,Lopez,member1771@example.com,555-4289,1993-12-21,3010 Maple Dr,Philadelphia,IN,70775,22765,unemployed,2021-02-10,active
1772,Michael,Wilson,member1772@example.com,555-1348,1993-02-01,2452 Jackson St,Indianapolis,CA,51991,82527,self_employed,2022-10-31,active
1773,Sarah,Thomas,member1773@example.com,555-8142,1957-04-14,6504 Washington St,San Antonio,NV,56397,33696,employed,2020-08-24,active
1774,Michelle,Wilson,member1774@example.com,555-2476,1985-07-14,7073 Maple Dr,San Diego,TX,36946,55172,employed,2025-06-14,active
1775,Frances,Rodriguez,member1775@example.com,555-5638,1953-12-30,7231 Washington St,Phoenix,FL,22994,73757,employed,2022-10-08,active
1776,Richard,Anderson,member1776@example.com,555-3927,1987-04-05,7798 Madison St,San Francisco,CO,72470,124427,employed,2022-12-11,active
1777,Ashley,Sanchez,member1777@example.com,555-5112,1999-11-12,4889 Cedar Ln,Washington,CA,46365,83827,self_employed,2025-07-10,active
1778,Robert,Taylor,member1778@example.com,555-8231,1947-05-31,1517 Monroe Dr,Washington,FL,32601,30741,self_employed,2022-04-08,active
1779,Charles,Anderson,member1779@example.com,555-6040,1969-07-23,4479 Pine Rd,Indianapolis,PA,38707,25527,employed,2022-02-04,active
1780,Mark,Jackson,member1780@example.com,555-5186,1985-11-20,9443 Main St,Philadelphia,CO,48459,76434,employed,2024-12-02,active
1781,James,Wilson,member1781@example.com,555-1679,1970-11-02,7761 Cedar Ln,San Antonio,NV,66868,82402,employed,2024-09-14,active
1782,John,Martin,member1782@example.com,555-6552,1966-01-06,8306 Lincoln Ave,Boston,WA,73138,20396,self_employed,2024-09-30,active
1783,Jessica,Hernandez,member1783@example.com,555-1262,1948-07-22,9628 First St,Indianapolis,IL,44321,52806,employed,2024-05-10,active
1784,Daniel,Davis,member1784@example.com,555-8464,1990-12-18,8661 Second St,Dallas,FL,69904,53453,employed,2020-11-15,active
1785,Anthony,Lewis,member1785@example.com,555-7809,1968-08-22,6884 Jackson St,Phoenix,DC,40649,57767,employed,2022-11-08,active
1786,Stephanie,Lewis,member1786@example.com,555-2427,1992-03-29,6207 Oak Ave,Los Angeles,AZ,69350,117200,employed,2023-04-03,active
1787,Janet,Martinez,member1787@example.com,555-6480,1949-04-26,7545 Madison St,New York,IN,40957,43604,employed,2022-08-17,active
1788,Michael,Davis,member1788@example.com,555-5062,1985-06-28,4474 Adams Ave,Denver,NV,42197,116090,employed,2021-10-09,active
1789,Jane,Clark,member1789@example.com,555-7628,1987-11-23,2070 Maple Dr,Philadelphia,PA,65132,54418,employed,2022-11-21,active
1790,Emily,Martin,member1790@example.com,555-1264,1991-07-25,7507 Adams Ave,Austin,FL,75848,58829,employed,2024-11-06,active
1791,Ashley,Jackson,member1791@example.com,555-7794,1963-12-22,5091 Cedar Ln,Oklahoma City,NV,90991,71529,employed,2025-06-16,active
1792,Matthew,Sanchez,member1792@example.com,555-6286,1947-08-09,5059 Maple Dr,Phoenix,TX,69691,83100,employed,2020-12-01,active
1793,David,Moore,member1793@example.com,555-7577,2006-11-23,7354 Main St,Columbus,DC,36992,128847,employed,2021-08-20,active
1794,Kenneth,Robinson,member1794@example.com,555-1242,1988-03-19,3240 Cedar Ln,San Francisco,IL,98198,83179,employed,2023-10-07,active
1795,Jennifer,Wilson,member1795@example.com,555-6289,1963-12-13,3923 Jackson St,Chicago,TN,10796,131073,employed,2023-08-01,active
1796,Catherine,Martinez,member1796@example.com,555-3584,1948-05-07,3479 First St,Chicago,OH,52838,123598,employed,2022-04-14,active
1797,Anthony,Harris,member1797@example.com,555-7857,1985-12-23,538 Madison St,Washington,PA,18324,70631,employed,2024-01-18,active
1798,Thomas,Martin,member1798@example.com,555-9691,1960-03-17,4549 First St,Seattle,NV,46429,76221,employed,2024-04-12,active
1799,David,Anderson,member1799@example.com,555-9827,1955-08-28,6887 Monroe Dr,San Francisco,NY,60641,119807,employed,2024-02-22,active
1800,Nicole,Lewis,member1800@example.com,555-9645,1997-08-31,948 Elm St,Fort Worth,NC,86142,77267,employed,2024-08-22,active
1801,John,Miller,member1801@example.com,555-8352,1949-10-19,1974 Monroe Dr,Los Angeles,AZ,64036,131744,employed,2024-02-15,active
1802,Andrew,Lee,member1802@example.com,555-9837,1948-06-17,8580 Pine Rd,Charlotte,PA,62705,41570,employed,2021-06-06,active
1803,Daniel,Clark,member1803@example.com,555-5901,1992-11-17,5445 Main St,Nashville,NY,69984,83586,employed,2021-05-31,active
1804,Amanda,Lee,member1804@example.com,555-8650,2002-04-12,4615 Pine Rd,Chicago,MA,80757,81104,self_employed,2020-08-07,active
1805,Mark,Ramirez,member1805@example.com,555-2805,1961-01-09,7837 Madison St,Fort Worth,AZ,12038,73680,employed,2023-09-18,active
1806,Lisa,Anderson,member1806@example.com,555-1930,2002-08-30,2970 Adams Ave,San Antonio,NC,46780,20548,employed,2022-02-05,active
1807,Amanda,Lee,member1807@example.com,555-5146,1975-08-09,8651 Monroe Dr,New York,IL,33415,127500,employed,2020-08-25,active
1808,Elizabeth,Miller,member1808@example.com,555-7681,1999-03-03,404 Pine Rd,Phoenix,OH,70100,44672,employed,2022-08-18,active
1809,Helen,Clark,member1809@example.com,555-1963,1968-01-23,6272 Jackson St,New York,AZ,48488,48724,employed,2021-12-12,active
1810,Anthony,Davis,member1810@example.com,555-7961,1968-08-04,8312 Pine Rd,Oklahoma City,TN,58131,30103,employed,2024-12-15,active
1811,Michelle,Clark,member1811@example.com,555-9356,1994-09-11,2506 Elm St,Jacksonville,TN,75327,77964,self_employed,2021-12-25,active
1812,Richard,Jones,member1812@example.com,555-4781,1984-01-11,729 Madison St,Fort Worth,TN,89209,53109,employed,2024-12-08,active
1813,James,Lopez,member1813@example.com,555-6085,1996-07-02,8039 Cedar Ln,Phoenix,CA,43629,79296,employed,2021-08-18,active
1814,Kenneth,Martin,member1814@example.com,555-3110,1946-08-20,6388 Adams Ave,Fort Worth,IL,69468,45432,self_employed,2023-10-12,active
1815,Catherine,Robinson,member1815@example.com,555-3528,1998-05-23,9982 First St,San Antonio,WA,82462,51296,employed,2024-09-15,active
1816,Carolyn,Anderson,member1816@example.com,555-4068,1979-01-11,7207 Main St,San Jose,TX,42382,213218,employed,2022-01-06,active
1817,Jessica,Brown,member1817@example.com,555-6363,1963-08-06,9981 Park Ave,Washington,IL,30284,28240,self_employed,2021-04-18,active
1818,Sarah,Lee,member1818@example.com,555-8641,1981-06-05,2505 Pine Rd,San Jose,OH,14424,22179,employed,2025-06-21,active
1819,Lisa,Smith,member1819@example.com,555-4344,1991-12-26,9519 Monroe Dr,Austin,AZ,93305,117317,employed,2025-04-26,active
1820,Deborah,Lee,member1820@example.com,555-6361,2005-11-14,6387 Washington St,Philadelphia,AZ,48908,39380,employed,2020-08-26,active
1821,Amanda,Davis,member1821@example.com,555-6518,1966-06-19,607 Monroe Dr,Columbus,MA,89774,199958,employed,2025-01-28,active
1822,Helen,Jones,member1822@example.com,555-9932,1948-09-07,6162 Madison St,Seattle,AZ,10565,133307,self_employed,2021-01-24,active
1823,Donald,Wilson,member1823@example.com,555-2646,1992-11-05,7155 Lincoln Ave,Indianapolis,AZ,95411,40091,employed,2024-09-11,active
1824,Stephanie,Thomas,member1824@example.com,555-5220,1956-06-14,2776 Lincoln Ave,San Diego,IL,96068,70220,employed,2021-09-04,active
1825,Sarah,Thomas,member1825@example.com,555-9031,1990-02-15,3318 Cedar Ln,Chicago,OK,55824,83261,employed,2020-12-08,active
1826,Amanda,Johnson,member1826@example.com,555-3402,1975-07-24,9665 Pine Rd,Denver,FL,77585,38861,employed,2023-04-21,active
1827,Amanda,Sanchez,member1827@example.com,555-5815,1973-06-30,4606 Jackson St,San Jose,NY,45511,46221,employed,2023-05-10,active
1828,James,Harris,member1828@example.com,555-4694,1973-12-01,1176 Main St,Oklahoma City,OK,64203,57515,employed,2022-05-23,active
1829,Michael,Robinson,member1829@example.com,555-6853,1953-09-12,8018 First St,Nashville,PA,80544,72336,employed,2023-11-30,active
1830,Thomas,Johnson,member1830@example.com,555-2202,1995-09-24,5900 Main St,Jacksonville,CO,81382,52567,employed,2024-09-30,active
1831,Steven,Rodriguez,member1831@example.com,555-5444,2001-03-09,6529 Jefferson Dr,San Diego,TX,62215,73127,employed,2020-11-07,active
1832,John,Jackson,member1832@example.com,555-5027,1946-10-08,5203 Lincoln Ave,San Jose,TX,80723,115088,employed,2022-02-19,inactive
1833,Joshua,Jones,member1833@example.com,555-3919,1952-12-11,8941 Main St,Nashville,FL,87144,203147,employed,2022-09-25,active
1834,Elizabeth,Robinson,member1834@example.com,555-9912,1995-05-27,6642 Second St,Boston,NY,96516,41307,employed,2023-01-30,active
1835,Kevin,Thompson,member1835@example.com,555-6536,1953-10-05,6360 Washington St,Oklahoma City,MA,88684,32836,employed,2021-09-30,active
1836,James,Miller,member1836@example.com,555-1909,1962-09-03,7774 Washington St,Dallas,NY,75947,81224,employed,2023-06-07,active
1837,Andrew,White,member1837@example.com,555-8912,1949-06-16,9874 Cedar Ln,Los Angeles,TX,88575,84155,employed,2024-07-05,active
1838,Emily,Williams,member1838@example.com,555-4271,2006-09-17,2479 Madison St,Fort Worth,TX,22615,79245,self_employed,2022-06-20,active
1839,William,Sanchez,member1839@example.com,555-7542,1967-04-05,3155 Elm St,Houston,DC,14239,88378,employed,2022-03-30,inactive
1840,Matthew,Davis,member1840@example.com,555-8706,2006-06-23,214 Monroe Dr,Indianapolis,NC,57626,75207,employed,2024-07-29,active
1841,James,Robinson,member1841@example.com,555-4222,1952-10-23,7371 Pine Rd,San Jose,DC,19624,41858,self_employed,2025-03-15,active
1842,Donald,Lewis,member1842@example.com,555-8961,1980-05-27,6787 Maple Dr,Columbus,PA,42531,47991,employed,2022-06-03,active
1843,John,Jones,member1843@example.com,555-7297,1952-04-01,8859 Washington St,New York,AZ,59017,70090,employed,2023-04-25,active
1844,Mark,Taylor,member1844@example.com,555-7574,1949-12-25,5517 Oak Ave,Fort Worth,OH,15443,115194,employed,2022-10-23,active
1845,James,White,member1845@example.com,555-9698,2003-02-25,1537 Adams Ave,Dallas,NY,91768,40274,employed,2023-08-24,active
1846,Catherine,Brown,member1846@example.com,555-3701,1950-11-27,3987 Main St,Phoenix,CO,27728,27089,unemployed,2020-09-19,active
1847,Rachel,Harris,member1847@example.com,555-7078,1996-08-20,7759 Jefferson Dr,San Diego,TX,85297,46554,employed,2024-03-24,active
1848,Joshua,Wilson,member1848@example.com,555-1704,1957-07-29,7693 Jefferson Dr,Indianapolis,IN,96715,196365,employed,2022-05-23,active
1849,Michael,Hernandez,member1849@example.com,555-5683,1995-08-06,4712 Washington St,Austin,OH,77344,59350,self_employed,2021-02-04,active
1850,Maria,Martin,member1850@example.com,555-7378,1976-11-05,5840 Park Ave,San Jose,IN,53276,38384,employed,2022-10-27,inactive
1851,Elizabeth,Jones,member1851@example.com,555-3020,1989-11-24,8210 Oak Ave,Austin,MA,59792,45500,employed,2020-08-27,active
1852,James,Martinez,member1852@example.com,555-9876,1983-08-05,599 Jackson St,New York,IN,68839,118360,employed,2025-06-06,active
1853,Richard,Lopez,member1853@example.com,555-2030,1978-06-22,8357 Jefferson Dr,New York,IL,59081,83307,employed,2021-09-14,active
1854,Emily,Wilson,member1854@example.com,555-9143,1954-01-23,5277 Adams Ave,Los Angeles,CO,79017,27549,unemployed,2023-01-21,active
1855,David,Miller,member1855@example.com,555-5018,1998-08-21,5447 Washington St,Charlotte,NC,17420,45873,employed,2024-07-26,active
1856,Matthew,Thompson,member1856@example.com,555-8660,1997-12-27,991 Lincoln Ave,Las Vegas,TN,26136,51972,employed,2023-10-19,active
1857,Joshua,Gonzalez,member1857@example.com,555-8122,1972-08-01,6729 Park Ave,Columbus,WA,60900,37193,employed,2025-07-20,active
1858,Carolyn,Rodriguez,member1858@example.com,555-8536,1981-03-01,9061 Main St,Jacksonville,TN,16445,50560,employed,2024-12-01,active
1859,Emily,Moore,member1859@example.com,555-5347,1967-07-25,197 Elm St,Denver,PA,31488,55671,employed,2020-09-24,active
1860,Jennifer,Thompson,member1860@example.com,555-8848,1964-09-20,2283 Park Ave,Denver,DC,47892,47926,employed,2022-01-15,active
1861,William,Clark,member1861@example.com,555-7468,1986-12-04,6261 Cedar Ln,Dallas,PA,67579,119370,employed,2023-03-30,active
1862,Joshua,Ramirez,member1862@example.com,555-6540,2004-02-09,2405 Oak Ave,Phoenix,OH,99916,75224,employed,2021-08-11,active
1863,Frances,Miller,member1863@example.com,555-4734,1961-05-10,8558 Second St,San Jose,AZ,37842,20004,employed,2022-04-03,active
1864,Kevin,Smith,member1864@example.com,555-8917,1975-05-16,5360 Pine Rd,Austin,NC,54839,39365,employed,2021-04-19,active
1865,Kenneth,Thompson,member1865@example.com,555-2137,1963-09-27,9129 First St,Houston,NY,10495,34501,employed,2024-08-09,active
1866,Jennifer,Garcia,member1866@example.com,555-8086,2001-09-30,2566 Maple Dr,Indianapolis,TN,71268,78056,employed,2023-03-17,active
1867,Andrew,Thompson,member1867@example.com,555-1553,1981-05-20,6683 Washington St,Las Vegas,OK,13706,128571,self_employed,2025-02-01,active
1868,Mark,Sanchez,member1868@example.com,555-1566,1975-09-13,5231 Cedar Ln,Washington,NV,49876,51845,employed,2021-05-07,active
1869,Stephanie,White,member1869@example.com,555-1878,1957-07-04,8227 Second St,New York,MA,72028,21231,unemployed,2024-12-20,active
1870,James,Lopez,member1870@example.com,555-1039,1984-03-10,2719 Main St,Los Angeles,OH,63062,84025,employed,2021-08-28,active
1871,Helen,Lewis,member1871@example.com,555-5298,1982-07-27,1262 Washington St,Denver,TN,45031,81692,employed,2022-05-10,active
1872,Ashley,Jackson,member1872@example.com,555-8936,1997-03-01,8974 Second St,Washington,IL,43775,76844,employed,2023-12-12,active
1873,Frances,Lewis,member1873@example.com,555-6160,1973-10-09,332 Washington St,Washington,FL,28733,71126,employed,2025-03-16,active
1874,James,White,member1874@example.com,555-4644,1998-08-12,4314 Madison St,Houston,AZ,23217,124718,employed,2021-06-20,active
1875,David,Perez,member1875@example.com,555-2709,1975-03-16,4823 Lincoln Ave,San Diego,NC,12134,87487,employed,2020-08-11,active
1876,William,Jones,member1876@example.com,555-4163,1998-09-17,8800 Washington St,Indianapolis,IN,32626,54759,employed,2025-03-23,active
1877,Rachel,White,member1877@example.com,555-9257,1989-10-01,1152 Maple Dr,Phoenix,FL,69015,81174,employed,2023-07-15,active
1878,Joshua,Ramirez,member1878@example.com,555-5753,1951-09-08,6455 Oak Ave,Fort Worth,IL,36205,71894,employed,2024-07-02,active
1879,Rachel,White,member1879@example.com,555-9789,1969-12-14,6512 Main St,Nashville,WA,77543,82126,employed,2022-12-28,active
1880,Mark,Miller,member1880@example.com,555-9873,1967-04-20,160 Jackson St,Phoenix,FL,61769,88591,employed,2025-02-04,active
1881,Jennifer,Wilson,member1881@example.com,555-2370,1980-02-09,6666 Maple Dr,New York,TX,64879,116944,employed,2022-05-25,active
1882,Donald,Rodriguez,member1882@example.com,555-6415,1990-06-06,8664 Madison St,Austin,WA,56985,54733,employed,2025-07-27,active
1883,Deborah,Rodriguez,member1883@example.com,555-1093,1946-04-03,956 Madison St,San Francisco,TN,54247,25640,employed,2023-07-06,active
1884,Daniel,Perez,member1884@example.com,555-1941,1977-09-14,1268 Adams Ave,Fort Worth,CO,43469,57398,self_employed,2022-05-30,active
1885,Thomas,Williams,member1885@example.com,555-9393,1998-06-16,7838 Washington St,New York,AZ,36439,48411,self_employed,2021-09-19,active
1886,Charles,Clark,member1886@example.com,555-6214,1987-10-20,786 Pine Rd,Charlotte,NY,42132,128952,employed,2022-11-17,active
1887,Michelle,Jones,member1887@example.com,555-4476,1991-08-20,6837 Oak Ave,Philadelphia,CA,53618,124774,employed,2024-09-08,active
1888,Kevin,Harris,member1888@example.com,555-5554,1951-11-05,3583 Second St,Nashville,NY,86530,87520,employed,2024-11-27,active
1889,Carolyn,Ramirez,member1889@example.com,555-8978,1957-09-29,4568 Lincoln Ave,Phoenix,NC,24354,39903,employed,2021-10-06,active
1890,Matthew,Robinson,member1890@example.com,555-1692,1987-04-09,3452 Jefferson Dr,Fort Worth,OK,49210,87256,employed,2023-06-12,inactive
1891,Charles,Jackson,member1891@example.com,555-5115,2006-05-12,408 Lincoln Ave,Denver,CA,28396,30546,employed,2024-04-11,inactive
1892,Michael,Sanchez,member1892@example.com,555-4821,1953-09-18,5896 Maple Dr,Austin,NV,46748,28223,employed,2024-01-05,active
1893,Jennifer,Johnson,member1893@example.com,555-4725,1954-04-14,9332 Jackson St,Nashville,TN,71756,26265,self_employed,2022-03-11,active
1894,Lisa,Perez,member1894@example.com,555-6058,1951-08-16,8512 Adams Ave,Las Vegas,NC,78508,59977,employed,2024-08-19,active
1895,James,Clark,member1895@example.com,555-6242,2003-03-07,8619 Madison St,Oklahoma City,NV,46235,37104,employed,2021-03-08,active
1896,Deborah,Smith,member1896@example.com,555-6907,1994-11-10,6272 Second St,Philadelphia,TN,65048,47201,employed,2025-04-16,active
1897,Steven,Miller,member1897@example.com,555-1040,1980-02-01,6700 Cedar Ln,Denver,FL,96140,121874,employed,2024-03-10,active
1898,Janet,Robinson,member1898@example.com,555-2479,1987-09-10,8961 Maple Dr,San Jose,AZ,60001,23023,self_employed,2025-03-16,active
1899,Maria,Jackson,member1899@example.com,555-1383,1983-05-10,2602 First St,Phoenix,TN,28928,50237,employed,2021-10-27,active
1900,Jane,Jones,member1900@example.com,555-3805,1966-02-04,7825 Oak Ave,Los Angeles,MA,51465,36468,self_employed,2025-03-17,active
1901,Steven,Johnson,member1901@example.com,555-5596,1987-06-13,7417 Lincoln Ave,Oklahoma City,NC,19253,87765,employed,2024-02-08,active
1902,Catherine,Taylor,member1902@example.com,555-2268,1994-07-02,8960 Oak Ave,Charlotte,FL,70656,50287,employed,2023-06-22,active
1903,Sarah,Moore,member1903@example.com,555-5956,1978-10-18,8454 Madison St,Philadelphia,DC,82080,80499,employed,2021-10-07,active
1904,Janet,Smith,member1904@example.com,555-3548,1947-02-26,7947 Madison St,Chicago,AZ,41168,84525,employed,2023-12-01,active
1905,Kevin,Smith,member1905@example.com,555-6467,1953-07-21,9065 Elm St,Phoenix,NV,94354,23752,self_employed,2022-10-04,active
1906,James,Clark,member1906@example.com,555-1435,2003-11-07,8102 Main St,Fort Worth,DC,88117,73220,employed,2020-10-17,active
1907,Paul,Harris,member1907@example.com,555-3404,1998-07-11,9190 Maple Dr,Fort Worth,OH,39347,39206,employed,2022-02-16,active
1908,Kevin,Lewis,member1908@example.com,555-8440,1949-10-14,4074 Lincoln Ave,Los Angeles,MA,74334,84308,employed,2022-06-05,active
1909,Charles,Miller,member1909@example.com,555-6543,1977-06-05,7408 Main St,Indianapolis,TN,40949,86992,employed,2024-09-25,active
1910,Nicole,Hernandez,member1910@example.com,555-1699,2006-10-07,5314 Jackson St,Nashville,CA,56855,47144,employed,2021-04-20,active
1911,Charles,Taylor,member1911@example.com,555-5486,1970-10-10,4415 Oak Ave,San Jose,CO,76728,89775,employed,2023-08-08,active
1912,Paul,Johnson,member1912@example.com,555-2677,1959-04-24,3816 Lincoln Ave,Los Angeles,FL,62506,205202,employed,2023-08-05,inactive
1913,Joshua,Martin,member1913@example.com,555-2223,1948-12-31,9648 Jackson St,Charlotte,TN,80480,32895,employed,2020-11-20,active
1914,Michelle,Lopez,member1914@example.com,555-7985,1991-08-10,4882 Second St,Columbus,OK,85301,29914,self_employed,2025-02-17,active
1915,Deborah,White,member1915@example.com,555-8000,1972-05-22,454 Pine Rd,Columbus,FL,27657,122598,employed,2024-01-10,active
1916,Ashley,Ramirez,member1916@example.com,555-2950,1977-06-29,9640 Monroe Dr,Jacksonville,TN,30993,56338,employed,2023-12-17,active
1917,Andrew,Gonzalez,member1917@example.com,555-4414,1949-01-09,2339 Pine Rd,Austin,CO,96755,84391,employed,2022-04-18,active
1918,Stephanie,Williams,member1918@example.com,555-7158,1979-02-02,1230 Jefferson Dr,Boston,NC,80456,202430,employed,2021-12-22,active
1919,Ashley,Martinez,member1919@example.com,555-5778,1980-02-12,7815 Second St,Fort Worth,PA,26034,70785,self_employed,2022-07-11,active
1920,Emily,Robinson,member1920@example.com,555-8979,1969-08-29,1982 Adams Ave,Chicago,TN,10385,87851,employed,2022-06-23,active
1921,Robert,Gonzalez,member1921@example.com,555-2176,2003-07-21,4796 Elm St,San Diego,IN,45842,45425,employed,2024-05-01,active
1922,Thomas,Clark,member1922@example.com,555-4332,1989-04-26,7468 Washington St,New York,AZ,87527,71919,employed,2025-02-17,active
1923,Jessica,Miller,member1923@example.com,555-1469,1959-03-28,7059 Jefferson Dr,Las Vegas,NY,85384,33273,employed,2024-08-28,active
1924,Richard,Wilson,member1924@example.com,555-7178,1986-03-24,7631 Elm St,Washington,DC,64458,46133,employed,2022-11-28,active
1925,Helen,Robinson,member1925@example.com,555-4940,1970-07-27,2949 Oak Ave,Phoenix,AZ,27516,24572,self_employed,2024-05-26,active
1926,David,Lewis,member1926@example.com,555-4420,1984-11-28,7036 First St,Columbus,OK,56934,59280,employed,2024-01-19,active
1927,Matthew,Jones,member1927@example.com,555-5987,1970-05-29,6712 Elm St,Dallas,IN,13526,34822,employed,2024-01-18,active
1928,Stephanie,Ramirez,member1928@example.com,555-7479,1977-12-24,7215 Washington St,Phoenix,DC,16887,51483,employed,2021-03-16,active
1929,David,Jackson,member1929@example.com,555-6844,2003-04-24,6348 Lincoln Ave,Jacksonville,PA,93802,44202,employed,2021-08-12,active
1930,Stephanie,Martin,member1930@example.com,555-1736,1948-01-01,3644 Lincoln Ave,New York,PA,53846,48608,employed,2022-07-07,active
1931,Michelle,Harris,member1931@example.com,555-5727,2006-12-11,4291 Madison St,Indianapolis,AZ,33667,76825,employed,2023-07-31,active
1932,Jessica,Davis,member1932@example.com,555-2083,1968-04-23,6017 Second St,Fort Worth,IL,58993,40026,employed,2024-06-09,active
1933,Emily,Brown,member1933@example.com,555-5271,1998-06-04,7603 Jackson St,Denver,WA,38004,76487,employed,2020-12-11,active
1934,Matthew,Martinez,member1934@example.com,555-4995,1985-03-09,8219 Adams Ave,Columbus,TX,77349,79486,employed,2021-09-04,active
1935,Sarah,Brown,member1935@example.com,555-9780,1988-09-27,4084 Pine Rd,San Jose,FL,86322,82254,employed,2021-01-22,active
1936,Paul,Moore,member1936@example.com,555-7759,1960-12-18,1802 Main St,Indianapolis,IL,81931,123197,employed,2023-02-23,active
1937,Matthew,Wilson,member1937@example.com,555-5934,1957-03-14,5517 Jackson St,Los Angeles,MA,94189,83283,employed,2023-08-30,active
1938,Richard,Davis,member1938@example.com,555-2181,1979-01-15,4413 Cedar Ln,Oklahoma City,FL,11603,34018,employed,2022-11-08,active
1939,Andrew,Wilson,member1939@example.com,555-6492,2003-09-08,5590 Main St,Nashville,WA,28101,41777,employed,2021-07-13,active
1940,Jane,Gonzalez,member1940@example.com,555-7698,1988-09-26,700 Elm St,Austin,IL,43566,29478,unemployed,2022-05-19,active
1941,Helen,Wilson,member1941@example.com,555-5093,1964-02-07,8608 Maple Dr,Phoenix,AZ,27908,70625,employed,2022-02-23,active
1942,Catherine,Jones,member1942@example.com,555-4017,2005-04-14,2985 Oak Ave,Jacksonville,DC,28328,202605,self_employed,2024-04-05,active
1943,Lisa,Harris,member1943@example.com,555-4403,1968-08-10,8852 Washington St,San Antonio,OH,85481,196519,self_employed,2021-02-25,active
1944,Mark,Brown,member1944@example.com,555-4517,1959-11-04,4085 Second St,Austin,MA,99033,81915,employed,2022-03-06,active
1945,Stephanie,Harris,member1945@example.com,555-5881,2000-04-24,7353 Adams Ave,New York,PA,44564,46084,employed,2023-11-11,active
1946,Sarah,White,member1946@example.com,555-6842,1967-11-05,7264 Jackson St,Boston,OK,91933,48769,employed,2025-06-13,active
1947,Elizabeth,Garcia,member1947@example.com,555-8731,1966-06-16,5936 Madison St,Chicago,WA,33273,58771,employed,2022-09-27,inactive
1948,David,Rodriguez,member1948@example.com,555-8994,1980-08-20,2683 Jefferson Dr,San Diego,NV,17940,50895,employed,2024-01-23,active
1949,Elizabeth,Davis,member1949@example.com,555-5083,1981-11-29,9629 Jefferson Dr,Philadelphia,IN,67872,43448,employed,2024-12-12,inactive
1950,Matthew,Perez,member1950@example.com,555-4822,1975-12-20,3514 Adams Ave,Phoenix,WA,42747,52904,employed,2021-06-14,active
1951,Catherine,Jones,member1951@example.com,555-5879,1954-11-26,5650 Monroe Dr,Chicago,PA,94011,127722,employed,2023-02-26,active
1952,Maria,Robinson,member1952@example.com,555-4679,1974-09-15,4547 Park Ave,Nashville,IN,63847,83708,self_employed,2023-08-31,active
1953,Jane,Wilson,member1953@example.com,555-2659,1980-12-03,8921 Maple Dr,San Jose,OK,87363,78072,employed,2024-03-03,active
1954,David,Wilson,member1954@example.com,555-2575,1977-06-10,3779 Pine Rd,Houston,DC,77537,87903,employed,2024-04-07,active
1955,Carolyn,Sanchez,member1955@example.com,555-4411,1988-02-29,2243 Madison St,Los Angeles,OK,31764,40957,employed,2024-12-07,active
1956,Frances,Wilson,member1956@example.com,555-8896,1995-05-01,412 Maple Dr,Fort Worth,NC,85214,23126,employed,2021-10-02,active
1957,Richard,Jackson,member1957@example.com,555-5879,1985-04-18,6602 Cedar Ln,Austin,NC,28894,204354,employed,2024-10-14,active
1958,Daniel,Lopez,member1958@example.com,555-7643,1964-01-16,3233 Elm St,Charlotte,AZ,86687,120388,employed,2025-05-31,active
1959,Helen,Clark,member1959@example.com,555-5296,1991-01-01,1409 Elm St,Philadelphia,MA,60235,79849,employed,2024-08-13,active
1960,Jane,Wilson,member1960@example.com,555-4673,1965-03-28,5484 First St,Washington,TX,14307,53434,employed,2021-03-05,inactive
1961,Kenneth,Smith,member1961@example.com,555-2861,1981-08-24,4145 Second St,Las Vegas,CA,20656,31465,employed,2021-09-05,active
1962,Donald,Clark,member1962@example.com,555-8897,2004-07-24,3460 Second St,Seattle,TX,46889,48909,employed,2020-11-04,active
1963,Sarah,Williams,member1963@example.com,555-8113,1989-12-04,9938 Park Ave,Los Angeles,IL,42905,78693,employed,2023-08-22,active
1964,Catherine,Perez,member1964@example.com,555-2360,1947-11-16,879 Washington St,Boston,PA,15066,49270,employed,2021-06-07,active
1965,Lisa,Gonzalez,member1965@example.com,555-9917,1948-08-06,1285 Oak Ave,San Diego,IN,28924,128671,self_employed,2021-04-09,inactive
1966,Nicole,Martinez,member1966@example.com,555-5278,1959-08-18,1081 Park Ave,Austin,FL,19789,78448,employed,2022-12-22,active
1967,Catherine,Brown,member1967@example.com,555-4365,1994-05-27,6361 Oak Ave,Chicago,WA,72986,43151,employed,2021-02-21,active
1968,James,Sanchez,member1968@example.com,555-2601,1997-12-09,5169 Main St,Phoenix,IN,70808,131236,employed,2024-05-04,active
1969,Emily,Martinez,member1969@example.com,555-2507,1956-05-02,2271 Jackson St,Boston,IN,51564,57064,employed,2021-05-09,active
1970,Kevin,Miller,member1970@example.com,555-8145,1988-05-19,8457 Jefferson Dr,Indianapolis,DC,48609,117460,employed,2025-05-30,active
1971,Emily,Johnson,member1971@example.com,555-9180,1972-09-13,1921 Madison St,Houston,IN,32193,77826,employed,2021-12-26,active
1972,David,Thompson,member1972@example.com,555-4890,1953-01-12,5597 Park Ave,Austin,CA,63865,29304,self_employed,2023-12-08,active
1973,Donald,Moore,member1973@example.com,555-5149,1976-07-15,5623 Cedar Ln,Austin,PA,95981,201079,employed,2023-05-17,active
1974,Elizabeth,Martinez,member1974@example.com,555-8971,1951-06-22,7743 Second St,San Francisco,NV,57040,115066,employed,2022-12-23,active
1975,Kevin,Davis,member1975@example.com,555-1956,1948-05-21,6149 Elm St,Denver,WA,66713,58684,unemployed,2023-02-13,active
1976,Elizabeth,Harris,member1976@example.com,555-9271,1972-03-20,2486 Cedar Ln,Charlotte,IL,69727,83169,employed,2021-06-18,active
1977,Jane,Rodriguez,member1977@example.com,555-7271,1946-05-10,7905 Main St,Nashville,CA,20879,31849,employed,2022-03-28,active
1978,Charles,Smith,member1978@example.com,555-7194,1991-04-29,6997 Cedar Ln,Dallas,CA,77102,78993,employed,2023-01-31,active
1979,Donald,Wilson,member1979@example.com,555-9871,1999-06-04,1066 Second St,Houston,OK,27770,20168,employed,2023-08-06,active
1980,Lisa,Brown,member1980@example.com,555-6753,2004-10-24,2743 Maple Dr,San Diego,AZ,82379,45521,employed,2021-06-02,active
1981,Michelle,Thomas,member1981@example.com,555-6353,1959-08-05,8718 Park Ave,Jacksonville,IN,14187,79303,employed,2020-08-05,active
1982,Kevin,Sanchez,member1982@example.com,555-2897,1966-02-09,6211 Elm St,Oklahoma City,TX,42279,38161,employed,2022-07-14,active
1983,Steven,Robinson,member1983@example.com,555-3385,1960-06-01,8793 Maple Dr,New York,MA,47914,125302,employed,2021-03-31,active
1984,Maria,Johnson,member1984@example.com,555-8608,1992-08-31,4036 Main St,Phoenix,NY,19540,126776,self_employed,2020-09-20,active
1985,Nicole,Davis,member1985@example.com,555-5936,1952-07-25,5554 Maple Dr,San Francisco,TX,95955,29427,self_employed,2022-01-22,active
1986,James,Moore,member1986@example.com,555-1596,1961-05-13,1492 First St,New York,DC,39099,84881,employed,2024-10-29,active
1987,Jane,Perez,member1987@example.com,555-4724,1987-04-29,9247 Elm St,Nashville,AZ,22759,213325,employed,2021-10-31,active
1988,Jessica,Clark,member1988@example.com,555-7594,1999-02-18,9532 Main St,Austin,WA,82423,84569,employed,2022-05-26,inactive
1989,Stephanie,Thompson,member1989@example.com,555-1341,1994-07-05,4658 Cedar Ln,Denver,NY,64932,127192,employed,2023-12-20,inactive
1990,Anthony,Lewis,member1990@example.com,555-3510,1992-04-10,9000 Adams Ave,New York,DC,18739,71600,employed,2024-09-01,active
1991,Steven,Harris,member1991@example.com,555-5478,1978-12-12,7375 Oak Ave,Chicago,DC,51726,55063,employed,2021-05-24,active
1992,Maria,Williams,member1992@example.com,555-5896,1998-05-15,9141 Oak Ave,Phoenix,CO,38829,27296,employed,2024-02-24,active
1993,Frances,Martin,member1993@example.com,555-3633,2003-01-26,6617 Washington St,Dallas,IN,70271,55692,employed,2024-12-04,active
1994,John,Moore,member1994@example.com,555-5620,2006-03-23,3117 First St,Las Vegas,AZ,42837,120909,employed,2021-07-25,active
1995,Rachel,Thompson,member1995@example.com,555-3064,1973-04-03,1912 Lincoln Ave,Austin,OH,62208,71045,employed,2023-12-15,active
1996,Catherine,Robinson,member1996@example.com,555-1471,1980-02-08,2952 Monroe Dr,Denver,DC,11959,80332,employed,2021-07-01,active
1997,Ashley,Davis,member1997@example.com,555-3365,2001-04-25,5636 Washington St,Jacksonville,PA,39129,42013,employed,2025-05-06,active
1998,Charles,Johnson,member1998@example.com,555-5579,1947-06-16,2390 Adams Ave,Fort Worth,PA,90902,74564,employed,2023-12-14,active
1999,William,Martin,member1999@example.com,555-3274,1957-05-24,533 Washington St,Chicago,MA,70818,55904,employed,2023-08-17,active
2000,Jessica,Jackson,member2000@example.com,555-3885,1982-01-27,6366 Park Ave,Indianapolis,NY,61932,43906,employed,2021-10-30,inactive
