recommendation_id,member_id,product_id,recommendation_date,recommendation_score,recommendation_reason,member_health_score,credit_utilization_at_time,payment_reliability_at_time,recommendation_status,expires_at
1,1,42,2025-06-26,90,"Recommended based on excellent credit score, stable income",100,0.3358,100.0,accepted,2025-09-14
2,1,12,2025-06-28,100,"Recommended based on excellent credit score, stable income",100,0.3358,100.0,pending,2025-09-10
3,2,48,2025-07-18,89,"Recommended based on stable income, low credit utilization",100,0.1,50.0,accepted,2025-08-26
4,2,5,2025-06-10,100,"Recommended based on stable income, low credit utilization",100,0.1,50.0,pending,2025-10-28
5,2,28,2025-07-20,100,"Recommended based on stable income, low credit utilization",100,0.1,50.0,pending,2025-10-14
6,3,5,2025-07-14,100,"Recommended based on good credit score, high income",100,0.8,100.0,expired,2025-10-27
7,4,47,2025-06-08,98,Recommended based on low credit utilization,100,0.0549,63.64,pending,2025-09-05
8,5,34,2025-07-23,96,Recommended based on low credit utilization,100,0.0415,63.64,accepted,2025-09-22
9,6,13,2025-06-03,100,"Recommended based on excellent credit score, high income",100,0.1,85.71,pending,2025-10-25
10,7,11,2025-07-06,82,"Recommended based on good credit score, stable income",100,0.1776,85.71,accepted,2025-08-24
11,8,23,2025-06-21,88,Standard recommendation,100,0.3,75.0,expired,2025-10-11
12,9,13,2025-06-19,100,"Recommended based on excellent credit score, stable income",100,0.3,100.0,accepted,2025-09-07
13,10,13,2025-07-12,100,"Recommended based on excellent credit score, high income",100,0.1907,100.0,accepted,2025-09-13
14,10,25,2025-06-29,97,"Recommended based on excellent credit score, high income",100,0.1907,100.0,declined,2025-09-10
15,11,17,2025-06-17,90,"Recommended based on good credit score, stable income",100,0.3,87.5,accepted,2025-10-20
16,11,2,2025-06-13,100,"Recommended based on good credit score, stable income",100,0.3,87.5,expired,2025-09-10
17,11,41,2025-07-08,96,"Recommended based on good credit score, stable income",100,0.3,87.5,pending,2025-09-04
18,12,11,2025-06-21,100,"Recommended based on excellent credit score, high income",100,0.1047,100.0,pending,2025-08-08
19,12,14,2025-06-07,100,"Recommended based on excellent credit score, high income",100,0.1047,100.0,pending,2025-08-06
20,12,35,2025-07-16,100,"Recommended based on excellent credit score, high income",100,0.1047,100.0,pending,2025-10-14
21,13,5,2025-06-23,100,Standard recommendation,100,0.8,83.33,pending,2025-08-24
22,14,20,2025-06-07,100,"Recommended based on excellent credit score, high income",100,0.2131,87.5,accepted,2025-10-04
23,14,3,2025-07-15,100,"Recommended based on excellent credit score, high income",100,0.2131,87.5,accepted,2025-10-12
24,14,46,2025-07-25,100,"Recommended based on excellent credit score, high income",100,0.2131,87.5,pending,2025-10-17
25,15,47,2025-07-12,100,"Recommended based on stable income, low credit utilization",100,0.1,69.23,pending,2025-09-21
26,16,34,2025-07-24,100,Recommended based on stable income,100,0.3,83.33,pending,2025-10-19
27,16,23,2025-06-18,99,Recommended based on stable income,100,0.3,83.33,pending,2025-09-19
28,17,23,2025-06-11,93,Recommended based on stable income,100,0.5,66.67,declined,2025-09-13
29,18,3,2025-06-10,100,Recommended based on low credit utilization,100,0.1,42.86,accepted,2025-10-27
30,19,43,2025-06-04,100,"Recommended based on good credit score, stable income",100,0.1,100.0,accepted,2025-08-14
31,19,7,2025-06-30,100,"Recommended based on good credit score, stable income",100,0.1,100.0,declined,2025-08-23
32,20,17,2025-07-09,99,"Recommended based on good credit score, high income",100,0.5322,94.74,pending,2025-09-21
33,20,38,2025-07-06,100,"Recommended based on good credit score, high income",100,0.5322,94.74,pending,2025-10-06
34,21,23,2025-06-17,100,Recommended based on stable income,100,0.5,66.67,pending,2025-09-03
35,21,13,2025-06-29,92,Recommended based on stable income,100,0.5,66.67,declined,2025-08-29
36,21,34,2025-06-28,87,Recommended based on stable income,100,0.5,66.67,declined,2025-08-03
37,22,3,2025-07-18,100,"Recommended based on good credit score, high income",100,0.3,100.0,pending,2025-08-23
38,22,5,2025-06-15,100,"Recommended based on good credit score, high income",100,0.3,100.0,declined,2025-10-10
39,22,18,2025-06-15,100,"Recommended based on good credit score, high income",100,0.3,100.0,pending,2025-10-21
40,22,37,2025-07-11,89,"Recommended based on good credit score, high income",100,0.3,100.0,declined,2025-09-22
41,23,28,2025-06-29,100,"Recommended based on good credit score, excellent payment history",100,0.3,100.0,declined,2025-10-26
42,24,8,2025-07-08,100,"Recommended based on stable income, low credit utilization",100,0.2268,76.92,accepted,2025-09-25
43,24,34,2025-06-10,100,"Recommended based on stable income, low credit utilization",100,0.2268,76.92,pending,2025-10-01
44,25,34,2025-07-20,96,"Recommended based on low credit utilization, excellent payment history",100,0.1962,92.86,pending,2025-10-11
45,26,12,2025-07-01,87,Recommended based on low credit utilization,100,0.1,66.67,accepted,2025-09-15
46,27,25,2025-07-22,100,"Recommended based on excellent credit score, high income",100,0.3,84.21,pending,2025-09-16
47,28,47,2025-06-24,100,"Recommended based on good credit score, stable income",100,0.3114,85.71,accepted,2025-09-13
48,29,34,2025-06-08,100,Recommended based on high income,100,0.3,66.67,expired,2025-10-30
49,29,50,2025-06-25,87,Recommended based on high income,100,0.3,66.67,pending,2025-09-18
50,30,42,2025-07-03,100,"Recommended based on excellent credit score, high income",100,0.4656,100.0,expired,2025-08-11
51,31,2,2025-07-02,71,"Recommended based on good credit score, low credit utilization",100,0.1,87.5,pending,2025-10-22
52,32,44,2025-06-09,100,"Recommended based on good credit score, stable income",100,0.3952,85.71,accepted,2025-10-06
53,32,34,2025-07-13,100,"Recommended based on good credit score, stable income",100,0.3952,85.71,pending,2025-09-02
54,32,18,2025-07-11,96,"Recommended based on good credit score, stable income",100,0.3952,85.71,declined,2025-08-08
55,33,47,2025-06-29,100,Recommended based on low credit utilization,100,0.1,50.0,pending,2025-09-16
56,33,3,2025-06-06,100,Recommended based on low credit utilization,100,0.1,50.0,declined,2025-08-11
57,33,13,2025-06-11,99,Recommended based on low credit utilization,100,0.1,50.0,expired,2025-10-03
58,34,47,2025-06-14,100,Recommended based on stable income,100,0.5615,80.0,accepted,2025-09-12
59,35,5,2025-06-11,100,"Recommended based on good credit score, high income",100,0.2483,92.31,declined,2025-08-28
60,35,31,2025-06-09,97,"Recommended based on good credit score, high income",100,0.2483,92.31,accepted,2025-10-05
61,35,39,2025-07-20,72,"Recommended based on good credit score, high income",100,0.2483,92.31,pending,2025-08-27
62,36,13,2025-06-12,100,"Recommended based on excellent credit score, high income",100,0.0269,92.31,pending,2025-09-20
63,37,3,2025-07-29,100,"Recommended based on good credit score, stable income",100,0.1,87.5,declined,2025-10-07
64,38,7,2025-06-30,100,"Recommended based on excellent credit score, high income",100,0.1,100.0,accepted,2025-10-10
65,38,8,2025-07-31,100,"Recommended based on excellent credit score, high income",100,0.1,100.0,accepted,2025-10-29
66,38,43,2025-07-27,100,"Recommended based on excellent credit score, high income",100,0.1,100.0,pending,2025-10-03
67,38,15,2025-07-30,100,"Recommended based on excellent credit score, high income",100,0.1,100.0,pending,2025-08-07
68,39,20,2025-07-13,80,Recommended based on stable income,100,0.529,80.0,declined,2025-09-20
69,40,11,2025-07-17,70,"Recommended based on good credit score, high income",100,0.3,88.89,declined,2025-09-04
70,40,27,2025-06-03,100,"Recommended based on good credit score, high income",100,0.3,88.89,accepted,2025-08-08
71,41,27,2025-06-09,100,"Recommended based on excellent credit score, high income",100,0.4444,100.0,pending,2025-10-27
72,41,23,2025-07-25,100,"Recommended based on excellent credit score, high income",100,0.4444,100.0,declined,2025-08-09
73,42,50,2025-06-11,100,"Recommended based on good credit score, stable income",100,0.3,100.0,pending,2025-10-12
74,42,12,2025-07-18,100,"Recommended based on good credit score, stable income",100,0.3,100.0,declined,2025-09-26
75,42,3,2025-06-06,100,"Recommended based on good credit score, stable income",100,0.3,100.0,declined,2025-08-18
76,43,15,2025-07-07,100,"Recommended based on excellent credit score, high income",100,0.3141,95.83,pending,2025-08-29
77,43,31,2025-07-18,100,"Recommended based on excellent credit score, high income",100,0.3141,95.83,accepted,2025-09-21
78,44,26,2025-07-10,96,"Recommended based on excellent credit score, high income",100,0.0,100.0,declined,2025-08-20
79,45,21,2025-06-21,100,"Recommended based on excellent credit score, high income",100,0.0264,90.91,pending,2025-09-02
80,45,17,2025-06-27,88,"Recommended based on excellent credit score, high income",100,0.0264,90.91,pending,2025-08-04
81,45,40,2025-06-15,100,"Recommended based on excellent credit score, high income",100,0.0264,90.91,accepted,2025-08-05
82,46,3,2025-06-28,100,Standard recommendation,100,0.3,62.5,pending,2025-08-13
83,47,12,2025-06-22,87,"Recommended based on good credit score, low credit utilization",100,0.1,100.0,expired,2025-10-13
84,47,13,2025-07-20,100,"Recommended based on good credit score, low credit utilization",100,0.1,100.0,pending,2025-09-07
85,48,3,2025-06-04,100,Standard recommendation,100,0.3,75.0,pending,2025-08-24
86,49,24,2025-07-22,86,"Recommended based on excellent credit score, high income",100,0.1,100.0,pending,2025-09-19
87,49,18,2025-06-20,100,"Recommended based on excellent credit score, high income",100,0.1,100.0,pending,2025-10-07
88,49,32,2025-07-06,100,"Recommended based on excellent credit score, high income",100,0.1,100.0,declined,2025-10-20
89,50,7,2025-06-14,100,"Recommended based on good credit score, stable income",100,0.3,100.0,accepted,2025-08-29
90,50,34,2025-07-17,100,"Recommended based on good credit score, stable income",100,0.3,100.0,pending,2025-10-09
91,50,3,2025-07-14,100,"Recommended based on good credit score, stable income",100,0.3,100.0,pending,2025-10-05
92,51,20,2025-06-28,70,Recommended based on stable income,100,0.3,60.0,declined,2025-08-12
93,52,23,2025-07-03,100,Recommended based on stable income,100,0.3036,66.67,expired,2025-10-28
94,53,31,2025-07-28,89,"Recommended based on stable income, low credit utilization",100,0.1,75.0,expired,2025-09-09
95,54,3,2025-06-24,100,Recommended based on high income,100,0.3,72.73,pending,2025-09-19
96,54,48,2025-06-14,100,Recommended based on high income,100,0.3,72.73,pending,2025-08-17
97,55,2,2025-07-30,91,"Recommended based on good credit score, stable income",100,0.1,100.0,pending,2025-10-13
98,56,7,2025-07-04,100,"Recommended based on excellent credit score, high income",100,0.122,90.91,accepted,2025-10-30
99,56,2,2025-07-11,100,"Recommended based on excellent credit score, high income",100,0.122,90.91,accepted,2025-09-08
100,57,3,2025-07-23,97,Standard recommendation,100,0.8,28.57,expired,2025-09-22
101,58,12,2025-06-05,100,Standard recommendation,100,0.5,72.73,pending,2025-10-19
102,59,24,2025-07-26,95,"Recommended based on good credit score, high income",100,0.5987,84.62,accepted,2025-10-09
103,60,23,2025-06-26,100,Recommended based on high income,100,0.65,88.89,accepted,2025-08-03
104,61,3,2025-07-30,98,Recommended based on low credit utilization,100,0.0,62.5,expired,2025-09-09
105,62,11,2025-07-14,100,"Recommended based on excellent credit score, high income",100,0.1318,85.71,accepted,2025-08-30
106,62,15,2025-07-22,100,"Recommended based on excellent credit score, high income",100,0.1318,85.71,accepted,2025-09-26
107,62,20,2025-07-01,100,"Recommended based on excellent credit score, high income",100,0.1318,85.71,declined,2025-08-24
108,62,18,2025-06-13,100,"Recommended based on excellent credit score, high income",100,0.1318,85.71,pending,2025-08-07
109,63,48,2025-07-08,99,"Recommended based on stable income, low credit utilization",100,0.1,83.33,pending,2025-09-11
110,63,44,2025-06-20,85,"Recommended based on stable income, low credit utilization",100,0.1,83.33,accepted,2025-10-17
111,64,8,2025-06-15,100,"Recommended based on good credit score, high income",100,0.3,100.0,pending,2025-09-19
112,64,23,2025-07-07,100,"Recommended based on good credit score, high income",100,0.3,100.0,accepted,2025-10-24
113,65,34,2025-07-07,87,"Recommended based on stable income, low credit utilization",100,0.1,57.14,declined,2025-09-12
114,65,23,2025-07-06,100,"Recommended based on stable income, low credit utilization",100,0.1,57.14,pending,2025-09-03
115,66,20,2025-07-08,88,Standard recommendation,100,0.8,50.0,pending,2025-08-08
116,66,24,2025-06-09,76,Standard recommendation,100,0.8,50.0,expired,2025-09-06
117,67,33,2025-07-05,100,"Recommended based on excellent credit score, high income",100,0.5,100.0,accepted,2025-10-09
118,67,23,2025-07-11,100,"Recommended based on excellent credit score, high income",100,0.5,100.0,pending,2025-08-13
119,68,13,2025-06-10,100,"Recommended based on good credit score, stable income",100,0.685,90.0,declined,2025-10-22
120,68,48,2025-07-02,100,"Recommended based on good credit score, stable income",100,0.685,90.0,declined,2025-09-13
121,68,3,2025-07-30,100,"Recommended based on good credit score, stable income",100,0.685,90.0,accepted,2025-10-21
122,69,10,2025-07-23,100,"Recommended based on excellent credit score, stable income",100,0.1,100.0,pending,2025-10-27
123,70,7,2025-06-03,100,"Recommended based on excellent credit score, high income",100,0.1353,93.33,expired,2025-09-03
124,70,5,2025-07-23,100,"Recommended based on excellent credit score, high income",100,0.1353,93.33,accepted,2025-09-10
125,71,27,2025-06-06,100,"Recommended based on excellent credit score, stable income",100,0.1,100.0,expired,2025-10-30
126,71,43,2025-06-29,100,"Recommended based on excellent credit score, stable income",100,0.1,100.0,expired,2025-10-09
127,72,13,2025-07-28,85,"Recommended based on stable income, low credit utilization",100,0.2783,66.67,pending,2025-09-19
128,73,27,2025-06-28,98,Recommended based on stable income,100,0.8,83.33,pending,2025-09-25
129,74,3,2025-06-17,100,Recommended based on low credit utilization,100,0.1,66.67,accepted,2025-09-18
130,75,5,2025-06-15,100,"Recommended based on excellent credit score, high income",100,0.3,100.0,pending,2025-09-11
131,75,40,2025-07-15,100,"Recommended based on excellent credit score, high income",100,0.3,100.0,pending,2025-08-07
132,75,3,2025-07-25,100,"Recommended based on excellent credit score, high income",100,0.3,100.0,declined,2025-08-19
133,75,35,2025-07-12,100,"Recommended based on excellent credit score, high income",100,0.3,100.0,accepted,2025-08-06
134,76,42,2025-06-26,100,"Recommended based on excellent credit score, high income",100,0.1091,95.24,expired,2025-08-04
135,76,44,2025-06-07,100,"Recommended based on excellent credit score, high income",100,0.1091,95.24,declined,2025-08-04
136,76,41,2025-08-01,100,"Recommended based on excellent credit score, high income",100,0.1091,95.24,declined,2025-10-13
137,77,10,2025-06-17,99,"Recommended based on good credit score, low credit utilization",100,0.1,100.0,pending,2025-09-15
138,78,47,2025-07-15,100,"Recommended based on good credit score, high income",100,0.3765,85.71,declined,2025-10-04
139,78,38,2025-07-15,85,"Recommended based on good credit score, high income",100,0.3765,85.71,accepted,2025-10-15
140,79,13,2025-07-09,100,Recommended based on stable income,100,0.3963,80.0,declined,2025-09-02
141,80,12,2025-07-24,100,"Recommended based on good credit score, stable income",100,0.0,100.0,pending,2025-08-16
142,80,32,2025-07-07,86,"Recommended based on good credit score, stable income",100,0.0,100.0,accepted,2025-09-29
143,81,9,2025-07-17,96,"Recommended based on good credit score, stable income",100,0.1,75.0,declined,2025-08-14
144,81,26,2025-07-13,87,"Recommended based on good credit score, stable income",100,0.1,75.0,accepted,2025-08-25
145,81,8,2025-06-06,100,"Recommended based on good credit score, stable income",100,0.1,75.0,accepted,2025-10-03
146,82,12,2025-07-28,100,Recommended based on good credit score,100,0.3,87.5,pending,2025-10-11
147,83,25,2025-06-14,100,"Recommended based on excellent credit score, high income",100,0.2053,86.36,pending,2025-08-17
148,83,29,2025-06-03,100,"Recommended based on excellent credit score, high income",100,0.2053,86.36,pending,2025-08-04
149,84,7,2025-08-01,90,"Recommended based on good credit score, low credit utilization",100,0.1803,80.0,pending,2025-10-12
150,84,8,2025-06-28,96,"Recommended based on good credit score, low credit utilization",100,0.1803,80.0,declined,2025-08-12
151,85,13,2025-06-09,100,Standard recommendation,100,0.3,80.0,pending,2025-10-16
152,86,13,2025-06-27,100,"Recommended based on stable income, low credit utilization",100,0.1,85.71,accepted,2025-09-18
153,86,48,2025-06-21,93,"Recommended based on stable income, low credit utilization",100,0.1,85.71,declined,2025-09-08
154,87,34,2025-07-11,100,"Recommended based on good credit score, stable income",100,0.3,100.0,pending,2025-08-06
155,87,10,2025-07-14,98,"Recommended based on good credit score, stable income",100,0.3,100.0,declined,2025-08-06
156,87,28,2025-06-17,100,"Recommended based on good credit score, stable income",100,0.3,100.0,accepted,2025-09-26
157,88,3,2025-06-13,100,"Recommended based on excellent credit score, high income",100,0.487,92.31,declined,2025-09-10
158,88,22,2025-07-13,100,"Recommended based on excellent credit score, high income",100,0.487,92.31,pending,2025-08-15
159,88,26,2025-07-23,100,"Recommended based on excellent credit score, high income",100,0.487,92.31,accepted,2025-10-23
160,89,34,2025-06-05,95,Recommended based on low credit utilization,100,0.1,66.67,declined,2025-09-26
161,90,3,2025-06-11,100,Recommended based on low credit utilization,100,0.1,75.0,pending,2025-08-22
162,91,20,2025-06-05,85,Recommended based on stable income,100,0.8,75.0,pending,2025-08-21
163,92,10,2025-06-07,100,"Recommended based on stable income, low credit utilization",100,0.1105,75.0,pending,2025-10-12
164,92,30,2025-06-27,87,"Recommended based on stable income, low credit utilization",100,0.1105,75.0,accepted,2025-10-23
165,93,3,2025-06-15,100,Recommended based on low credit utilization,100,0.1,50.0,accepted,2025-08-31
166,94,42,2025-06-05,100,"Recommended based on excellent credit score, high income",100,0.0,100.0,pending,2025-08-25
167,94,13,2025-07-16,100,"Recommended based on excellent credit score, high income",100,0.0,100.0,declined,2025-09-04
168,95,13,2025-06-10,100,Recommended based on low credit utilization,100,0.1,75.0,accepted,2025-08-02
169,95,23,2025-07-25,86,Recommended based on low credit utilization,100,0.1,75.0,declined,2025-08-24
170,96,29,2025-06-06,100,"Recommended based on excellent credit score, high income",100,0.4604,100.0,pending,2025-08-25
171,96,27,2025-07-18,100,"Recommended based on excellent credit score, high income",100,0.4604,100.0,pending,2025-10-04
172,97,26,2025-06-30,84,Recommended based on stable income,100,0.8,85.71,pending,2025-08-26
173,98,28,2025-06-25,100,"Recommended based on good credit score, stable income",100,0.3,100.0,pending,2025-08-04
174,99,12,2025-06-05,100,"Recommended based on good credit score, excellent payment history",100,0.431,100.0,pending,2025-09-25
175,100,50,2025-06-14,100,Recommended based on stable income,100,0.3,83.33,pending,2025-09-28
176,101,23,2025-06-05,100,"Recommended based on good credit score, high income",100,0.0,78.57,expired,2025-10-19
177,102,34,2025-06-29,100,"Recommended based on stable income, low credit utilization",100,0.0833,58.33,declined,2025-08-03
178,102,28,2025-06-05,100,"Recommended based on stable income, low credit utilization",100,0.0833,58.33,accepted,2025-08-30
179,102,50,2025-06-15,92,"Recommended based on stable income, low credit utilization",100,0.0833,58.33,declined,2025-08-20
180,103,3,2025-06-08,100,Recommended based on low credit utilization,100,0.0,50.0,pending,2025-10-14
181,103,5,2025-06-09,100,Recommended based on low credit utilization,100,0.0,50.0,pending,2025-09-12
182,103,50,2025-07-13,83,Recommended based on low credit utilization,100,0.0,50.0,declined,2025-09-15
183,104,20,2025-06-17,100,"Recommended based on excellent credit score, high income",100,0.1848,83.33,expired,2025-08-20
184,105,27,2025-07-03,100,"Recommended based on good credit score, stable income",100,0.061,92.86,pending,2025-09-12
185,105,16,2025-06-16,96,"Recommended based on good credit score, stable income",100,0.061,92.86,pending,2025-10-17
186,105,28,2025-07-01,100,"Recommended based on good credit score, stable income",100,0.061,92.86,declined,2025-09-24
187,106,27,2025-07-26,96,"Recommended based on good credit score, stable income",100,0.1,100.0,pending,2025-08-03
188,107,30,2025-07-26,100,"Recommended based on good credit score, stable income",100,0.1339,90.0,accepted,2025-08-12
189,108,23,2025-06-11,99,Standard recommendation,100,0.414,66.67,accepted,2025-10-05
190,109,13,2025-06-28,100,"Recommended based on good credit score, excellent payment history",100,0.3,100.0,declined,2025-09-16
191,110,5,2025-06-20,98,Standard recommendation,100,0.3,83.33,pending,2025-08-29
192,110,23,2025-06-23,96,Standard recommendation,100,0.3,83.33,pending,2025-09-14
193,110,12,2025-07-05,97,Standard recommendation,100,0.3,83.33,pending,2025-10-20
194,111,13,2025-07-07,100,"Recommended based on good credit score, stable income",100,0.3,100.0,declined,2025-10-18
195,111,28,2025-06-03,100,"Recommended based on good credit score, stable income",100,0.3,100.0,pending,2025-10-06
196,111,12,2025-06-28,100,"Recommended based on good credit score, stable income",100,0.3,100.0,accepted,2025-10-02
197,111,10,2025-06-29,100,"Recommended based on good credit score, stable income",100,0.3,100.0,pending,2025-08-28
198,112,26,2025-07-01,82,Recommended based on stable income,100,0.3,57.14,declined,2025-09-21
199,112,48,2025-07-03,100,Recommended based on stable income,100,0.3,57.14,declined,2025-10-24
200,112,5,2025-06-18,100,Recommended based on stable income,100,0.3,57.14,pending,2025-09-21
201,113,3,2025-06-20,100,Recommended based on low credit utilization,100,0.1,83.33,accepted,2025-09-09
202,113,5,2025-07-16,94,Recommended based on low credit utilization,100,0.1,83.33,accepted,2025-10-13
203,114,50,2025-07-20,100,Standard recommendation,100,0.3,87.5,pending,2025-08-18
204,114,12,2025-06-15,100,Standard recommendation,100,0.3,87.5,pending,2025-08-04
205,115,47,2025-06-17,100,Recommended based on high income,100,0.5983,77.78,pending,2025-10-01
206,115,40,2025-06-21,91,Recommended based on high income,100,0.5983,77.78,declined,2025-09-05
207,116,28,2025-07-28,100,"Recommended based on stable income, low credit utilization",100,0.1,33.33,pending,2025-08-05
208,116,26,2025-06-10,70,"Recommended based on stable income, low credit utilization",100,0.1,33.33,declined,2025-08-13
209,117,31,2025-07-11,100,"Recommended based on excellent credit score, high income",100,0.0756,100.0,declined,2025-10-04
210,117,11,2025-06-16,100,"Recommended based on excellent credit score, high income",100,0.0756,100.0,pending,2025-09-18
211,118,16,2025-07-23,87,"Recommended based on good credit score, low credit utilization",100,0.1,100.0,pending,2025-10-30
212,118,8,2025-06-30,92,"Recommended based on good credit score, low credit utilization",100,0.1,100.0,pending,2025-08-23
213,119,3,2025-07-02,88,Standard recommendation,100,0.8,66.67,declined,2025-09-29
214,120,20,2025-06-13,100,"Recommended based on excellent credit score, high income",100,0.2026,92.86,accepted,2025-08-22
215,120,47,2025-06-17,100,"Recommended based on excellent credit score, high income",100,0.2026,92.86,pending,2025-09-19
216,120,42,2025-06-21,100,"Recommended based on excellent credit score, high income",100,0.2026,92.86,declined,2025-09-20
217,120,32,2025-07-22,100,"Recommended based on excellent credit score, high income",100,0.2026,92.86,declined,2025-08-13
218,121,45,2025-07-05,100,"Recommended based on good credit score, high income",100,0.5919,88.89,pending,2025-10-06
219,122,13,2025-06-04,100,"Recommended based on good credit score, low credit utilization",100,0.1662,90.0,expired,2025-09-08
220,122,10,2025-06-11,100,"Recommended based on good credit score, low credit utilization",100,0.1662,90.0,pending,2025-10-19
221,123,30,2025-06-16,87,"Recommended based on stable income, low credit utilization",100,0.0887,61.54,expired,2025-09-19
222,124,13,2025-07-23,100,Recommended based on high income,100,0.4358,72.73,accepted,2025-08-09
223,124,20,2025-07-28,99,Recommended based on high income,100,0.4358,72.73,accepted,2025-10-28
224,125,7,2025-06-09,99,"Recommended based on good credit score, excellent payment history",100,0.5,100.0,pending,2025-09-18
225,126,47,2025-06-11,100,"Recommended based on good credit score, high income",100,0.1,81.82,expired,2025-08-02
226,126,40,2025-06-24,100,"Recommended based on good credit score, high income",100,0.1,81.82,pending,2025-09-26
227,126,45,2025-07-07,100,"Recommended based on good credit score, high income",100,0.1,81.82,accepted,2025-08-05
228,127,21,2025-07-24,100,"Recommended based on excellent credit score, high income",100,0.3,100.0,declined,2025-10-03
229,127,31,2025-07-16,95,"Recommended based on excellent credit score, high income",100,0.3,100.0,accepted,2025-08-02
230,128,13,2025-07-12,97,"Recommended based on stable income, low credit utilization",100,0.2194,63.64,pending,2025-09-03
231,129,3,2025-06-10,100,Recommended based on low credit utilization,100,0.1,75.0,declined,2025-10-03
232,130,3,2025-06-08,100,"Recommended based on stable income, low credit utilization",100,0.1,75.0,expired,2025-09-10
233,130,34,2025-07-06,95,"Recommended based on stable income, low credit utilization",100,0.1,75.0,declined,2025-10-14
234,131,3,2025-07-21,100,"Recommended based on excellent credit score, high income",100,0.2244,85.71,accepted,2025-08-27
235,132,3,2025-07-17,100,Recommended based on low credit utilization,100,0.1564,66.67,pending,2025-08-10
236,133,28,2025-07-07,100,"Recommended based on excellent credit score, high income",100,0.3386,95.24,declined,2025-09-15
237,133,31,2025-06-05,100,"Recommended based on excellent credit score, high income",100,0.3386,95.24,expired,2025-10-13
238,134,23,2025-06-23,94,Recommended based on stable income,100,0.3,42.86,declined,2025-10-24
239,134,13,2025-06-19,100,Recommended based on stable income,100,0.3,42.86,accepted,2025-08-03
240,135,26,2025-06-20,87,"Recommended based on good credit score, stable income",100,0.5,85.71,declined,2025-09-26
241,135,31,2025-06-22,98,"Recommended based on good credit score, stable income",100,0.5,85.71,declined,2025-10-08
242,136,48,2025-06-15,74,Recommended based on stable income,100,0.3,75.0,pending,2025-09-30
243,136,23,2025-06-21,93,Recommended based on stable income,100,0.3,75.0,pending,2025-10-10
244,137,45,2025-06-17,100,"Recommended based on excellent credit score, high income",100,0.4898,89.47,pending,2025-10-19
245,138,3,2025-07-06,100,Standard recommendation,100,0.5,66.67,pending,2025-08-05
246,138,23,2025-06-26,78,Standard recommendation,100,0.5,66.67,accepted,2025-10-18
247,139,38,2025-06-07,92,"Recommended based on excellent credit score, high income",100,0.3,95.83,declined,2025-08-07
248,140,23,2025-06-24,100,Recommended based on excellent payment history,100,0.3,90.91,pending,2025-10-23
249,140,5,2025-07-28,100,Recommended based on excellent payment history,100,0.3,90.91,declined,2025-09-03
250,140,27,2025-06-11,85,Recommended based on excellent payment history,100,0.3,90.91,pending,2025-09-11
251,141,47,2025-07-24,100,"Recommended based on stable income, low credit utilization",100,0.1,66.67,pending,2025-10-16
252,142,28,2025-07-16,100,"Recommended based on good credit score, high income",100,0.1546,88.89,accepted,2025-09-10
253,143,8,2025-06-27,88,Recommended based on excellent payment history,100,0.8,100.0,expired,2025-10-20
254,143,13,2025-06-08,100,Recommended based on excellent payment history,100,0.8,100.0,pending,2025-08-09
255,143,12,2025-06-19,100,Recommended based on excellent payment history,100,0.8,100.0,expired,2025-09-07
256,144,7,2025-06-24,100,"Recommended based on excellent credit score, high income",100,0.3,90.0,pending,2025-10-14
257,144,23,2025-06-16,100,"Recommended based on excellent credit score, high income",100,0.3,90.0,pending,2025-09-19
258,144,38,2025-07-07,100,"Recommended based on excellent credit score, high income",100,0.3,90.0,declined,2025-09-06
259,145,8,2025-07-16,100,"Recommended based on good credit score, stable income",100,0.3,100.0,declined,2025-10-14
260,145,31,2025-06-13,100,"Recommended based on good credit score, stable income",100,0.3,100.0,declined,2025-09-26
261,146,3,2025-06-30,100,Recommended based on low credit utilization,100,0.1,75.0,declined,2025-08-30
262,147,3,2025-07-12,100,Recommended based on low credit utilization,100,0.1,50.0,pending,2025-10-04
263,148,47,2025-06-13,100,Recommended based on stable income,100,0.8,87.5,expired,2025-08-05
264,149,30,2025-07-14,97,"Recommended based on good credit score, high income",100,0.1,83.33,accepted,2025-10-22
265,150,32,2025-06-27,100,"Recommended based on excellent credit score, high income",100,0.3947,100.0,pending,2025-08-10
266,150,10,2025-07-10,100,"Recommended based on excellent credit score, high income",100,0.3947,100.0,pending,2025-08-16
267,151,21,2025-07-02,100,"Recommended based on excellent credit score, high income",100,0.0736,93.75,pending,2025-09-01
268,152,47,2025-06-15,100,"Recommended based on good credit score, stable income",100,0.5,100.0,expired,2025-08-07
269,152,27,2025-07-24,98,"Recommended based on good credit score, stable income",100,0.5,100.0,pending,2025-08-09
270,152,13,2025-06-05,100,"Recommended based on good credit score, stable income",100,0.5,100.0,declined,2025-09-08
271,153,47,2025-06-24,97,"Recommended based on stable income, low credit utilization",100,0.1,50.0,pending,2025-10-01
272,153,23,2025-06-19,91,"Recommended based on stable income, low credit utilization",100,0.1,50.0,pending,2025-08-03
273,153,28,2025-07-17,85,"Recommended based on stable income, low credit utilization",100,0.1,50.0,accepted,2025-08-06
274,154,1,2025-06-14,100,"Recommended based on excellent credit score, high income",100,0.3646,100.0,accepted,2025-10-06
275,154,15,2025-07-15,100,"Recommended based on excellent credit score, high income",100,0.3646,100.0,pending,2025-08-24
276,154,20,2025-07-06,100,"Recommended based on excellent credit score, high income",100,0.3646,100.0,pending,2025-08-20
277,155,13,2025-06-27,100,"Recommended based on good credit score, high income",100,0.6686,100.0,pending,2025-08-06
278,155,38,2025-07-01,88,"Recommended based on good credit score, high income",100,0.6686,100.0,pending,2025-08-07
279,156,2,2025-07-06,100,"Recommended based on good credit score, high income",100,0.241,80.0,declined,2025-10-02
280,157,12,2025-06-24,100,"Recommended based on stable income, low credit utilization",100,0.0,33.33,pending,2025-10-18
281,158,13,2025-07-16,100,Recommended based on low credit utilization,100,0,85.0,declined,2025-09-11
282,158,3,2025-07-15,100,Recommended based on low credit utilization,100,0,85.0,pending,2025-09-25
283,159,48,2025-07-13,100,"Recommended based on excellent credit score, high income",100,0.2952,100.0,accepted,2025-10-18
284,159,13,2025-06-26,100,"Recommended based on excellent credit score, high income",100,0.2952,100.0,declined,2025-09-28
285,159,47,2025-06-17,100,"Recommended based on excellent credit score, high income",100,0.2952,100.0,accepted,2025-09-10
286,160,23,2025-06-12,100,"Recommended based on excellent credit score, high income",100,0.2663,87.5,pending,2025-08-06
287,160,38,2025-07-27,100,"Recommended based on excellent credit score, high income",100,0.2663,87.5,accepted,2025-08-30
288,160,3,2025-07-06,100,"Recommended based on excellent credit score, high income",100,0.2663,87.5,pending,2025-10-24
289,161,47,2025-07-15,100,"Recommended based on stable income, low credit utilization",100,0.1,80.0,pending,2025-09-05
290,162,32,2025-07-07,87,"Recommended based on good credit score, stable income",100,0.5,100.0,accepted,2025-10-13
291,162,9,2025-06-16,98,"Recommended based on good credit score, stable income",100,0.5,100.0,declined,2025-10-15
292,162,3,2025-07-06,100,"Recommended based on good credit score, stable income",100,0.5,100.0,pending,2025-09-03
293,163,21,2025-07-11,100,"Recommended based on excellent credit score, high income",100,0.1,100.0,declined,2025-10-20
294,163,15,2025-07-12,100,"Recommended based on excellent credit score, high income",100,0.1,100.0,accepted,2025-10-24
295,164,13,2025-07-06,98,Recommended based on high income,100,0.8,66.67,pending,2025-10-27
296,164,3,2025-06-11,100,Recommended based on high income,100,0.8,66.67,pending,2025-10-17
297,165,18,2025-07-14,100,"Recommended based on excellent credit score, high income",100,0.2882,86.67,expired,2025-10-11
298,166,2,2025-07-18,84,"Recommended based on good credit score, stable income",100,0.2333,90.91,pending,2025-10-02
299,167,3,2025-07-28,100,Standard recommendation,100,0.5,66.67,accepted,2025-10-02
300,168,42,2025-06-22,100,"Recommended based on excellent credit score, high income",100,0.1371,90.91,pending,2025-10-07
301,168,37,2025-06-05,100,"Recommended based on excellent credit score, high income",100,0.1371,90.91,pending,2025-08-14
302,169,13,2025-07-02,100,"Recommended based on good credit score, high income",100,0.4145,83.33,expired,2025-08-19
303,170,3,2025-07-22,100,Standard recommendation,100,0.3,85.71,accepted,2025-08-13
304,170,5,2025-06-19,100,Standard recommendation,100,0.3,85.71,declined,2025-08-10
305,171,1,2025-07-11,100,"Recommended based on excellent credit score, high income",100,0.4514,92.31,pending,2025-08-28
306,171,21,2025-07-13,100,"Recommended based on excellent credit score, high income",100,0.4514,92.31,declined,2025-10-19
307,171,10,2025-06-22,100,"Recommended based on excellent credit score, high income",100,0.4514,92.31,pending,2025-08-20
308,171,5,2025-06-18,100,"Recommended based on excellent credit score, high income",100,0.4514,92.31,expired,2025-08-06
309,172,26,2025-06-06,100,"Recommended based on excellent credit score, high income",100,0.3941,95.45,accepted,2025-10-18
310,173,44,2025-07-15,100,"Recommended based on excellent credit score, high income",100,0.1,100.0,pending,2025-10-24
311,174,30,2025-07-31,100,"Recommended based on good credit score, stable income",100,0.0,75.0,declined,2025-10-20
312,175,8,2025-06-30,100,"Recommended based on good credit score, stable income",100,0.1,100.0,declined,2025-08-26
313,175,9,2025-07-23,96,"Recommended based on good credit score, stable income",100,0.1,100.0,pending,2025-10-24
314,175,47,2025-07-10,100,"Recommended based on good credit score, stable income",100,0.1,100.0,declined,2025-08-07
315,176,13,2025-07-06,100,Standard recommendation,100,0.3,80.0,pending,2025-10-04
316,176,47,2025-06-21,98,Standard recommendation,100,0.3,80.0,pending,2025-10-19
317,177,25,2025-06-22,84,"Recommended based on excellent credit score, high income",100,0.1577,100.0,accepted,2025-09-29
318,178,42,2025-07-06,98,"Recommended based on good credit score, high income",100,0.3,90.91,expired,2025-10-16
319,179,50,2025-06-14,100,Recommended based on stable income,100,0.3,87.5,accepted,2025-09-27
320,180,47,2025-07-15,100,"Recommended based on excellent credit score, high income",100,0.3418,86.67,accepted,2025-09-10
321,180,29,2025-07-26,100,"Recommended based on excellent credit score, high income",100,0.3418,86.67,accepted,2025-10-28
322,181,23,2025-06-03,100,Recommended based on stable income,100,0.5614,72.73,pending,2025-08-04
323,182,39,2025-06-26,100,"Recommended based on excellent credit score, high income",100,0.1871,83.33,pending,2025-09-04
324,182,7,2025-07-09,100,"Recommended based on excellent credit score, high income",100,0.1871,83.33,declined,2025-10-30
325,183,34,2025-07-05,100,Recommended based on stable income,100,0.3,72.73,declined,2025-10-04
326,183,48,2025-07-13,74,Recommended based on stable income,100,0.3,72.73,declined,2025-08-24
327,184,47,2025-07-28,100,"Recommended based on good credit score, excellent payment history",100,0.3,100.0,declined,2025-08-09
328,184,13,2025-07-27,100,"Recommended based on good credit score, excellent payment history",100,0.3,100.0,declined,2025-10-03
329,184,3,2025-06-11,100,"Recommended based on good credit score, excellent payment history",100,0.3,100.0,pending,2025-09-04
330,184,50,2025-06-09,100,"Recommended based on good credit score, excellent payment history",100,0.3,100.0,pending,2025-08-27
331,185,3,2025-06-09,100,"Recommended based on stable income, low credit utilization",100,0.1289,69.23,pending,2025-10-03
332,185,13,2025-07-06,100,"Recommended based on stable income, low credit utilization",100,0.1289,69.23,declined,2025-08-04
333,186,42,2025-06-26,85,"Recommended based on good credit score, stable income",100,0.0,50.0,accepted,2025-10-06
334,186,3,2025-07-01,100,"Recommended based on good credit score, stable income",100,0.0,50.0,pending,2025-08-09
335,187,3,2025-07-02,100,"Recommended based on good credit score, high income",100,0.5,100.0,pending,2025-08-27
336,187,13,2025-07-13,100,"Recommended based on good credit score, high income",100,0.5,100.0,pending,2025-08-13
337,187,38,2025-06-04,94,"Recommended based on good credit score, high income",100,0.5,100.0,pending,2025-09-12
338,187,48,2025-06-22,100,"Recommended based on good credit score, high income",100,0.5,100.0,expired,2025-10-25
339,188,7,2025-07-06,100,"Recommended based on good credit score, high income",100,0.4006,81.82,declined,2025-10-14
340,188,31,2025-07-26,100,"Recommended based on good credit score, high income",100,0.4006,81.82,declined,2025-08-23
341,189,15,2025-06-15,80,Standard recommendation,100,0.95,66.67,expired,2025-08-18
342,189,33,2025-07-27,76,Standard recommendation,100,0.95,66.67,pending,2025-09-20
343,189,45,2025-07-30,84,Standard recommendation,100,0.95,66.67,pending,2025-10-10
344,190,47,2025-06-30,85,Standard recommendation,100,0.3,66.67,accepted,2025-10-05
345,190,23,2025-06-24,83,Standard recommendation,100,0.3,66.67,pending,2025-09-26
346,191,8,2025-06-17,97,"Recommended based on good credit score, stable income",100,0.3,85.71,pending,2025-10-12
347,191,12,2025-07-21,100,"Recommended based on good credit score, stable income",100,0.3,85.71,pending,2025-08-03
348,191,9,2025-06-16,94,"Recommended based on good credit score, stable income",100,0.3,85.71,declined,2025-08-04
349,192,47,2025-06-22,100,"Recommended based on stable income, low credit utilization",100,0.1,75.0,pending,2025-09-23
350,193,24,2025-07-29,74,Standard recommendation,100,0.4124,63.64,accepted,2025-08-24
351,193,16,2025-06-29,92,Standard recommendation,100,0.4124,63.64,declined,2025-08-12
352,193,49,2025-06-24,73,Standard recommendation,100,0.4124,63.64,declined,2025-08-21
353,194,3,2025-06-18,100,Standard recommendation,100,0.3,66.67,declined,2025-09-17
354,195,5,2025-06-25,100,Recommended based on stable income,100,0.5,75.0,accepted,2025-09-07
355,195,20,2025-06-16,85,Recommended based on stable income,100,0.5,75.0,pending,2025-09-24
356,196,26,2025-07-03,100,"Recommended based on excellent credit score, high income",100,0.2594,85.71,pending,2025-09-08
357,196,23,2025-06-27,100,"Recommended based on excellent credit score, high income",100,0.2594,85.71,expired,2025-09-29
358,197,3,2025-07-20,100,Recommended based on stable income,100,0.4397,61.54,pending,2025-10-11
359,197,23,2025-07-09,97,Recommended based on stable income,100,0.4397,61.54,pending,2025-08-25
360,198,5,2025-06-19,100,"Recommended based on excellent credit score, stable income",100,0.225,100.0,pending,2025-10-26
361,198,3,2025-06-28,100,"Recommended based on excellent credit score, stable income",100,0.225,100.0,pending,2025-09-30
362,199,5,2025-07-04,100,"Recommended based on good credit score, excellent payment history",100,0.5,100.0,declined,2025-09-01
363,200,29,2025-07-20,100,"Recommended based on excellent credit score, high income",100,0.2842,100.0,expired,2025-09-26
364,200,19,2025-07-25,100,"Recommended based on excellent credit score, high income",100,0.2842,100.0,pending,2025-10-18
365,201,28,2025-06-09,86,Recommended based on stable income,100,0.3,62.5,pending,2025-10-29
366,201,23,2025-06-17,91,Recommended based on stable income,100,0.3,62.5,pending,2025-09-08
367,201,47,2025-06-04,100,Recommended based on stable income,100,0.3,62.5,declined,2025-10-02
368,202,28,2025-07-29,100,Recommended based on stable income,100,0.5,57.14,pending,2025-08-11
369,203,5,2025-07-13,95,Recommended based on excellent payment history,100,0.3,100.0,pending,2025-08-18
370,203,13,2025-06-27,100,Recommended based on excellent payment history,100,0.3,100.0,pending,2025-08-02
371,203,3,2025-07-10,100,Recommended based on excellent payment history,100,0.3,100.0,declined,2025-08-08
372,204,47,2025-06-17,100,Recommended based on low credit utilization,100,0.125,77.78,pending,2025-08-07
373,204,28,2025-07-13,100,Recommended based on low credit utilization,100,0.125,77.78,declined,2025-09-17
374,204,23,2025-07-20,100,Recommended based on low credit utilization,100,0.125,77.78,pending,2025-09-11
375,204,10,2025-06-26,84,Recommended based on low credit utilization,100,0.125,77.78,pending,2025-08-22
376,205,50,2025-07-09,100,"Recommended based on good credit score, stable income",100,0.1,100.0,expired,2025-09-09
377,206,30,2025-07-12,100,"Recommended based on excellent credit score, high income",100,0.3636,87.5,pending,2025-08-26
378,206,49,2025-06-05,100,"Recommended based on excellent credit score, high income",100,0.3636,87.5,accepted,2025-10-23
379,207,5,2025-06-30,100,Recommended based on low credit utilization,100,0.0,57.14,declined,2025-10-13
380,208,26,2025-07-05,97,Recommended based on stable income,100,0.3243,77.78,accepted,2025-09-10
381,209,13,2025-07-29,100,"Recommended based on good credit score, high income",100,0.3912,93.75,pending,2025-10-18
382,209,3,2025-06-26,100,"Recommended based on good credit score, high income",100,0.3912,93.75,accepted,2025-08-31
383,210,3,2025-07-11,100,"Recommended based on good credit score, stable income",100,0.5,100.0,pending,2025-09-28
384,211,50,2025-07-26,100,"Recommended based on good credit score, stable income",100,0.1,87.5,accepted,2025-08-25
385,211,34,2025-07-02,100,"Recommended based on good credit score, stable income",100,0.1,87.5,pending,2025-10-09
386,211,9,2025-06-25,100,"Recommended based on good credit score, stable income",100,0.1,87.5,pending,2025-10-16
387,211,8,2025-07-04,100,"Recommended based on good credit score, stable income",100,0.1,87.5,expired,2025-09-29
388,212,31,2025-07-19,76,Recommended based on stable income,100,0.8,75.0,accepted,2025-10-19
389,213,5,2025-06-23,88,Standard recommendation,100,0.6427,73.33,pending,2025-09-27
390,214,18,2025-07-30,100,Recommended based on high income,100,0.3,75.0,expired,2025-08-04
391,214,13,2025-06-15,100,Recommended based on high income,100,0.3,75.0,declined,2025-09-09
392,214,31,2025-06-21,100,Recommended based on high income,100,0.3,75.0,accepted,2025-10-19
393,215,10,2025-06-26,87,Recommended based on low credit utilization,100,0.2513,76.92,pending,2025-10-24
394,215,47,2025-06-12,100,Recommended based on low credit utilization,100,0.2513,76.92,pending,2025-09-17
395,215,13,2025-06-15,100,Recommended based on low credit utilization,100,0.2513,76.92,pending,2025-09-24
396,216,47,2025-06-25,100,"Recommended based on stable income, low credit utilization",100,0.1,60.0,accepted,2025-10-29
397,217,13,2025-06-22,96,Recommended based on low credit utilization,100,0,85.0,pending,2025-10-28
398,217,3,2025-07-18,100,Recommended based on low credit utilization,100,0,85.0,expired,2025-08-31
399,218,49,2025-07-17,100,Recommended based on high income,100,0.4482,54.55,declined,2025-09-24
400,218,30,2025-06-05,83,Recommended based on high income,100,0.4482,54.55,pending,2025-10-20
401,219,3,2025-06-27,100,Standard recommendation,100,0.3,50.0,pending,2025-09-18
402,220,18,2025-07-27,100,"Recommended based on excellent credit score, high income",100,0.2418,92.0,declined,2025-10-14
403,220,40,2025-06-27,100,"Recommended based on excellent credit score, high income",100,0.2418,92.0,expired,2025-10-12
404,221,13,2025-06-16,100,"Recommended based on excellent credit score, high income",100,0.2634,100.0,declined,2025-08-18
405,221,29,2025-08-01,100,"Recommended based on excellent credit score, high income",100,0.2634,100.0,declined,2025-08-20
406,222,23,2025-06-17,91,Recommended based on stable income,100,0.8,75.0,declined,2025-10-15
407,222,16,2025-06-12,98,Recommended based on stable income,100,0.8,75.0,pending,2025-09-19
408,223,13,2025-07-15,100,Recommended based on low credit utilization,100,0.1,50.0,expired,2025-10-18
409,224,23,2025-06-21,84,Standard recommendation,100,0.3,71.43,accepted,2025-10-21
410,225,39,2025-07-24,76,"Recommended based on good credit score, high income",100,0.1663,90.0,declined,2025-10-06
411,225,10,2025-06-22,100,"Recommended based on good credit score, high income",100,0.1663,90.0,pending,2025-08-22
412,226,13,2025-07-23,100,"Recommended based on excellent credit score, high income",100,0.3,93.33,accepted,2025-09-27
413,227,35,2025-06-16,89,"Recommended based on excellent credit score, high income",100,0.219,100.0,pending,2025-10-16
414,227,22,2025-06-29,94,"Recommended based on excellent credit score, high income",100,0.219,100.0,declined,2025-10-07
415,228,3,2025-07-12,100,Recommended based on stable income,100,0.3859,55.56,pending,2025-09-04
416,228,47,2025-06-27,100,Recommended based on stable income,100,0.3859,55.56,expired,2025-08-22
417,229,3,2025-06-20,100,Standard recommendation,100,0.5,33.33,declined,2025-10-01
418,230,12,2025-07-31,100,"Recommended based on excellent credit score, high income",100,0.2824,100.0,pending,2025-09-03
419,230,28,2025-06-22,100,"Recommended based on excellent credit score, high income",100,0.2824,100.0,accepted,2025-10-20
420,230,13,2025-06-04,100,"Recommended based on excellent credit score, high income",100,0.2824,100.0,accepted,2025-10-03
421,231,13,2025-06-28,100,"Recommended based on good credit score, low credit utilization",100,0.1,80.0,pending,2025-08-05
422,231,43,2025-07-11,84,"Recommended based on good credit score, low credit utilization",100,0.1,80.0,declined,2025-10-25
423,232,27,2025-07-13,100,"Recommended based on good credit score, stable income",100,0.3,87.5,pending,2025-09-16
424,233,23,2025-06-22,100,Recommended based on high income,100,0.5,75.0,pending,2025-10-05
425,233,5,2025-06-30,100,Recommended based on high income,100,0.5,75.0,declined,2025-08-17
426,234,13,2025-07-24,100,Standard recommendation,100,0.3,66.67,declined,2025-09-17
427,235,15,2025-07-07,99,"Recommended based on good credit score, high income",100,0.145,84.62,pending,2025-10-15
428,235,6,2025-07-27,98,"Recommended based on good credit score, high income",100,0.145,84.62,declined,2025-08-31
429,235,36,2025-07-19,88,"Recommended based on good credit score, high income",100,0.145,84.62,pending,2025-09-20
430,236,42,2025-07-07,100,"Recommended based on excellent credit score, high income",100,0.1763,91.67,declined,2025-10-23
431,236,26,2025-07-12,100,"Recommended based on excellent credit score, high income",100,0.1763,91.67,pending,2025-08-19
432,236,8,2025-06-26,100,"Recommended based on excellent credit score, high income",100,0.1763,91.67,declined,2025-10-29
433,237,28,2025-06-18,100,"Recommended based on stable income, low credit utilization",100,0.1,66.67,expired,2025-10-25
434,238,3,2025-07-02,100,Standard recommendation,100,0.95,50.0,pending,2025-10-09
435,238,28,2025-06-22,83,Standard recommendation,100,0.95,50.0,accepted,2025-09-04
436,239,36,2025-06-26,100,"Recommended based on excellent credit score, high income",100,0.3,100.0,declined,2025-09-01
437,239,29,2025-06-27,100,"Recommended based on excellent credit score, high income",100,0.3,100.0,expired,2025-09-10
438,240,39,2025-07-23,84,"Recommended based on excellent credit score, high income",100,0.3,100.0,expired,2025-08-23
439,240,42,2025-07-07,100,"Recommended based on excellent credit score, high income",100,0.3,100.0,pending,2025-08-28
440,241,18,2025-06-12,100,"Recommended based on excellent credit score, high income",100,0.53,100.0,pending,2025-08-12
441,241,3,2025-07-15,100,"Recommended based on excellent credit score, high income",100,0.53,100.0,pending,2025-08-17
442,242,23,2025-07-25,100,Recommended based on stable income,100,0.5,66.67,declined,2025-08-26
443,242,47,2025-07-13,87,Recommended based on stable income,100,0.5,66.67,accepted,2025-08-22
444,243,50,2025-07-06,100,"Recommended based on good credit score, stable income",100,0.1674,92.86,accepted,2025-09-04
445,244,40,2025-06-17,100,"Recommended based on excellent credit score, high income",100,0.2394,90.0,pending,2025-09-02
446,244,13,2025-06-12,100,"Recommended based on excellent credit score, high income",100,0.2394,90.0,pending,2025-09-18
447,244,17,2025-06-15,100,"Recommended based on excellent credit score, high income",100,0.2394,90.0,declined,2025-09-24
448,245,49,2025-07-18,97,"Recommended based on excellent credit score, high income",100,0.1047,80.0,accepted,2025-10-06
449,246,3,2025-07-28,100,Standard recommendation,100,0.375,81.82,declined,2025-08-11
450,247,3,2025-06-22,100,Recommended based on stable income,100,0.3,75.0,accepted,2025-10-22
451,247,27,2025-06-29,100,Recommended based on stable income,100,0.3,75.0,pending,2025-08-28
452,248,24,2025-07-10,100,"Recommended based on excellent credit score, high income",100,0.5,85.71,accepted,2025-10-19
453,248,22,2025-06-09,100,"Recommended based on excellent credit score, high income",100,0.5,85.71,declined,2025-10-13
454,248,18,2025-06-28,100,"Recommended based on excellent credit score, high income",100,0.5,85.71,expired,2025-10-27
455,249,47,2025-07-22,100,"Recommended based on good credit score, stable income",100,0.0,100.0,declined,2025-09-23
456,249,32,2025-07-22,86,"Recommended based on good credit score, stable income",100,0.0,100.0,pending,2025-08-08
457,250,38,2025-06-09,100,"Recommended based on excellent credit score, high income",100,0.2497,100.0,pending,2025-08-29
458,251,48,2025-08-01,100,"Recommended based on good credit score, high income",100,0.4216,76.92,pending,2025-09-05
459,251,13,2025-07-20,100,"Recommended based on good credit score, high income",100,0.4216,76.92,pending,2025-08-07
460,252,20,2025-07-18,99,"Recommended based on good credit score, high income",100,0.4165,94.44,pending,2025-10-09
461,252,48,2025-07-01,100,"Recommended based on good credit score, high income",100,0.4165,94.44,accepted,2025-10-04
462,252,18,2025-07-31,98,"Recommended based on good credit score, high income",100,0.4165,94.44,accepted,2025-08-05
463,253,13,2025-06-09,100,"Recommended based on stable income, excellent payment history",100,0.8,100.0,declined,2025-09-26
464,254,50,2025-06-18,100,"Recommended based on excellent credit score, high income",100,0.1968,92.86,accepted,2025-08-12
465,254,32,2025-07-21,100,"Recommended based on excellent credit score, high income",100,0.1968,92.86,pending,2025-09-18
466,254,20,2025-06-10,100,"Recommended based on excellent credit score, high income",100,0.1968,92.86,expired,2025-10-03
467,255,3,2025-07-26,100,"Recommended based on good credit score, high income",100,0.3,83.33,pending,2025-09-04
468,256,47,2025-07-18,100,Recommended based on low credit utilization,100,0.1,40.0,accepted,2025-09-21
469,256,3,2025-07-04,100,Recommended based on low credit utilization,100,0.1,40.0,accepted,2025-08-07
470,256,34,2025-06-22,93,Recommended based on low credit utilization,100,0.1,40.0,pending,2025-10-27
471,257,10,2025-07-06,100,"Recommended based on good credit score, stable income",100,0.1,85.71,accepted,2025-08-15
472,257,12,2025-06-20,100,"Recommended based on good credit score, stable income",100,0.1,85.71,declined,2025-09-23
473,258,3,2025-07-05,100,Recommended based on low credit utilization,100,0,85.0,pending,2025-09-03
474,258,50,2025-07-10,84,Recommended based on low credit utilization,100,0,85.0,pending,2025-08-10
475,259,3,2025-07-25,100,Standard recommendation,100,0.8,62.5,pending,2025-10-01
476,260,50,2025-06-05,94,Standard recommendation,100,0.3,80.0,accepted,2025-10-23
477,261,5,2025-06-18,100,"Recommended based on good credit score, stable income",100,0.1575,85.71,declined,2025-10-22
478,261,48,2025-06-06,85,"Recommended based on good credit score, stable income",100,0.1575,85.71,pending,2025-08-25
479,262,12,2025-06-22,100,Recommended based on stable income,100,0.5,75.0,accepted,2025-10-19
480,262,40,2025-07-02,79,Recommended based on stable income,100,0.5,75.0,declined,2025-08-04
481,262,23,2025-07-15,100,Recommended based on stable income,100,0.5,75.0,declined,2025-09-27
482,263,47,2025-06-27,100,Recommended based on low credit utilization,100,0.0,50.0,declined,2025-09-12
483,264,48,2025-06-26,76,"Recommended based on stable income, low credit utilization",100,0.1,66.67,pending,2025-10-22
484,264,3,2025-06-18,100,"Recommended based on stable income, low credit utilization",100,0.1,66.67,pending,2025-09-08
485,265,30,2025-07-25,95,"Recommended based on excellent credit score, stable income",100,0.2633,91.67,declined,2025-08-11
486,265,27,2025-07-20,100,"Recommended based on excellent credit score, stable income",100,0.2633,91.67,accepted,2025-10-06
487,265,44,2025-07-28,100,"Recommended based on excellent credit score, stable income",100,0.2633,91.67,pending,2025-08-11
488,266,13,2025-06-25,100,Recommended based on high income,100,0.8,75.0,pending,2025-08-16
489,266,3,2025-07-24,100,Recommended based on high income,100,0.8,75.0,pending,2025-09-30
490,267,3,2025-07-06,100,Standard recommendation,100,0.3,66.67,declined,2025-10-18
491,268,50,2025-07-14,100,"Recommended based on excellent credit score, high income",100,0.2175,93.33,pending,2025-08-03
492,268,48,2025-06-14,100,"Recommended based on excellent credit score, high income",100,0.2175,93.33,declined,2025-10-06
493,269,40,2025-06-20,100,"Recommended based on excellent credit score, high income",100,0.0571,92.86,pending,2025-08-07
494,269,7,2025-06-05,100,"Recommended based on excellent credit score, high income",100,0.0571,92.86,pending,2025-10-22
495,269,50,2025-06-04,100,"Recommended based on excellent credit score, high income",100,0.0571,92.86,pending,2025-09-01
496,269,24,2025-07-31,80,"Recommended based on excellent credit score, high income",100,0.0571,92.86,accepted,2025-09-13
497,270,5,2025-07-03,97,"Recommended based on stable income, low credit utilization",100,0.1868,72.73,pending,2025-09-14
498,271,8,2025-07-12,100,"Recommended based on good credit score, stable income",100,0.3,100.0,accepted,2025-09-23
499,271,7,2025-07-21,96,"Recommended based on good credit score, stable income",100,0.3,100.0,pending,2025-09-07
500,272,40,2025-07-22,90,"Recommended based on stable income, low credit utilization",100,0.1,80.0,pending,2025-08-19
501,272,50,2025-07-04,100,"Recommended based on stable income, low credit utilization",100,0.1,80.0,pending,2025-10-01
502,273,13,2025-07-20,89,Recommended based on low credit utilization,100,0.1,60.0,pending,2025-09-10
503,273,28,2025-06-06,100,Recommended based on low credit utilization,100,0.1,60.0,expired,2025-08-15
504,274,33,2025-07-03,89,Recommended based on stable income,100,0.5981,72.73,accepted,2025-08-10
505,274,5,2025-06-23,100,Recommended based on stable income,100,0.5981,72.73,pending,2025-10-21
506,275,23,2025-07-10,80,Recommended based on stable income,100,0.4964,55.56,pending,2025-08-25
507,276,45,2025-06-04,100,"Recommended based on excellent credit score, high income",100,0.2314,91.67,accepted,2025-09-15
508,276,48,2025-06-26,100,"Recommended based on excellent credit score, high income",100,0.2314,91.67,pending,2025-09-27
509,276,26,2025-06-19,98,"Recommended based on excellent credit score, high income",100,0.2314,91.67,pending,2025-08-31
510,277,50,2025-07-27,100,"Recommended based on excellent credit score, high income",100,0.1686,93.75,pending,2025-10-23
511,277,27,2025-07-26,100,"Recommended based on excellent credit score, high income",100,0.1686,93.75,declined,2025-09-27
512,278,50,2025-06-16,79,Standard recommendation,100,0.3,87.5,pending,2025-08-02
513,279,48,2025-07-24,100,Recommended based on high income,100,0.8,83.33,pending,2025-10-26
514,280,34,2025-06-15,96,Recommended based on stable income,100,0.3,75.0,pending,2025-08-07
515,280,47,2025-06-21,100,Recommended based on stable income,100,0.3,75.0,accepted,2025-10-24
516,280,13,2025-07-27,88,Recommended based on stable income,100,0.3,75.0,declined,2025-10-19
517,281,34,2025-07-14,100,"Recommended based on good credit score, high income",100,0.3,87.5,pending,2025-08-29
518,282,3,2025-07-30,100,Recommended based on high income,100,0.4019,72.73,declined,2025-10-08
519,283,25,2025-07-22,73,"Recommended based on good credit score, high income",100,0.5,85.71,declined,2025-09-08
520,284,7,2025-07-13,88,Standard recommendation,100,0.3,85.71,expired,2025-10-14
521,285,47,2025-07-30,100,Recommended based on low credit utilization,100,0.1,66.67,declined,2025-10-11
522,285,23,2025-08-01,100,Recommended based on low credit utilization,100,0.1,66.67,pending,2025-10-20
523,285,28,2025-06-19,98,Recommended based on low credit utilization,100,0.1,66.67,declined,2025-09-18
524,286,5,2025-06-29,100,Standard recommendation,100,0.3,75.0,declined,2025-10-14
525,287,34,2025-07-06,96,Recommended based on low credit utilization,100,0.1,57.14,declined,2025-10-15
526,288,10,2025-07-24,100,"Recommended based on good credit score, high income",100,0.1,75.0,declined,2025-08-07
527,289,47,2025-07-02,100,"Recommended based on good credit score, excellent payment history",100,0.5,100.0,declined,2025-08-08
528,289,23,2025-07-23,87,"Recommended based on good credit score, excellent payment history",100,0.5,100.0,accepted,2025-09-27
529,290,8,2025-07-20,86,"Recommended based on stable income, low credit utilization",100,0.1766,72.73,pending,2025-10-20
530,290,3,2025-06-16,100,"Recommended based on stable income, low credit utilization",100,0.1766,72.73,pending,2025-08-30
531,291,13,2025-06-16,100,"Recommended based on excellent credit score, high income",100,0.2472,88.89,accepted,2025-09-05
532,291,47,2025-08-01,100,"Recommended based on excellent credit score, high income",100,0.2472,88.89,accepted,2025-09-10
533,291,31,2025-07-14,100,"Recommended based on excellent credit score, high income",100,0.2472,88.89,pending,2025-09-30
534,292,47,2025-07-17,100,"Recommended based on good credit score, high income",100,0.3,88.89,accepted,2025-10-18
535,292,13,2025-07-11,100,"Recommended based on good credit score, high income",100,0.3,88.89,pending,2025-09-04
536,292,50,2025-06-19,100,"Recommended based on good credit score, high income",100,0.3,88.89,accepted,2025-10-03
537,293,3,2025-06-14,100,Standard recommendation,100,0.3,33.33,accepted,2025-09-01
538,294,27,2025-07-11,100,"Recommended based on good credit score, stable income",100,0.1,100.0,declined,2025-08-28
539,294,10,2025-07-17,97,"Recommended based on good credit score, stable income",100,0.1,100.0,declined,2025-10-14
540,294,2,2025-06-07,100,"Recommended based on good credit score, stable income",100,0.1,100.0,declined,2025-09-06
541,295,47,2025-06-14,100,Recommended based on low credit utilization,100,0.0,62.5,expired,2025-10-12
542,295,34,2025-07-13,94,Recommended based on low credit utilization,100,0.0,62.5,pending,2025-09-28
543,295,5,2025-06-24,100,Recommended based on low credit utilization,100,0.0,62.5,declined,2025-10-27
544,296,3,2025-07-27,100,Recommended based on low credit utilization,100,0.1,50.0,declined,2025-09-15
545,297,34,2025-07-08,98,Recommended based on stable income,100,0.3,75.0,accepted,2025-08-10
546,297,3,2025-06-24,100,Recommended based on stable income,100,0.3,75.0,declined,2025-10-28
547,297,23,2025-07-14,97,Recommended based on stable income,100,0.3,75.0,accepted,2025-08-06
548,298,50,2025-07-06,100,"Recommended based on good credit score, stable income",100,0.0,85.71,expired,2025-09-17
549,299,41,2025-06-26,93,"Recommended based on good credit score, high income",100,0.137,76.92,accepted,2025-09-22
550,300,20,2025-06-08,96,"Recommended based on good credit score, high income",100,0.1328,94.12,declined,2025-08-25
551,301,5,2025-07-23,100,Recommended based on stable income,100,0.4298,75.0,declined,2025-10-16
552,301,48,2025-07-07,91,Recommended based on stable income,100,0.4298,75.0,pending,2025-08-14
553,301,40,2025-07-12,99,Recommended based on stable income,100,0.4298,75.0,declined,2025-08-07
554,301,3,2025-06-04,100,Recommended based on stable income,100,0.4298,75.0,declined,2025-09-02
555,302,13,2025-06-03,100,Standard recommendation,100,0.3131,80.0,accepted,2025-09-04
556,302,28,2025-07-05,100,Standard recommendation,100,0.3131,80.0,pending,2025-09-08
557,303,23,2025-07-07,96,"Recommended based on stable income, low credit utilization",100,0.0938,68.75,pending,2025-09-08
558,303,13,2025-06-17,97,"Recommended based on stable income, low credit utilization",100,0.0938,68.75,expired,2025-09-03
559,304,27,2025-06-29,94,Recommended based on stable income,100,0.3961,71.43,accepted,2025-08-24
560,304,5,2025-06-17,100,Recommended based on stable income,100,0.3961,71.43,declined,2025-10-28
561,305,34,2025-06-29,100,"Recommended based on excellent credit score, high income",100,0.0351,91.67,expired,2025-10-09
562,305,20,2025-07-06,92,"Recommended based on excellent credit score, high income",100,0.0351,91.67,accepted,2025-09-20
563,306,3,2025-08-01,100,Recommended based on low credit utilization,100,0.1,42.86,accepted,2025-10-02
564,307,23,2025-06-06,97,Recommended based on stable income,100,0.5,71.43,pending,2025-10-08
565,307,47,2025-07-15,100,Recommended based on stable income,100,0.5,71.43,expired,2025-09-18
566,308,1,2025-06-18,100,"Recommended based on excellent credit score, high income",100,0.1064,100.0,accepted,2025-09-21
567,308,30,2025-07-21,100,"Recommended based on excellent credit score, high income",100,0.1064,100.0,declined,2025-10-20
568,308,27,2025-07-19,100,"Recommended based on excellent credit score, high income",100,0.1064,100.0,pending,2025-09-25
569,309,34,2025-07-16,100,"Recommended based on good credit score, stable income",100,0.3,100.0,pending,2025-08-30
570,309,10,2025-07-06,100,"Recommended based on good credit score, stable income",100,0.3,100.0,declined,2025-08-28
571,309,48,2025-06-19,92,"Recommended based on good credit score, stable income",100,0.3,100.0,pending,2025-10-24
572,310,14,2025-07-09,100,"Recommended based on excellent credit score, high income",100,0.1776,100.0,pending,2025-08-11
573,310,19,2025-07-12,100,"Recommended based on excellent credit score, high income",100,0.1776,100.0,pending,2025-09-04
574,310,24,2025-07-02,100,"Recommended based on excellent credit score, high income",100,0.1776,100.0,pending,2025-08-28
575,311,3,2025-06-16,100,Standard recommendation,100,0.3,75.0,pending,2025-10-17
576,312,41,2025-07-16,87,"Recommended based on excellent credit score, high income",100,0.059,100.0,accepted,2025-09-09
577,312,45,2025-06-29,98,"Recommended based on excellent credit score, high income",100,0.059,100.0,pending,2025-10-05
578,313,3,2025-07-13,100,Recommended based on low credit utilization,100,0.2961,63.64,pending,2025-09-23
579,313,34,2025-07-09,99,Recommended based on low credit utilization,100,0.2961,63.64,declined,2025-10-16
580,313,28,2025-07-29,87,Recommended based on low credit utilization,100,0.2961,63.64,pending,2025-09-19
581,314,28,2025-06-12,100,"Recommended based on excellent credit score, high income",100,0.0567,90.91,declined,2025-09-19
582,314,38,2025-07-03,100,"Recommended based on excellent credit score, high income",100,0.0567,90.91,accepted,2025-09-20
583,314,41,2025-06-14,100,"Recommended based on excellent credit score, high income",100,0.0567,90.91,accepted,2025-10-29
584,315,43,2025-06-16,100,"Recommended based on good credit score, stable income",100,0.1,100.0,pending,2025-08-16
585,315,48,2025-07-17,100,"Recommended based on good credit score, stable income",100,0.1,100.0,pending,2025-09-12
586,316,31,2025-07-18,100,Recommended based on stable income,100,0.5653,81.82,pending,2025-10-13
587,317,50,2025-06-28,100,Recommended based on stable income,100,0.3,85.71,pending,2025-08-22
588,317,10,2025-06-15,98,Recommended based on stable income,100,0.3,85.71,declined,2025-10-26
589,318,28,2025-06-12,96,"Recommended based on stable income, low credit utilization",100,0.1,60.0,pending,2025-10-30
590,319,27,2025-07-20,93,"Recommended based on good credit score, stable income",100,0.1,83.33,accepted,2025-10-16
591,319,28,2025-06-08,100,"Recommended based on good credit score, stable income",100,0.1,83.33,pending,2025-09-10
592,320,19,2025-07-09,85,"Recommended based on excellent credit score, stable income",100,0.2118,90.91,declined,2025-10-07
593,321,28,2025-07-09,86,"Recommended based on good credit score, low credit utilization",100,0.1,100.0,accepted,2025-10-01
594,322,8,2025-06-06,100,"Recommended based on good credit score, stable income",100,0.3,83.33,expired,2025-08-28
595,323,10,2025-07-24,100,"Recommended based on excellent credit score, stable income",100,0.1,100.0,accepted,2025-09-13
596,324,34,2025-06-08,100,Recommended based on low credit utilization,100,0.1,80.0,declined,2025-09-10
597,325,5,2025-07-11,100,"Recommended based on good credit score, stable income",100,0.2812,76.92,expired,2025-09-27
598,326,50,2025-06-03,100,"Recommended based on stable income, low credit utilization",100,0.1,83.33,pending,2025-09-15
599,326,3,2025-07-24,100,"Recommended based on stable income, low credit utilization",100,0.1,83.33,pending,2025-08-28
600,327,3,2025-06-23,100,Recommended based on stable income,100,0.3,57.14,declined,2025-09-29
601,328,3,2025-07-07,100,Standard recommendation,100,0.3,83.33,accepted,2025-08-04
602,328,8,2025-07-23,95,Standard recommendation,100,0.3,83.33,accepted,2025-08-14
603,329,3,2025-07-21,100,Recommended based on high income,100,0.3,66.67,accepted,2025-10-07
604,329,28,2025-07-11,100,Recommended based on high income,100,0.3,66.67,pending,2025-09-14
605,330,13,2025-07-14,88,"Recommended based on stable income, low credit utilization",100,0.1,60.0,pending,2025-09-22
606,330,31,2025-06-12,74,"Recommended based on stable income, low credit utilization",100,0.1,60.0,expired,2025-10-27
607,331,23,2025-06-17,90,Recommended based on stable income,100,0.3,66.67,accepted,2025-08-09
608,332,3,2025-06-28,100,Recommended based on stable income,100,0.5428,69.23,declined,2025-08-22
609,333,3,2025-07-19,100,Standard recommendation,100,0.3,85.71,pending,2025-10-26
610,333,50,2025-07-19,93,Standard recommendation,100,0.3,85.71,declined,2025-08-07
611,333,5,2025-07-10,100,Standard recommendation,100,0.3,85.71,accepted,2025-09-30
612,334,31,2025-06-08,98,Recommended based on stable income,100,0.37,76.92,expired,2025-09-22
613,334,27,2025-06-07,100,Recommended based on stable income,100,0.37,76.92,accepted,2025-09-03
614,335,23,2025-07-25,100,"Recommended based on good credit score, high income",100,0.3094,88.89,pending,2025-08-18
615,335,50,2025-07-04,100,"Recommended based on good credit score, high income",100,0.3094,88.89,expired,2025-08-22
616,336,28,2025-06-11,88,Standard recommendation,100,0.8,71.43,expired,2025-09-24
617,336,47,2025-07-02,96,Standard recommendation,100,0.8,71.43,declined,2025-08-02
618,337,7,2025-06-06,100,"Recommended based on excellent credit score, stable income",100,0.1,88.89,declined,2025-10-22
619,337,5,2025-06-03,100,"Recommended based on excellent credit score, stable income",100,0.1,88.89,expired,2025-08-08
620,337,50,2025-06-15,100,"Recommended based on excellent credit score, stable income",100,0.1,88.89,declined,2025-10-18
621,338,7,2025-07-11,100,"Recommended based on excellent credit score, high income",100,0.1227,85.71,pending,2025-09-29
622,339,10,2025-06-09,100,"Recommended based on good credit score, excellent payment history",100,0.5,100.0,declined,2025-10-21
623,339,34,2025-06-09,100,"Recommended based on good credit score, excellent payment history",100,0.5,100.0,pending,2025-08-26
624,340,3,2025-06-27,100,"Recommended based on good credit score, low credit utilization",100,0.1,85.71,pending,2025-08-08
625,340,47,2025-07-30,100,"Recommended based on good credit score, low credit utilization",100,0.1,85.71,pending,2025-10-04
626,340,5,2025-07-01,100,"Recommended based on good credit score, low credit utilization",100,0.1,85.71,accepted,2025-10-22
627,341,2,2025-06-19,100,"Recommended based on good credit score, stable income",100,0.1,100.0,expired,2025-10-14
628,342,20,2025-07-02,100,"Recommended based on excellent credit score, high income",100,0.2308,92.31,declined,2025-08-18
629,342,17,2025-06-12,100,"Recommended based on excellent credit score, high income",100,0.2308,92.31,accepted,2025-08-15
630,343,41,2025-06-14,86,"Recommended based on excellent credit score, high income",100,0.3,100.0,pending,2025-08-26
631,343,28,2025-07-13,100,"Recommended based on excellent credit score, high income",100,0.3,100.0,expired,2025-10-21
632,344,24,2025-07-01,82,Recommended based on stable income,100,0.3,71.43,pending,2025-10-19
633,345,47,2025-06-09,93,Recommended based on low credit utilization,100,0.1,66.67,declined,2025-10-21
634,346,34,2025-06-04,100,Recommended based on stable income,100,0.5,80.0,pending,2025-10-27
635,347,12,2025-07-06,91,Recommended based on low credit utilization,100,0.1,75.0,accepted,2025-09-13
636,347,34,2025-07-17,95,Recommended based on low credit utilization,100,0.1,75.0,pending,2025-08-26
637,348,47,2025-06-09,100,"Recommended based on good credit score, stable income",100,0.5,100.0,pending,2025-08-06
638,348,3,2025-06-25,100,"Recommended based on good credit score, stable income",100,0.5,100.0,declined,2025-10-23
639,349,5,2025-07-07,100,Recommended based on stable income,100,0.3,75.0,declined,2025-10-19
640,349,47,2025-07-28,98,Recommended based on stable income,100,0.3,75.0,declined,2025-10-17
641,349,3,2025-07-15,100,Recommended based on stable income,100,0.3,75.0,pending,2025-08-03
642,349,13,2025-06-05,100,Recommended based on stable income,100,0.3,75.0,accepted,2025-10-29
643,350,47,2025-07-05,100,"Recommended based on good credit score, low credit utilization",100,0.1,87.5,pending,2025-10-19
644,350,3,2025-06-10,100,"Recommended based on good credit score, low credit utilization",100,0.1,87.5,declined,2025-08-21
645,351,3,2025-06-22,97,Standard recommendation,100,0.3,40.0,accepted,2025-09-19
646,352,47,2025-07-30,100,Standard recommendation,100,0.3,42.86,accepted,2025-08-30
647,353,23,2025-07-09,100,"Recommended based on good credit score, high income",100,0.3,76.92,accepted,2025-08-15
648,353,34,2025-06-03,100,"Recommended based on good credit score, high income",100,0.3,76.92,expired,2025-08-20
649,353,2,2025-07-04,100,"Recommended based on good credit score, high income",100,0.3,76.92,accepted,2025-08-10
650,353,3,2025-06-26,100,"Recommended based on good credit score, high income",100,0.3,76.92,accepted,2025-09-09
651,354,35,2025-06-04,94,"Recommended based on excellent credit score, high income",100,0.2134,100.0,accepted,2025-08-05
652,354,34,2025-06-27,100,"Recommended based on excellent credit score, high income",100,0.2134,100.0,expired,2025-08-15
653,355,3,2025-07-13,90,Recommended based on low credit utilization,100,0.1,66.67,declined,2025-09-04
654,356,50,2025-07-21,100,"Recommended based on good credit score, stable income",100,0.0,85.71,pending,2025-10-06
655,356,2,2025-07-02,100,"Recommended based on good credit score, stable income",100,0.0,85.71,declined,2025-10-20
656,356,44,2025-07-25,90,"Recommended based on good credit score, stable income",100,0.0,85.71,declined,2025-08-04
657,357,13,2025-06-05,100,"Recommended based on excellent credit score, high income",100,0.2099,100.0,pending,2025-08-02
658,357,38,2025-07-09,100,"Recommended based on excellent credit score, high income",100,0.2099,100.0,declined,2025-08-22
659,358,22,2025-07-04,100,"Recommended based on excellent credit score, high income",100,0.1505,100.0,pending,2025-09-26
660,359,31,2025-07-14,100,"Recommended based on good credit score, stable income",100,0.1,75.0,pending,2025-08-20
661,359,34,2025-07-28,100,"Recommended based on good credit score, stable income",100,0.1,75.0,expired,2025-09-24
662,360,34,2025-07-27,100,Standard recommendation,100,0.3,71.43,expired,2025-08-31
663,360,47,2025-07-25,96,Standard recommendation,100,0.3,71.43,declined,2025-10-30
664,360,12,2025-07-11,96,Standard recommendation,100,0.3,71.43,declined,2025-08-05
665,360,3,2025-07-07,100,Standard recommendation,100,0.3,71.43,pending,2025-09-27
666,361,40,2025-07-30,100,"Recommended based on excellent credit score, high income",100,0.1436,86.96,pending,2025-10-06
667,362,10,2025-07-18,100,"Recommended based on good credit score, stable income",100,0.1,75.0,accepted,2025-08-25
668,363,12,2025-07-11,100,"Recommended based on good credit score, excellent payment history",100,0.364,100.0,declined,2025-08-26
669,364,50,2025-06-26,94,Recommended based on high income,100,0.5,75.0,expired,2025-10-11
670,365,16,2025-06-16,85,"Recommended based on good credit score, low credit utilization",100,0.1,100.0,accepted,2025-10-17
671,366,13,2025-06-03,100,"Recommended based on good credit score, low credit utilization",100,0.1,84.62,declined,2025-10-09
672,367,3,2025-07-13,100,Recommended based on stable income,100,0.3,71.43,accepted,2025-09-07
673,368,50,2025-07-20,100,"Recommended based on excellent credit score, high income",100,0.3,100.0,declined,2025-10-16
674,368,46,2025-07-13,99,"Recommended based on excellent credit score, high income",100,0.3,100.0,accepted,2025-10-22
675,368,33,2025-06-04,98,"Recommended based on excellent credit score, high income",100,0.3,100.0,pending,2025-08-18
676,369,23,2025-06-12,77,Standard recommendation,100,0.375,37.5,pending,2025-10-18
677,370,23,2025-06-13,100,"Recommended based on high income, low credit utilization",100,0.0,66.67,expired,2025-10-23
678,371,33,2025-06-11,100,"Recommended based on good credit score, stable income",100,0.0,83.33,expired,2025-10-04
679,371,43,2025-06-20,100,"Recommended based on good credit score, stable income",100,0.0,83.33,accepted,2025-09-13
680,371,49,2025-06-04,100,"Recommended based on good credit score, stable income",100,0.0,83.33,accepted,2025-08-29
681,371,8,2025-07-05,100,"Recommended based on good credit score, stable income",100,0.0,83.33,pending,2025-09-26
682,372,23,2025-06-26,91,"Recommended based on good credit score, low credit utilization",100,0.1,87.5,pending,2025-09-28
683,372,43,2025-06-13,100,"Recommended based on good credit score, low credit utilization",100,0.1,87.5,pending,2025-08-06
684,373,3,2025-07-30,100,Recommended based on low credit utilization,100,0.1,57.14,expired,2025-08-27
685,374,28,2025-06-28,100,"Recommended based on good credit score, high income",100,0.0438,71.43,pending,2025-09-23
686,374,32,2025-07-13,98,"Recommended based on good credit score, high income",100,0.0438,71.43,accepted,2025-08-12
687,374,14,2025-07-07,90,"Recommended based on good credit score, high income",100,0.0438,71.43,pending,2025-10-07
688,375,13,2025-07-10,100,"Recommended based on good credit score, stable income",100,0.3,100.0,declined,2025-09-19
689,375,9,2025-07-06,93,"Recommended based on good credit score, stable income",100,0.3,100.0,accepted,2025-09-08
690,376,28,2025-07-28,100,"Recommended based on excellent credit score, high income",100,0.4545,100.0,declined,2025-10-21
691,376,18,2025-07-21,100,"Recommended based on excellent credit score, high income",100,0.4545,100.0,pending,2025-08-14
692,377,50,2025-07-06,100,"Recommended based on excellent credit score, low credit utilization",100,0.0,100.0,accepted,2025-10-30
693,378,40,2025-07-10,100,Recommended based on stable income,100,0.3,71.43,pending,2025-08-27
694,378,26,2025-06-25,95,Recommended based on stable income,100,0.3,71.43,accepted,2025-09-04
695,378,27,2025-07-03,99,Recommended based on stable income,100,0.3,71.43,pending,2025-09-05
696,379,10,2025-06-13,100,"Recommended based on stable income, low credit utilization",100,0.2874,66.67,declined,2025-10-09
697,379,44,2025-06-27,94,"Recommended based on stable income, low credit utilization",100,0.2874,66.67,accepted,2025-08-14
698,379,7,2025-06-14,91,"Recommended based on stable income, low credit utilization",100,0.2874,66.67,accepted,2025-09-05
699,379,48,2025-07-19,100,"Recommended based on stable income, low credit utilization",100,0.2874,66.67,pending,2025-08-16
700,380,16,2025-06-09,74,"Recommended based on good credit score, excellent payment history",100,0.3,100.0,pending,2025-08-13
701,380,34,2025-06-15,100,"Recommended based on good credit score, excellent payment history",100,0.3,100.0,accepted,2025-10-21
702,381,32,2025-07-22,100,"Recommended based on excellent credit score, high income",100,0.145,83.33,pending,2025-10-24
703,382,48,2025-07-15,100,"Recommended based on excellent credit score, high income",100,0.4325,84.62,declined,2025-09-06
704,382,3,2025-07-14,100,"Recommended based on excellent credit score, high income",100,0.4325,84.62,pending,2025-08-25
705,383,3,2025-07-09,100,Recommended based on low credit utilization,100,0.1,33.33,pending,2025-10-28
706,384,48,2025-06-13,100,"Recommended based on excellent credit score, high income",100,0.1,100.0,accepted,2025-09-01
707,384,22,2025-06-25,100,"Recommended based on excellent credit score, high income",100,0.1,100.0,declined,2025-09-12
708,384,36,2025-07-25,100,"Recommended based on excellent credit score, high income",100,0.1,100.0,accepted,2025-08-24
709,385,31,2025-08-01,100,"Recommended based on excellent credit score, high income",100,0.0903,88.89,declined,2025-10-30
710,386,6,2025-07-03,100,"Recommended based on excellent credit score, high income",100,0.325,91.67,pending,2025-08-14
711,386,22,2025-06-20,100,"Recommended based on excellent credit score, high income",100,0.325,91.67,accepted,2025-08-03
712,386,17,2025-06-29,98,"Recommended based on excellent credit score, high income",100,0.325,91.67,pending,2025-10-25
713,387,3,2025-06-13,100,"Recommended based on good credit score, stable income",100,0.3992,100.0,pending,2025-10-07
714,387,45,2025-07-28,78,"Recommended based on good credit score, stable income",100,0.3992,100.0,pending,2025-10-06
715,388,40,2025-06-24,96,"Recommended based on stable income, low credit utilization",100,0.2064,68.75,pending,2025-09-20
716,388,12,2025-07-04,100,"Recommended based on stable income, low credit utilization",100,0.2064,68.75,expired,2025-08-20
717,388,47,2025-06-16,100,"Recommended based on stable income, low credit utilization",100,0.2064,68.75,accepted,2025-10-14
718,389,12,2025-06-06,89,"Recommended based on stable income, low credit utilization",100,0.2433,75.0,pending,2025-10-26
719,389,23,2025-06-21,100,"Recommended based on stable income, low credit utilization",100,0.2433,75.0,declined,2025-09-13
720,389,13,2025-06-10,100,"Recommended based on stable income, low credit utilization",100,0.2433,75.0,pending,2025-09-21
721,389,3,2025-07-09,100,"Recommended based on stable income, low credit utilization",100,0.2433,75.0,pending,2025-10-26
722,390,19,2025-07-02,89,"Recommended based on good credit score, stable income",100,0.0,100.0,accepted,2025-08-05
723,390,33,2025-06-06,99,"Recommended based on good credit score, stable income",100,0.0,100.0,declined,2025-10-09
724,390,32,2025-07-17,100,"Recommended based on good credit score, stable income",100,0.0,100.0,pending,2025-10-27
725,391,31,2025-06-19,100,"Recommended based on excellent credit score, high income",100,0.1926,100.0,pending,2025-09-15
726,391,7,2025-06-08,100,"Recommended based on excellent credit score, high income",100,0.1926,100.0,accepted,2025-09-28
727,392,33,2025-06-16,92,Recommended based on stable income,100,0.8,66.67,pending,2025-10-18
728,392,50,2025-06-13,100,Recommended based on stable income,100,0.8,66.67,pending,2025-09-16
729,393,20,2025-06-18,91,"Recommended based on good credit score, high income",100,0.3684,87.5,expired,2025-09-12
730,394,18,2025-06-07,96,"Recommended based on excellent credit score, high income",100,0.1536,100.0,declined,2025-10-03
731,395,3,2025-06-08,100,Recommended based on stable income,100,0.3,83.33,pending,2025-09-27
732,396,47,2025-06-20,100,"Recommended based on stable income, low credit utilization",100,0.0,57.14,accepted,2025-09-08
733,396,28,2025-07-19,100,"Recommended based on stable income, low credit utilization",100,0.0,57.14,declined,2025-10-22
734,397,45,2025-06-22,100,"Recommended based on excellent credit score, stable income",100,0.1,100.0,accepted,2025-10-07
735,398,3,2025-07-12,97,Standard recommendation,100,0.5813,72.73,pending,2025-08-13
736,399,23,2025-07-12,98,"Recommended based on good credit score, stable income",100,0.1,100.0,pending,2025-09-01
737,399,5,2025-06-25,100,"Recommended based on good credit score, stable income",100,0.1,100.0,pending,2025-09-28
738,400,23,2025-07-14,86,Recommended based on stable income,100,0.3,50.0,pending,2025-08-24
739,400,47,2025-07-15,87,Recommended based on stable income,100,0.3,50.0,declined,2025-08-14
740,401,44,2025-07-05,92,"Recommended based on good credit score, high income",100,0.8,100.0,pending,2025-09-12
741,401,3,2025-07-28,100,"Recommended based on good credit score, high income",100,0.8,100.0,pending,2025-08-08
742,402,9,2025-06-30,89,"Recommended based on good credit score, stable income",100,0.5,100.0,expired,2025-08-23
743,403,33,2025-07-24,100,"Recommended based on excellent credit score, stable income",100,0.3,100.0,declined,2025-09-30
744,404,3,2025-07-28,100,Standard recommendation,100,0.3,62.5,accepted,2025-10-12
745,405,22,2025-07-11,80,"Recommended based on good credit score, high income",100,0.3,93.75,pending,2025-09-22
746,405,31,2025-06-11,100,"Recommended based on good credit score, high income",100,0.3,93.75,pending,2025-09-07
747,406,48,2025-06-11,100,Recommended based on stable income,100,0.4166,70.0,pending,2025-10-08
748,407,3,2025-06-06,100,Recommended based on stable income,100,0.3,69.23,expired,2025-10-05
749,407,23,2025-07-15,100,Recommended based on stable income,100,0.3,69.23,declined,2025-10-21
750,407,47,2025-07-29,100,Recommended based on stable income,100,0.3,69.23,pending,2025-08-09
751,407,34,2025-07-28,98,Recommended based on stable income,100,0.3,69.23,accepted,2025-10-28
752,408,3,2025-06-11,100,"Recommended based on good credit score, stable income",100,0.1,100.0,expired,2025-08-11
753,408,34,2025-07-04,100,"Recommended based on good credit score, stable income",100,0.1,100.0,pending,2025-09-24
754,409,8,2025-07-23,100,"Recommended based on excellent credit score, stable income",100,0.3,100.0,declined,2025-08-05
755,409,46,2025-07-25,89,"Recommended based on excellent credit score, stable income",100,0.3,100.0,accepted,2025-08-07
756,410,13,2025-06-12,100,"Recommended based on excellent credit score, high income",100,0.1516,95.83,expired,2025-08-24
757,410,31,2025-06-21,100,"Recommended based on excellent credit score, high income",100,0.1516,95.83,pending,2025-08-07
758,411,3,2025-07-01,100,"Recommended based on stable income, excellent payment history",100,0.3,93.33,expired,2025-10-28
759,412,5,2025-07-29,100,"Recommended based on good credit score, low credit utilization",100,0.2224,84.62,declined,2025-09-19
760,412,43,2025-07-04,97,"Recommended based on good credit score, low credit utilization",100,0.2224,84.62,declined,2025-08-18
761,413,12,2025-07-16,93,Standard recommendation,100,0.3,80.0,declined,2025-09-11
762,414,5,2025-06-18,100,Recommended based on excellent payment history,100,0.5,100.0,declined,2025-08-14
763,414,13,2025-07-04,100,Recommended based on excellent payment history,100,0.5,100.0,pending,2025-08-11
764,415,13,2025-06-17,100,Recommended based on stable income,100,0.3,75.0,expired,2025-10-21
765,415,3,2025-06-07,100,Recommended based on stable income,100,0.3,75.0,accepted,2025-08-26
766,416,33,2025-06-22,100,"Recommended based on excellent credit score, high income",100,0.3078,90.0,pending,2025-09-12
767,417,3,2025-06-07,100,Standard recommendation,100,0.3,40.0,pending,2025-08-22
768,418,3,2025-07-24,100,Standard recommendation,100,0.6448,71.43,pending,2025-10-08
769,419,23,2025-06-07,99,Recommended based on stable income,100,0.6008,72.73,pending,2025-08-04
770,419,5,2025-07-23,91,Recommended based on stable income,100,0.6008,72.73,pending,2025-08-26
771,419,3,2025-07-28,100,Recommended based on stable income,100,0.6008,72.73,expired,2025-08-03
772,420,3,2025-07-08,100,Recommended based on low credit utilization,100,0.1,57.14,pending,2025-08-15
773,421,13,2025-06-03,100,"Recommended based on good credit score, stable income",100,0.4442,88.89,pending,2025-10-13
774,421,48,2025-06-12,100,"Recommended based on good credit score, stable income",100,0.4442,88.89,pending,2025-09-09
775,421,3,2025-07-13,100,"Recommended based on good credit score, stable income",100,0.4442,88.89,declined,2025-09-03
776,422,12,2025-07-03,100,"Recommended based on excellent credit score, high income",100,0.0,83.33,pending,2025-09-07
777,422,10,2025-07-23,100,"Recommended based on excellent credit score, high income",100,0.0,83.33,pending,2025-10-14
778,423,7,2025-06-15,100,"Recommended based on good credit score, excellent payment history",100,0.3,100.0,expired,2025-08-15
779,424,50,2025-07-14,100,"Recommended based on good credit score, high income",100,0.3,83.33,accepted,2025-09-02
780,425,47,2025-06-26,100,"Recommended based on good credit score, high income",100,0.3,70.0,pending,2025-09-17
781,425,3,2025-06-14,100,"Recommended based on good credit score, high income",100,0.3,70.0,declined,2025-10-12
782,425,27,2025-06-03,100,"Recommended based on good credit score, high income",100,0.3,70.0,accepted,2025-10-14
783,426,16,2025-07-30,100,"Recommended based on excellent credit score, high income",100,0.3107,95.83,declined,2025-10-18
784,426,28,2025-07-02,100,"Recommended based on excellent credit score, high income",100,0.3107,95.83,declined,2025-08-18
785,427,30,2025-06-11,81,Recommended based on stable income,100,0.5333,80.0,declined,2025-09-24
786,428,18,2025-06-18,100,Recommended based on stable income,100,0.3743,66.67,pending,2025-09-06
787,428,40,2025-07-15,81,Recommended based on stable income,100,0.3743,66.67,declined,2025-08-15
788,428,48,2025-07-06,89,Recommended based on stable income,100,0.3743,66.67,pending,2025-09-04
789,429,22,2025-07-30,76,"Recommended based on good credit score, high income",100,0.1,87.5,accepted,2025-09-22
790,430,22,2025-06-10,100,"Recommended based on excellent credit score, high income",100,0.1397,87.5,pending,2025-09-02
791,431,47,2025-07-15,81,Standard recommendation,100,0.3,66.67,accepted,2025-08-21
792,431,3,2025-07-30,100,Standard recommendation,100,0.3,66.67,declined,2025-08-17
793,432,47,2025-06-29,100,Recommended based on stable income,100,0.3,20.0,declined,2025-08-08
794,433,13,2025-07-02,100,Recommended based on low credit utilization,100,0.2043,71.43,accepted,2025-09-09
795,433,12,2025-06-28,95,Recommended based on low credit utilization,100,0.2043,71.43,declined,2025-08-20
796,434,3,2025-06-14,100,Standard recommendation,100,0.3,37.5,pending,2025-09-16
797,434,28,2025-06-13,89,Standard recommendation,100,0.3,37.5,accepted,2025-10-11
798,434,23,2025-08-01,82,Standard recommendation,100,0.3,37.5,pending,2025-09-14
799,434,47,2025-06-14,94,Standard recommendation,100,0.3,37.5,declined,2025-10-13
800,435,38,2025-06-23,100,"Recommended based on excellent credit score, high income",100,0.1798,85.71,pending,2025-08-22
801,435,39,2025-07-19,100,"Recommended based on excellent credit score, high income",100,0.1798,85.71,accepted,2025-10-17
802,436,10,2025-06-21,100,"Recommended based on excellent credit score, high income",100,0.216,91.67,pending,2025-08-07
803,437,22,2025-06-20,86,"Recommended based on excellent credit score, high income",100,0.1,87.5,accepted,2025-09-26
804,438,23,2025-06-19,100,"Recommended based on good credit score, high income",100,0.3335,87.5,pending,2025-09-25
805,438,13,2025-07-21,100,"Recommended based on good credit score, high income",100,0.3335,87.5,pending,2025-09-16
806,439,48,2025-07-10,97,Recommended based on stable income,100,0.3688,81.82,pending,2025-08-19
807,440,3,2025-07-11,100,"Recommended based on stable income, low credit utilization",100,0.1,66.67,declined,2025-09-26
808,441,13,2025-06-19,100,"Recommended based on stable income, low credit utilization",100,0.2472,69.23,declined,2025-10-15
809,441,9,2025-07-10,97,"Recommended based on stable income, low credit utilization",100,0.2472,69.23,expired,2025-09-09
810,441,7,2025-06-04,99,"Recommended based on stable income, low credit utilization",100,0.2472,69.23,declined,2025-10-25
811,442,39,2025-06-20,92,"Recommended based on excellent credit score, high income",100,0.1,100.0,expired,2025-10-03
812,442,31,2025-06-05,99,"Recommended based on excellent credit score, high income",100,0.1,100.0,accepted,2025-10-11
813,443,3,2025-07-24,100,Standard recommendation,100,0.5,66.67,pending,2025-08-22
814,444,27,2025-06-21,100,"Recommended based on excellent credit score, high income",100,0.1878,93.75,expired,2025-09-16
815,444,20,2025-06-19,100,"Recommended based on excellent credit score, high income",100,0.1878,93.75,accepted,2025-08-28
816,445,3,2025-07-16,100,Standard recommendation,100,0.3,71.43,declined,2025-10-10
817,446,45,2025-06-29,100,"Recommended based on excellent credit score, high income",100,0.3,100.0,accepted,2025-10-09
818,446,19,2025-07-18,97,"Recommended based on excellent credit score, high income",100,0.3,100.0,expired,2025-10-07
819,447,13,2025-07-14,100,Recommended based on excellent payment history,100,0.3,100.0,pending,2025-09-07
820,448,13,2025-06-27,100,Standard recommendation,100,0.5267,83.33,declined,2025-09-24
821,449,46,2025-06-23,100,"Recommended based on excellent credit score, high income",100,0.5,100.0,pending,2025-10-23
822,450,46,2025-07-22,100,"Recommended based on excellent credit score, high income",100,0.1,100.0,accepted,2025-10-10
823,450,42,2025-07-25,100,"Recommended based on excellent credit score, high income",100,0.1,100.0,pending,2025-10-16
824,451,22,2025-07-13,80,"Recommended based on excellent credit score, high income",100,0.272,91.67,pending,2025-08-23
825,451,34,2025-07-18,100,"Recommended based on excellent credit score, high income",100,0.272,91.67,pending,2025-08-29
826,452,27,2025-07-22,100,"Recommended based on good credit score, high income",100,0.3327,78.95,declined,2025-09-02
827,452,3,2025-06-08,100,"Recommended based on good credit score, high income",100,0.3327,78.95,accepted,2025-10-23
828,453,43,2025-06-20,100,"Recommended based on good credit score, high income",100,0.5,100.0,pending,2025-08-04
829,453,45,2025-07-14,96,"Recommended based on good credit score, high income",100,0.5,100.0,pending,2025-08-30
830,454,3,2025-06-03,97,Recommended based on low credit utilization,100,0.1,50.0,pending,2025-10-11
831,455,28,2025-07-10,100,"Recommended based on good credit score, stable income",100,0.3,100.0,accepted,2025-09-27
832,455,10,2025-06-16,100,"Recommended based on good credit score, stable income",100,0.3,100.0,accepted,2025-09-25
833,455,12,2025-07-05,100,"Recommended based on good credit score, stable income",100,0.3,100.0,pending,2025-10-06
834,456,45,2025-07-12,100,"Recommended based on excellent credit score, high income",100,0.4825,95.45,accepted,2025-08-29
835,456,16,2025-07-26,100,"Recommended based on excellent credit score, high income",100,0.4825,95.45,accepted,2025-08-08
836,457,5,2025-06-09,100,Recommended based on low credit utilization,100,0,85.0,pending,2025-10-26
837,458,3,2025-06-05,100,"Recommended based on good credit score, low credit utilization",100,0.205,90.0,pending,2025-08-06
838,459,8,2025-06-19,100,Recommended based on stable income,100,0.5,71.43,accepted,2025-10-05
839,459,40,2025-07-24,100,Recommended based on stable income,100,0.5,71.43,expired,2025-09-06
840,459,12,2025-06-19,100,Recommended based on stable income,100,0.5,71.43,pending,2025-08-25
841,460,8,2025-06-21,100,"Recommended based on stable income, low credit utilization",100,0.1,66.67,pending,2025-08-21
842,461,13,2025-06-22,100,"Recommended based on stable income, excellent payment history",100,0.5695,100.0,pending,2025-10-29
843,461,3,2025-06-25,100,"Recommended based on stable income, excellent payment history",100,0.5695,100.0,pending,2025-10-21
844,462,5,2025-06-17,100,"Recommended based on good credit score, excellent payment history",100,0.5,100.0,pending,2025-08-04
845,462,23,2025-06-29,92,"Recommended based on good credit score, excellent payment history",100,0.5,100.0,pending,2025-09-20
846,463,47,2025-06-24,100,"Recommended based on good credit score, excellent payment history",100,0.3,91.67,pending,2025-08-03
847,463,3,2025-06-17,100,"Recommended based on good credit score, excellent payment history",100,0.3,91.67,declined,2025-08-10
848,464,50,2025-06-18,100,"Recommended based on stable income, low credit utilization",100,0.0,60.0,pending,2025-10-28
849,464,47,2025-06-03,100,"Recommended based on stable income, low credit utilization",100,0.0,60.0,declined,2025-10-01
850,464,5,2025-06-25,100,"Recommended based on stable income, low credit utilization",100,0.0,60.0,declined,2025-10-22
851,465,48,2025-06-25,100,"Recommended based on stable income, low credit utilization",100,0.2211,76.92,pending,2025-09-01
852,465,12,2025-07-26,100,"Recommended based on stable income, low credit utilization",100,0.2211,76.92,declined,2025-09-27
853,465,10,2025-06-05,100,"Recommended based on stable income, low credit utilization",100,0.2211,76.92,pending,2025-10-08
854,466,48,2025-07-16,85,Recommended based on stable income,100,0.3,75.0,declined,2025-10-01
855,466,13,2025-07-03,100,Recommended based on stable income,100,0.3,75.0,expired,2025-10-18
856,467,11,2025-07-12,100,"Recommended based on excellent credit score, high income",100,0.0306,88.89,pending,2025-10-27
857,467,37,2025-07-15,100,"Recommended based on excellent credit score, high income",100,0.0306,88.89,pending,2025-10-15
858,467,18,2025-06-18,100,"Recommended based on excellent credit score, high income",100,0.0306,88.89,declined,2025-08-17
859,467,24,2025-07-24,100,"Recommended based on excellent credit score, high income",100,0.0306,88.89,pending,2025-08-14
860,468,3,2025-06-04,100,Standard recommendation,100,0.5,66.67,expired,2025-08-07
861,468,23,2025-06-27,83,Standard recommendation,100,0.5,66.67,pending,2025-08-27
862,468,47,2025-07-29,100,Standard recommendation,100,0.5,66.67,expired,2025-09-20
863,469,3,2025-06-20,100,"Recommended based on low credit utilization, excellent payment history",100,0.1,100.0,declined,2025-10-30
864,469,13,2025-06-15,100,"Recommended based on low credit utilization, excellent payment history",100,0.1,100.0,declined,2025-10-11
865,469,5,2025-07-23,100,"Recommended based on low credit utilization, excellent payment history",100,0.1,100.0,accepted,2025-09-02
866,470,13,2025-07-27,100,"Recommended based on good credit score, stable income",100,0.507,90.91,accepted,2025-08-07
867,470,47,2025-07-15,100,"Recommended based on good credit score, stable income",100,0.507,90.91,accepted,2025-08-12
868,471,10,2025-06-10,90,"Recommended based on good credit score, low credit utilization",100,0.1,100.0,accepted,2025-08-30
869,471,12,2025-06-27,100,"Recommended based on good credit score, low credit utilization",100,0.1,100.0,pending,2025-08-21
870,472,50,2025-07-18,100,Recommended based on low credit utilization,100,0.2016,83.33,expired,2025-09-18
871,472,23,2025-06-10,90,Recommended based on low credit utilization,100,0.2016,83.33,accepted,2025-08-27
872,472,8,2025-06-29,94,Recommended based on low credit utilization,100,0.2016,83.33,accepted,2025-08-24
873,473,20,2025-07-16,81,Standard recommendation,100,0.95,40.0,declined,2025-09-02
874,474,12,2025-07-14,100,"Recommended based on stable income, low credit utilization",100,0.0,70.0,expired,2025-08-17
875,474,23,2025-07-17,100,"Recommended based on stable income, low credit utilization",100,0.0,70.0,declined,2025-09-06
876,474,9,2025-06-25,97,"Recommended based on stable income, low credit utilization",100,0.0,70.0,declined,2025-10-13
877,475,11,2025-06-06,96,"Recommended based on excellent credit score, high income",100,0.0663,95.0,declined,2025-09-15
878,475,3,2025-06-27,100,"Recommended based on excellent credit score, high income",100,0.0663,95.0,declined,2025-09-16
879,475,22,2025-07-24,89,"Recommended based on excellent credit score, high income",100,0.0663,95.0,pending,2025-10-09
880,475,41,2025-06-24,100,"Recommended based on excellent credit score, high income",100,0.0663,95.0,declined,2025-09-09
881,476,13,2025-06-24,100,"Recommended based on excellent credit score, high income",100,0.2413,88.24,declined,2025-10-24
882,476,5,2025-06-18,100,"Recommended based on excellent credit score, high income",100,0.2413,88.24,declined,2025-10-25
883,477,38,2025-08-01,81,"Recommended based on good credit score, high income",100,0.3,100.0,pending,2025-08-21
884,477,40,2025-06-11,100,"Recommended based on good credit score, high income",100,0.3,100.0,accepted,2025-09-14
885,478,47,2025-06-29,100,Standard recommendation,100,0.3,66.67,declined,2025-10-01
886,478,3,2025-06-17,100,Standard recommendation,100,0.3,66.67,expired,2025-08-28
887,479,28,2025-07-06,88,"Recommended based on good credit score, low credit utilization",100,0.184,100.0,pending,2025-10-09
888,479,34,2025-07-10,100,"Recommended based on good credit score, low credit utilization",100,0.184,100.0,accepted,2025-09-29
889,479,13,2025-06-12,100,"Recommended based on good credit score, low credit utilization",100,0.184,100.0,pending,2025-09-29
890,480,10,2025-06-09,96,"Recommended based on good credit score, low credit utilization",100,0.1,100.0,declined,2025-10-29
891,481,12,2025-07-02,100,Recommended based on low credit utilization,100,0.237,77.78,pending,2025-08-20
892,481,34,2025-07-22,100,Recommended based on low credit utilization,100,0.237,77.78,declined,2025-09-13
893,482,22,2025-07-01,85,"Recommended based on good credit score, high income",100,0.4552,82.61,declined,2025-10-13
894,483,3,2025-06-03,100,Recommended based on low credit utilization,100,0.1,57.14,pending,2025-09-27
895,483,13,2025-07-26,100,Recommended based on low credit utilization,100,0.1,57.14,expired,2025-09-10
896,484,12,2025-07-23,99,Recommended based on stable income,100,0.3,75.0,declined,2025-08-11
897,484,23,2025-07-08,100,Recommended based on stable income,100,0.3,75.0,expired,2025-09-26
898,485,34,2025-07-06,100,Recommended based on stable income,100,0.3,83.33,accepted,2025-08-31
899,485,50,2025-07-08,89,Recommended based on stable income,100,0.3,83.33,pending,2025-10-09
900,486,47,2025-06-04,100,Recommended based on good credit score,100,0.3,90.0,declined,2025-08-16
901,486,50,2025-07-28,100,Recommended based on good credit score,100,0.3,90.0,pending,2025-10-06
902,487,20,2025-06-10,100,"Recommended based on good credit score, high income",100,0.5,100.0,pending,2025-10-23
903,488,34,2025-08-01,100,"Recommended based on excellent credit score, high income",100,0.1866,88.89,accepted,2025-08-31
904,488,40,2025-06-11,100,"Recommended based on excellent credit score, high income",100,0.1866,88.89,pending,2025-10-17
905,488,7,2025-06-09,100,"Recommended based on excellent credit score, high income",100,0.1866,88.89,pending,2025-10-12
906,488,19,2025-06-14,100,"Recommended based on excellent credit score, high income",100,0.1866,88.89,expired,2025-10-09
907,489,23,2025-06-26,100,"Recommended based on excellent credit score, high income",100,0.1,87.5,declined,2025-09-18
908,489,24,2025-06-09,88,"Recommended based on excellent credit score, high income",100,0.1,87.5,declined,2025-08-03
909,490,3,2025-07-08,100,"Recommended based on good credit score, low credit utilization",100,0.0,85.71,declined,2025-08-15
910,490,27,2025-06-08,99,"Recommended based on good credit score, low credit utilization",100,0.0,85.71,declined,2025-08-08
911,491,23,2025-07-02,92,"Recommended based on good credit score, low credit utilization",100,0.0,83.33,pending,2025-09-30
912,491,3,2025-06-06,100,"Recommended based on good credit score, low credit utilization",100,0.0,83.33,declined,2025-09-17
913,492,34,2025-06-18,100,"Recommended based on good credit score, stable income",100,0.3,100.0,declined,2025-09-19
914,492,23,2025-07-30,100,"Recommended based on good credit score, stable income",100,0.3,100.0,pending,2025-08-28
915,493,3,2025-07-18,100,"Recommended based on stable income, low credit utilization",100,0.2282,83.33,pending,2025-09-30
916,494,38,2025-06-28,100,"Recommended based on excellent credit score, high income",100,0.5,100.0,accepted,2025-08-26
917,495,18,2025-06-28,96,"Recommended based on good credit score, stable income",100,0.3,84.62,expired,2025-10-11
918,495,13,2025-07-12,100,"Recommended based on good credit score, stable income",100,0.3,84.62,pending,2025-10-23
919,495,40,2025-07-11,100,"Recommended based on good credit score, stable income",100,0.3,84.62,accepted,2025-09-02
920,496,8,2025-07-16,100,"Recommended based on good credit score, stable income",100,0.1,100.0,expired,2025-10-20
921,497,5,2025-06-09,100,Recommended based on low credit utilization,100,0,85.0,expired,2025-09-30
922,498,5,2025-07-31,100,Standard recommendation,100,0.402,88.89,pending,2025-10-18
923,498,8,2025-06-23,93,Standard recommendation,100,0.402,88.89,pending,2025-08-15
924,499,50,2025-07-30,100,Recommended based on stable income,100,0.3,66.67,expired,2025-08-28
925,500,2,2025-07-16,84,"Recommended based on good credit score, low credit utilization",100,0.1,87.5,declined,2025-09-25
926,500,12,2025-06-06,100,"Recommended based on good credit score, low credit utilization",100,0.1,87.5,declined,2025-08-22
927,501,5,2025-07-28,100,"Recommended based on high income, low credit utilization",100,0.2375,69.23,pending,2025-08-22
928,501,23,2025-07-19,100,"Recommended based on high income, low credit utilization",100,0.2375,69.23,pending,2025-08-28
929,502,5,2025-07-02,95,Recommended based on low credit utilization,100,0.1,75.0,accepted,2025-10-19
930,502,47,2025-06-14,100,Recommended based on low credit utilization,100,0.1,75.0,pending,2025-09-30
931,503,40,2025-07-29,100,"Recommended based on good credit score, stable income",100,0.0,66.67,pending,2025-09-24
932,503,28,2025-07-26,100,"Recommended based on good credit score, stable income",100,0.0,66.67,accepted,2025-10-26
933,503,32,2025-07-26,82,"Recommended based on good credit score, stable income",100,0.0,66.67,declined,2025-10-29
934,504,31,2025-06-23,100,"Recommended based on good credit score, high income",100,0.0785,78.57,declined,2025-10-20
935,505,44,2025-06-27,98,"Recommended based on good credit score, stable income",100,0.3,100.0,pending,2025-09-19
936,505,27,2025-06-19,100,"Recommended based on good credit score, stable income",100,0.3,100.0,pending,2025-09-13
937,506,13,2025-07-26,91,Recommended based on low credit utilization,100,0.1,57.14,pending,2025-10-23
938,506,47,2025-06-19,100,Recommended based on low credit utilization,100,0.1,57.14,declined,2025-10-05
939,507,3,2025-07-25,100,Standard recommendation,100,0.3,54.55,accepted,2025-09-07
940,507,47,2025-07-13,84,Standard recommendation,100,0.3,54.55,pending,2025-08-15
941,508,33,2025-07-04,100,"Recommended based on excellent credit score, high income",100,0.3,90.0,declined,2025-10-29
942,508,20,2025-06-11,100,"Recommended based on excellent credit score, high income",100,0.3,90.0,declined,2025-09-30
943,509,47,2025-07-02,100,Recommended based on low credit utilization,100,0.0,60.0,pending,2025-08-16
944,509,23,2025-06-05,88,Recommended based on low credit utilization,100,0.0,60.0,pending,2025-08-23
945,510,3,2025-07-03,100,Standard recommendation,100,0.3,75.0,pending,2025-08-07
946,511,49,2025-07-24,100,"Recommended based on excellent credit score, high income",100,0.326,90.0,declined,2025-10-17
947,512,10,2025-07-14,88,"Recommended based on stable income, excellent payment history",100,0.8,100.0,accepted,2025-09-12
948,512,12,2025-06-13,95,"Recommended based on stable income, excellent payment history",100,0.8,100.0,expired,2025-09-05
949,512,5,2025-06-10,100,"Recommended based on stable income, excellent payment history",100,0.8,100.0,declined,2025-08-08
950,513,25,2025-07-04,100,"Recommended based on excellent credit score, high income",100,0.3437,91.67,pending,2025-10-07
951,514,38,2025-07-05,87,"Recommended based on good credit score, high income",100,0.4723,81.25,pending,2025-10-11
952,515,33,2025-08-01,85,"Recommended based on good credit score, stable income",100,0.1,100.0,pending,2025-08-20
953,515,27,2025-07-08,100,"Recommended based on good credit score, stable income",100,0.1,100.0,accepted,2025-08-09
954,516,13,2025-07-12,100,"Recommended based on excellent credit score, high income",100,0.3347,83.33,pending,2025-08-09
955,516,12,2025-07-29,100,"Recommended based on excellent credit score, high income",100,0.3347,83.33,accepted,2025-10-07
956,516,44,2025-07-26,100,"Recommended based on excellent credit score, high income",100,0.3347,83.33,pending,2025-08-23
957,516,20,2025-07-07,100,"Recommended based on excellent credit score, high income",100,0.3347,83.33,declined,2025-09-29
958,517,3,2025-06-20,100,"Recommended based on stable income, low credit utilization",100,0.1,85.71,expired,2025-09-26
959,518,7,2025-06-13,98,"Recommended based on good credit score, excellent payment history",100,0.3,100.0,declined,2025-10-15
960,518,13,2025-07-09,100,"Recommended based on good credit score, excellent payment history",100,0.3,100.0,accepted,2025-09-26
961,519,50,2025-07-12,95,Recommended based on stable income,100,0.6507,87.5,pending,2025-08-26
962,519,45,2025-07-31,90,Recommended based on stable income,100,0.6507,87.5,accepted,2025-08-28
963,519,22,2025-06-10,79,Recommended based on stable income,100,0.6507,87.5,declined,2025-10-05
964,520,23,2025-07-02,100,Recommended based on stable income,100,0.3,87.5,accepted,2025-08-04
965,521,3,2025-07-16,100,Recommended based on low credit utilization,100,0.1233,62.5,accepted,2025-08-03
966,521,28,2025-06-25,99,Recommended based on low credit utilization,100,0.1233,62.5,declined,2025-08-14
967,522,48,2025-07-24,100,"Recommended based on excellent credit score, high income",100,0.1777,94.74,expired,2025-08-28
968,522,9,2025-06-17,100,"Recommended based on excellent credit score, high income",100,0.1777,94.74,pending,2025-10-21
969,523,47,2025-07-16,99,Standard recommendation,100,0.8,83.33,declined,2025-10-01
970,523,34,2025-07-28,89,Standard recommendation,100,0.8,83.33,expired,2025-08-16
971,523,23,2025-06-24,98,Standard recommendation,100,0.8,83.33,pending,2025-08-28
972,524,5,2025-06-16,100,"Recommended based on good credit score, stable income",100,0.4075,80.0,pending,2025-08-09
973,524,44,2025-07-18,98,"Recommended based on good credit score, stable income",100,0.4075,80.0,pending,2025-08-07
974,525,3,2025-06-07,99,Standard recommendation,100,0.3,50.0,pending,2025-10-10
975,526,13,2025-07-15,100,"Recommended based on stable income, low credit utilization",100,0.0,40.0,expired,2025-08-31
976,526,5,2025-07-06,98,"Recommended based on stable income, low credit utilization",100,0.0,40.0,expired,2025-10-09
977,527,41,2025-06-24,100,"Recommended based on excellent credit score, high income",100,0.3,100.0,expired,2025-10-27
978,527,25,2025-07-11,100,"Recommended based on excellent credit score, high income",100,0.3,100.0,pending,2025-09-16
979,527,47,2025-07-29,100,"Recommended based on excellent credit score, high income",100,0.3,100.0,pending,2025-10-24
980,528,7,2025-06-24,97,"Recommended based on stable income, low credit utilization",100,0.1,84.62,accepted,2025-10-15
981,528,27,2025-07-01,98,"Recommended based on stable income, low credit utilization",100,0.1,84.62,accepted,2025-09-18
982,528,47,2025-06-19,100,"Recommended based on stable income, low credit utilization",100,0.1,84.62,pending,2025-10-22
983,529,3,2025-07-04,100,Recommended based on stable income,100,0.3,75.0,pending,2025-10-25
984,529,28,2025-07-01,83,Recommended based on stable income,100,0.3,75.0,pending,2025-10-09
985,530,23,2025-06-19,100,Recommended based on stable income,100,0.5,66.67,declined,2025-08-20
986,531,47,2025-06-19,100,Standard recommendation,100,0.5,28.57,declined,2025-08-07
987,531,3,2025-06-08,100,Standard recommendation,100,0.5,28.57,declined,2025-08-18
988,532,27,2025-06-24,92,"Recommended based on excellent credit score, low credit utilization",100,0.0,100.0,accepted,2025-09-15
989,533,14,2025-07-05,87,"Recommended based on high income, low credit utilization",100,0.1,75.0,pending,2025-10-19
990,533,44,2025-06-24,100,"Recommended based on high income, low credit utilization",100,0.1,75.0,accepted,2025-08-20
991,534,3,2025-07-23,100,Recommended based on low credit utilization,100,0.1,66.67,accepted,2025-09-21
992,535,3,2025-06-22,100,Standard recommendation,100,0.3,50.0,accepted,2025-09-15
993,535,47,2025-07-15,98,Standard recommendation,100,0.3,50.0,declined,2025-09-08
994,536,20,2025-07-02,90,Recommended based on stable income,100,0.3447,73.33,expired,2025-08-29
995,537,11,2025-07-07,93,"Recommended based on good credit score, stable income",100,0.1352,81.82,pending,2025-10-22
996,537,47,2025-07-06,100,"Recommended based on good credit score, stable income",100,0.1352,81.82,declined,2025-09-04
997,537,2,2025-07-21,100,"Recommended based on good credit score, stable income",100,0.1352,81.82,accepted,2025-10-07
998,538,30,2025-07-18,100,"Recommended based on good credit score, high income",100,0.1761,90.0,pending,2025-10-23
999,538,13,2025-07-04,100,"Recommended based on good credit score, high income",100,0.1761,90.0,expired,2025-09-15
1000,538,19,2025-07-05,93,"Recommended based on good credit score, high income",100,0.1761,90.0,accepted,2025-09-16
1001,539,34,2025-07-16,98,Standard recommendation,100,0.3,85.71,pending,2025-08-18
1002,539,23,2025-06-16,97,Standard recommendation,100,0.3,85.71,pending,2025-09-30
1003,539,12,2025-06-17,100,Standard recommendation,100,0.3,85.71,accepted,2025-08-04
1004,539,5,2025-07-30,100,Standard recommendation,100,0.3,85.71,declined,2025-10-26
1005,540,12,2025-07-11,92,Recommended based on stable income,100,0.5,75.0,accepted,2025-09-14
1006,540,28,2025-07-01,100,Recommended based on stable income,100,0.5,75.0,pending,2025-09-30
1007,541,3,2025-06-21,100,Standard recommendation,100,0.3,60.0,declined,2025-08-02
1008,542,13,2025-06-04,100,"Recommended based on stable income, low credit utilization",100,0.1,71.43,pending,2025-08-16
1009,542,28,2025-07-10,100,"Recommended based on stable income, low credit utilization",100,0.1,71.43,pending,2025-09-27
1010,543,47,2025-07-11,100,"Recommended based on good credit score, stable income",100,0.3,100.0,declined,2025-10-22
1011,543,9,2025-07-20,100,"Recommended based on good credit score, stable income",100,0.3,100.0,declined,2025-09-21
1012,544,15,2025-06-18,99,Recommended based on stable income,100,0.3972,66.67,pending,2025-09-15
1013,545,27,2025-06-17,100,"Recommended based on good credit score, high income",100,0.3707,84.62,pending,2025-09-21
1014,546,12,2025-07-28,100,"Recommended based on excellent credit score, stable income",100,0.2074,93.75,pending,2025-08-25
1015,546,27,2025-06-30,100,"Recommended based on excellent credit score, stable income",100,0.2074,93.75,declined,2025-08-23
1016,546,14,2025-06-25,87,"Recommended based on excellent credit score, stable income",100,0.2074,93.75,accepted,2025-08-14
1017,547,41,2025-07-22,98,"Recommended based on excellent credit score, high income",100,0.1,100.0,declined,2025-10-29
1018,548,5,2025-07-18,100,"Recommended based on good credit score, stable income",100,0.417,100.0,pending,2025-09-23
1019,549,3,2025-07-04,100,Recommended based on low credit utilization,100,0.0,71.43,pending,2025-08-14
1020,550,50,2025-07-08,83,"Recommended based on low credit utilization, excellent payment history",100,0.1,100.0,accepted,2025-08-16
1021,551,13,2025-07-22,100,Recommended based on high income,100,0.6845,75.0,pending,2025-08-31
1022,551,3,2025-06-24,100,Recommended based on high income,100,0.6845,75.0,expired,2025-08-28
1023,552,3,2025-06-10,100,Recommended based on low credit utilization,100,0.1,71.43,pending,2025-09-29
1024,553,12,2025-07-13,100,"Recommended based on excellent credit score, low credit utilization",100,0.0,100.0,declined,2025-10-27
1025,553,27,2025-07-28,88,"Recommended based on excellent credit score, low credit utilization",100,0.0,100.0,declined,2025-08-22
1026,553,33,2025-06-22,87,"Recommended based on excellent credit score, low credit utilization",100,0.0,100.0,pending,2025-10-10
1027,553,2,2025-07-28,100,"Recommended based on excellent credit score, low credit utilization",100,0.0,100.0,pending,2025-10-07
1028,554,5,2025-06-25,100,Standard recommendation,100,0.3,84.62,pending,2025-08-05
1029,554,10,2025-08-01,94,Standard recommendation,100,0.3,84.62,pending,2025-09-07
1030,555,8,2025-06-08,100,"Recommended based on excellent credit score, high income",100,0.1,100.0,pending,2025-09-06
1031,556,13,2025-06-29,100,Recommended based on stable income,100,0.539,81.25,declined,2025-09-24
1032,557,3,2025-06-08,100,Recommended based on stable income,100,0.8,25.0,expired,2025-08-18
1033,558,23,2025-06-26,100,"Recommended based on excellent credit score, high income",100,0.4329,88.89,declined,2025-08-04
1034,558,18,2025-06-03,100,"Recommended based on excellent credit score, high income",100,0.4329,88.89,pending,2025-10-18
1035,559,44,2025-07-30,99,"Recommended based on good credit score, stable income",100,0.1,100.0,pending,2025-10-03
1036,559,3,2025-06-11,100,"Recommended based on good credit score, stable income",100,0.1,100.0,pending,2025-08-09
1037,559,34,2025-06-18,100,"Recommended based on good credit score, stable income",100,0.1,100.0,accepted,2025-08-09
1038,559,8,2025-07-19,100,"Recommended based on good credit score, stable income",100,0.1,100.0,declined,2025-10-21
1039,560,5,2025-07-06,100,Recommended based on stable income,100,0.3,75.0,expired,2025-10-14
1040,560,31,2025-07-12,93,Recommended based on stable income,100,0.3,75.0,expired,2025-08-13
1041,560,28,2025-07-06,99,Recommended based on stable income,100,0.3,75.0,pending,2025-09-08
1042,560,23,2025-07-26,92,Recommended based on stable income,100,0.3,75.0,declined,2025-10-04
1043,561,5,2025-07-13,91,Standard recommendation,100,0.4371,50.0,accepted,2025-08-24
1044,562,32,2025-06-07,100,"Recommended based on excellent credit score, stable income",100,0.1,100.0,pending,2025-10-01
1045,563,34,2025-06-06,100,Standard recommendation,100,0.3,75.0,accepted,2025-10-15
1046,564,47,2025-06-14,89,Recommended based on low credit utilization,100,0.1,71.43,declined,2025-10-27
1047,564,3,2025-06-28,100,Recommended based on low credit utilization,100,0.1,71.43,accepted,2025-08-10
1048,565,32,2025-06-11,100,"Recommended based on excellent credit score, high income",100,0.1354,100.0,pending,2025-09-14
1049,565,5,2025-06-13,100,"Recommended based on excellent credit score, high income",100,0.1354,100.0,expired,2025-10-27
1050,565,16,2025-07-06,100,"Recommended based on excellent credit score, high income",100,0.1354,100.0,declined,2025-10-22
1051,566,12,2025-06-24,100,Recommended based on stable income,100,0.3,81.82,expired,2025-10-08
1052,566,34,2025-06-23,100,Recommended based on stable income,100,0.3,81.82,pending,2025-09-06
1053,567,47,2025-07-28,100,"Recommended based on excellent credit score, high income",100,0.2009,100.0,accepted,2025-10-27
1054,568,5,2025-07-03,100,Recommended based on low credit utilization,100,0,85.0,pending,2025-09-10
1055,568,13,2025-07-03,96,Recommended based on low credit utilization,100,0,85.0,accepted,2025-09-05
1056,568,3,2025-07-22,100,Recommended based on low credit utilization,100,0,85.0,pending,2025-09-26
1057,569,48,2025-07-14,86,"Recommended based on stable income, low credit utilization",100,0.257,57.14,expired,2025-10-13
1058,569,23,2025-06-28,100,"Recommended based on stable income, low credit utilization",100,0.257,57.14,pending,2025-09-29
1059,570,34,2025-07-01,93,Recommended based on stable income,100,0.3,50.0,declined,2025-08-06
1060,571,3,2025-07-20,100,Standard recommendation,100,0.3,40.0,pending,2025-09-12
1061,572,16,2025-07-10,84,"Recommended based on good credit score, low credit utilization",100,0.0,100.0,pending,2025-10-17
1062,572,23,2025-06-30,93,"Recommended based on good credit score, low credit utilization",100,0.0,100.0,pending,2025-10-29
1063,572,47,2025-07-08,100,"Recommended based on good credit score, low credit utilization",100,0.0,100.0,declined,2025-10-19
1064,573,30,2025-06-25,100,"Recommended based on excellent credit score, high income",100,0.2,100.0,declined,2025-09-22
1065,573,45,2025-07-09,100,"Recommended based on excellent credit score, high income",100,0.2,100.0,declined,2025-08-13
1066,574,23,2025-07-30,98,Recommended based on stable income,100,0.3513,81.82,declined,2025-10-04
1067,574,5,2025-06-10,100,Recommended based on stable income,100,0.3513,81.82,declined,2025-09-23
1068,575,47,2025-06-09,100,"Recommended based on stable income, low credit utilization",100,0.1,75.0,pending,2025-09-25
1069,575,13,2025-06-10,99,"Recommended based on stable income, low credit utilization",100,0.1,75.0,accepted,2025-08-28
1070,576,13,2025-06-22,100,"Recommended based on excellent credit score, high income",100,0.2361,100.0,expired,2025-10-04
1071,577,5,2025-06-06,100,"Recommended based on good credit score, stable income",100,0.2431,91.67,pending,2025-10-05
1072,578,47,2025-06-03,100,"Recommended based on excellent credit score, high income",100,0.3643,93.33,accepted,2025-08-09
1073,579,3,2025-07-25,100,Standard recommendation,100,0.3,66.67,declined,2025-10-22
1074,579,47,2025-06-23,94,Standard recommendation,100,0.3,66.67,pending,2025-10-21
1075,579,23,2025-06-05,83,Standard recommendation,100,0.3,66.67,declined,2025-09-21
1076,580,26,2025-07-07,100,"Recommended based on good credit score, high income",100,0.5047,94.12,declined,2025-10-05
1077,580,28,2025-07-07,100,"Recommended based on good credit score, high income",100,0.5047,94.12,accepted,2025-10-24
1078,580,23,2025-06-06,100,"Recommended based on good credit score, high income",100,0.5047,94.12,expired,2025-08-28
1079,581,47,2025-07-12,100,Standard recommendation,100,0.4111,72.73,accepted,2025-09-24
1080,581,3,2025-06-11,100,Standard recommendation,100,0.4111,72.73,pending,2025-08-06
1081,581,34,2025-06-06,96,Standard recommendation,100,0.4111,72.73,declined,2025-09-23
1082,582,3,2025-07-27,100,"Recommended based on excellent credit score, high income",100,0.3459,94.12,pending,2025-09-14
1083,582,22,2025-06-14,100,"Recommended based on excellent credit score, high income",100,0.3459,94.12,pending,2025-09-06
1084,583,3,2025-06-12,100,Recommended based on stable income,100,0.4063,84.62,accepted,2025-08-17
1085,584,3,2025-07-24,100,Recommended based on low credit utilization,100,0.0,71.43,declined,2025-08-02
1086,584,5,2025-06-11,92,Recommended based on low credit utilization,100,0.0,71.43,accepted,2025-10-11
1087,584,13,2025-07-07,85,Recommended based on low credit utilization,100,0.0,71.43,accepted,2025-08-14
1088,585,35,2025-06-16,92,"Recommended based on excellent credit score, stable income",100,0.0739,90.91,pending,2025-10-24
1089,586,44,2025-07-22,100,"Recommended based on excellent credit score, high income",100,0.3,100.0,declined,2025-09-12
1090,586,38,2025-06-15,100,"Recommended based on excellent credit score, high income",100,0.3,100.0,accepted,2025-10-16
1091,587,34,2025-07-25,100,"Recommended based on good credit score, high income",100,0.3635,87.5,accepted,2025-10-18
1092,587,25,2025-06-16,100,"Recommended based on good credit score, high income",100,0.3635,87.5,accepted,2025-08-27
1093,587,15,2025-07-03,96,"Recommended based on good credit score, high income",100,0.3635,87.5,expired,2025-10-24
1094,588,34,2025-07-17,100,Standard recommendation,100,0.3,75.0,declined,2025-10-15
1095,588,3,2025-06-04,100,Standard recommendation,100,0.3,75.0,accepted,2025-09-03
1096,589,12,2025-07-26,100,Recommended based on stable income,100,0.3,75.0,pending,2025-10-08
1097,589,5,2025-06-21,100,Recommended based on stable income,100,0.3,75.0,pending,2025-10-15
1098,590,31,2025-07-16,100,"Recommended based on excellent credit score, high income",100,0.0,85.71,accepted,2025-10-14
1099,591,47,2025-06-12,96,Recommended based on low credit utilization,100,0.0476,72.73,pending,2025-10-03
1100,592,23,2025-06-30,98,Recommended based on stable income,100,0.3,62.5,declined,2025-09-22
1101,592,47,2025-07-13,87,Recommended based on stable income,100,0.3,62.5,pending,2025-10-14
1102,593,44,2025-06-04,100,"Recommended based on good credit score, stable income",100,0.3,85.71,accepted,2025-10-14
1103,594,12,2025-07-30,100,"Recommended based on good credit score, high income",100,0.2744,75.0,accepted,2025-09-04
1104,594,25,2025-06-04,100,"Recommended based on good credit score, high income",100,0.2744,75.0,expired,2025-08-21
1105,595,27,2025-07-22,100,Recommended based on stable income,100,0.4156,90.0,pending,2025-10-15
1106,595,3,2025-06-25,100,Recommended based on stable income,100,0.4156,90.0,expired,2025-10-18
1107,596,18,2025-06-24,95,Recommended based on stable income,100,0.3,72.73,pending,2025-10-03
1108,597,48,2025-07-14,91,"Recommended based on good credit score, stable income",100,0.3,87.5,expired,2025-10-15
1109,598,28,2025-06-06,100,Recommended based on excellent payment history,100,0.8,100.0,accepted,2025-08-09
1110,599,28,2025-07-26,100,"Recommended based on good credit score, stable income",100,0.2618,92.86,accepted,2025-10-26
1111,600,30,2025-07-30,100,"Recommended based on excellent credit score, high income",100,0.3951,90.0,pending,2025-08-22
1112,600,8,2025-07-12,100,"Recommended based on excellent credit score, high income",100,0.3951,90.0,pending,2025-10-05
1113,601,8,2025-06-22,100,"Recommended based on good credit score, low credit utilization",100,0.1,85.71,declined,2025-10-08
1114,601,47,2025-07-22,94,"Recommended based on good credit score, low credit utilization",100,0.1,85.71,accepted,2025-10-16
1115,602,8,2025-06-18,100,"Recommended based on good credit score, excellent payment history",100,0.3,100.0,accepted,2025-08-10
1116,602,13,2025-07-05,100,"Recommended based on good credit score, excellent payment history",100,0.3,100.0,accepted,2025-08-22
1117,602,47,2025-07-19,100,"Recommended based on good credit score, excellent payment history",100,0.3,100.0,pending,2025-09-30
1118,602,34,2025-06-28,100,"Recommended based on good credit score, excellent payment history",100,0.3,100.0,declined,2025-08-03
1119,603,14,2025-07-21,97,"Recommended based on excellent credit score, high income",100,0.1,100.0,declined,2025-10-17
1120,603,7,2025-06-15,100,"Recommended based on excellent credit score, high income",100,0.1,100.0,accepted,2025-09-17
1121,603,22,2025-06-20,83,"Recommended based on excellent credit score, high income",100,0.1,100.0,pending,2025-10-28
1122,604,30,2025-07-17,100,"Recommended based on excellent credit score, high income",100,0.3903,94.12,pending,2025-09-01
1123,604,16,2025-07-28,100,"Recommended based on excellent credit score, high income",100,0.3903,94.12,accepted,2025-10-29
1124,604,26,2025-07-16,100,"Recommended based on excellent credit score, high income",100,0.3903,94.12,accepted,2025-10-11
1125,605,28,2025-06-24,100,"Recommended based on good credit score, stable income",100,0.3,100.0,accepted,2025-10-26
1126,605,40,2025-06-15,96,"Recommended based on good credit score, stable income",100,0.3,100.0,pending,2025-08-11
1127,606,28,2025-06-17,100,Recommended based on stable income,100,0.3,85.71,expired,2025-09-04
1128,606,48,2025-07-27,98,Recommended based on stable income,100,0.3,85.71,declined,2025-08-17
1129,606,7,2025-07-31,89,Recommended based on stable income,100,0.3,85.71,pending,2025-09-04
1130,607,13,2025-08-01,100,"Recommended based on good credit score, stable income",100,0.0,80.0,pending,2025-10-28
1131,607,34,2025-06-04,100,"Recommended based on good credit score, stable income",100,0.0,80.0,accepted,2025-08-03
1132,607,9,2025-06-18,100,"Recommended based on good credit score, stable income",100,0.0,80.0,accepted,2025-08-21
1133,608,43,2025-08-01,99,Recommended based on low credit utilization,100,0.1,83.33,accepted,2025-10-17
1134,608,3,2025-06-13,100,Recommended based on low credit utilization,100,0.1,83.33,declined,2025-09-20
1135,608,50,2025-07-08,100,Recommended based on low credit utilization,100,0.1,83.33,accepted,2025-09-17
1136,609,3,2025-06-22,100,Recommended based on stable income,100,0.3,62.5,expired,2025-09-05
1137,609,47,2025-06-11,99,Recommended based on stable income,100,0.3,62.5,pending,2025-09-22
1138,610,2,2025-07-17,100,"Recommended based on good credit score, stable income",100,0.0,80.0,pending,2025-10-21
1139,611,28,2025-07-18,100,"Recommended based on excellent credit score, high income",100,0.0812,100.0,declined,2025-08-06
1140,611,11,2025-06-14,100,"Recommended based on excellent credit score, high income",100,0.0812,100.0,pending,2025-09-16
1141,612,3,2025-06-08,100,Recommended based on low credit utilization,100,0.2169,50.0,accepted,2025-08-29
1142,613,23,2025-06-22,100,"Recommended based on good credit score, high income",100,0.3,100.0,accepted,2025-10-30
1143,613,49,2025-07-23,93,"Recommended based on good credit score, high income",100,0.3,100.0,declined,2025-08-18
1144,614,18,2025-06-22,100,"Recommended based on excellent credit score, high income",100,0.2902,86.36,accepted,2025-10-05
1145,614,27,2025-07-24,100,"Recommended based on excellent credit score, high income",100,0.2902,86.36,pending,2025-09-04
1146,615,47,2025-07-08,86,Recommended based on stable income,100,0.3,40.0,accepted,2025-08-14
1147,615,23,2025-07-07,97,Recommended based on stable income,100,0.3,40.0,declined,2025-08-30
1148,616,50,2025-07-10,100,"Recommended based on good credit score, high income",100,0.5,80.0,accepted,2025-09-04
1149,617,47,2025-07-12,100,Recommended based on low credit utilization,100,0.0,50.0,declined,2025-10-27
1150,617,28,2025-07-07,97,Recommended based on low credit utilization,100,0.0,50.0,pending,2025-09-13
1151,618,3,2025-06-18,100,Recommended based on stable income,100,0.3551,64.29,accepted,2025-10-27
1152,619,34,2025-07-29,100,"Recommended based on good credit score, stable income",100,0.3,100.0,pending,2025-08-16
1153,620,29,2025-06-22,83,"Recommended based on good credit score, stable income",100,0.1,87.5,accepted,2025-08-14
1154,620,48,2025-06-18,100,"Recommended based on good credit score, stable income",100,0.1,87.5,expired,2025-09-07
1155,620,16,2025-07-18,100,"Recommended based on good credit score, stable income",100,0.1,87.5,pending,2025-08-20
1156,621,31,2025-07-14,100,"Recommended based on excellent credit score, stable income",100,0.1333,91.67,declined,2025-10-26
1157,621,32,2025-06-13,100,"Recommended based on excellent credit score, stable income",100,0.1333,91.67,expired,2025-08-20
1158,621,13,2025-06-11,100,"Recommended based on excellent credit score, stable income",100,0.1333,91.67,pending,2025-09-01
1159,622,12,2025-07-02,99,Recommended based on low credit utilization,100,0.1,50.0,pending,2025-10-23
1160,622,5,2025-07-20,94,Recommended based on low credit utilization,100,0.1,50.0,declined,2025-10-29
1161,622,13,2025-06-06,97,Recommended based on low credit utilization,100,0.1,50.0,expired,2025-10-28
1162,622,3,2025-07-30,100,Recommended based on low credit utilization,100,0.1,50.0,pending,2025-10-05
1163,623,28,2025-07-05,100,"Recommended based on stable income, low credit utilization",100,0.1,50.0,pending,2025-08-28
1164,623,13,2025-06-27,85,"Recommended based on stable income, low credit utilization",100,0.1,50.0,declined,2025-08-16
1165,624,15,2025-07-21,91,"Recommended based on good credit score, stable income",100,0.3,100.0,pending,2025-09-12
1166,624,49,2025-07-05,90,"Recommended based on good credit score, stable income",100,0.3,100.0,pending,2025-10-20
1167,624,44,2025-07-23,100,"Recommended based on good credit score, stable income",100,0.3,100.0,accepted,2025-10-14
1168,625,46,2025-07-10,100,"Recommended based on excellent credit score, high income",100,0.2386,100.0,accepted,2025-09-09
1169,626,11,2025-06-23,100,"Recommended based on excellent credit score, high income",100,0.1564,84.62,pending,2025-09-18
1170,627,39,2025-06-09,100,"Recommended based on excellent credit score, high income",100,0.2575,92.31,pending,2025-09-30
1171,628,7,2025-06-27,100,"Recommended based on good credit score, high income",100,0.1497,83.33,declined,2025-10-15
1172,629,20,2025-07-15,100,"Recommended based on good credit score, high income",100,0.1,69.23,accepted,2025-08-19
1173,630,28,2025-07-13,100,"Recommended based on excellent credit score, high income",100,0.4954,85.71,accepted,2025-08-20
1174,630,27,2025-06-04,100,"Recommended based on excellent credit score, high income",100,0.4954,85.71,pending,2025-10-15
1175,630,23,2025-07-17,100,"Recommended based on excellent credit score, high income",100,0.4954,85.71,pending,2025-10-07
1176,631,5,2025-06-04,100,"Recommended based on good credit score, stable income",100,0.315,81.82,pending,2025-10-17
1177,631,18,2025-07-15,100,"Recommended based on good credit score, stable income",100,0.315,81.82,accepted,2025-08-14
1178,632,3,2025-07-14,98,Standard recommendation,100,0.3,33.33,pending,2025-08-24
1179,633,8,2025-07-28,95,Standard recommendation,100,0.3,80.0,accepted,2025-10-28
1180,633,34,2025-06-27,98,Standard recommendation,100,0.3,80.0,pending,2025-09-20
1181,634,42,2025-07-23,90,"Recommended based on excellent credit score, stable income",100,0.1889,100.0,declined,2025-10-05
1182,634,32,2025-07-24,100,"Recommended based on excellent credit score, stable income",100,0.1889,100.0,pending,2025-09-24
1183,635,46,2025-06-21,100,"Recommended based on excellent credit score, high income",100,0.1435,84.21,pending,2025-10-05
1184,636,23,2025-07-27,80,Recommended based on stable income,100,0.5,57.14,pending,2025-08-24
1185,636,3,2025-07-21,100,Recommended based on stable income,100,0.5,57.14,expired,2025-09-22
1186,637,13,2025-07-27,96,Recommended based on stable income,100,0.8,75.0,expired,2025-08-06
1187,637,47,2025-06-21,96,Recommended based on stable income,100,0.8,75.0,expired,2025-08-23
1188,637,48,2025-06-18,80,Recommended based on stable income,100,0.8,75.0,accepted,2025-10-14
1189,638,5,2025-06-29,100,"Recommended based on good credit score, stable income",100,0.8,100.0,expired,2025-10-04
1190,638,20,2025-06-23,100,"Recommended based on good credit score, stable income",100,0.8,100.0,accepted,2025-10-08
1191,639,3,2025-06-16,100,Recommended based on low credit utilization,100,0.1,57.14,accepted,2025-10-03
1192,640,34,2025-07-20,83,Standard recommendation,100,0.3,71.43,declined,2025-10-07
1193,641,23,2025-06-16,84,Standard recommendation,100,0.3,50.0,pending,2025-10-25
1194,641,3,2025-06-25,100,Standard recommendation,100,0.3,50.0,expired,2025-09-03
1195,642,16,2025-06-13,100,"Recommended based on good credit score, low credit utilization",100,0.0689,100.0,declined,2025-09-16
1196,642,12,2025-06-10,98,"Recommended based on good credit score, low credit utilization",100,0.0689,100.0,accepted,2025-08-04
1197,642,3,2025-07-17,100,"Recommended based on good credit score, low credit utilization",100,0.0689,100.0,accepted,2025-09-10
1198,643,5,2025-06-08,100,"Recommended based on good credit score, excellent payment history",100,0.3,100.0,pending,2025-08-12
1199,644,30,2025-06-07,100,"Recommended based on good credit score, high income",100,0.3,85.71,accepted,2025-10-25
1200,645,23,2025-07-14,95,Recommended based on excellent payment history,100,0.8,100.0,declined,2025-08-12
1201,645,30,2025-07-14,77,Recommended based on excellent payment history,100,0.8,100.0,pending,2025-08-11
1202,645,49,2025-06-12,89,Recommended based on excellent payment history,100,0.8,100.0,pending,2025-09-07
1203,646,23,2025-06-04,100,"Recommended based on stable income, low credit utilization",100,0.0,71.43,pending,2025-10-15
1204,646,5,2025-07-26,100,"Recommended based on stable income, low credit utilization",100,0.0,71.43,declined,2025-08-30
1205,647,2,2025-06-06,100,"Recommended based on good credit score, stable income",100,0.0,87.5,pending,2025-08-02
1206,647,5,2025-07-27,100,"Recommended based on good credit score, stable income",100,0.0,87.5,pending,2025-10-28
1207,647,16,2025-07-22,100,"Recommended based on good credit score, stable income",100,0.0,87.5,pending,2025-10-01
1208,648,13,2025-06-16,100,"Recommended based on good credit score, stable income",100,0.3,100.0,pending,2025-10-17
1209,648,32,2025-07-25,100,"Recommended based on good credit score, stable income",100,0.3,100.0,accepted,2025-08-04
1210,649,20,2025-06-25,100,"Recommended based on good credit score, high income",100,0.5112,90.0,declined,2025-10-06
1211,649,15,2025-07-31,88,"Recommended based on good credit score, high income",100,0.5112,90.0,pending,2025-10-20
1212,649,23,2025-07-08,100,"Recommended based on good credit score, high income",100,0.5112,90.0,declined,2025-08-22
1213,650,47,2025-07-19,100,"Recommended based on excellent credit score, high income",100,0.2188,92.86,declined,2025-09-26
1214,651,28,2025-07-25,100,"Recommended based on stable income, low credit utilization",100,0.1,25.0,declined,2025-08-14
1215,651,13,2025-07-26,100,"Recommended based on stable income, low credit utilization",100,0.1,25.0,pending,2025-09-20
1216,651,23,2025-06-03,100,"Recommended based on stable income, low credit utilization",100,0.1,25.0,accepted,2025-10-17
1217,652,47,2025-06-30,96,Recommended based on stable income,100,0.5,66.67,expired,2025-08-18
1218,653,23,2025-07-20,73,Standard recommendation,100,0.8,50.0,expired,2025-08-08
1219,654,41,2025-07-25,87,"Recommended based on good credit score, high income",100,0.1,92.86,accepted,2025-10-14
1220,654,43,2025-07-24,100,"Recommended based on good credit score, high income",100,0.1,92.86,accepted,2025-08-07
1221,654,18,2025-06-13,100,"Recommended based on good credit score, high income",100,0.1,92.86,pending,2025-08-11
1222,654,11,2025-06-05,96,"Recommended based on good credit score, high income",100,0.1,92.86,pending,2025-10-26
1223,655,13,2025-07-10,100,"Recommended based on stable income, low credit utilization",100,0.1,70.0,pending,2025-10-06
1224,656,26,2025-07-26,90,"Recommended based on stable income, excellent payment history",100,0.5211,100.0,pending,2025-08-04
1225,656,30,2025-07-21,70,"Recommended based on stable income, excellent payment history",100,0.5211,100.0,pending,2025-10-08
1226,657,12,2025-07-06,100,"Recommended based on stable income, low credit utilization",100,0.1,75.0,accepted,2025-10-21
1227,657,28,2025-06-06,100,"Recommended based on stable income, low credit utilization",100,0.1,75.0,pending,2025-10-25
1228,657,5,2025-06-08,100,"Recommended based on stable income, low credit utilization",100,0.1,75.0,pending,2025-10-26
1229,658,3,2025-07-04,100,Standard recommendation,100,0.3,75.0,pending,2025-09-16
1230,658,28,2025-06-27,90,Standard recommendation,100,0.3,75.0,pending,2025-09-13
1231,659,47,2025-06-28,100,"Recommended based on excellent credit score, high income",100,0.3943,93.75,pending,2025-10-01
1232,660,13,2025-07-16,100,"Recommended based on high income, excellent payment history",100,0.95,100.0,declined,2025-09-01
1233,661,3,2025-06-19,100,"Recommended based on excellent credit score, high income",100,0.1862,100.0,accepted,2025-10-20
1234,661,20,2025-06-05,100,"Recommended based on excellent credit score, high income",100,0.1862,100.0,pending,2025-10-10
1235,662,31,2025-07-18,100,"Recommended based on good credit score, high income",100,0.6077,93.33,pending,2025-09-25
1236,662,24,2025-07-16,88,"Recommended based on good credit score, high income",100,0.6077,93.33,pending,2025-10-14
1237,662,3,2025-07-25,100,"Recommended based on good credit score, high income",100,0.6077,93.33,declined,2025-08-30
1238,663,3,2025-07-27,100,Recommended based on stable income,100,0.3,69.23,accepted,2025-09-29
1239,664,20,2025-07-08,83,Standard recommendation,100,0.95,42.86,accepted,2025-08-09
1240,664,15,2025-07-11,81,Standard recommendation,100,0.95,42.86,pending,2025-10-15
1241,665,23,2025-06-03,100,"Recommended based on good credit score, low credit utilization",100,0.1,100.0,declined,2025-10-28
1242,666,23,2025-07-04,100,"Recommended based on excellent credit score, high income",100,0.1614,100.0,pending,2025-10-12
1243,666,3,2025-07-28,100,"Recommended based on excellent credit score, high income",100,0.1614,100.0,pending,2025-08-24
1244,666,33,2025-06-27,100,"Recommended based on excellent credit score, high income",100,0.1614,100.0,accepted,2025-09-08
1245,667,3,2025-08-01,99,Recommended based on low credit utilization,100,0.1,66.67,declined,2025-08-22
1246,668,34,2025-07-24,100,"Recommended based on high income, excellent payment history",100,0.5883,91.67,declined,2025-10-21
1247,669,27,2025-07-05,96,Recommended based on stable income,100,0.7222,69.23,accepted,2025-09-30
1248,669,50,2025-06-21,100,Recommended based on stable income,100,0.7222,69.23,pending,2025-10-17
1249,670,5,2025-07-23,100,Recommended based on low credit utilization,100,0,85.0,pending,2025-10-08
1250,671,3,2025-06-24,100,Standard recommendation,100,0.4256,72.73,declined,2025-09-25
1251,671,13,2025-06-17,100,Standard recommendation,100,0.4256,72.73,accepted,2025-09-29
1252,672,3,2025-07-30,100,Standard recommendation,100,0.3,50.0,accepted,2025-08-14
1253,673,40,2025-06-10,100,Recommended based on stable income,100,0.5,25.0,pending,2025-08-11
1254,674,10,2025-06-10,99,"Recommended based on good credit score, excellent payment history",100,0.3,100.0,declined,2025-08-04
1255,675,8,2025-07-05,100,"Recommended based on good credit score, stable income",100,0.3,100.0,accepted,2025-09-02
1256,675,28,2025-07-25,99,"Recommended based on good credit score, stable income",100,0.3,100.0,pending,2025-10-20
1257,676,10,2025-07-24,88,Recommended based on low credit utilization,100,0.1588,83.33,declined,2025-10-12
1258,677,12,2025-07-23,100,"Recommended based on good credit score, stable income",100,0.1,87.5,pending,2025-09-08
1259,677,7,2025-06-26,96,"Recommended based on good credit score, stable income",100,0.1,87.5,pending,2025-10-27
1260,678,13,2025-07-12,100,"Recommended based on stable income, low credit utilization",100,0.1,61.54,pending,2025-10-07
1261,678,48,2025-06-22,99,"Recommended based on stable income, low credit utilization",100,0.1,61.54,pending,2025-10-09
1262,679,12,2025-06-27,96,Recommended based on low credit utilization,100,0.1,66.67,accepted,2025-09-26
1263,679,28,2025-06-29,92,Recommended based on low credit utilization,100,0.1,66.67,pending,2025-10-27
1264,679,3,2025-07-10,100,Recommended based on low credit utilization,100,0.1,66.67,declined,2025-10-16
1265,680,12,2025-06-28,100,"Recommended based on good credit score, stable income",100,0.1356,80.0,pending,2025-08-14
1266,681,5,2025-06-29,100,"Recommended based on stable income, low credit utilization",100,0.2516,63.64,declined,2025-09-22
1267,682,43,2025-07-01,100,"Recommended based on excellent credit score, high income",100,0.1622,85.71,accepted,2025-09-19
1268,683,28,2025-06-21,100,Recommended based on low credit utilization,100,0.1,85.71,pending,2025-08-17
1269,684,34,2025-06-27,100,"Recommended based on stable income, low credit utilization",100,0.15,60.0,pending,2025-10-27
1270,684,23,2025-06-29,100,"Recommended based on stable income, low credit utilization",100,0.15,60.0,accepted,2025-09-29
1271,685,33,2025-06-03,100,"Recommended based on good credit score, stable income",100,0.3,100.0,declined,2025-10-17
1272,686,8,2025-06-08,96,Recommended based on low credit utilization,100,0.1,83.33,declined,2025-09-23
1273,686,28,2025-06-23,100,Recommended based on low credit utilization,100,0.1,83.33,declined,2025-10-30
1274,687,23,2025-07-18,100,"Recommended based on excellent credit score, high income",100,0.4046,91.67,pending,2025-10-18
1275,687,49,2025-07-26,100,"Recommended based on excellent credit score, high income",100,0.4046,91.67,pending,2025-08-30
1276,687,47,2025-07-03,100,"Recommended based on excellent credit score, high income",100,0.4046,91.67,pending,2025-10-25
1277,688,34,2025-07-05,100,"Recommended based on good credit score, high income",100,0.1,90.91,declined,2025-10-09
1278,688,7,2025-07-04,100,"Recommended based on good credit score, high income",100,0.1,90.91,accepted,2025-10-07
1279,688,45,2025-07-17,96,"Recommended based on good credit score, high income",100,0.1,90.91,expired,2025-08-22
1280,688,27,2025-07-14,100,"Recommended based on good credit score, high income",100,0.1,90.91,expired,2025-08-05
1281,689,33,2025-07-23,100,"Recommended based on excellent credit score, high income",100,0.3,100.0,accepted,2025-08-12
1282,690,39,2025-07-14,98,"Recommended based on excellent credit score, high income",100,0.0137,89.47,pending,2025-08-30
1283,691,44,2025-06-05,100,"Recommended based on good credit score, high income",100,0.4426,80.0,pending,2025-08-18
1284,691,40,2025-06-24,100,"Recommended based on good credit score, high income",100,0.4426,80.0,pending,2025-08-06
1285,691,9,2025-07-07,100,"Recommended based on good credit score, high income",100,0.4426,80.0,declined,2025-10-12
1286,692,20,2025-06-18,84,Standard recommendation,100,0.8,66.67,pending,2025-08-25
1287,693,12,2025-07-10,98,Recommended based on low credit utilization,100,0.1,83.33,declined,2025-10-19
1288,694,40,2025-07-07,100,"Recommended based on stable income, low credit utilization",100,0.0285,64.29,pending,2025-10-18
1289,694,26,2025-07-29,87,"Recommended based on stable income, low credit utilization",100,0.0285,64.29,expired,2025-10-26
1290,694,8,2025-07-19,99,"Recommended based on stable income, low credit utilization",100,0.0285,64.29,pending,2025-10-20
1291,695,8,2025-07-27,100,Recommended based on stable income,100,0.3,80.0,declined,2025-10-19
1292,695,12,2025-07-16,100,Recommended based on stable income,100,0.3,80.0,pending,2025-08-06
1293,695,5,2025-06-28,100,Recommended based on stable income,100,0.3,80.0,expired,2025-09-29
1294,696,43,2025-07-16,95,"Recommended based on good credit score, low credit utilization",100,0.1,100.0,expired,2025-08-04
1295,696,12,2025-07-18,100,"Recommended based on good credit score, low credit utilization",100,0.1,100.0,pending,2025-10-23
1296,697,13,2025-07-11,100,Standard recommendation,100,0.5,83.33,pending,2025-10-16
1297,698,27,2025-06-13,100,"Recommended based on excellent credit score, high income",100,0.1723,88.89,pending,2025-08-09
1298,699,38,2025-07-31,77,"Recommended based on good credit score, high income",100,0.8,100.0,declined,2025-09-07
1299,699,27,2025-07-13,100,"Recommended based on good credit score, high income",100,0.8,100.0,declined,2025-10-01
1300,700,47,2025-06-05,91,Standard recommendation,100,0.3,70.0,expired,2025-10-07
1301,700,13,2025-07-15,97,Standard recommendation,100,0.3,70.0,declined,2025-08-06
1302,701,26,2025-07-25,100,"Recommended based on excellent credit score, high income",100,0.3251,95.83,pending,2025-08-25
1303,701,23,2025-06-21,100,"Recommended based on excellent credit score, high income",100,0.3251,95.83,pending,2025-09-18
1304,702,27,2025-07-19,85,Standard recommendation,100,0.675,80.0,accepted,2025-08-24
1305,702,15,2025-08-01,73,Standard recommendation,100,0.675,80.0,expired,2025-10-04
1306,703,8,2025-07-17,100,"Recommended based on good credit score, low credit utilization",100,0.1,80.0,pending,2025-08-15
1307,704,26,2025-06-14,90,"Recommended based on excellent credit score, high income",100,0.1,85.71,pending,2025-10-18
1308,704,45,2025-07-06,89,"Recommended based on excellent credit score, high income",100,0.1,85.71,pending,2025-08-10
1309,705,6,2025-07-06,88,"Recommended based on good credit score, stable income",100,0.3,85.71,expired,2025-09-09
1310,705,38,2025-06-24,81,"Recommended based on good credit score, stable income",100,0.3,85.71,pending,2025-09-09
1311,705,42,2025-06-15,94,"Recommended based on good credit score, stable income",100,0.3,85.71,pending,2025-08-23
1312,706,3,2025-06-13,100,Recommended based on stable income,100,0.3,66.67,declined,2025-10-07
1313,706,23,2025-07-30,92,Recommended based on stable income,100,0.3,66.67,accepted,2025-08-17
1314,707,50,2025-07-11,100,Recommended based on low credit utilization,100,0.1,71.43,accepted,2025-09-13
1315,707,34,2025-06-20,100,Recommended based on low credit utilization,100,0.1,71.43,pending,2025-08-13
1316,708,21,2025-07-20,100,"Recommended based on excellent credit score, high income",100,0.5985,100.0,accepted,2025-09-03
1317,708,34,2025-07-15,100,"Recommended based on excellent credit score, high income",100,0.5985,100.0,accepted,2025-08-29
1318,708,36,2025-06-10,100,"Recommended based on excellent credit score, high income",100,0.5985,100.0,pending,2025-09-20
1319,708,31,2025-07-25,100,"Recommended based on excellent credit score, high income",100,0.5985,100.0,accepted,2025-08-02
1320,709,19,2025-06-06,100,"Recommended based on excellent credit score, high income",100,0.0168,92.31,pending,2025-10-15
1321,709,3,2025-06-13,100,"Recommended based on excellent credit score, high income",100,0.0168,92.31,pending,2025-08-11
1322,710,12,2025-06-06,92,"Recommended based on stable income, low credit utilization",100,0.1,66.67,declined,2025-10-02
1323,711,5,2025-07-07,98,"Recommended based on stable income, low credit utilization",100,0.1,70.0,accepted,2025-10-30
1324,712,5,2025-06-03,100,"Recommended based on good credit score, high income",100,0.5179,88.24,declined,2025-08-20
1325,712,28,2025-06-04,100,"Recommended based on good credit score, high income",100,0.5179,88.24,accepted,2025-10-14
1326,713,12,2025-06-28,90,Standard recommendation,100,0.8,85.71,accepted,2025-10-10
1327,713,3,2025-06-20,100,Standard recommendation,100,0.8,85.71,declined,2025-10-10
1328,714,28,2025-06-13,100,"Recommended based on good credit score, low credit utilization",100,0.1,100.0,declined,2025-10-16
1329,714,5,2025-07-10,100,"Recommended based on good credit score, low credit utilization",100,0.1,100.0,declined,2025-08-05
1330,715,12,2025-06-26,95,Standard recommendation,100,0.5,80.0,declined,2025-09-05
1331,715,13,2025-06-29,100,Standard recommendation,100,0.5,80.0,declined,2025-08-29
1332,715,3,2025-07-18,100,Standard recommendation,100,0.5,80.0,declined,2025-09-19
1333,716,17,2025-07-12,100,"Recommended based on excellent credit score, high income",100,0.3275,92.31,declined,2025-10-22
1334,716,34,2025-06-26,100,"Recommended based on excellent credit score, high income",100,0.3275,92.31,accepted,2025-08-02
1335,716,42,2025-06-09,100,"Recommended based on excellent credit score, high income",100,0.3275,92.31,pending,2025-09-26
1336,716,27,2025-06-26,100,"Recommended based on excellent credit score, high income",100,0.3275,92.31,declined,2025-08-18
1337,717,17,2025-07-22,83,"Recommended based on excellent credit score, high income",100,0.3204,100.0,pending,2025-09-06
1338,718,40,2025-06-16,79,Recommended based on stable income,100,0.3,75.0,pending,2025-10-01
1339,718,3,2025-06-24,100,Recommended based on stable income,100,0.3,75.0,pending,2025-08-19
1340,719,13,2025-06-14,100,"Recommended based on good credit score, stable income",100,0.1,75.0,pending,2025-08-31
1341,719,28,2025-07-17,100,"Recommended based on good credit score, stable income",100,0.1,75.0,accepted,2025-09-19
1342,720,33,2025-06-20,100,"Recommended based on excellent credit score, high income",100,0.2559,88.89,accepted,2025-10-20
1343,720,23,2025-07-05,100,"Recommended based on excellent credit score, high income",100,0.2559,88.89,accepted,2025-10-21
1344,720,30,2025-06-30,100,"Recommended based on excellent credit score, high income",100,0.2559,88.89,pending,2025-09-12
1345,721,7,2025-08-01,100,"Recommended based on excellent credit score, high income",100,0.2447,84.62,pending,2025-10-29
1346,721,45,2025-06-18,100,"Recommended based on excellent credit score, high income",100,0.2447,84.62,pending,2025-10-22
1347,721,32,2025-06-04,100,"Recommended based on excellent credit score, high income",100,0.2447,84.62,accepted,2025-09-28
1348,722,3,2025-06-10,100,Recommended based on stable income,100,0.3944,53.85,pending,2025-08-22
1349,722,23,2025-06-14,97,Recommended based on stable income,100,0.3944,53.85,expired,2025-10-06
1350,723,26,2025-07-18,100,"Recommended based on good credit score, stable income",100,0.7009,86.67,declined,2025-10-30
1351,724,3,2025-06-26,100,Standard recommendation,100,0.5,50.0,pending,2025-08-25
1352,725,28,2025-06-06,100,"Recommended based on good credit score, excellent payment history",100,0.3,100.0,declined,2025-09-06
1353,725,34,2025-07-22,98,"Recommended based on good credit score, excellent payment history",100,0.3,100.0,pending,2025-09-06
1354,725,12,2025-06-14,100,"Recommended based on good credit score, excellent payment history",100,0.3,100.0,expired,2025-08-18
1355,726,27,2025-06-17,100,"Recommended based on excellent credit score, high income",100,0.2557,80.0,pending,2025-08-13
1356,726,48,2025-07-30,100,"Recommended based on excellent credit score, high income",100,0.2557,80.0,declined,2025-08-25
1357,727,7,2025-06-20,100,"Recommended based on good credit score, stable income",100,0.3,100.0,declined,2025-10-18
1358,727,13,2025-06-12,100,"Recommended based on good credit score, stable income",100,0.3,100.0,declined,2025-09-12
1359,727,9,2025-07-16,81,"Recommended based on good credit score, stable income",100,0.3,100.0,declined,2025-09-20
1360,728,3,2025-07-28,100,Standard recommendation,100,0.3,77.78,pending,2025-08-14
1361,728,47,2025-07-21,91,Standard recommendation,100,0.3,77.78,accepted,2025-08-13
1362,729,13,2025-07-28,100,"Recommended based on good credit score, stable income",100,0.3,91.67,pending,2025-09-06
1363,729,3,2025-06-14,100,"Recommended based on good credit score, stable income",100,0.3,91.67,accepted,2025-10-22
1364,729,48,2025-08-01,86,"Recommended based on good credit score, stable income",100,0.3,91.67,pending,2025-10-16
1365,730,28,2025-06-20,97,"Recommended based on good credit score, low credit utilization",100,0.1,87.5,pending,2025-10-11
1366,731,50,2025-06-23,100,"Recommended based on excellent credit score, high income",100,0.151,100.0,pending,2025-08-21
1367,731,3,2025-06-22,100,"Recommended based on excellent credit score, high income",100,0.151,100.0,pending,2025-10-21
1368,732,23,2025-07-05,91,Recommended based on excellent payment history,100,0.8,100.0,pending,2025-08-27
1369,733,13,2025-07-23,100,"Recommended based on good credit score, stable income",100,0.3,87.5,pending,2025-09-12
1370,734,12,2025-07-06,100,"Recommended based on excellent credit score, high income",100,0.2037,100.0,declined,2025-08-19
1371,734,17,2025-06-07,91,"Recommended based on excellent credit score, high income",100,0.2037,100.0,accepted,2025-08-09
1372,735,10,2025-07-10,93,"Recommended based on good credit score, excellent payment history",100,0.5,100.0,declined,2025-10-02
1373,735,23,2025-07-09,97,"Recommended based on good credit score, excellent payment history",100,0.5,100.0,expired,2025-09-08
1374,736,27,2025-07-20,95,Recommended based on low credit utilization,100,0.1565,83.33,pending,2025-10-14
1375,736,23,2025-07-28,98,Recommended based on low credit utilization,100,0.1565,83.33,pending,2025-09-05
1376,736,50,2025-07-05,100,Recommended based on low credit utilization,100,0.1565,83.33,pending,2025-08-23
1377,737,27,2025-06-05,100,"Recommended based on excellent credit score, stable income",100,0.1816,100.0,accepted,2025-09-30
1378,737,50,2025-07-25,100,"Recommended based on excellent credit score, stable income",100,0.1816,100.0,accepted,2025-08-29
1379,738,23,2025-06-22,100,"Recommended based on stable income, low credit utilization",100,0.0738,55.56,accepted,2025-09-12
1380,738,8,2025-06-20,100,"Recommended based on stable income, low credit utilization",100,0.0738,55.56,declined,2025-08-02
1381,739,34,2025-07-25,86,Standard recommendation,100,0.5,75.0,accepted,2025-09-11
1382,739,3,2025-07-26,100,Standard recommendation,100,0.5,75.0,declined,2025-10-22
1383,740,18,2025-06-12,95,"Recommended based on good credit score, stable income",100,0.3,85.71,declined,2025-09-26
1384,741,33,2025-06-18,91,"Recommended based on good credit score, high income",100,0.8,100.0,accepted,2025-08-13
1385,741,28,2025-06-20,100,"Recommended based on good credit score, high income",100,0.8,100.0,pending,2025-10-20
1386,741,18,2025-07-28,100,"Recommended based on good credit score, high income",100,0.8,100.0,expired,2025-09-09
1387,741,3,2025-07-20,100,"Recommended based on good credit score, high income",100,0.8,100.0,declined,2025-09-02
1388,742,41,2025-06-04,90,"Recommended based on good credit score, stable income",100,0.3,80.0,declined,2025-08-12
1389,742,3,2025-06-26,100,"Recommended based on good credit score, stable income",100,0.3,80.0,declined,2025-08-28
1390,742,11,2025-07-16,79,"Recommended based on good credit score, stable income",100,0.3,80.0,expired,2025-08-15
1391,743,3,2025-07-09,100,Standard recommendation,100,0.5,57.14,pending,2025-08-25
1392,744,13,2025-06-25,100,"Recommended based on good credit score, low credit utilization",100,0.2962,85.71,accepted,2025-08-20
1393,744,5,2025-07-10,100,"Recommended based on good credit score, low credit utilization",100,0.2962,85.71,expired,2025-10-19
1394,745,3,2025-07-19,100,"Recommended based on good credit score, high income",100,0.0443,75.0,expired,2025-10-27
1395,745,42,2025-07-12,93,"Recommended based on good credit score, high income",100,0.0443,75.0,pending,2025-10-03
1396,746,34,2025-07-15,100,"Recommended based on good credit score, high income",100,0.3,88.89,accepted,2025-09-26
1397,746,48,2025-07-23,100,"Recommended based on good credit score, high income",100,0.3,88.89,accepted,2025-08-19
1398,746,28,2025-06-08,100,"Recommended based on good credit score, high income",100,0.3,88.89,pending,2025-08-23
1399,746,27,2025-07-09,100,"Recommended based on good credit score, high income",100,0.3,88.89,pending,2025-08-28
1400,747,50,2025-07-20,100,"Recommended based on excellent credit score, high income",100,0.3047,95.65,pending,2025-10-04
1401,747,23,2025-07-23,100,"Recommended based on excellent credit score, high income",100,0.3047,95.65,declined,2025-09-13
1402,748,27,2025-06-06,92,Recommended based on stable income,100,0.3257,75.0,declined,2025-09-18
1403,749,34,2025-06-28,100,Recommended based on low credit utilization,100,0.0636,68.75,accepted,2025-08-14
1404,749,28,2025-07-27,96,Recommended based on low credit utilization,100,0.0636,68.75,accepted,2025-10-17
1405,749,13,2025-06-24,100,Recommended based on low credit utilization,100,0.0636,68.75,accepted,2025-09-18
1406,750,23,2025-07-31,100,Recommended based on stable income,100,0.8,80.0,pending,2025-09-12
1407,750,49,2025-07-01,98,Recommended based on stable income,100,0.8,80.0,pending,2025-08-11
1408,751,10,2025-07-23,99,Standard recommendation,100,0.3,87.5,accepted,2025-08-23
1409,751,50,2025-07-03,96,Standard recommendation,100,0.3,87.5,accepted,2025-09-11
1410,751,8,2025-07-04,100,Standard recommendation,100,0.3,87.5,pending,2025-10-28
1411,752,22,2025-06-24,79,Standard recommendation,100,0.5,66.67,expired,2025-09-13
1412,752,16,2025-07-24,84,Standard recommendation,100,0.5,66.67,accepted,2025-10-04
1413,753,31,2025-07-24,100,"Recommended based on stable income, low credit utilization",100,0.1,64.71,pending,2025-09-12
1414,753,23,2025-07-28,100,"Recommended based on stable income, low credit utilization",100,0.1,64.71,pending,2025-08-16
1415,754,3,2025-07-24,100,Recommended based on good credit score,100,0.3041,87.5,declined,2025-10-10
1416,754,23,2025-06-04,87,Recommended based on good credit score,100,0.3041,87.5,pending,2025-08-21
1417,754,50,2025-06-17,100,Recommended based on good credit score,100,0.3041,87.5,accepted,2025-10-01
1418,755,38,2025-08-01,100,"Recommended based on excellent credit score, high income",100,0.4265,83.33,pending,2025-08-14
1419,755,32,2025-07-25,100,"Recommended based on excellent credit score, high income",100,0.4265,83.33,declined,2025-08-20
1420,756,5,2025-07-19,100,"Recommended based on good credit score, high income",100,0.5,100.0,pending,2025-08-16
1421,757,34,2025-07-01,100,"Recommended based on excellent credit score, high income",100,0.0572,100.0,pending,2025-08-09
1422,758,3,2025-06-12,100,Standard recommendation,100,0.5,33.33,pending,2025-08-05
1423,759,10,2025-06-22,100,Recommended based on stable income,100,0.3479,75.0,expired,2025-09-15
1424,759,7,2025-07-13,100,Recommended based on stable income,100,0.3479,75.0,declined,2025-10-08
1425,760,7,2025-07-23,100,"Recommended based on excellent credit score, high income",100,0.1961,92.86,pending,2025-08-16
1426,760,42,2025-06-30,100,"Recommended based on excellent credit score, high income",100,0.1961,92.86,pending,2025-08-09
1427,761,28,2025-07-06,100,"Recommended based on good credit score, stable income",100,0.1375,100.0,accepted,2025-10-23
1428,761,48,2025-06-27,86,"Recommended based on good credit score, stable income",100,0.1375,100.0,declined,2025-10-11
1429,762,15,2025-07-15,83,Recommended based on stable income,100,0.95,50.0,pending,2025-09-01
1430,762,22,2025-07-25,82,Recommended based on stable income,100,0.95,50.0,pending,2025-09-01
1431,762,23,2025-06-04,99,Recommended based on stable income,100,0.95,50.0,pending,2025-10-19
1432,763,23,2025-06-09,80,Recommended based on low credit utilization,100,0.1,50.0,accepted,2025-09-30
1433,763,13,2025-06-10,100,Recommended based on low credit utilization,100,0.1,50.0,declined,2025-10-03
1434,764,2,2025-06-13,100,"Recommended based on good credit score, low credit utilization",100,0.0,87.5,accepted,2025-08-28
1435,764,13,2025-06-23,100,"Recommended based on good credit score, low credit utilization",100,0.0,87.5,declined,2025-09-11
1436,765,50,2025-06-26,90,Standard recommendation,100,0.8,37.5,declined,2025-10-08
1437,765,5,2025-08-01,95,Standard recommendation,100,0.8,37.5,pending,2025-10-15
1438,765,23,2025-06-09,76,Standard recommendation,100,0.8,37.5,declined,2025-10-25
1439,766,47,2025-06-18,97,Recommended based on low credit utilization,100,0.1,75.0,pending,2025-09-28
1440,766,5,2025-06-16,100,Recommended based on low credit utilization,100,0.1,75.0,expired,2025-08-09
1441,766,8,2025-06-03,74,Recommended based on low credit utilization,100,0.1,75.0,accepted,2025-10-10
1442,766,13,2025-06-30,100,Recommended based on low credit utilization,100,0.1,75.0,expired,2025-09-16
1443,767,13,2025-07-16,100,"Recommended based on good credit score, high income",100,0.5,100.0,pending,2025-09-17
1444,768,42,2025-07-15,100,"Recommended based on excellent credit score, high income",100,0.2485,85.71,accepted,2025-09-14
1445,769,26,2025-06-16,95,"Recommended based on good credit score, high income",100,0.2292,80.0,declined,2025-10-16
1446,769,8,2025-07-01,100,"Recommended based on good credit score, high income",100,0.2292,80.0,accepted,2025-09-07
1447,770,5,2025-06-27,95,Recommended based on low credit utilization,100,0.1,60.0,declined,2025-08-29
1448,770,12,2025-06-14,93,Recommended based on low credit utilization,100,0.1,60.0,declined,2025-08-13
1449,771,28,2025-07-14,100,"Recommended based on excellent credit score, high income",100,0.4374,93.33,declined,2025-09-22
1450,772,3,2025-06-27,100,Recommended based on low credit utilization,100,0.0,40.0,pending,2025-08-15
1451,773,13,2025-06-03,100,"Recommended based on good credit score, stable income",100,0.3299,90.91,expired,2025-10-25
1452,774,28,2025-07-16,95,Recommended based on good credit score,100,0.4167,85.71,declined,2025-08-15
1453,774,12,2025-07-26,100,Recommended based on good credit score,100,0.4167,85.71,accepted,2025-08-08
1454,775,13,2025-06-07,100,"Recommended based on good credit score, stable income",100,0.3633,85.71,declined,2025-08-11
1455,776,28,2025-07-15,73,Standard recommendation,100,0.3,66.67,accepted,2025-09-26
1456,777,42,2025-06-22,100,"Recommended based on excellent credit score, high income",100,0.2663,88.89,expired,2025-09-12
1457,778,44,2025-06-19,100,"Recommended based on good credit score, stable income",100,0.0853,71.43,declined,2025-10-16
1458,778,41,2025-06-06,94,"Recommended based on good credit score, stable income",100,0.0853,71.43,pending,2025-09-14
1459,779,5,2025-07-29,100,Recommended based on excellent payment history,100,0.3,100.0,accepted,2025-10-16
1460,779,13,2025-06-20,99,Recommended based on excellent payment history,100,0.3,100.0,expired,2025-10-03
1461,780,49,2025-08-01,95,"Recommended based on excellent credit score, high income",100,0.1,100.0,accepted,2025-09-08
1462,780,24,2025-07-25,94,"Recommended based on excellent credit score, high income",100,0.1,100.0,declined,2025-09-16
1463,781,3,2025-07-05,100,"Recommended based on good credit score, stable income",100,0.548,100.0,pending,2025-08-16
1464,782,12,2025-07-18,100,"Recommended based on good credit score, stable income",100,0.1787,84.62,pending,2025-08-12
1465,783,33,2025-07-02,85,"Recommended based on high income, excellent payment history",100,0.8461,92.31,pending,2025-09-16
1466,783,20,2025-07-31,82,"Recommended based on high income, excellent payment history",100,0.8461,92.31,pending,2025-10-11
1467,784,47,2025-06-16,100,Recommended based on low credit utilization,100,0.2526,77.78,expired,2025-09-10
1468,784,12,2025-07-19,94,Recommended based on low credit utilization,100,0.2526,77.78,declined,2025-08-30
1469,785,31,2025-06-09,99,"Recommended based on good credit score, stable income",100,0.3647,88.89,pending,2025-10-24
1470,785,2,2025-07-10,100,"Recommended based on good credit score, stable income",100,0.3647,88.89,pending,2025-09-30
1471,785,34,2025-06-20,100,"Recommended based on good credit score, stable income",100,0.3647,88.89,declined,2025-09-17
1472,786,23,2025-07-16,100,Recommended based on stable income,100,0.3,28.57,pending,2025-08-08
1473,786,34,2025-06-23,88,Recommended based on stable income,100,0.3,28.57,pending,2025-10-27
1474,787,46,2025-07-20,100,"Recommended based on excellent credit score, high income",100,0.4261,86.67,expired,2025-10-11
1475,787,33,2025-06-17,98,"Recommended based on excellent credit score, high income",100,0.4261,86.67,accepted,2025-09-28
1476,788,5,2025-06-04,100,Recommended based on low credit utilization,100,0.0,42.86,pending,2025-09-17
1477,789,24,2025-07-22,100,"Recommended based on good credit score, high income",100,0.3756,80.0,pending,2025-08-03
1478,789,30,2025-06-08,100,"Recommended based on good credit score, high income",100,0.3756,80.0,expired,2025-08-05
1479,790,47,2025-07-29,85,Standard recommendation,100,0.3,33.33,pending,2025-09-10
1480,790,3,2025-06-09,100,Standard recommendation,100,0.3,33.33,pending,2025-09-12
1481,790,13,2025-07-16,93,Standard recommendation,100,0.3,33.33,accepted,2025-10-16
1482,791,40,2025-06-03,100,"Recommended based on good credit score, stable income",100,0.5,100.0,pending,2025-08-26
1483,791,32,2025-06-15,93,"Recommended based on good credit score, stable income",100,0.5,100.0,declined,2025-09-03
1484,792,12,2025-07-05,100,"Recommended based on good credit score, stable income",100,0.3613,87.5,expired,2025-09-21
1485,792,27,2025-06-04,100,"Recommended based on good credit score, stable income",100,0.3613,87.5,pending,2025-08-28
1486,793,13,2025-07-27,94,Standard recommendation,100,0.3,42.86,pending,2025-08-23
1487,794,18,2025-07-04,100,"Recommended based on good credit score, high income",100,0.172,81.82,pending,2025-10-19
1488,795,33,2025-06-19,95,"Recommended based on good credit score, stable income",100,0.3,100.0,declined,2025-08-12
1489,796,3,2025-07-15,100,Recommended based on stable income,100,0.8,75.0,pending,2025-08-09
1490,797,13,2025-06-25,93,Recommended based on low credit utilization,100,0,85.0,pending,2025-08-16
1491,797,5,2025-06-28,100,Recommended based on low credit utilization,100,0,85.0,pending,2025-09-13
1492,798,23,2025-06-13,100,"Recommended based on excellent credit score, high income",100,0.234,100.0,pending,2025-09-22
1493,798,31,2025-08-01,99,"Recommended based on excellent credit score, high income",100,0.234,100.0,pending,2025-10-06
1494,798,1,2025-07-15,72,"Recommended based on excellent credit score, high income",100,0.234,100.0,pending,2025-10-03
1495,799,10,2025-07-28,95,"Recommended based on high income, low credit utilization",100,0.1,66.67,accepted,2025-10-23
1496,800,34,2025-07-04,100,"Recommended based on excellent credit score, high income",100,0.1674,90.0,pending,2025-09-08
1497,801,48,2025-08-01,100,"Recommended based on excellent credit score, high income",100,0.1,100.0,expired,2025-09-22
1498,802,47,2025-06-21,100,Recommended based on high income,100,0.8,40.0,pending,2025-08-02
1499,803,47,2025-07-10,88,Standard recommendation,100,0.3,33.33,pending,2025-09-10
1500,804,45,2025-07-04,100,"Recommended based on excellent credit score, high income",100,0.3476,81.82,pending,2025-09-04
1501,804,49,2025-06-10,100,"Recommended based on excellent credit score, high income",100,0.3476,81.82,declined,2025-10-22
1502,804,20,2025-06-06,100,"Recommended based on excellent credit score, high income",100,0.3476,81.82,declined,2025-08-02
1503,805,3,2025-07-20,100,"Recommended based on good credit score, high income",100,0.367,90.0,expired,2025-08-13
1504,805,48,2025-07-20,100,"Recommended based on good credit score, high income",100,0.367,90.0,accepted,2025-10-01
1505,806,23,2025-06-24,100,Standard recommendation,100,0.3,75.0,pending,2025-08-25
1506,807,3,2025-07-28,100,"Recommended based on good credit score, high income",100,0.5957,93.75,accepted,2025-09-11
1507,807,15,2025-06-09,100,"Recommended based on good credit score, high income",100,0.5957,93.75,expired,2025-09-21
1508,807,24,2025-06-15,100,"Recommended based on good credit score, high income",100,0.5957,93.75,pending,2025-08-29
1509,807,23,2025-07-10,100,"Recommended based on good credit score, high income",100,0.5957,93.75,declined,2025-09-06
1510,808,23,2025-07-07,100,Recommended based on stable income,100,0.3,75.0,accepted,2025-10-16
1511,808,27,2025-06-30,88,Recommended based on stable income,100,0.3,75.0,declined,2025-08-25
1512,809,3,2025-07-08,100,Standard recommendation,100,0.3,66.67,declined,2025-08-16
1513,810,3,2025-06-10,100,"Recommended based on good credit score, high income",100,0.1295,84.62,pending,2025-10-07
1514,811,27,2025-06-29,100,"Recommended based on good credit score, high income",100,0.491,91.67,declined,2025-08-20
1515,811,47,2025-07-06,100,"Recommended based on good credit score, high income",100,0.491,91.67,pending,2025-08-10
1516,811,13,2025-07-02,100,"Recommended based on good credit score, high income",100,0.491,91.67,declined,2025-10-08
1517,812,5,2025-06-08,100,"Recommended based on good credit score, low credit utilization",100,0.1,100.0,pending,2025-08-21
1518,812,12,2025-06-17,100,"Recommended based on good credit score, low credit utilization",100,0.1,100.0,expired,2025-10-18
1519,813,47,2025-06-14,100,"Recommended based on excellent credit score, high income",100,0.342,95.0,accepted,2025-10-28
1520,813,13,2025-07-10,100,"Recommended based on excellent credit score, high income",100,0.342,95.0,accepted,2025-08-08
1521,814,23,2025-06-28,100,"Recommended based on stable income, low credit utilization",100,0.0,66.67,accepted,2025-08-12
1522,815,43,2025-07-30,90,"Recommended based on good credit score, excellent payment history",100,0.5,100.0,pending,2025-09-01
1523,816,13,2025-07-02,100,"Recommended based on good credit score, stable income",100,0.1,100.0,accepted,2025-09-02
1524,817,3,2025-07-17,93,Standard recommendation,100,0.5,25.0,accepted,2025-09-03
1525,818,3,2025-07-15,100,Recommended based on low credit utilization,100,0.1,33.33,accepted,2025-10-03
1526,819,12,2025-07-20,100,"Recommended based on good credit score, high income",100,0.1695,84.62,expired,2025-08-04
1527,819,38,2025-07-16,95,"Recommended based on good credit score, high income",100,0.1695,84.62,declined,2025-10-14
1528,820,50,2025-07-31,100,"Recommended based on good credit score, stable income",100,0.1,100.0,pending,2025-10-02
1529,820,40,2025-07-07,89,"Recommended based on good credit score, stable income",100,0.1,100.0,pending,2025-09-02
1530,821,12,2025-08-01,72,Recommended based on low credit utilization,100,0.2783,50.0,expired,2025-10-22
1531,821,47,2025-06-08,88,Recommended based on low credit utilization,100,0.2783,50.0,pending,2025-08-10
1532,822,5,2025-08-01,100,"Recommended based on good credit score, high income",100,0.3,100.0,accepted,2025-10-20
1533,822,8,2025-07-14,100,"Recommended based on good credit score, high income",100,0.3,100.0,pending,2025-08-02
1534,823,28,2025-06-15,96,Standard recommendation,100,0.3,75.0,accepted,2025-08-02
1535,823,3,2025-06-13,100,Standard recommendation,100,0.3,75.0,accepted,2025-10-17
1536,823,23,2025-07-14,100,Standard recommendation,100,0.3,75.0,pending,2025-10-06
1537,824,3,2025-07-18,96,Standard recommendation,100,0.3,50.0,accepted,2025-10-14
1538,825,38,2025-07-09,100,"Recommended based on excellent credit score, high income",100,0.1823,100.0,pending,2025-10-09
1539,826,27,2025-07-17,90,"Recommended based on good credit score, stable income",100,0.3859,92.31,pending,2025-08-14
1540,826,3,2025-06-11,100,"Recommended based on good credit score, stable income",100,0.3859,92.31,accepted,2025-09-30
1541,827,3,2025-06-08,100,Standard recommendation,100,0.3,28.57,pending,2025-10-09
1542,828,10,2025-06-29,97,"Recommended based on good credit score, stable income",100,0.1,100.0,pending,2025-08-08
1543,829,47,2025-07-12,100,"Recommended based on stable income, low credit utilization",100,0.0,50.0,pending,2025-10-23
1544,830,27,2025-07-13,100,"Recommended based on excellent credit score, high income",100,0.0336,82.35,accepted,2025-10-05
1545,830,6,2025-07-23,100,"Recommended based on excellent credit score, high income",100,0.0336,82.35,declined,2025-10-29
1546,831,3,2025-06-16,100,"Recommended based on excellent credit score, high income",100,0.3003,90.91,pending,2025-10-15
1547,832,46,2025-07-11,98,"Recommended based on excellent credit score, high income",100,0.0629,90.91,accepted,2025-08-04
1548,832,21,2025-06-03,96,"Recommended based on excellent credit score, high income",100,0.0629,90.91,declined,2025-08-28
1549,833,3,2025-07-28,100,"Recommended based on good credit score, high income",100,0.4272,85.71,accepted,2025-08-18
1550,834,3,2025-07-19,100,Standard recommendation,100,0.5,50.0,declined,2025-10-15
1551,835,28,2025-06-20,87,Recommended based on stable income,100,0.3,50.0,accepted,2025-09-19
1552,835,47,2025-06-12,93,Recommended based on stable income,100,0.3,50.0,pending,2025-10-07
1553,836,36,2025-06-09,100,"Recommended based on good credit score, high income",100,0.3,100.0,declined,2025-08-09
1554,837,18,2025-07-24,76,Standard recommendation,100,0.5182,75.0,accepted,2025-08-21
1555,837,3,2025-06-13,100,Standard recommendation,100,0.5182,75.0,declined,2025-10-22
1556,837,20,2025-06-05,77,Standard recommendation,100,0.5182,75.0,declined,2025-10-21
1557,838,26,2025-08-01,100,"Recommended based on good credit score, high income",100,0.3,83.33,pending,2025-10-20
1558,839,40,2025-07-04,100,"Recommended based on good credit score, high income",100,0.8,100.0,pending,2025-08-21
1559,840,3,2025-06-08,100,"Recommended based on good credit score, high income",100,0.6119,85.71,pending,2025-09-12
1560,840,15,2025-06-29,100,"Recommended based on good credit score, high income",100,0.6119,85.71,pending,2025-10-25
1561,841,3,2025-07-20,100,"Recommended based on good credit score, stable income",100,0.3509,100.0,pending,2025-08-03
1562,841,50,2025-06-15,100,"Recommended based on good credit score, stable income",100,0.3509,100.0,declined,2025-09-27
1563,842,5,2025-06-24,100,"Recommended based on good credit score, high income",100,0.3,100.0,accepted,2025-09-16
1564,842,50,2025-06-23,100,"Recommended based on good credit score, high income",100,0.3,100.0,pending,2025-10-05
1565,842,10,2025-06-08,100,"Recommended based on good credit score, high income",100,0.3,100.0,pending,2025-08-10
1566,843,2,2025-07-23,100,"Recommended based on excellent credit score, high income",100,0.1782,100.0,pending,2025-09-30
1567,843,28,2025-07-18,100,"Recommended based on excellent credit score, high income",100,0.1782,100.0,declined,2025-10-22
1568,844,50,2025-07-07,100,"Recommended based on good credit score, high income",100,0.3875,76.47,declined,2025-10-11
1569,844,15,2025-07-13,100,"Recommended based on good credit score, high income",100,0.3875,76.47,accepted,2025-10-17
1570,845,3,2025-07-19,100,"Recommended based on good credit score, high income",100,0.5,83.33,declined,2025-09-09
1571,846,47,2025-07-10,100,"Recommended based on stable income, low credit utilization",100,0.1,80.0,accepted,2025-09-06
1572,847,38,2025-06-16,100,"Recommended based on excellent credit score, high income",100,0.0451,88.89,accepted,2025-08-27
1573,848,5,2025-06-15,100,"Recommended based on excellent credit score, high income",100,0.2078,84.21,expired,2025-10-13
1574,849,35,2025-07-09,85,"Recommended based on good credit score, stable income",100,0.0978,70.0,declined,2025-08-08
1575,849,47,2025-07-22,100,"Recommended based on good credit score, stable income",100,0.0978,70.0,accepted,2025-09-22
1576,850,5,2025-06-24,98,Recommended based on stable income,100,0.3,41.67,pending,2025-08-22
1577,851,50,2025-07-27,100,Recommended based on low credit utilization,100,0.0,75.0,pending,2025-09-10
1578,852,3,2025-07-27,100,Recommended based on low credit utilization,100,0.1,75.0,pending,2025-09-07
1579,853,30,2025-07-14,100,"Recommended based on excellent credit score, high income",100,0.1,90.91,declined,2025-08-22
1580,853,9,2025-07-15,100,"Recommended based on excellent credit score, high income",100,0.1,90.91,pending,2025-10-14
1581,854,3,2025-07-20,100,Recommended based on stable income,100,0.7259,60.0,declined,2025-08-09
1582,855,9,2025-07-07,100,"Recommended based on good credit score, stable income",100,0.3,100.0,pending,2025-10-20
1583,855,3,2025-07-12,100,"Recommended based on good credit score, stable income",100,0.3,100.0,declined,2025-10-02
1584,856,3,2025-06-17,92,Standard recommendation,100,0.3,66.67,pending,2025-09-01
1585,857,24,2025-07-08,81,"Recommended based on good credit score, high income",100,0.3929,100.0,declined,2025-09-03
1586,858,8,2025-06-28,100,"Recommended based on good credit score, stable income",100,0.3,100.0,declined,2025-09-02
1587,858,48,2025-06-27,100,"Recommended based on good credit score, stable income",100,0.3,100.0,expired,2025-10-27
1588,858,10,2025-06-26,100,"Recommended based on good credit score, stable income",100,0.3,100.0,declined,2025-08-08
1589,859,3,2025-07-16,100,Recommended based on low credit utilization,100,0.1,40.0,pending,2025-08-09
1590,860,48,2025-06-21,100,"Recommended based on good credit score, stable income",100,0.3,84.62,pending,2025-08-04
1591,861,35,2025-06-21,72,"Recommended based on good credit score, stable income",100,0.1,83.33,pending,2025-09-14
1592,862,23,2025-07-17,100,"Recommended based on good credit score, high income",100,0.0953,75.0,accepted,2025-10-09
1593,863,34,2025-07-07,100,Recommended based on low credit utilization,100,0.1,75.0,pending,2025-09-24
1594,864,3,2025-06-05,100,Standard recommendation,100,0.3,62.5,pending,2025-09-26
1595,865,47,2025-07-18,93,Recommended based on low credit utilization,100,0.1,75.0,pending,2025-08-12
1596,865,5,2025-07-26,97,Recommended based on low credit utilization,100,0.1,75.0,expired,2025-08-06
1597,866,30,2025-07-31,100,"Recommended based on good credit score, stable income",100,0.0,75.0,accepted,2025-09-09
1598,866,13,2025-07-30,100,"Recommended based on good credit score, stable income",100,0.0,75.0,declined,2025-08-06
1599,867,15,2025-07-10,93,Recommended based on stable income,100,0.6564,66.67,pending,2025-08-24
1600,868,10,2025-06-13,86,Recommended based on low credit utilization,100,0.1,75.0,accepted,2025-10-04
1601,868,34,2025-07-04,100,Recommended based on low credit utilization,100,0.1,75.0,accepted,2025-09-18
1602,868,50,2025-07-14,94,Recommended based on low credit utilization,100,0.1,75.0,declined,2025-09-26
1603,869,42,2025-06-23,85,"Recommended based on good credit score, high income",100,0.3,100.0,declined,2025-10-01
1604,870,5,2025-06-29,100,Recommended based on low credit utilization,100,0.1,71.43,accepted,2025-10-05
1605,870,12,2025-07-09,96,Recommended based on low credit utilization,100,0.1,71.43,accepted,2025-08-12
1606,870,13,2025-07-17,99,Recommended based on low credit utilization,100,0.1,71.43,accepted,2025-10-24
1607,871,47,2025-06-26,100,Standard recommendation,100,0.4538,71.43,expired,2025-09-04
1608,871,13,2025-07-12,100,Standard recommendation,100,0.4538,71.43,pending,2025-08-23
1609,871,12,2025-06-08,98,Standard recommendation,100,0.4538,71.43,pending,2025-08-15
1610,871,3,2025-06-29,100,Standard recommendation,100,0.4538,71.43,declined,2025-09-30
1611,872,47,2025-07-21,100,"Recommended based on excellent credit score, high income",100,0.2162,90.0,accepted,2025-10-27
1612,872,3,2025-07-20,100,"Recommended based on excellent credit score, high income",100,0.2162,90.0,declined,2025-09-23
1613,873,45,2025-07-07,73,Recommended based on stable income,100,0.7022,76.92,accepted,2025-09-13
1614,873,5,2025-07-14,100,Recommended based on stable income,100,0.7022,76.92,expired,2025-08-28
1615,874,2,2025-06-13,100,"Recommended based on good credit score, stable income",100,0.1,100.0,declined,2025-10-29
1616,875,3,2025-07-09,100,Recommended based on low credit utilization,100,0.1,25.0,accepted,2025-10-23
1617,876,9,2025-06-18,90,Recommended based on stable income,100,0.3605,88.89,accepted,2025-08-23
1618,876,10,2025-06-22,100,Recommended based on stable income,100,0.3605,88.89,declined,2025-09-25
1619,877,8,2025-06-28,100,Standard recommendation,100,0.5,85.71,expired,2025-08-11
1620,878,48,2025-07-15,100,Recommended based on stable income,100,0.3765,76.92,pending,2025-10-04
1621,878,3,2025-06-27,100,Recommended based on stable income,100,0.3765,76.92,pending,2025-09-05
1622,879,3,2025-07-23,100,Standard recommendation,100,0.3755,66.67,pending,2025-09-15
1623,879,47,2025-06-07,99,Standard recommendation,100,0.3755,66.67,pending,2025-09-05
1624,880,12,2025-07-05,100,"Recommended based on good credit score, low credit utilization",100,0.1,100.0,accepted,2025-10-25
1625,881,3,2025-07-27,90,Recommended based on low credit utilization,100,0.1,37.5,declined,2025-10-09
1626,882,5,2025-07-25,100,"Recommended based on stable income, low credit utilization",100,0.1,75.0,expired,2025-08-06
1627,882,12,2025-06-19,100,"Recommended based on stable income, low credit utilization",100,0.1,75.0,expired,2025-08-02
1628,883,10,2025-07-07,97,"Recommended based on good credit score, stable income",100,0.1,100.0,declined,2025-08-11
1629,883,2,2025-07-16,100,"Recommended based on good credit score, stable income",100,0.1,100.0,pending,2025-09-17
1630,883,32,2025-07-18,72,"Recommended based on good credit score, stable income",100,0.1,100.0,expired,2025-08-29
1631,884,48,2025-07-27,100,"Recommended based on excellent credit score, high income",100,0.4252,87.5,accepted,2025-09-03
1632,884,46,2025-07-28,100,"Recommended based on excellent credit score, high income",100,0.4252,87.5,accepted,2025-09-25
1633,885,47,2025-07-31,100,Recommended based on stable income,100,0.3,75.0,accepted,2025-09-23
1634,886,13,2025-07-10,100,Recommended based on low credit utilization,100,0.1,50.0,accepted,2025-09-16
1635,886,23,2025-07-17,97,Recommended based on low credit utilization,100,0.1,50.0,declined,2025-08-26
1636,886,28,2025-07-15,100,Recommended based on low credit utilization,100,0.1,50.0,declined,2025-09-04
1637,886,47,2025-06-04,100,Recommended based on low credit utilization,100,0.1,50.0,pending,2025-10-25
1638,887,26,2025-07-22,100,"Recommended based on good credit score, high income",100,0.5167,91.67,declined,2025-09-20
1639,887,5,2025-06-04,100,"Recommended based on good credit score, high income",100,0.5167,91.67,accepted,2025-10-23
1640,888,27,2025-06-03,100,"Recommended based on excellent credit score, high income",100,0.4933,80.0,accepted,2025-08-03
1641,888,13,2025-07-30,100,"Recommended based on excellent credit score, high income",100,0.4933,80.0,declined,2025-09-12
1642,888,23,2025-07-01,100,"Recommended based on excellent credit score, high income",100,0.4933,80.0,pending,2025-08-14
1643,889,13,2025-06-29,100,"Recommended based on good credit score, stable income",100,0.1,100.0,pending,2025-08-25
1644,889,23,2025-06-27,100,"Recommended based on good credit score, stable income",100,0.1,100.0,pending,2025-08-02
1645,889,40,2025-07-14,90,"Recommended based on good credit score, stable income",100,0.1,100.0,accepted,2025-10-08
1646,890,50,2025-06-29,100,"Recommended based on excellent credit score, high income",100,0.2699,100.0,accepted,2025-10-10
1647,891,10,2025-06-29,100,"Recommended based on excellent credit score, high income",100,0.1,84.62,pending,2025-08-31
1648,891,45,2025-07-31,100,"Recommended based on excellent credit score, high income",100,0.1,84.62,accepted,2025-08-12
1649,892,27,2025-06-20,100,"Recommended based on good credit score, stable income",100,0.2025,91.67,declined,2025-10-13
1650,892,13,2025-06-11,100,"Recommended based on good credit score, stable income",100,0.2025,91.67,declined,2025-08-07
1651,892,9,2025-07-11,100,"Recommended based on good credit score, stable income",100,0.2025,91.67,expired,2025-08-28
1652,893,36,2025-06-16,100,"Recommended based on excellent credit score, high income",100,0.0621,95.0,pending,2025-08-06
1653,894,47,2025-07-05,100,Recommended based on stable income,100,0.3,66.67,accepted,2025-08-08
1654,894,3,2025-06-03,100,Recommended based on stable income,100,0.3,66.67,declined,2025-10-20
1655,895,10,2025-07-17,82,Recommended based on stable income,100,0.3,83.33,pending,2025-08-09
1656,895,3,2025-06-25,100,Recommended based on stable income,100,0.3,83.33,pending,2025-09-08
1657,895,40,2025-07-20,75,Recommended based on stable income,100,0.3,83.33,pending,2025-09-06
1658,895,12,2025-07-21,100,Recommended based on stable income,100,0.3,83.33,pending,2025-08-22
1659,896,3,2025-07-08,100,Standard recommendation,100,0.5,50.0,accepted,2025-08-07
1660,897,3,2025-06-24,100,Standard recommendation,100,0.5,57.14,pending,2025-10-06
1661,898,24,2025-07-09,100,"Recommended based on excellent credit score, high income",100,0.3418,91.67,expired,2025-09-04
1662,898,18,2025-07-05,100,"Recommended based on excellent credit score, high income",100,0.3418,91.67,pending,2025-10-04
1663,899,44,2025-07-03,81,"Recommended based on stable income, low credit utilization",100,0.1,83.33,pending,2025-10-15
1664,900,8,2025-06-22,100,"Recommended based on excellent credit score, high income",100,0.1586,100.0,accepted,2025-09-18
1665,901,16,2025-07-30,100,"Recommended based on good credit score, high income",100,0.5331,89.47,declined,2025-09-05
1666,901,15,2025-07-26,92,"Recommended based on good credit score, high income",100,0.5331,89.47,declined,2025-08-02
1667,902,3,2025-07-02,100,Recommended based on low credit utilization,100,0.1,66.67,accepted,2025-08-29
1668,903,40,2025-07-22,100,"Recommended based on excellent credit score, stable income",100,0.2113,90.0,declined,2025-09-17
1669,903,43,2025-07-05,100,"Recommended based on excellent credit score, stable income",100,0.2113,90.0,accepted,2025-09-26
1670,903,23,2025-06-29,100,"Recommended based on excellent credit score, stable income",100,0.2113,90.0,pending,2025-08-13
1671,904,13,2025-07-01,86,Standard recommendation,100,0.4259,37.5,declined,2025-10-04
1672,904,47,2025-07-26,87,Standard recommendation,100,0.4259,37.5,declined,2025-10-18
1673,904,3,2025-07-14,100,Standard recommendation,100,0.4259,37.5,expired,2025-09-12
1674,905,21,2025-07-03,94,"Recommended based on excellent credit score, stable income",100,0.1511,100.0,pending,2025-08-16
1675,905,3,2025-07-04,100,"Recommended based on excellent credit score, stable income",100,0.1511,100.0,pending,2025-08-11
1676,906,39,2025-07-23,84,"Recommended based on excellent credit score, high income",100,0.1467,100.0,pending,2025-09-11
1677,906,33,2025-07-14,99,"Recommended based on excellent credit score, high income",100,0.1467,100.0,declined,2025-08-29
1678,907,28,2025-07-09,100,"Recommended based on good credit score, high income",100,0.2125,90.91,pending,2025-08-28
1679,907,18,2025-06-30,100,"Recommended based on good credit score, high income",100,0.2125,90.91,expired,2025-10-20
1680,907,12,2025-06-25,100,"Recommended based on good credit score, high income",100,0.2125,90.91,accepted,2025-10-15
1681,907,5,2025-06-24,100,"Recommended based on good credit score, high income",100,0.2125,90.91,pending,2025-08-31
1682,908,47,2025-07-31,96,Recommended based on low credit utilization,100,0.1,25.0,pending,2025-08-14
1683,908,3,2025-07-15,100,Recommended based on low credit utilization,100,0.1,25.0,pending,2025-09-27
1684,908,13,2025-06-29,88,Recommended based on low credit utilization,100,0.1,25.0,accepted,2025-10-17
1685,909,13,2025-07-04,100,"Recommended based on high income, low credit utilization",100,0.1,66.67,pending,2025-08-23
1686,909,3,2025-06-09,100,"Recommended based on high income, low credit utilization",100,0.1,66.67,accepted,2025-10-27
1687,910,28,2025-06-28,100,"Recommended based on good credit score, high income",100,0.5283,92.86,accepted,2025-08-22
1688,910,34,2025-07-03,100,"Recommended based on good credit score, high income",100,0.5283,92.86,pending,2025-10-04
1689,910,48,2025-07-22,100,"Recommended based on good credit score, high income",100,0.5283,92.86,accepted,2025-09-04
1690,911,45,2025-06-03,100,"Recommended based on good credit score, high income",100,0.1,87.5,accepted,2025-09-20
1691,912,3,2025-07-29,100,Standard recommendation,100,0.3957,68.75,pending,2025-10-05
1692,913,18,2025-07-21,100,"Recommended based on good credit score, high income",100,0.2021,76.47,declined,2025-10-03
1693,913,2,2025-07-12,100,"Recommended based on good credit score, high income",100,0.2021,76.47,pending,2025-10-19
1694,913,30,2025-07-21,100,"Recommended based on good credit score, high income",100,0.2021,76.47,pending,2025-08-12
1695,914,23,2025-07-21,100,Recommended based on stable income,100,0.95,80.0,accepted,2025-09-26
1696,914,18,2025-07-27,80,Recommended based on stable income,100,0.95,80.0,expired,2025-08-24
1697,914,47,2025-06-12,93,Recommended based on stable income,100,0.95,80.0,pending,2025-08-30
1698,915,2,2025-06-03,90,"Recommended based on good credit score, high income",100,0.3,80.0,pending,2025-08-27
1699,915,45,2025-07-04,86,"Recommended based on good credit score, high income",100,0.3,80.0,declined,2025-09-06
1700,915,41,2025-07-27,99,"Recommended based on good credit score, high income",100,0.3,80.0,pending,2025-09-16
1701,916,3,2025-06-07,100,Standard recommendation,100,0.3,50.0,expired,2025-08-20
1702,917,34,2025-06-04,100,Recommended based on stable income,100,0.3,85.71,expired,2025-10-30
1703,917,10,2025-06-13,90,Recommended based on stable income,100,0.3,85.71,accepted,2025-08-16
1704,918,47,2025-06-06,100,Recommended based on stable income,100,0.3,80.0,declined,2025-09-12
1705,919,23,2025-07-21,100,"Recommended based on good credit score, stable income",100,0.1,85.71,expired,2025-09-07
1706,919,3,2025-07-25,100,"Recommended based on good credit score, stable income",100,0.1,85.71,declined,2025-09-21
1707,920,8,2025-08-01,100,"Recommended based on good credit score, low credit utilization",100,0.1,100.0,declined,2025-10-03
1708,921,33,2025-06-05,100,"Recommended based on good credit score, high income",100,0.5202,100.0,declined,2025-10-15
1709,922,3,2025-06-23,100,Recommended based on low credit utilization,100,0.0,33.33,accepted,2025-09-01
1710,923,8,2025-06-17,100,"Recommended based on good credit score, low credit utilization",100,0.2882,90.0,pending,2025-09-01
1711,924,41,2025-06-06,97,"Recommended based on good credit score, high income",100,0.3,85.71,declined,2025-08-23
1712,924,32,2025-07-09,100,"Recommended based on good credit score, high income",100,0.3,85.71,accepted,2025-10-06
1713,924,13,2025-06-24,100,"Recommended based on good credit score, high income",100,0.3,85.71,accepted,2025-08-02
1714,925,43,2025-07-17,100,"Recommended based on good credit score, stable income",100,0.1,85.71,pending,2025-10-18
1715,926,12,2025-07-26,100,"Recommended based on stable income, low credit utilization",100,0.1,66.67,pending,2025-10-10
1716,927,48,2025-06-27,100,Recommended based on high income,100,0.6438,72.73,accepted,2025-10-29
1717,927,27,2025-06-28,100,Recommended based on high income,100,0.6438,72.73,pending,2025-09-21
1718,928,29,2025-06-08,97,"Recommended based on excellent credit score, high income",100,0.0,100.0,declined,2025-08-12
1719,928,3,2025-07-05,100,"Recommended based on excellent credit score, high income",100,0.0,100.0,pending,2025-09-23
1720,928,50,2025-07-03,100,"Recommended based on excellent credit score, high income",100,0.0,100.0,pending,2025-10-23
1721,929,18,2025-06-27,100,"Recommended based on excellent credit score, high income",100,0.1845,100.0,pending,2025-08-09
1722,929,19,2025-06-05,100,"Recommended based on excellent credit score, high income",100,0.1845,100.0,expired,2025-10-20
1723,930,3,2025-06-09,100,Recommended based on stable income,100,0.5,66.67,pending,2025-09-13
1724,930,23,2025-06-11,98,Recommended based on stable income,100,0.5,66.67,pending,2025-08-28
1725,931,14,2025-07-31,100,"Recommended based on excellent credit score, high income",100,0.1549,90.91,accepted,2025-10-13
1726,931,10,2025-07-18,100,"Recommended based on excellent credit score, high income",100,0.1549,90.91,pending,2025-10-25
1727,932,28,2025-06-13,97,Recommended based on stable income,100,0.3,50.0,pending,2025-10-23
1728,932,13,2025-08-01,93,Recommended based on stable income,100,0.3,50.0,declined,2025-08-15
1729,932,23,2025-07-05,100,Recommended based on stable income,100,0.3,50.0,declined,2025-10-08
1730,933,43,2025-07-25,98,Recommended based on stable income,100,0.3,75.0,pending,2025-10-30
1731,933,9,2025-06-20,100,Recommended based on stable income,100,0.3,75.0,pending,2025-08-08
1732,934,3,2025-06-13,100,Standard recommendation,100,0.3,75.0,pending,2025-09-11
1733,935,7,2025-07-03,100,"Recommended based on excellent credit score, high income",100,0.0,100.0,declined,2025-10-02
1734,935,31,2025-06-18,100,"Recommended based on excellent credit score, high income",100,0.0,100.0,pending,2025-08-04
1735,935,5,2025-06-05,100,"Recommended based on excellent credit score, high income",100,0.0,100.0,accepted,2025-09-06
1736,935,13,2025-06-14,100,"Recommended based on excellent credit score, high income",100,0.0,100.0,pending,2025-10-22
1737,936,2,2025-07-04,85,"Recommended based on excellent credit score, low credit utilization",100,0.0,100.0,declined,2025-09-11
1738,936,47,2025-06-18,100,"Recommended based on excellent credit score, low credit utilization",100,0.0,100.0,accepted,2025-08-21
1739,937,13,2025-06-27,100,Standard recommendation,100,0.4035,72.73,accepted,2025-10-29
1740,937,47,2025-06-29,100,Standard recommendation,100,0.4035,72.73,declined,2025-10-07
1741,938,5,2025-06-22,100,"Recommended based on stable income, low credit utilization",100,0.1,77.78,expired,2025-08-16
1742,938,26,2025-07-19,87,"Recommended based on stable income, low credit utilization",100,0.1,77.78,pending,2025-08-31
1743,938,13,2025-06-12,100,"Recommended based on stable income, low credit utilization",100,0.1,77.78,expired,2025-08-02
1744,939,47,2025-06-03,87,Standard recommendation,100,0.3,33.33,accepted,2025-09-25
1745,939,28,2025-06-16,90,Standard recommendation,100,0.3,33.33,pending,2025-08-10
1746,940,3,2025-06-23,100,Recommended based on low credit utilization,100,0.1,80.0,accepted,2025-10-02
1747,941,48,2025-07-06,100,"Recommended based on excellent credit score, high income",100,0.3247,100.0,pending,2025-10-25
1748,942,15,2025-06-14,78,Recommended based on excellent payment history,100,0.8,100.0,accepted,2025-09-23
1749,943,41,2025-06-16,100,"Recommended based on excellent credit score, high income",100,0.3,100.0,declined,2025-10-04
1750,943,28,2025-06-25,100,"Recommended based on excellent credit score, high income",100,0.3,100.0,declined,2025-09-11
1751,944,8,2025-06-15,100,"Recommended based on excellent credit score, stable income",100,0.3,100.0,accepted,2025-08-13
1752,945,3,2025-06-15,100,Recommended based on low credit utilization,100,0.1,75.0,pending,2025-09-09
1753,946,8,2025-06-14,91,Recommended based on low credit utilization,100,0.1,75.0,accepted,2025-10-05
1754,947,42,2025-06-16,100,"Recommended based on good credit score, high income",100,0.4239,100.0,declined,2025-09-11
1755,948,5,2025-08-01,100,"Recommended based on good credit score, low credit utilization",100,0.2944,88.89,accepted,2025-09-20
1756,948,34,2025-07-24,100,"Recommended based on good credit score, low credit utilization",100,0.2944,88.89,expired,2025-08-31
1757,949,5,2025-06-12,96,Recommended based on low credit utilization,100,0.1,66.67,pending,2025-10-27
1758,949,28,2025-06-12,99,Recommended based on low credit utilization,100,0.1,66.67,accepted,2025-10-04
1759,950,8,2025-07-25,100,"Recommended based on good credit score, stable income",100,0.3,100.0,declined,2025-09-23
1760,951,13,2025-07-19,85,"Recommended based on stable income, low credit utilization",100,0.1,66.67,accepted,2025-08-10
1761,952,38,2025-06-13,100,"Recommended based on excellent credit score, high income",100,0.3,85.71,accepted,2025-08-13
1762,952,8,2025-07-12,100,"Recommended based on excellent credit score, high income",100,0.3,85.71,pending,2025-08-21
1763,952,33,2025-06-08,100,"Recommended based on excellent credit score, high income",100,0.3,85.71,pending,2025-10-13
1764,953,47,2025-07-23,100,"Recommended based on excellent credit score, high income",100,0.406,100.0,pending,2025-10-08
1765,953,48,2025-07-03,100,"Recommended based on excellent credit score, high income",100,0.406,100.0,declined,2025-09-02
1766,954,35,2025-06-25,79,"Recommended based on good credit score, high income",100,0.3511,85.71,pending,2025-10-26
1767,955,13,2025-07-29,94,Standard recommendation,100,0.5,60.0,accepted,2025-09-29
1768,956,5,2025-06-08,100,Recommended based on low credit utilization,100,0,85.0,accepted,2025-10-30
1769,957,3,2025-07-19,98,Recommended based on stable income,100,0.8,66.67,declined,2025-09-09
1770,958,7,2025-07-19,91,"Recommended based on high income, excellent payment history",100,0.5252,93.75,declined,2025-09-23
1771,958,13,2025-06-23,100,"Recommended based on high income, excellent payment history",100,0.5252,93.75,accepted,2025-10-03
1772,959,45,2025-06-24,100,"Recommended based on excellent credit score, high income",100,0.1,100.0,declined,2025-08-03
1773,959,24,2025-07-13,100,"Recommended based on excellent credit score, high income",100,0.1,100.0,accepted,2025-08-24
1774,959,23,2025-06-27,100,"Recommended based on excellent credit score, high income",100,0.1,100.0,declined,2025-09-26
1775,960,24,2025-07-19,74,Standard recommendation,100,0.8083,71.43,accepted,2025-08-02
1776,961,13,2025-07-12,86,Recommended based on low credit utilization,100,0,85.0,pending,2025-10-30
1777,961,3,2025-07-19,100,Recommended based on low credit utilization,100,0,85.0,pending,2025-09-10
1778,962,28,2025-07-27,95,Standard recommendation,100,0.3,60.0,pending,2025-10-30
1779,962,23,2025-06-14,82,Standard recommendation,100,0.3,60.0,pending,2025-08-20
1780,962,34,2025-07-04,98,Standard recommendation,100,0.3,60.0,accepted,2025-09-28
1781,963,9,2025-06-10,94,"Recommended based on good credit score, stable income",100,0.1,70.0,declined,2025-10-20
1782,963,48,2025-06-16,100,"Recommended based on good credit score, stable income",100,0.1,70.0,accepted,2025-10-26
1783,964,50,2025-06-26,100,"Recommended based on good credit score, high income",100,0.2368,75.0,declined,2025-09-12
1784,964,42,2025-06-24,100,"Recommended based on good credit score, high income",100,0.2368,75.0,pending,2025-10-05
1785,965,21,2025-06-27,100,"Recommended based on excellent credit score, high income",100,0.2938,100.0,pending,2025-10-26
1786,965,49,2025-07-21,100,"Recommended based on excellent credit score, high income",100,0.2938,100.0,pending,2025-10-17
1787,966,47,2025-07-25,88,Standard recommendation,100,0.3,28.57,accepted,2025-09-08
1788,966,3,2025-06-04,100,Standard recommendation,100,0.3,28.57,pending,2025-08-11
1789,967,5,2025-07-28,90,Recommended based on low credit utilization,100,0.1,83.33,declined,2025-09-13
1790,968,44,2025-06-14,96,"Recommended based on good credit score, stable income",100,0.1,85.71,accepted,2025-09-30
1791,969,45,2025-07-22,100,"Recommended based on excellent credit score, high income",100,0.1,100.0,expired,2025-10-28
1792,970,5,2025-06-25,96,Standard recommendation,100,0.3,75.0,pending,2025-09-16
1793,971,3,2025-07-12,100,Standard recommendation,100,0.3,66.67,pending,2025-09-25
1794,971,28,2025-07-13,99,Standard recommendation,100,0.3,66.67,expired,2025-09-18
1795,971,47,2025-07-02,100,Standard recommendation,100,0.3,66.67,accepted,2025-09-01
1796,972,36,2025-07-07,100,"Recommended based on excellent credit score, high income",100,0.2571,85.71,declined,2025-10-22
1797,972,11,2025-07-14,98,"Recommended based on excellent credit score, high income",100,0.2571,85.71,expired,2025-10-29
1798,972,28,2025-06-05,100,"Recommended based on excellent credit score, high income",100,0.2571,85.71,pending,2025-08-02
1799,973,38,2025-06-13,80,"Recommended based on good credit score, high income",100,0.3145,91.67,pending,2025-08-23
1800,974,50,2025-07-05,100,"Recommended based on stable income, low credit utilization",100,0.2403,81.82,expired,2025-09-09
1801,974,9,2025-06-10,81,"Recommended based on stable income, low credit utilization",100,0.2403,81.82,pending,2025-09-08
1802,975,3,2025-07-27,100,Recommended based on low credit utilization,100,0.0,40.0,accepted,2025-09-16
1803,976,13,2025-06-30,100,Recommended based on stable income,100,0.5,75.0,pending,2025-10-05
1804,977,3,2025-07-03,100,Standard recommendation,100,0.8,50.0,accepted,2025-10-29
1805,978,13,2025-06-10,100,Recommended based on low credit utilization,100,0.1,75.0,accepted,2025-10-15
1806,978,47,2025-07-22,100,Recommended based on low credit utilization,100,0.1,75.0,declined,2025-08-06
1807,979,24,2025-06-15,82,"Recommended based on good credit score, high income",100,0.4508,85.0,expired,2025-08-29
1808,980,21,2025-06-29,90,"Recommended based on excellent credit score, high income",100,0.2054,100.0,accepted,2025-08-06
1809,980,5,2025-07-04,100,"Recommended based on excellent credit score, high income",100,0.2054,100.0,declined,2025-10-05
1810,981,50,2025-06-17,100,"Recommended based on good credit score, stable income",100,0.3,80.0,declined,2025-09-27
1811,981,3,2025-06-24,100,"Recommended based on good credit score, stable income",100,0.3,80.0,pending,2025-08-15
1812,981,15,2025-07-14,89,"Recommended based on good credit score, stable income",100,0.3,80.0,accepted,2025-08-23
1813,982,23,2025-07-08,97,"Recommended based on good credit score, excellent payment history",100,0.3,100.0,expired,2025-10-18
1814,983,28,2025-06-27,100,Standard recommendation,100,0.3,80.0,pending,2025-08-12
1815,984,28,2025-07-14,80,Standard recommendation,100,0.3,50.0,accepted,2025-10-16
1816,984,23,2025-07-11,95,Standard recommendation,100,0.3,50.0,pending,2025-08-22
1817,985,3,2025-06-23,100,Recommended based on low credit utilization,100,0,85.0,accepted,2025-09-24
1818,986,31,2025-06-20,100,"Recommended based on excellent credit score, high income",100,0.254,80.0,accepted,2025-09-28
1819,987,31,2025-06-21,90,Standard recommendation,100,0.8,50.0,accepted,2025-09-29
1820,987,33,2025-07-20,70,Standard recommendation,100,0.8,50.0,pending,2025-10-26
1821,987,5,2025-06-15,100,Standard recommendation,100,0.8,50.0,pending,2025-10-21
1822,988,22,2025-06-05,100,"Recommended based on excellent credit score, high income",100,0.1267,95.83,accepted,2025-09-25
1823,988,5,2025-06-26,100,"Recommended based on excellent credit score, high income",100,0.1267,95.83,declined,2025-10-19
1824,989,13,2025-07-26,100,"Recommended based on excellent credit score, high income",100,0.232,92.59,declined,2025-09-01
1825,989,29,2025-07-29,100,"Recommended based on excellent credit score, high income",100,0.232,92.59,pending,2025-08-08
1826,989,3,2025-07-29,100,"Recommended based on excellent credit score, high income",100,0.232,92.59,accepted,2025-10-23
1827,990,5,2025-06-09,100,Recommended based on high income,100,0.3,75.0,expired,2025-09-05
1828,990,12,2025-07-26,100,Recommended based on high income,100,0.3,75.0,pending,2025-10-10
1829,991,8,2025-06-20,100,"Recommended based on excellent credit score, stable income",100,0.0,100.0,accepted,2025-10-18
1830,992,3,2025-07-25,100,Standard recommendation,100,0.5,50.0,accepted,2025-10-05
1831,993,29,2025-06-03,90,"Recommended based on excellent credit score, high income",100,0.1,100.0,pending,2025-09-13
1832,993,19,2025-06-20,100,"Recommended based on excellent credit score, high income",100,0.1,100.0,pending,2025-10-21
1833,993,10,2025-07-17,100,"Recommended based on excellent credit score, high income",100,0.1,100.0,accepted,2025-10-05
1834,994,7,2025-06-05,100,"Recommended based on good credit score, excellent payment history",100,0.5,100.0,declined,2025-09-03
1835,995,8,2025-06-07,100,"Recommended based on good credit score, stable income",100,0.2,90.91,pending,2025-08-24
1836,996,31,2025-07-11,100,"Recommended based on good credit score, high income",100,0.8,100.0,pending,2025-09-13
1837,996,23,2025-07-17,100,"Recommended based on good credit score, high income",100,0.8,100.0,accepted,2025-09-11
1838,997,50,2025-06-27,77,Recommended based on low credit utilization,100,0,85.0,declined,2025-08-06
1839,997,13,2025-06-25,100,Recommended based on low credit utilization,100,0,85.0,accepted,2025-09-22
1840,998,47,2025-06-12,100,"Recommended based on stable income, low credit utilization",100,0.1,71.43,accepted,2025-10-01
1841,999,48,2025-07-31,100,"Recommended based on good credit score, high income",100,0.3,100.0,declined,2025-10-27
1842,1000,18,2025-07-14,100,"Recommended based on excellent credit score, high income",100,0.3,84.62,declined,2025-08-12
1843,1000,22,2025-06-14,100,"Recommended based on excellent credit score, high income",100,0.3,84.62,declined,2025-09-22
1844,1001,18,2025-07-30,100,"Recommended based on stable income, low credit utilization",100,0.1509,68.42,declined,2025-08-12
1845,1001,20,2025-06-15,74,"Recommended based on stable income, low credit utilization",100,0.1509,68.42,pending,2025-08-27
1846,1001,13,2025-07-10,100,"Recommended based on stable income, low credit utilization",100,0.1509,68.42,expired,2025-09-26
1847,1002,25,2025-06-16,100,"Recommended based on excellent credit score, high income",100,0.2421,86.67,declined,2025-08-11
1848,1003,37,2025-07-29,95,"Recommended based on good credit score, high income",100,0.3,100.0,pending,2025-09-14
1849,1003,40,2025-07-27,100,"Recommended based on good credit score, high income",100,0.3,100.0,pending,2025-08-10
1850,1003,30,2025-07-02,96,"Recommended based on good credit score, high income",100,0.3,100.0,accepted,2025-09-26
1851,1004,45,2025-07-13,89,"Recommended based on good credit score, high income",100,0.1,87.5,pending,2025-09-30
1852,1005,38,2025-07-24,100,"Recommended based on excellent credit score, high income",100,0.3463,90.0,accepted,2025-08-03
1853,1006,2,2025-06-25,100,"Recommended based on excellent credit score, stable income",100,0.1,100.0,pending,2025-08-13
1854,1006,46,2025-06-11,100,"Recommended based on excellent credit score, stable income",100,0.1,100.0,pending,2025-08-28
1855,1006,44,2025-07-23,100,"Recommended based on excellent credit score, stable income",100,0.1,100.0,pending,2025-10-21
1856,1007,10,2025-06-28,100,"Recommended based on excellent credit score, high income",100,0.267,92.86,declined,2025-10-25
1857,1007,46,2025-06-17,100,"Recommended based on excellent credit score, high income",100,0.267,92.86,accepted,2025-08-18
1858,1008,23,2025-06-16,100,"Recommended based on good credit score, high income",100,0.3978,90.91,declined,2025-09-15
1859,1009,22,2025-07-02,100,"Recommended based on excellent credit score, high income",100,0.2193,88.89,accepted,2025-08-19
1860,1010,13,2025-07-12,100,"Recommended based on excellent credit score, stable income",100,0.3,100.0,expired,2025-09-29
1861,1010,42,2025-07-10,100,"Recommended based on excellent credit score, stable income",100,0.3,100.0,declined,2025-09-21
1862,1010,28,2025-06-09,100,"Recommended based on excellent credit score, stable income",100,0.3,100.0,accepted,2025-09-09
1863,1011,28,2025-07-15,100,"Recommended based on good credit score, stable income",100,0.1,100.0,pending,2025-08-21
1864,1012,20,2025-07-27,91,"Recommended based on good credit score, stable income",100,0.3234,86.36,accepted,2025-10-03
1865,1012,3,2025-07-01,100,"Recommended based on good credit score, stable income",100,0.3234,86.36,accepted,2025-10-11
1866,1013,1,2025-06-17,100,"Recommended based on excellent credit score, high income",100,0.1304,83.33,pending,2025-08-02
1867,1013,6,2025-07-29,100,"Recommended based on excellent credit score, high income",100,0.1304,83.33,pending,2025-09-23
1868,1013,50,2025-07-24,100,"Recommended based on excellent credit score, high income",100,0.1304,83.33,declined,2025-08-15
1869,1014,27,2025-06-20,100,"Recommended based on excellent credit score, high income",100,0.1806,100.0,accepted,2025-09-07
1870,1015,5,2025-07-22,100,"Recommended based on excellent credit score, high income",100,0.1931,100.0,pending,2025-09-03
1871,1016,13,2025-07-20,86,Standard recommendation,100,0.3,75.0,declined,2025-09-09
1872,1016,47,2025-06-27,100,Standard recommendation,100,0.3,75.0,declined,2025-08-24
1873,1017,3,2025-07-23,100,Standard recommendation,100,0.6111,87.5,pending,2025-08-10
1874,1017,13,2025-06-04,100,Standard recommendation,100,0.6111,87.5,pending,2025-08-12
1875,1018,3,2025-06-09,100,Standard recommendation,100,0.3,66.67,pending,2025-10-15
1876,1019,13,2025-06-25,97,Standard recommendation,100,0.3949,78.57,pending,2025-10-29
1877,1019,23,2025-06-05,94,Standard recommendation,100,0.3949,78.57,pending,2025-09-19
1878,1019,47,2025-07-29,100,Standard recommendation,100,0.3949,78.57,declined,2025-09-13
1879,1019,3,2025-07-21,100,Standard recommendation,100,0.3949,78.57,pending,2025-08-05
1880,1020,10,2025-06-16,100,"Recommended based on good credit score, excellent payment history",100,0.5,100.0,accepted,2025-10-05
1881,1020,7,2025-07-28,100,"Recommended based on good credit score, excellent payment history",100,0.5,100.0,accepted,2025-10-04
1882,1021,15,2025-06-25,95,"Recommended based on high income, excellent payment history",100,0.95,100.0,pending,2025-10-01
1883,1021,33,2025-07-26,91,"Recommended based on high income, excellent payment history",100,0.95,100.0,pending,2025-09-28
1884,1022,44,2025-06-05,100,"Recommended based on excellent credit score, high income",100,0.3,90.91,pending,2025-08-05
1885,1023,17,2025-07-13,100,"Recommended based on excellent credit score, high income",100,0.3,85.71,pending,2025-09-24
1886,1023,44,2025-06-22,100,"Recommended based on excellent credit score, high income",100,0.3,85.71,pending,2025-08-14
1887,1024,23,2025-07-14,100,"Recommended based on stable income, low credit utilization",100,0.1698,64.71,declined,2025-10-14
1888,1024,41,2025-06-07,100,"Recommended based on stable income, low credit utilization",100,0.1698,64.71,pending,2025-10-09
1889,1024,13,2025-06-29,100,"Recommended based on stable income, low credit utilization",100,0.1698,64.71,pending,2025-09-13
1890,1025,40,2025-07-18,99,Recommended based on stable income,100,0.3,75.0,pending,2025-10-03
1891,1025,28,2025-07-12,100,Recommended based on stable income,100,0.3,75.0,accepted,2025-09-07
1892,1026,42,2025-07-09,100,"Recommended based on excellent credit score, high income",100,0.264,80.0,expired,2025-09-30
1893,1026,48,2025-06-04,100,"Recommended based on excellent credit score, high income",100,0.264,80.0,expired,2025-09-29
1894,1026,38,2025-06-24,100,"Recommended based on excellent credit score, high income",100,0.264,80.0,declined,2025-09-06
1895,1026,18,2025-07-05,100,"Recommended based on excellent credit score, high income",100,0.264,80.0,accepted,2025-10-14
1896,1027,7,2025-07-28,89,"Recommended based on high income, low credit utilization",100,0.1939,75.0,pending,2025-08-02
1897,1027,27,2025-07-04,100,"Recommended based on high income, low credit utilization",100,0.1939,75.0,accepted,2025-08-10
1898,1028,28,2025-06-12,93,Standard recommendation,100,0.3,71.43,accepted,2025-10-10
1899,1029,38,2025-07-18,93,"Recommended based on excellent credit score, high income",100,0.0661,100.0,accepted,2025-08-11
1900,1029,32,2025-06-16,100,"Recommended based on excellent credit score, high income",100,0.0661,100.0,declined,2025-09-27
1901,1030,1,2025-07-05,86,"Recommended based on excellent credit score, high income",100,0.1842,80.0,accepted,2025-09-22
1902,1031,10,2025-06-18,83,"Recommended based on stable income, low credit utilization",100,0.1711,76.92,accepted,2025-08-29
1903,1031,48,2025-07-26,100,"Recommended based on stable income, low credit utilization",100,0.1711,76.92,pending,2025-08-09
1904,1032,3,2025-06-08,100,Standard recommendation,100,0.3,62.5,declined,2025-10-17
1905,1033,5,2025-07-11,100,Recommended based on high income,100,0.5132,84.62,pending,2025-10-05
1906,1034,25,2025-06-25,100,"Recommended based on excellent credit score, high income",100,0.224,94.44,pending,2025-10-03
1907,1035,50,2025-07-17,100,"Recommended based on excellent credit score, high income",100,0.3346,100.0,pending,2025-08-10
1908,1035,5,2025-06-19,100,"Recommended based on excellent credit score, high income",100,0.3346,100.0,accepted,2025-09-20
1909,1035,20,2025-07-25,100,"Recommended based on excellent credit score, high income",100,0.3346,100.0,accepted,2025-10-16
1910,1036,27,2025-06-12,99,"Recommended based on good credit score, excellent payment history",100,0.3,100.0,expired,2025-10-21
1911,1037,5,2025-07-14,100,"Recommended based on good credit score, high income",100,0.1952,90.91,expired,2025-10-02
1912,1038,50,2025-07-02,100,"Recommended based on good credit score, stable income",100,0.3765,81.25,accepted,2025-09-13
1913,1038,40,2025-07-25,100,"Recommended based on good credit score, stable income",100,0.3765,81.25,pending,2025-09-19
1914,1038,44,2025-06-15,100,"Recommended based on good credit score, stable income",100,0.3765,81.25,pending,2025-08-02
1915,1039,47,2025-07-18,100,Standard recommendation,100,0.3,83.33,declined,2025-08-28
1916,1039,28,2025-07-20,100,Standard recommendation,100,0.3,83.33,pending,2025-08-19
1917,1040,10,2025-07-14,93,"Recommended based on stable income, excellent payment history",100,0.8,100.0,pending,2025-08-17
1918,1041,3,2025-06-23,100,Recommended based on low credit utilization,100,0.1,75.0,expired,2025-09-08
1919,1042,15,2025-07-15,100,"Recommended based on excellent credit score, high income",100,0.3613,100.0,declined,2025-09-09
1920,1043,47,2025-07-16,74,Standard recommendation,100,0.4733,50.0,declined,2025-09-11
1921,1043,3,2025-06-15,100,Standard recommendation,100,0.4733,50.0,accepted,2025-10-03
1922,1044,8,2025-07-21,98,Standard recommendation,100,0.3,83.33,expired,2025-09-26
1923,1044,47,2025-07-12,100,Standard recommendation,100,0.3,83.33,accepted,2025-10-08
1924,1045,47,2025-06-25,100,"Recommended based on stable income, low credit utilization",100,0.1,66.67,accepted,2025-10-14
1925,1045,23,2025-06-05,100,"Recommended based on stable income, low credit utilization",100,0.1,66.67,pending,2025-08-12
1926,1046,27,2025-06-25,100,"Recommended based on stable income, excellent payment history",100,0.8,100.0,expired,2025-10-26
1927,1046,7,2025-07-04,96,"Recommended based on stable income, excellent payment history",100,0.8,100.0,pending,2025-08-14
1928,1046,43,2025-07-13,85,"Recommended based on stable income, excellent payment history",100,0.8,100.0,pending,2025-10-28
1929,1047,8,2025-07-02,100,"Recommended based on good credit score, high income",100,0.5,80.0,accepted,2025-08-09
1930,1048,20,2025-07-16,100,"Recommended based on excellent credit score, high income",100,0.4083,100.0,accepted,2025-10-28
1931,1048,26,2025-07-22,100,"Recommended based on excellent credit score, high income",100,0.4083,100.0,pending,2025-10-04
1932,1049,3,2025-06-29,100,Recommended based on low credit utilization,100,0.1,71.43,accepted,2025-10-20
1933,1050,23,2025-06-19,86,Recommended based on low credit utilization,100,0.1956,66.67,pending,2025-09-28
1934,1050,47,2025-07-13,100,Recommended based on low credit utilization,100,0.1956,66.67,declined,2025-10-24
1935,1050,13,2025-06-13,96,Recommended based on low credit utilization,100,0.1956,66.67,declined,2025-09-15
1936,1050,3,2025-06-19,100,Recommended based on low credit utilization,100,0.1956,66.67,accepted,2025-10-21
1937,1051,40,2025-07-23,100,"Recommended based on excellent credit score, high income",100,0.0419,100.0,pending,2025-08-18
1938,1051,22,2025-06-21,100,"Recommended based on excellent credit score, high income",100,0.0419,100.0,declined,2025-08-14
1939,1052,13,2025-07-09,98,Recommended based on low credit utilization,100,0,85.0,pending,2025-09-23
1940,1052,5,2025-07-30,100,Recommended based on low credit utilization,100,0,85.0,accepted,2025-08-15
1941,1052,3,2025-07-30,100,Recommended based on low credit utilization,100,0,85.0,pending,2025-10-16
1942,1053,22,2025-06-26,100,"Recommended based on excellent credit score, high income",100,0.4083,88.89,declined,2025-10-22
1943,1054,20,2025-06-03,100,"Recommended based on good credit score, high income",100,0.6903,90.0,pending,2025-08-13
1944,1054,26,2025-07-30,100,"Recommended based on good credit score, high income",100,0.6903,90.0,pending,2025-10-17
1945,1054,49,2025-07-23,86,"Recommended based on good credit score, high income",100,0.6903,90.0,accepted,2025-10-20
1946,1055,3,2025-06-12,100,"Recommended based on good credit score, excellent payment history",100,0.3,100.0,accepted,2025-10-25
1947,1056,36,2025-06-12,100,"Recommended based on good credit score, high income",100,0.1,72.73,pending,2025-10-26
1948,1056,48,2025-07-10,100,"Recommended based on good credit score, high income",100,0.1,72.73,expired,2025-08-18
1949,1057,12,2025-06-16,100,Recommended based on low credit utilization,100,0.1,75.0,accepted,2025-09-03
1950,1057,3,2025-08-01,100,Recommended based on low credit utilization,100,0.1,75.0,pending,2025-10-22
1951,1058,3,2025-07-08,100,Recommended based on stable income,100,0.5038,70.0,pending,2025-08-04
1952,1059,12,2025-07-16,100,"Recommended based on excellent credit score, high income",100,0.2237,100.0,accepted,2025-08-12
1953,1060,21,2025-07-16,100,"Recommended based on excellent credit score, high income",100,0.1385,100.0,pending,2025-09-02
1954,1061,12,2025-06-09,95,Recommended based on low credit utilization,100,0.1,66.67,pending,2025-10-25
1955,1061,3,2025-07-05,100,Recommended based on low credit utilization,100,0.1,66.67,pending,2025-09-10
1956,1062,44,2025-06-22,100,"Recommended based on good credit score, high income",100,0.3246,78.57,pending,2025-09-14
1957,1063,50,2025-06-04,100,"Recommended based on good credit score, high income",100,0.4045,78.57,declined,2025-08-07
1958,1064,48,2025-06-05,100,"Recommended based on good credit score, high income",100,0.5345,100.0,pending,2025-10-22
1959,1065,40,2025-06-21,100,"Recommended based on excellent credit score, high income",100,0.3928,90.91,declined,2025-10-29
1960,1066,13,2025-07-31,100,"Recommended based on good credit score, high income",100,0.1988,73.33,declined,2025-10-04
1961,1066,27,2025-06-24,100,"Recommended based on good credit score, high income",100,0.1988,73.33,pending,2025-10-06
1962,1067,14,2025-07-15,100,"Recommended based on good credit score, high income",100,0.3,81.82,pending,2025-10-28
1963,1067,33,2025-06-25,93,"Recommended based on good credit score, high income",100,0.3,81.82,pending,2025-09-16
1964,1067,15,2025-07-24,100,"Recommended based on good credit score, high income",100,0.3,81.82,accepted,2025-08-14
1965,1067,18,2025-07-09,100,"Recommended based on good credit score, high income",100,0.3,81.82,declined,2025-08-04
1966,1068,40,2025-07-21,100,"Recommended based on excellent credit score, high income",100,0.3498,90.48,pending,2025-08-12
1967,1068,5,2025-06-10,100,"Recommended based on excellent credit score, high income",100,0.3498,90.48,declined,2025-10-11
1968,1068,48,2025-08-01,100,"Recommended based on excellent credit score, high income",100,0.3498,90.48,pending,2025-09-10
1969,1069,12,2025-06-21,100,"Recommended based on stable income, low credit utilization",100,0.1887,66.67,declined,2025-08-05
1970,1069,34,2025-07-11,100,"Recommended based on stable income, low credit utilization",100,0.1887,66.67,pending,2025-10-28
1971,1069,47,2025-07-06,100,"Recommended based on stable income, low credit utilization",100,0.1887,66.67,accepted,2025-08-27
1972,1070,23,2025-07-15,88,Standard recommendation,100,0.5,83.33,accepted,2025-08-19
1973,1071,7,2025-07-09,100,"Recommended based on excellent credit score, stable income",100,0.1,100.0,accepted,2025-09-20
1974,1072,47,2025-06-21,100,"Recommended based on good credit score, stable income",100,0.1,100.0,pending,2025-08-08
1975,1072,23,2025-07-19,100,"Recommended based on good credit score, stable income",100,0.1,100.0,declined,2025-09-23
1976,1073,25,2025-07-24,100,"Recommended based on excellent credit score, high income",100,0.337,90.0,declined,2025-10-16
1977,1073,2,2025-07-11,100,"Recommended based on excellent credit score, high income",100,0.337,90.0,accepted,2025-09-13
1978,1073,13,2025-06-08,100,"Recommended based on excellent credit score, high income",100,0.337,90.0,declined,2025-08-17
1979,1074,13,2025-07-20,100,"Recommended based on stable income, low credit utilization",100,0.1,80.0,expired,2025-10-01
1980,1074,10,2025-06-27,100,"Recommended based on stable income, low credit utilization",100,0.1,80.0,pending,2025-09-09
1981,1075,10,2025-06-30,100,"Recommended based on excellent credit score, high income",100,0.2252,100.0,pending,2025-10-19
1982,1076,3,2025-08-01,100,Standard recommendation,100,0.3,71.43,declined,2025-10-14
1983,1077,28,2025-06-05,95,Recommended based on low credit utilization,100,0.0,42.86,accepted,2025-09-04
1984,1077,5,2025-07-16,96,Recommended based on low credit utilization,100,0.0,42.86,pending,2025-10-12
1985,1078,28,2025-06-12,100,Standard recommendation,100,0.3,75.0,accepted,2025-09-03
1986,1078,5,2025-06-06,100,Standard recommendation,100,0.3,75.0,accepted,2025-08-06
1987,1078,23,2025-07-13,98,Standard recommendation,100,0.3,75.0,accepted,2025-08-02
1988,1079,49,2025-07-10,75,"Recommended based on good credit score, stable income",100,0.2763,100.0,pending,2025-08-19
1989,1080,3,2025-06-03,98,Recommended based on low credit utilization,100,0.1,50.0,expired,2025-08-27
1990,1081,13,2025-06-14,97,Recommended based on low credit utilization,100,0,85.0,pending,2025-09-13
1991,1081,5,2025-06-27,100,Recommended based on low credit utilization,100,0,85.0,accepted,2025-10-04
1992,1082,35,2025-07-10,100,"Recommended based on excellent credit score, high income",100,0.3,100.0,pending,2025-09-17
1993,1082,31,2025-07-26,100,"Recommended based on excellent credit score, high income",100,0.3,100.0,declined,2025-10-22
1994,1082,34,2025-06-21,100,"Recommended based on excellent credit score, high income",100,0.3,100.0,accepted,2025-08-26
1995,1083,21,2025-07-24,100,"Recommended based on excellent credit score, high income",100,0.0606,90.0,pending,2025-08-06
1996,1084,23,2025-06-29,100,"Recommended based on excellent credit score, high income",100,0.3,100.0,declined,2025-10-01
1997,1084,44,2025-07-09,100,"Recommended based on excellent credit score, high income",100,0.3,100.0,expired,2025-09-29
1998,1085,34,2025-06-07,100,"Recommended based on good credit score, stable income",100,0.3,100.0,accepted,2025-08-16
1999,1086,11,2025-07-13,75,"Recommended based on good credit score, high income",100,0.0247,76.92,pending,2025-09-25
2000,1087,8,2025-07-26,100,"Recommended based on good credit score, stable income",100,0.3,100.0,accepted,2025-08-14
2001,1087,13,2025-07-06,100,"Recommended based on good credit score, stable income",100,0.3,100.0,declined,2025-10-17
2002,1087,9,2025-06-06,82,"Recommended based on good credit score, stable income",100,0.3,100.0,expired,2025-10-21
2003,1088,50,2025-06-20,100,"Recommended based on good credit score, stable income",100,0.0644,73.33,pending,2025-10-27
2004,1089,26,2025-07-21,100,"Recommended based on excellent credit score, high income",100,0.0,100.0,declined,2025-09-27
2005,1089,46,2025-07-04,98,"Recommended based on excellent credit score, high income",100,0.0,100.0,pending,2025-08-27
2006,1089,23,2025-06-22,100,"Recommended based on excellent credit score, high income",100,0.0,100.0,declined,2025-09-26
2007,1090,13,2025-06-06,100,Recommended based on low credit utilization,100,0.1,71.43,pending,2025-10-25
2008,1091,13,2025-06-15,87,Recommended based on low credit utilization,100,0.1,33.33,pending,2025-08-02
2009,1092,3,2025-07-19,100,Standard recommendation,100,0.4,80.0,pending,2025-08-30
2010,1092,28,2025-06-13,100,Standard recommendation,100,0.4,80.0,accepted,2025-10-28
2011,1093,15,2025-07-02,100,"Recommended based on excellent credit score, high income",100,0.3,100.0,declined,2025-10-24
2012,1093,33,2025-07-15,100,"Recommended based on excellent credit score, high income",100,0.3,100.0,accepted,2025-10-21
2013,1093,30,2025-07-08,100,"Recommended based on excellent credit score, high income",100,0.3,100.0,declined,2025-10-04
2014,1094,34,2025-07-07,100,"Recommended based on excellent credit score, high income",100,0.1,81.82,accepted,2025-10-20
2015,1094,31,2025-07-18,100,"Recommended based on excellent credit score, high income",100,0.1,81.82,pending,2025-10-23
2016,1094,44,2025-06-27,100,"Recommended based on excellent credit score, high income",100,0.1,81.82,pending,2025-08-29
2017,1095,10,2025-07-06,90,"Recommended based on good credit score, low credit utilization",100,0.0541,81.82,pending,2025-09-13
2018,1095,50,2025-06-26,100,"Recommended based on good credit score, low credit utilization",100,0.0541,81.82,accepted,2025-10-02
2019,1095,12,2025-07-19,100,"Recommended based on good credit score, low credit utilization",100,0.0541,81.82,accepted,2025-09-29
2020,1096,3,2025-07-21,100,Standard recommendation,100,0.3,50.0,accepted,2025-08-30
2021,1097,36,2025-06-04,95,"Recommended based on high income, low credit utilization",100,0.1,63.64,accepted,2025-10-14
2022,1098,3,2025-06-26,100,Standard recommendation,100,0.3,50.0,pending,2025-09-16
2023,1099,7,2025-06-12,84,Recommended based on low credit utilization,100,0.0,71.43,declined,2025-08-14
2024,1099,34,2025-07-31,99,Recommended based on low credit utilization,100,0.0,71.43,expired,2025-09-05
2025,1099,3,2025-07-22,100,Recommended based on low credit utilization,100,0.0,71.43,accepted,2025-09-15
2026,1100,12,2025-07-08,98,Recommended based on low credit utilization,100,0.2398,50.0,pending,2025-10-23
2027,1101,21,2025-06-06,100,"Recommended based on excellent credit score, high income",100,0.1,100.0,accepted,2025-10-10
2028,1102,3,2025-07-17,100,Standard recommendation,100,0.8,75.0,accepted,2025-09-08
2029,1103,30,2025-07-17,100,"Recommended based on good credit score, high income",100,0.3,100.0,accepted,2025-09-17
2030,1104,45,2025-07-23,100,"Recommended based on excellent credit score, high income",100,0.4288,93.75,pending,2025-09-13
2031,1104,18,2025-06-13,100,"Recommended based on excellent credit score, high income",100,0.4288,93.75,pending,2025-08-18
2032,1104,23,2025-07-16,100,"Recommended based on excellent credit score, high income",100,0.4288,93.75,accepted,2025-09-22
2033,1105,23,2025-06-20,100,"Recommended based on good credit score, high income",100,0.7069,87.5,accepted,2025-08-25
2034,1106,26,2025-07-06,100,"Recommended based on good credit score, high income",100,0.5381,88.89,pending,2025-09-06
2035,1106,23,2025-06-14,100,"Recommended based on good credit score, high income",100,0.5381,88.89,pending,2025-08-19
2036,1107,3,2025-06-06,87,Standard recommendation,100,0.8,62.5,declined,2025-10-27
2037,1108,50,2025-06-12,100,Recommended based on stable income,100,0.3,87.5,accepted,2025-09-20
2038,1108,44,2025-06-13,84,Recommended based on stable income,100,0.3,87.5,declined,2025-08-23
2039,1108,40,2025-07-06,92,Recommended based on stable income,100,0.3,87.5,pending,2025-09-15
2040,1109,23,2025-06-26,100,Recommended based on stable income,100,0.3,66.67,accepted,2025-10-26
2041,1110,45,2025-06-28,80,Recommended based on high income,100,0.7045,78.57,declined,2025-10-26
2042,1110,49,2025-07-07,98,Recommended based on high income,100,0.7045,78.57,declined,2025-10-08
2043,1110,33,2025-06-30,100,Recommended based on high income,100,0.7045,78.57,pending,2025-09-10
2044,1110,50,2025-07-30,91,Recommended based on high income,100,0.7045,78.57,accepted,2025-08-19
2045,1111,13,2025-07-30,100,"Recommended based on good credit score, low credit utilization",100,0.0,80.0,expired,2025-09-05
2046,1112,34,2025-07-11,99,Recommended based on low credit utilization,100,0.1043,54.55,pending,2025-10-19
2047,1112,12,2025-07-29,95,Recommended based on low credit utilization,100,0.1043,54.55,accepted,2025-09-27
2048,1113,23,2025-06-30,94,Recommended based on excellent payment history,100,0.8,100.0,accepted,2025-08-09
2049,1114,13,2025-06-18,91,Recommended based on stable income,100,0.3,60.0,accepted,2025-08-22
2050,1115,37,2025-06-16,95,"Recommended based on excellent credit score, high income",100,0.2849,85.71,pending,2025-10-07
2051,1115,7,2025-06-21,100,"Recommended based on excellent credit score, high income",100,0.2849,85.71,pending,2025-08-22
2052,1116,47,2025-07-10,100,"Recommended based on stable income, low credit utilization",100,0.2652,53.85,declined,2025-10-11
2053,1116,18,2025-06-22,87,"Recommended based on stable income, low credit utilization",100,0.2652,53.85,pending,2025-09-16
2054,1117,28,2025-07-27,100,Recommended based on high income,100,0.3,66.67,pending,2025-09-17
2055,1117,34,2025-06-09,100,Recommended based on high income,100,0.3,66.67,pending,2025-08-09
2056,1117,20,2025-07-16,76,Recommended based on high income,100,0.3,66.67,declined,2025-08-11
2057,1118,50,2025-07-16,89,Recommended based on low credit utilization,100,0,85.0,declined,2025-08-19
2058,1118,3,2025-06-10,100,Recommended based on low credit utilization,100,0,85.0,pending,2025-09-14
2059,1118,13,2025-07-02,100,Recommended based on low credit utilization,100,0,85.0,declined,2025-08-24
2060,1119,48,2025-06-07,100,Recommended based on stable income,100,0.3,72.73,pending,2025-08-29
2061,1120,28,2025-07-10,97,Recommended based on low credit utilization,100,0.2255,71.43,pending,2025-09-29
2062,1120,12,2025-06-03,93,Recommended based on low credit utilization,100,0.2255,71.43,expired,2025-10-22
2063,1120,5,2025-06-22,94,Recommended based on low credit utilization,100,0.2255,71.43,expired,2025-09-15
2064,1120,34,2025-08-01,90,Recommended based on low credit utilization,100,0.2255,71.43,accepted,2025-08-19
2065,1121,47,2025-07-20,81,Standard recommendation,100,0.3,0.0,declined,2025-09-28
2066,1121,3,2025-06-25,100,Standard recommendation,100,0.3,0.0,pending,2025-08-28
2067,1122,20,2025-06-27,93,"Recommended based on good credit score, high income",100,0.3,87.5,declined,2025-09-13
2068,1123,3,2025-07-07,100,Recommended based on stable income,100,0.434,66.67,pending,2025-10-20
2069,1123,47,2025-07-12,91,Recommended based on stable income,100,0.434,66.67,accepted,2025-10-22
2070,1124,39,2025-06-21,96,"Recommended based on excellent credit score, high income",100,0.3901,100.0,expired,2025-10-15
2071,1124,42,2025-06-14,100,"Recommended based on excellent credit score, high income",100,0.3901,100.0,pending,2025-08-28
2072,1124,2,2025-07-14,100,"Recommended based on excellent credit score, high income",100,0.3901,100.0,expired,2025-09-30
2073,1125,5,2025-07-26,100,Standard recommendation,100,0.5,85.71,accepted,2025-08-03
2074,1126,16,2025-06-03,100,"Recommended based on excellent credit score, high income",100,0.1529,100.0,accepted,2025-09-22
2075,1127,8,2025-07-08,100,"Recommended based on good credit score, stable income",100,0.1,80.0,accepted,2025-09-14
2076,1128,23,2025-06-11,100,Recommended based on high income,100,0.95,80.0,declined,2025-09-20
2077,1128,26,2025-07-03,90,Recommended based on high income,100,0.95,80.0,accepted,2025-09-22
2078,1128,3,2025-06-11,100,Recommended based on high income,100,0.95,80.0,pending,2025-08-29
2079,1129,35,2025-07-20,91,"Recommended based on excellent credit score, stable income",100,0.5,100.0,expired,2025-09-16
2080,1129,46,2025-06-20,85,"Recommended based on excellent credit score, stable income",100,0.5,100.0,accepted,2025-10-01
2081,1129,48,2025-07-15,100,"Recommended based on excellent credit score, stable income",100,0.5,100.0,pending,2025-09-27
2082,1130,3,2025-07-20,100,Recommended based on stable income,100,0.382,72.73,pending,2025-09-22
2083,1130,13,2025-06-26,88,Recommended based on stable income,100,0.382,72.73,declined,2025-10-14
2084,1130,47,2025-06-14,100,Recommended based on stable income,100,0.382,72.73,pending,2025-08-20
2085,1131,38,2025-06-10,90,"Recommended based on good credit score, high income",100,0.3,85.71,accepted,2025-10-11
2086,1131,12,2025-07-03,100,"Recommended based on good credit score, high income",100,0.3,85.71,pending,2025-08-10
2087,1132,20,2025-07-05,100,"Recommended based on excellent credit score, high income",100,0.3433,94.74,pending,2025-10-05
2088,1132,30,2025-07-19,100,"Recommended based on excellent credit score, high income",100,0.3433,94.74,pending,2025-10-01
2089,1132,5,2025-06-07,100,"Recommended based on excellent credit score, high income",100,0.3433,94.74,accepted,2025-10-11
2090,1133,23,2025-07-18,96,"Recommended based on stable income, excellent payment history",100,0.7852,100.0,declined,2025-08-10
2091,1134,21,2025-06-24,100,"Recommended based on excellent credit score, high income",100,0.1383,92.31,pending,2025-09-27
2092,1134,18,2025-07-01,100,"Recommended based on excellent credit score, high income",100,0.1383,92.31,expired,2025-08-26
2093,1135,31,2025-06-29,100,Recommended based on stable income,100,0.6867,80.0,declined,2025-08-04
2094,1136,13,2025-06-27,95,Recommended based on low credit utilization,100,0,85.0,declined,2025-10-24
2095,1136,5,2025-07-09,100,Recommended based on low credit utilization,100,0,85.0,accepted,2025-09-13
2096,1137,13,2025-06-07,100,"Recommended based on good credit score, stable income",100,0.0745,86.67,declined,2025-08-29
2097,1137,49,2025-06-12,95,"Recommended based on good credit score, stable income",100,0.0745,86.67,pending,2025-09-05
2098,1137,34,2025-06-30,100,"Recommended based on good credit score, stable income",100,0.0745,86.67,declined,2025-09-26
2099,1138,12,2025-06-10,100,"Recommended based on good credit score, low credit utilization",100,0.2117,85.71,accepted,2025-10-02
2100,1138,7,2025-07-19,84,"Recommended based on good credit score, low credit utilization",100,0.2117,85.71,expired,2025-08-22
2101,1138,10,2025-06-17,91,"Recommended based on good credit score, low credit utilization",100,0.2117,85.71,pending,2025-09-14
2102,1139,47,2025-07-16,100,Recommended based on excellent payment history,100,0.8,100.0,accepted,2025-10-11
2103,1139,3,2025-06-28,100,Recommended based on excellent payment history,100,0.8,100.0,declined,2025-09-06
2104,1140,24,2025-06-21,79,"Recommended based on good credit score, high income",100,0.5493,100.0,declined,2025-10-04
2105,1141,49,2025-07-30,100,"Recommended based on excellent credit score, high income",100,0.4368,100.0,declined,2025-08-14
2106,1141,30,2025-06-27,100,"Recommended based on excellent credit score, high income",100,0.4368,100.0,expired,2025-10-29
2107,1142,33,2025-07-20,96,"Recommended based on excellent credit score, high income",100,0.1609,85.0,expired,2025-10-03
2108,1143,48,2025-07-28,100,"Recommended based on good credit score, stable income",100,0.6407,90.0,expired,2025-10-14
2109,1144,50,2025-06-03,100,"Recommended based on good credit score, low credit utilization",100,0.1,83.33,accepted,2025-10-19
2110,1145,12,2025-07-21,100,Standard recommendation,100,0.3,87.5,accepted,2025-10-18
2111,1145,5,2025-06-08,100,Standard recommendation,100,0.3,87.5,pending,2025-10-01
2112,1146,50,2025-08-01,82,Recommended based on low credit utilization,100,0.0,75.0,pending,2025-10-17
2113,1146,5,2025-06-24,100,Recommended based on low credit utilization,100,0.0,75.0,pending,2025-10-08
2114,1146,8,2025-06-23,90,Recommended based on low credit utilization,100,0.0,75.0,accepted,2025-10-30
2115,1147,34,2025-07-25,99,Recommended based on low credit utilization,100,0.1,81.82,accepted,2025-10-15
2116,1147,5,2025-07-19,100,Recommended based on low credit utilization,100,0.1,81.82,pending,2025-08-10
2117,1147,8,2025-07-19,87,Recommended based on low credit utilization,100,0.1,81.82,accepted,2025-08-20
2118,1147,10,2025-06-19,95,Recommended based on low credit utilization,100,0.1,81.82,declined,2025-09-11
2119,1148,29,2025-07-09,94,"Recommended based on excellent credit score, stable income",100,0.1,100.0,declined,2025-09-07
2120,1148,31,2025-06-18,100,"Recommended based on excellent credit score, stable income",100,0.1,100.0,pending,2025-08-29
2121,1149,30,2025-07-21,83,"Recommended based on good credit score, stable income",100,0.3,87.5,pending,2025-08-22
2122,1150,8,2025-07-24,100,"Recommended based on good credit score, stable income",100,0.1885,93.33,pending,2025-10-11
2123,1150,10,2025-06-11,100,"Recommended based on good credit score, stable income",100,0.1885,93.33,accepted,2025-08-03
2124,1151,3,2025-07-20,100,Recommended based on stable income,100,0.3,50.0,declined,2025-09-08
2125,1152,23,2025-07-17,100,"Recommended based on good credit score, high income",100,0.3,84.62,declined,2025-08-10
2126,1153,7,2025-06-07,100,"Recommended based on good credit score, stable income",100,0.3,100.0,pending,2025-10-27
2127,1153,34,2025-07-11,100,"Recommended based on good credit score, stable income",100,0.3,100.0,pending,2025-09-15
2128,1154,27,2025-06-17,90,Standard recommendation,100,0.8,60.0,pending,2025-10-29
2129,1155,31,2025-07-11,100,"Recommended based on excellent credit score, stable income",100,0.2009,88.89,declined,2025-08-06
2130,1156,3,2025-07-01,100,Standard recommendation,100,0.5,66.67,expired,2025-08-26
2131,1157,10,2025-06-29,93,Recommended based on stable income,100,0.3,83.33,pending,2025-10-25
2132,1157,34,2025-07-27,100,Recommended based on stable income,100,0.3,83.33,pending,2025-09-23
2133,1158,5,2025-07-18,100,Recommended based on low credit utilization,100,0.1,81.82,accepted,2025-08-06
2134,1158,12,2025-06-11,100,Recommended based on low credit utilization,100,0.1,81.82,pending,2025-09-16
2135,1159,34,2025-06-21,97,Recommended based on excellent payment history,100,0.3969,92.31,accepted,2025-08-07
2136,1159,27,2025-06-28,82,Recommended based on excellent payment history,100,0.3969,92.31,pending,2025-10-21
2137,1160,31,2025-07-13,87,Standard recommendation,100,0.8,50.0,pending,2025-08-09
2138,1160,5,2025-06-26,85,Standard recommendation,100,0.8,50.0,declined,2025-08-26
2139,1161,46,2025-07-13,100,"Recommended based on excellent credit score, high income",100,0.1,100.0,accepted,2025-10-03
2140,1161,5,2025-07-12,100,"Recommended based on excellent credit score, high income",100,0.1,100.0,pending,2025-09-07
2141,1162,23,2025-07-10,100,Recommended based on high income,100,0.8,66.67,pending,2025-10-15
2142,1162,47,2025-07-22,88,Recommended based on high income,100,0.8,66.67,pending,2025-10-28
2143,1163,24,2025-06-09,87,Recommended based on high income,100,0.6799,76.92,pending,2025-09-27
2144,1163,28,2025-07-02,100,Recommended based on high income,100,0.6799,76.92,accepted,2025-08-14
2145,1163,16,2025-06-30,100,Recommended based on high income,100,0.6799,76.92,accepted,2025-09-16
2146,1164,28,2025-06-03,73,Standard recommendation,100,0.95,71.43,pending,2025-08-03
2147,1164,20,2025-07-10,82,Standard recommendation,100,0.95,71.43,declined,2025-10-08
2148,1165,43,2025-06-20,100,"Recommended based on good credit score, stable income",100,0.1,100.0,pending,2025-08-27
2149,1165,44,2025-07-31,97,"Recommended based on good credit score, stable income",100,0.1,100.0,declined,2025-10-06
2150,1165,5,2025-06-03,100,"Recommended based on good credit score, stable income",100,0.1,100.0,pending,2025-08-09
2151,1166,23,2025-07-07,95,"Recommended based on stable income, low credit utilization",100,0.1,66.67,declined,2025-09-25
2152,1167,23,2025-07-30,75,Standard recommendation,100,0.4045,53.85,declined,2025-08-26
2153,1167,3,2025-06-07,100,Standard recommendation,100,0.4045,53.85,accepted,2025-08-03
2154,1168,47,2025-08-01,96,Standard recommendation,100,0.3,50.0,pending,2025-10-23
2155,1168,23,2025-06-13,81,Standard recommendation,100,0.3,50.0,accepted,2025-10-25
2156,1169,37,2025-07-11,71,"Recommended based on good credit score, stable income",100,0.3595,80.0,pending,2025-08-14
2157,1170,3,2025-06-14,100,"Recommended based on excellent credit score, high income",100,0.1,100.0,pending,2025-10-06
2158,1171,22,2025-06-11,100,"Recommended based on excellent credit score, high income",100,0.2603,100.0,accepted,2025-09-12
2159,1171,50,2025-06-07,100,"Recommended based on excellent credit score, high income",100,0.2603,100.0,declined,2025-08-18
2160,1171,49,2025-06-10,100,"Recommended based on excellent credit score, high income",100,0.2603,100.0,declined,2025-10-19
2161,1172,47,2025-06-06,100,Standard recommendation,100,0.5,85.71,pending,2025-08-13
2162,1173,13,2025-06-28,100,Standard recommendation,100,0.3,71.43,expired,2025-10-03
2163,1174,23,2025-06-20,70,Recommended based on low credit utilization,100,0.1,66.67,pending,2025-09-03
2164,1175,3,2025-07-25,100,"Recommended based on good credit score, stable income",100,0.4025,100.0,expired,2025-09-01
2165,1176,48,2025-06-20,98,"Recommended based on stable income, low credit utilization",100,0.2625,83.33,expired,2025-10-18
2166,1176,3,2025-06-23,100,"Recommended based on stable income, low credit utilization",100,0.2625,83.33,accepted,2025-10-24
2167,1176,44,2025-06-22,73,"Recommended based on stable income, low credit utilization",100,0.2625,83.33,declined,2025-10-02
2168,1177,26,2025-06-18,100,Recommended based on high income,100,0.95,60.0,accepted,2025-09-05
2169,1177,22,2025-06-22,100,Recommended based on high income,100,0.95,60.0,accepted,2025-10-14
2170,1177,31,2025-07-27,96,Recommended based on high income,100,0.95,60.0,accepted,2025-10-24
2171,1178,48,2025-06-11,96,Recommended based on stable income,100,0.4135,61.54,pending,2025-08-31
2172,1179,18,2025-06-29,100,Recommended based on high income,100,0.5493,88.89,declined,2025-10-01
2173,1179,5,2025-06-18,100,Recommended based on high income,100,0.5493,88.89,expired,2025-09-22
2174,1180,48,2025-07-01,100,"Recommended based on good credit score, stable income",100,0.5,100.0,expired,2025-10-07
2175,1180,15,2025-06-30,94,"Recommended based on good credit score, stable income",100,0.5,100.0,pending,2025-10-07
2176,1181,23,2025-07-12,97,"Recommended based on stable income, low credit utilization",100,0.0842,57.14,declined,2025-10-15
2177,1181,48,2025-06-13,90,"Recommended based on stable income, low credit utilization",100,0.0842,57.14,declined,2025-10-19
2178,1182,23,2025-07-11,88,"Recommended based on good credit score, excellent payment history",100,0.3,100.0,accepted,2025-10-14
2179,1182,3,2025-06-07,100,"Recommended based on good credit score, excellent payment history",100,0.3,100.0,declined,2025-10-22
2180,1183,3,2025-06-14,100,Standard recommendation,100,0.3,80.0,expired,2025-08-23
2181,1183,5,2025-06-11,100,Standard recommendation,100,0.3,80.0,expired,2025-10-16
2182,1184,12,2025-06-05,91,Recommended based on low credit utilization,100,0.1,50.0,declined,2025-10-27
2183,1184,28,2025-07-22,91,Recommended based on low credit utilization,100,0.1,50.0,pending,2025-08-13
2184,1184,13,2025-06-25,100,Recommended based on low credit utilization,100,0.1,50.0,accepted,2025-10-03
2185,1185,3,2025-07-05,100,"Recommended based on excellent credit score, high income",100,0.2952,90.91,declined,2025-08-05
2186,1185,20,2025-07-20,100,"Recommended based on excellent credit score, high income",100,0.2952,90.91,declined,2025-09-29
2187,1186,23,2025-06-07,100,"Recommended based on excellent credit score, high income",100,0.2441,83.33,declined,2025-10-05
2188,1186,49,2025-07-09,100,"Recommended based on excellent credit score, high income",100,0.2441,83.33,expired,2025-09-25
2189,1187,3,2025-07-09,100,Standard recommendation,100,0.8,66.67,declined,2025-10-13
2190,1188,8,2025-07-24,100,"Recommended based on good credit score, low credit utilization",100,0.1,87.5,pending,2025-08-18
2191,1189,42,2025-06-25,99,"Recommended based on good credit score, high income",100,0.5462,100.0,declined,2025-08-17
2192,1190,16,2025-06-18,94,Recommended based on high income,100,0.8,66.67,accepted,2025-08-17
2193,1190,30,2025-06-28,98,Recommended based on high income,100,0.8,66.67,pending,2025-08-20
2194,1191,50,2025-06-14,100,"Recommended based on good credit score, low credit utilization",100,0.1794,90.0,accepted,2025-09-22
2195,1191,12,2025-07-26,100,"Recommended based on good credit score, low credit utilization",100,0.1794,90.0,expired,2025-08-11
2196,1192,28,2025-06-29,96,Recommended based on low credit utilization,100,0.1,75.0,pending,2025-08-15
2197,1193,13,2025-07-10,96,Recommended based on stable income,100,0.3,75.0,pending,2025-10-08
2198,1193,47,2025-06-26,100,Recommended based on stable income,100,0.3,75.0,declined,2025-08-28
2199,1194,28,2025-07-19,100,Recommended based on low credit utilization,100,0.159,83.33,accepted,2025-10-12
2200,1194,10,2025-07-18,94,Recommended based on low credit utilization,100,0.159,83.33,accepted,2025-08-11
2201,1194,47,2025-06-10,100,Recommended based on low credit utilization,100,0.159,83.33,pending,2025-08-21
2202,1195,33,2025-07-17,100,"Recommended based on excellent credit score, high income",100,0.3,100.0,accepted,2025-09-21
2203,1195,15,2025-07-31,100,"Recommended based on excellent credit score, high income",100,0.3,100.0,pending,2025-10-20
2204,1196,42,2025-06-30,100,"Recommended based on good credit score, high income",100,0.3,85.71,pending,2025-08-18
2205,1196,3,2025-06-08,100,"Recommended based on good credit score, high income",100,0.3,85.71,declined,2025-09-22
2206,1197,18,2025-06-23,91,Recommended based on stable income,100,0.588,89.47,accepted,2025-10-03
2207,1197,3,2025-06-15,100,Recommended based on stable income,100,0.588,89.47,declined,2025-10-06
2208,1198,18,2025-06-25,99,Recommended based on stable income,100,0.8,28.57,expired,2025-09-08
2209,1199,3,2025-07-13,100,Recommended based on stable income,100,0.8,85.71,pending,2025-10-04
2210,1200,12,2025-07-05,100,"Recommended based on stable income, low credit utilization",100,0.2423,66.67,pending,2025-08-14
2211,1201,11,2025-06-26,91,"Recommended based on good credit score, high income",100,0.3,100.0,accepted,2025-10-18
2212,1202,12,2025-07-14,100,"Recommended based on good credit score, stable income",100,0.0,85.71,pending,2025-08-14
2213,1202,33,2025-06-17,80,"Recommended based on good credit score, stable income",100,0.0,85.71,accepted,2025-08-21
2214,1203,50,2025-07-12,100,"Recommended based on good credit score, stable income",100,0.2567,86.67,pending,2025-09-24
2215,1204,28,2025-07-14,87,Recommended based on excellent payment history,100,0.8,100.0,pending,2025-08-16
2216,1205,50,2025-07-17,100,"Recommended based on good credit score, stable income",100,0.3,100.0,declined,2025-08-18
2217,1205,8,2025-06-10,100,"Recommended based on good credit score, stable income",100,0.3,100.0,accepted,2025-09-26
2218,1206,31,2025-07-28,100,"Recommended based on excellent credit score, high income",100,0.6673,100.0,pending,2025-10-19
2219,1206,27,2025-07-01,100,"Recommended based on excellent credit score, high income",100,0.6673,100.0,expired,2025-10-25
2220,1207,42,2025-06-10,100,"Recommended based on excellent credit score, high income",100,0.3,100.0,pending,2025-09-03
2221,1208,8,2025-07-25,100,"Recommended based on good credit score, stable income",100,0.1,100.0,accepted,2025-10-14
2222,1208,27,2025-06-10,90,"Recommended based on good credit score, stable income",100,0.1,100.0,declined,2025-09-05
2223,1208,43,2025-06-03,100,"Recommended based on good credit score, stable income",100,0.1,100.0,declined,2025-09-13
2224,1209,12,2025-07-02,100,"Recommended based on good credit score, stable income",100,0.5,85.71,accepted,2025-10-04
2225,1210,31,2025-07-06,100,Recommended based on stable income,100,0.6985,81.82,declined,2025-08-02
2226,1211,28,2025-07-08,97,Standard recommendation,100,0.3,71.43,declined,2025-09-09
2227,1211,34,2025-06-07,89,Standard recommendation,100,0.3,71.43,expired,2025-10-23
2228,1211,3,2025-06-14,100,Standard recommendation,100,0.3,71.43,accepted,2025-08-05
2229,1212,15,2025-07-05,100,"Recommended based on excellent credit score, high income",100,0.1866,88.89,expired,2025-08-15
2230,1212,39,2025-06-07,100,"Recommended based on excellent credit score, high income",100,0.1866,88.89,declined,2025-10-23
2231,1212,13,2025-07-19,100,"Recommended based on excellent credit score, high income",100,0.1866,88.89,accepted,2025-09-23
2232,1213,2,2025-07-23,87,"Recommended based on good credit score, low credit utilization",100,0.1,100.0,accepted,2025-10-18
2233,1213,23,2025-07-06,96,"Recommended based on good credit score, low credit utilization",100,0.1,100.0,declined,2025-10-01
2234,1214,50,2025-07-26,88,Recommended based on low credit utilization,100,0.0,83.33,accepted,2025-09-14
2235,1214,3,2025-06-05,100,Recommended based on low credit utilization,100,0.0,83.33,pending,2025-10-17
2236,1214,13,2025-07-23,100,Recommended based on low credit utilization,100,0.0,83.33,expired,2025-09-29
2237,1215,24,2025-06-12,73,Recommended based on stable income,100,0.8,66.67,pending,2025-08-11
2238,1215,30,2025-07-04,97,Recommended based on stable income,100,0.8,66.67,pending,2025-09-09
2239,1216,3,2025-06-29,100,Standard recommendation,100,0.3,50.0,accepted,2025-10-11
2240,1216,23,2025-06-08,77,Standard recommendation,100,0.3,50.0,accepted,2025-08-23
2241,1217,7,2025-06-28,100,"Recommended based on good credit score, high income",100,0.3,92.31,pending,2025-09-26
2242,1217,10,2025-07-25,100,"Recommended based on good credit score, high income",100,0.3,92.31,accepted,2025-10-21
2243,1218,22,2025-06-12,89,"Recommended based on good credit score, high income",100,0.5403,80.0,pending,2025-09-15
2244,1219,25,2025-07-28,100,"Recommended based on excellent credit score, high income",100,0.2251,100.0,pending,2025-10-04
2245,1219,26,2025-07-27,100,"Recommended based on excellent credit score, high income",100,0.2251,100.0,accepted,2025-10-02
2246,1219,46,2025-06-06,100,"Recommended based on excellent credit score, high income",100,0.2251,100.0,pending,2025-09-15
2247,1220,28,2025-07-12,100,"Recommended based on stable income, low credit utilization",100,0.2888,70.0,accepted,2025-09-11
2248,1221,10,2025-06-28,100,"Recommended based on good credit score, excellent payment history",100,0.5,100.0,declined,2025-10-23
2249,1221,3,2025-07-03,100,"Recommended based on good credit score, excellent payment history",100,0.5,100.0,pending,2025-09-04
2250,1221,34,2025-07-10,100,"Recommended based on good credit score, excellent payment history",100,0.5,100.0,pending,2025-10-14
2251,1221,12,2025-06-17,100,"Recommended based on good credit score, excellent payment history",100,0.5,100.0,declined,2025-10-22
2252,1222,27,2025-07-13,100,Recommended based on stable income,100,0.3348,75.0,accepted,2025-09-05
2253,1223,2,2025-07-03,80,"Recommended based on good credit score, excellent payment history",100,0.3,100.0,declined,2025-09-26
2254,1223,50,2025-06-22,100,"Recommended based on good credit score, excellent payment history",100,0.3,100.0,pending,2025-08-03
2255,1224,23,2025-06-22,100,Recommended based on low credit utilization,100,0.0,71.43,expired,2025-09-01
2256,1224,12,2025-06-20,100,Recommended based on low credit utilization,100,0.0,71.43,pending,2025-09-08
2257,1225,45,2025-06-05,100,"Recommended based on excellent credit score, stable income",100,0.1,87.5,accepted,2025-09-15
2258,1225,41,2025-07-22,95,"Recommended based on excellent credit score, stable income",100,0.1,87.5,declined,2025-10-11
2259,1226,9,2025-07-03,100,"Recommended based on good credit score, high income",100,0.3,80.0,accepted,2025-08-30
2260,1226,27,2025-07-22,99,"Recommended based on good credit score, high income",100,0.3,80.0,pending,2025-08-11
2261,1227,23,2025-06-03,100,Recommended based on stable income,100,0.3872,76.92,accepted,2025-10-25
2262,1227,13,2025-06-07,100,Recommended based on stable income,100,0.3872,76.92,accepted,2025-10-15
2263,1227,5,2025-06-08,100,Recommended based on stable income,100,0.3872,76.92,declined,2025-08-17
2264,1228,5,2025-06-04,100,"Recommended based on excellent credit score, high income",100,0.3,100.0,pending,2025-10-18
2265,1229,40,2025-07-08,100,"Recommended based on excellent credit score, high income",100,0.3726,100.0,accepted,2025-10-22
2266,1230,28,2025-07-06,100,"Recommended based on stable income, low credit utilization",100,0.1,50.0,pending,2025-09-15
2267,1231,16,2025-06-25,85,Recommended based on stable income,100,0.8,80.0,pending,2025-09-19
2268,1232,13,2025-07-23,91,Recommended based on low credit utilization,100,0,85.0,accepted,2025-09-27
2269,1232,3,2025-06-19,100,Recommended based on low credit utilization,100,0,85.0,pending,2025-08-06
2270,1232,5,2025-06-13,100,Recommended based on low credit utilization,100,0,85.0,declined,2025-09-20
2271,1233,12,2025-07-24,100,Recommended based on stable income,100,0.3851,83.33,expired,2025-10-25
2272,1233,3,2025-07-29,100,Recommended based on stable income,100,0.3851,83.33,pending,2025-09-03
2273,1233,5,2025-07-08,100,Recommended based on stable income,100,0.3851,83.33,pending,2025-09-12
2274,1234,30,2025-07-08,100,"Recommended based on excellent credit score, high income",100,0.4143,90.48,declined,2025-10-25
2275,1234,25,2025-06-20,99,"Recommended based on excellent credit score, high income",100,0.4143,90.48,declined,2025-08-22
2276,1234,48,2025-06-30,100,"Recommended based on excellent credit score, high income",100,0.4143,90.48,expired,2025-08-16
2277,1234,46,2025-06-30,99,"Recommended based on excellent credit score, high income",100,0.4143,90.48,declined,2025-08-30
2278,1235,47,2025-07-01,82,Standard recommendation,100,0.5,66.67,pending,2025-08-14
2279,1235,3,2025-07-29,100,Standard recommendation,100,0.5,66.67,declined,2025-08-25
2280,1236,47,2025-07-27,90,Recommended based on low credit utilization,100,0.2519,57.14,pending,2025-09-01
2281,1236,3,2025-07-05,100,Recommended based on low credit utilization,100,0.2519,57.14,declined,2025-09-10
2282,1237,13,2025-08-01,100,"Recommended based on excellent credit score, high income",100,0.3147,100.0,expired,2025-08-02
2283,1237,3,2025-06-11,100,"Recommended based on excellent credit score, high income",100,0.3147,100.0,declined,2025-08-15
2284,1237,46,2025-06-19,100,"Recommended based on excellent credit score, high income",100,0.3147,100.0,declined,2025-10-25
2285,1238,12,2025-06-26,97,Standard recommendation,100,0.3,83.33,expired,2025-09-11
2286,1239,43,2025-06-25,87,"Recommended based on good credit score, stable income",100,0.0,80.0,declined,2025-10-15
2287,1240,20,2025-06-16,100,"Recommended based on excellent credit score, high income",100,0.1,93.33,pending,2025-10-01
2288,1241,5,2025-06-06,100,Recommended based on stable income,100,0.3816,70.0,declined,2025-10-16
2289,1241,34,2025-06-27,100,Recommended based on stable income,100,0.3816,70.0,pending,2025-08-20
2290,1241,50,2025-07-16,100,Recommended based on stable income,100,0.3816,70.0,pending,2025-09-01
2291,1242,24,2025-06-12,76,Recommended based on excellent payment history,100,0.4162,92.31,accepted,2025-10-22
2292,1242,20,2025-07-03,85,Recommended based on excellent payment history,100,0.4162,92.31,declined,2025-09-03
2293,1243,5,2025-07-06,100,"Recommended based on stable income, low credit utilization",100,0.1,71.43,pending,2025-08-08
2294,1244,8,2025-06-29,97,"Recommended based on good credit score, excellent payment history",100,0.3,100.0,accepted,2025-10-12
2295,1245,3,2025-07-11,100,Standard recommendation,100,0.3,25.0,expired,2025-08-11
2296,1246,30,2025-06-28,100,"Recommended based on good credit score, high income",100,0.3,83.33,pending,2025-09-13
2297,1247,48,2025-06-20,97,"Recommended based on stable income, low credit utilization",100,0.1,75.0,pending,2025-09-13
2298,1248,41,2025-06-07,99,"Recommended based on excellent credit score, high income",100,0.0828,100.0,pending,2025-08-13
2299,1248,34,2025-06-26,100,"Recommended based on excellent credit score, high income",100,0.0828,100.0,declined,2025-10-02
2300,1249,40,2025-06-28,85,"Recommended based on stable income, excellent payment history",100,0.8,100.0,pending,2025-10-18
2301,1250,22,2025-07-16,75,Recommended based on high income,100,0.6009,81.82,declined,2025-10-30
2302,1251,48,2025-07-07,100,"Recommended based on excellent credit score, high income",100,0.1548,87.5,expired,2025-08-19
2303,1252,13,2025-07-03,100,"Recommended based on stable income, excellent payment history",100,0.4049,90.91,pending,2025-10-27
2304,1252,50,2025-07-30,100,"Recommended based on stable income, excellent payment history",100,0.4049,90.91,accepted,2025-10-19
2305,1252,12,2025-06-08,100,"Recommended based on stable income, excellent payment history",100,0.4049,90.91,pending,2025-10-03
2306,1252,27,2025-07-03,88,"Recommended based on stable income, excellent payment history",100,0.4049,90.91,declined,2025-09-04
2307,1253,28,2025-06-09,100,Recommended based on stable income,100,0.3203,75.0,expired,2025-10-14
2308,1254,32,2025-07-26,87,"Recommended based on good credit score, stable income",100,0.1,100.0,pending,2025-10-22
2309,1255,12,2025-07-16,100,Recommended based on stable income,100,0.5,25.0,accepted,2025-09-27
2310,1255,34,2025-06-12,98,Recommended based on stable income,100,0.5,25.0,pending,2025-08-06
2311,1255,20,2025-07-07,85,Recommended based on stable income,100,0.5,25.0,declined,2025-10-23
2312,1256,5,2025-06-03,100,"Recommended based on good credit score, high income",100,0.5578,100.0,expired,2025-09-24
2313,1256,3,2025-06-08,100,"Recommended based on good credit score, high income",100,0.5578,100.0,accepted,2025-08-31
2314,1257,5,2025-07-14,100,Recommended based on low credit utilization,100,0.1,87.5,pending,2025-10-06
2315,1257,13,2025-07-30,100,Recommended based on low credit utilization,100,0.1,87.5,pending,2025-10-28
2316,1258,3,2025-06-29,100,Standard recommendation,100,0.3,66.67,declined,2025-09-28
2317,1259,3,2025-07-15,100,Standard recommendation,100,0.3957,64.29,declined,2025-08-30
2318,1260,20,2025-06-23,100,"Recommended based on excellent credit score, high income",100,0.1551,94.74,declined,2025-08-12
2319,1260,6,2025-06-05,100,"Recommended based on excellent credit score, high income",100,0.1551,94.74,pending,2025-10-23
2320,1261,13,2025-07-02,100,"Recommended based on good credit score, stable income",100,0.1,100.0,pending,2025-08-16
2321,1261,12,2025-06-09,100,"Recommended based on good credit score, stable income",100,0.1,100.0,expired,2025-08-12
2322,1261,27,2025-06-26,100,"Recommended based on good credit score, stable income",100,0.1,100.0,declined,2025-10-25
2323,1262,10,2025-07-09,88,Recommended based on stable income,100,0.3,80.0,accepted,2025-09-12
2324,1262,23,2025-07-04,99,Recommended based on stable income,100,0.3,80.0,pending,2025-08-15
2325,1262,40,2025-06-29,89,Recommended based on stable income,100,0.3,80.0,declined,2025-08-22
2326,1263,19,2025-06-17,100,"Recommended based on excellent credit score, stable income",100,0.0,100.0,accepted,2025-10-24
2327,1264,13,2025-06-09,100,"Recommended based on stable income, excellent payment history",100,0.8,100.0,declined,2025-09-19
2328,1265,16,2025-06-29,91,"Recommended based on good credit score, low credit utilization",100,0.0,100.0,accepted,2025-08-24
2329,1266,8,2025-07-24,100,"Recommended based on excellent credit score, high income",100,0.2262,91.3,pending,2025-09-07
2330,1266,21,2025-08-01,100,"Recommended based on excellent credit score, high income",100,0.2262,91.3,accepted,2025-08-11
2331,1267,50,2025-07-11,100,"Recommended based on good credit score, stable income",100,0.2687,81.25,pending,2025-10-27
2332,1267,30,2025-06-10,100,"Recommended based on good credit score, stable income",100,0.2687,81.25,pending,2025-10-26
2333,1267,7,2025-07-28,100,"Recommended based on good credit score, stable income",100,0.2687,81.25,pending,2025-08-06
2334,1268,47,2025-07-28,100,"Recommended based on good credit score, high income",100,0.5,85.71,pending,2025-10-11
2335,1269,21,2025-07-21,85,"Recommended based on good credit score, stable income",100,0.0693,81.82,accepted,2025-10-24
2336,1270,49,2025-06-22,99,"Recommended based on good credit score, stable income",100,0.3,87.5,accepted,2025-09-11
2337,1270,3,2025-07-02,100,"Recommended based on good credit score, stable income",100,0.3,87.5,expired,2025-08-07
2338,1270,30,2025-06-23,95,"Recommended based on good credit score, stable income",100,0.3,87.5,pending,2025-10-23
2339,1271,18,2025-07-04,86,"Recommended based on good credit score, excellent payment history",100,0.3982,100.0,pending,2025-10-26
2340,1271,24,2025-06-21,81,"Recommended based on good credit score, excellent payment history",100,0.3982,100.0,pending,2025-10-23
2341,1271,49,2025-07-23,85,"Recommended based on good credit score, excellent payment history",100,0.3982,100.0,pending,2025-09-29
2342,1272,24,2025-07-21,100,"Recommended based on excellent credit score, high income",100,0.2296,100.0,declined,2025-09-12
2343,1273,10,2025-07-11,100,"Recommended based on good credit score, high income",100,0.4127,85.71,declined,2025-08-21
2344,1274,5,2025-07-02,100,Recommended based on stable income,100,0.3,77.78,declined,2025-08-03
2345,1274,12,2025-07-09,100,Recommended based on stable income,100,0.3,77.78,pending,2025-09-11
2346,1274,3,2025-07-10,100,Recommended based on stable income,100,0.3,77.78,pending,2025-10-12
2347,1275,28,2025-06-26,100,"Recommended based on excellent credit score, high income",100,0.3447,89.47,expired,2025-09-04
2348,1276,14,2025-06-25,87,"Recommended based on good credit score, stable income",100,0.3,83.33,accepted,2025-09-12
2349,1277,48,2025-07-30,99,"Recommended based on good credit score, stable income",100,0.0465,81.82,pending,2025-10-22
2350,1277,11,2025-07-11,97,"Recommended based on good credit score, stable income",100,0.0465,81.82,pending,2025-08-09
2351,1278,16,2025-06-03,98,"Recommended based on good credit score, low credit utilization",100,0.1,100.0,pending,2025-10-30
2352,1279,13,2025-06-09,100,"Recommended based on excellent credit score, high income",100,0.1,93.33,declined,2025-10-20
2353,1279,46,2025-06-06,100,"Recommended based on excellent credit score, high income",100,0.1,93.33,accepted,2025-10-05
2354,1280,48,2025-07-01,100,"Recommended based on good credit score, high income",100,0.5981,100.0,declined,2025-08-02
2355,1281,12,2025-07-22,100,Standard recommendation,100,0.5,80.0,accepted,2025-09-02
2356,1281,50,2025-06-16,97,Standard recommendation,100,0.5,80.0,declined,2025-10-01
2357,1282,27,2025-06-20,100,"Recommended based on good credit score, high income",100,0.3,80.0,expired,2025-10-12
2358,1282,40,2025-06-30,100,"Recommended based on good credit score, high income",100,0.3,80.0,accepted,2025-08-27
2359,1282,41,2025-07-26,97,"Recommended based on good credit score, high income",100,0.3,80.0,declined,2025-10-02
2360,1282,36,2025-07-11,91,"Recommended based on good credit score, high income",100,0.3,80.0,pending,2025-10-24
2361,1283,30,2025-07-05,100,"Recommended based on excellent credit score, high income",100,0.4176,85.71,accepted,2025-10-10
2362,1283,49,2025-06-27,100,"Recommended based on excellent credit score, high income",100,0.4176,85.71,pending,2025-10-10
2363,1283,35,2025-06-07,100,"Recommended based on excellent credit score, high income",100,0.4176,85.71,accepted,2025-08-13
2364,1284,3,2025-06-14,100,Standard recommendation,100,0.3,80.0,declined,2025-09-05
2365,1285,36,2025-07-18,95,"Recommended based on good credit score, high income",100,0.5121,92.31,accepted,2025-10-03
2366,1286,8,2025-07-01,100,"Recommended based on excellent credit score, high income",100,0.3,100.0,pending,2025-09-09
2367,1287,31,2025-07-09,100,"Recommended based on good credit score, high income",100,0.3,78.57,declined,2025-09-05
2368,1287,18,2025-07-02,100,"Recommended based on good credit score, high income",100,0.3,78.57,pending,2025-09-15
2369,1288,47,2025-06-22,90,Standard recommendation,100,0.3,0.0,declined,2025-10-09
2370,1288,3,2025-07-10,100,Standard recommendation,100,0.3,0.0,declined,2025-10-08
2371,1289,13,2025-06-23,100,Recommended based on low credit utilization,100,0,85.0,declined,2025-10-25
2372,1290,47,2025-07-15,100,"Recommended based on good credit score, low credit utilization",100,0.1,100.0,pending,2025-10-27
2373,1290,8,2025-06-21,97,"Recommended based on good credit score, low credit utilization",100,0.1,100.0,declined,2025-08-26
2374,1291,27,2025-07-18,100,Recommended based on stable income,100,0.3101,75.0,pending,2025-10-15
2375,1291,23,2025-07-14,100,Recommended based on stable income,100,0.3101,75.0,declined,2025-09-20
2376,1292,22,2025-07-31,100,"Recommended based on excellent credit score, high income",100,0.3,92.31,accepted,2025-08-20
2377,1292,13,2025-06-03,100,"Recommended based on excellent credit score, high income",100,0.3,92.31,pending,2025-08-15
2378,1292,18,2025-06-06,100,"Recommended based on excellent credit score, high income",100,0.3,92.31,accepted,2025-08-10
2379,1293,28,2025-07-15,100,"Recommended based on stable income, low credit utilization",100,0.1473,60.0,accepted,2025-10-23
2380,1293,47,2025-07-15,100,"Recommended based on stable income, low credit utilization",100,0.1473,60.0,expired,2025-08-22
2381,1294,10,2025-06-04,86,Standard recommendation,100,0.3,80.0,accepted,2025-09-18
2382,1294,13,2025-07-05,100,Standard recommendation,100,0.3,80.0,pending,2025-08-20
2383,1295,3,2025-06-10,100,"Recommended based on excellent credit score, high income",100,0.0775,100.0,declined,2025-10-15
2384,1296,13,2025-06-14,100,Recommended based on stable income,100,0.5,66.67,accepted,2025-09-24
2385,1296,34,2025-07-12,100,Recommended based on stable income,100,0.5,66.67,accepted,2025-08-15
2386,1297,12,2025-06-13,100,"Recommended based on excellent credit score, high income",100,0.3,92.31,declined,2025-10-19
2387,1297,46,2025-07-26,100,"Recommended based on excellent credit score, high income",100,0.3,92.31,declined,2025-10-30
2388,1298,31,2025-06-13,100,"Recommended based on excellent credit score, high income",100,0.1,100.0,expired,2025-08-24
2389,1298,36,2025-06-17,100,"Recommended based on excellent credit score, high income",100,0.1,100.0,declined,2025-10-24
2390,1298,22,2025-06-05,96,"Recommended based on excellent credit score, high income",100,0.1,100.0,pending,2025-09-25
2391,1299,27,2025-07-04,86,"Recommended based on good credit score, excellent payment history",100,0.5,100.0,declined,2025-08-13
2392,1299,43,2025-06-28,100,"Recommended based on good credit score, excellent payment history",100,0.5,100.0,declined,2025-09-11
2393,1300,31,2025-06-16,100,"Recommended based on excellent credit score, high income",100,0.1513,100.0,pending,2025-10-06
2394,1301,10,2025-07-19,94,"Recommended based on good credit score, low credit utilization",100,0.1957,100.0,declined,2025-10-16
2395,1301,13,2025-06-23,100,"Recommended based on good credit score, low credit utilization",100,0.1957,100.0,pending,2025-09-10
2396,1302,13,2025-07-28,100,"Recommended based on excellent credit score, high income",100,0.2829,95.0,accepted,2025-09-17
2397,1302,25,2025-06-20,100,"Recommended based on excellent credit score, high income",100,0.2829,95.0,declined,2025-09-20
2398,1303,3,2025-07-06,100,Standard recommendation,100,0.3,73.33,declined,2025-09-15
2399,1303,13,2025-07-10,92,Standard recommendation,100,0.3,73.33,declined,2025-08-08
2400,1303,47,2025-07-07,100,Standard recommendation,100,0.3,73.33,pending,2025-10-22
2401,1303,34,2025-06-07,85,Standard recommendation,100,0.3,73.33,expired,2025-09-17
2402,1304,24,2025-07-19,85,"Recommended based on good credit score, high income",100,0.3,100.0,pending,2025-09-26
2403,1304,14,2025-06-29,100,"Recommended based on good credit score, high income",100,0.3,100.0,declined,2025-10-27
2404,1304,5,2025-06-10,100,"Recommended based on good credit score, high income",100,0.3,100.0,accepted,2025-10-24
2405,1305,3,2025-07-08,100,Standard recommendation,100,0.3,62.5,pending,2025-08-22
2406,1306,48,2025-07-26,100,"Recommended based on good credit score, high income",100,0.3,92.31,declined,2025-10-20
2407,1307,10,2025-06-20,95,"Recommended based on good credit score, stable income",100,0.1,100.0,declined,2025-08-15
2408,1307,48,2025-06-28,89,"Recommended based on good credit score, stable income",100,0.1,100.0,pending,2025-09-22
2409,1307,5,2025-06-20,100,"Recommended based on good credit score, stable income",100,0.1,100.0,pending,2025-08-12
2410,1308,50,2025-07-30,95,Standard recommendation,100,0.5652,68.75,pending,2025-08-13
2411,1309,26,2025-07-30,100,"Recommended based on good credit score, high income",100,0.3,100.0,pending,2025-10-24
2412,1310,3,2025-07-20,96,Standard recommendation,100,0.8,28.57,accepted,2025-08-16
2413,1311,3,2025-07-01,100,Recommended based on low credit utilization,100,0.1,42.86,declined,2025-10-03
2414,1312,3,2025-07-31,100,Standard recommendation,100,0.5,87.5,declined,2025-09-25
2415,1312,47,2025-07-04,100,Standard recommendation,100,0.5,87.5,pending,2025-10-15
2416,1312,5,2025-06-12,100,Standard recommendation,100,0.5,87.5,accepted,2025-09-16
2417,1313,47,2025-07-19,90,Recommended based on low credit utilization,100,0.1,66.67,accepted,2025-09-23
2418,1313,13,2025-06-29,86,Recommended based on low credit utilization,100,0.1,66.67,declined,2025-08-13
2419,1314,49,2025-06-25,100,"Recommended based on excellent credit score, high income",100,0.55,100.0,accepted,2025-10-02
2420,1315,31,2025-07-10,100,"Recommended based on stable income, low credit utilization",100,0.1584,71.43,accepted,2025-08-27
2421,1315,47,2025-07-17,100,"Recommended based on stable income, low credit utilization",100,0.1584,71.43,pending,2025-09-10
2422,1316,27,2025-06-05,90,Recommended based on stable income,100,0.3,85.71,declined,2025-09-17
2423,1316,50,2025-06-04,100,Recommended based on stable income,100,0.3,85.71,expired,2025-10-27
2424,1317,47,2025-07-15,100,"Recommended based on good credit score, excellent payment history",100,0.5,100.0,accepted,2025-09-28
2425,1318,3,2025-06-29,100,Recommended based on stable income,100,0.3382,81.82,pending,2025-10-29
2426,1319,23,2025-06-27,100,"Recommended based on high income, low credit utilization",100,0.1436,62.5,declined,2025-09-15
2427,1319,20,2025-07-28,85,"Recommended based on high income, low credit utilization",100,0.1436,62.5,expired,2025-09-01
2428,1320,16,2025-06-24,100,"Recommended based on excellent credit score, high income",100,0.4062,100.0,accepted,2025-08-07
2429,1320,23,2025-06-07,100,"Recommended based on excellent credit score, high income",100,0.4062,100.0,accepted,2025-08-12
2430,1321,3,2025-07-19,100,Recommended based on high income,100,0.695,66.67,declined,2025-08-18
2431,1321,18,2025-07-12,99,Recommended based on high income,100,0.695,66.67,pending,2025-09-20
2432,1322,48,2025-06-15,100,"Recommended based on good credit score, high income",100,0.3486,83.33,pending,2025-10-27
2433,1323,7,2025-07-24,100,"Recommended based on stable income, low credit utilization",100,0.1,83.33,declined,2025-10-04
2434,1324,13,2025-06-06,80,Recommended based on low credit utilization,100,0.1,71.43,pending,2025-08-25
2435,1325,20,2025-07-14,91,"Recommended based on good credit score, stable income",100,0.1996,81.25,accepted,2025-10-30
2436,1325,42,2025-07-01,80,"Recommended based on good credit score, stable income",100,0.1996,81.25,declined,2025-09-05
2437,1326,23,2025-06-21,100,Recommended based on stable income,100,0.5464,84.62,accepted,2025-09-03
2438,1326,27,2025-07-28,100,Recommended based on stable income,100,0.5464,84.62,pending,2025-08-27
2439,1327,3,2025-06-14,100,Recommended based on low credit utilization,100,0.1,25.0,accepted,2025-10-02
2440,1328,23,2025-07-20,100,Recommended based on stable income,100,0.3,66.67,accepted,2025-08-05
2441,1328,13,2025-07-24,100,Recommended based on stable income,100,0.3,66.67,expired,2025-08-13
2442,1328,28,2025-07-22,88,Recommended based on stable income,100,0.3,66.67,declined,2025-08-14
2443,1329,18,2025-07-20,100,"Recommended based on excellent credit score, high income",100,0.3873,96.55,declined,2025-10-05
2444,1329,27,2025-07-15,100,"Recommended based on excellent credit score, high income",100,0.3873,96.55,pending,2025-10-28
2445,1330,28,2025-06-24,81,Standard recommendation,100,0.3,50.0,expired,2025-08-28
2446,1331,43,2025-06-12,99,"Recommended based on good credit score, stable income",100,0.0,66.67,accepted,2025-10-18
2447,1331,42,2025-06-05,83,"Recommended based on good credit score, stable income",100,0.0,66.67,pending,2025-10-22
2448,1331,9,2025-07-18,100,"Recommended based on good credit score, stable income",100,0.0,66.67,pending,2025-08-11
2449,1332,3,2025-07-15,100,Recommended based on low credit utilization,100,0.1,50.0,pending,2025-09-27
2450,1333,5,2025-06-29,98,Recommended based on stable income,100,0.3,80.0,pending,2025-08-07
2451,1333,47,2025-06-09,100,Recommended based on stable income,100,0.3,80.0,declined,2025-10-11
2452,1334,17,2025-06-14,90,"Recommended based on good credit score, high income",100,0.2596,75.0,pending,2025-10-15
2453,1334,8,2025-08-01,100,"Recommended based on good credit score, high income",100,0.2596,75.0,expired,2025-10-01
2454,1335,13,2025-07-08,100,"Recommended based on stable income, low credit utilization",100,0.0,71.43,accepted,2025-09-30
2455,1335,12,2025-06-28,100,"Recommended based on stable income, low credit utilization",100,0.0,71.43,pending,2025-08-28
2456,1336,7,2025-07-23,100,"Recommended based on excellent credit score, high income",100,0.1,100.0,pending,2025-10-27
2457,1336,10,2025-07-03,100,"Recommended based on excellent credit score, high income",100,0.1,100.0,pending,2025-10-11
2458,1336,35,2025-07-25,86,"Recommended based on excellent credit score, high income",100,0.1,100.0,declined,2025-08-27
2459,1337,7,2025-07-22,100,"Recommended based on excellent credit score, high income",100,0.1385,100.0,declined,2025-08-08
2460,1338,47,2025-07-19,100,Standard recommendation,100,0.3,75.0,pending,2025-09-08
2461,1338,13,2025-07-19,100,Standard recommendation,100,0.3,75.0,pending,2025-08-05
2462,1339,5,2025-07-25,100,Standard recommendation,100,0.3,85.71,expired,2025-10-26
2463,1339,3,2025-06-18,100,Standard recommendation,100,0.3,85.71,declined,2025-09-11
2464,1339,28,2025-07-23,100,Standard recommendation,100,0.3,85.71,pending,2025-08-22
2465,1339,12,2025-06-18,100,Standard recommendation,100,0.3,85.71,declined,2025-09-04
2466,1340,7,2025-07-24,100,"Recommended based on excellent credit score, high income",100,0.0446,100.0,pending,2025-08-11
2467,1340,29,2025-07-22,100,"Recommended based on excellent credit score, high income",100,0.0446,100.0,pending,2025-09-11
2468,1340,2,2025-07-27,100,"Recommended based on excellent credit score, high income",100,0.0446,100.0,pending,2025-09-14
2469,1340,35,2025-06-13,100,"Recommended based on excellent credit score, high income",100,0.0446,100.0,declined,2025-10-12
2470,1341,3,2025-06-07,100,Recommended based on low credit utilization,100,0.1,33.33,accepted,2025-10-11
2471,1342,19,2025-06-14,100,"Recommended based on excellent credit score, high income",100,0.2311,90.91,pending,2025-09-19
2472,1342,13,2025-06-18,100,"Recommended based on excellent credit score, high income",100,0.2311,90.91,pending,2025-09-27
2473,1342,22,2025-07-10,100,"Recommended based on excellent credit score, high income",100,0.2311,90.91,pending,2025-08-20
2474,1343,20,2025-06-29,100,"Recommended based on excellent credit score, high income",100,0.5,100.0,accepted,2025-10-14
2475,1343,11,2025-06-18,83,"Recommended based on excellent credit score, high income",100,0.5,100.0,accepted,2025-08-02
2476,1344,40,2025-06-05,100,"Recommended based on good credit score, high income",100,0.1574,88.89,expired,2025-10-11
2477,1345,3,2025-07-08,100,Recommended based on stable income,100,0.8,66.67,pending,2025-09-07
2478,1346,48,2025-07-04,100,"Recommended based on excellent credit score, high income",100,0.0399,92.31,declined,2025-09-18
2479,1347,25,2025-07-25,98,"Recommended based on excellent credit score, high income",100,0.2156,100.0,pending,2025-08-19
2480,1347,21,2025-06-05,100,"Recommended based on excellent credit score, high income",100,0.2156,100.0,declined,2025-10-05
2481,1347,12,2025-07-22,100,"Recommended based on excellent credit score, high income",100,0.2156,100.0,pending,2025-10-24
2482,1348,24,2025-06-26,81,"Recommended based on good credit score, high income",100,0.5,100.0,declined,2025-09-22
2483,1348,39,2025-07-25,81,"Recommended based on good credit score, high income",100,0.5,100.0,pending,2025-08-26
2484,1349,28,2025-06-08,100,"Recommended based on good credit score, high income",100,0.136,70.0,accepted,2025-08-26
2485,1350,3,2025-07-14,93,Recommended based on stable income,100,0.8,57.14,pending,2025-08-14
2486,1351,13,2025-07-28,100,"Recommended based on good credit score, high income",100,0.4004,81.82,pending,2025-10-03
2487,1351,3,2025-07-04,100,"Recommended based on good credit score, high income",100,0.4004,81.82,pending,2025-09-30
2488,1352,46,2025-07-15,100,"Recommended based on excellent credit score, stable income",100,0.056,87.5,pending,2025-09-29
2489,1352,8,2025-07-06,100,"Recommended based on excellent credit score, stable income",100,0.056,87.5,pending,2025-09-22
2490,1353,13,2025-06-10,100,Standard recommendation,100,0.349,72.73,accepted,2025-10-20
2491,1354,27,2025-07-22,100,"Recommended based on good credit score, stable income",100,0.1,87.5,pending,2025-10-11
2492,1355,30,2025-07-14,100,"Recommended based on excellent credit score, high income",100,0.3708,83.33,pending,2025-10-16
2493,1356,3,2025-06-20,100,Standard recommendation,100,0.3,75.0,pending,2025-09-08
2494,1357,3,2025-07-03,100,Recommended based on low credit utilization,100,0.1,62.5,pending,2025-09-05
2495,1358,47,2025-07-07,99,"Recommended based on stable income, low credit utilization",100,0.29,63.64,pending,2025-08-20
2496,1358,23,2025-06-19,100,"Recommended based on stable income, low credit utilization",100,0.29,63.64,pending,2025-09-14
2497,1359,12,2025-07-04,100,Standard recommendation,100,0.3,83.33,pending,2025-08-10
2498,1359,5,2025-07-30,100,Standard recommendation,100,0.3,83.33,pending,2025-10-19
2499,1360,45,2025-06-13,85,Standard recommendation,100,0.95,57.14,accepted,2025-09-11
2500,1360,31,2025-06-05,78,Standard recommendation,100,0.95,57.14,declined,2025-09-09
2501,1361,18,2025-06-21,98,"Recommended based on excellent credit score, high income",100,0.3,100.0,declined,2025-08-27
2502,1361,34,2025-06-16,100,"Recommended based on excellent credit score, high income",100,0.3,100.0,pending,2025-10-25
2503,1361,38,2025-07-11,88,"Recommended based on excellent credit score, high income",100,0.3,100.0,declined,2025-10-29
2504,1362,45,2025-07-06,100,"Recommended based on excellent credit score, high income",100,0.3203,93.33,declined,2025-09-20
2505,1362,23,2025-07-20,100,"Recommended based on excellent credit score, high income",100,0.3203,93.33,accepted,2025-09-15
2506,1363,3,2025-07-13,100,Recommended based on stable income,100,0.5,50.0,declined,2025-10-27
2507,1363,47,2025-06-16,88,Recommended based on stable income,100,0.5,50.0,pending,2025-09-09
2508,1364,48,2025-07-14,100,"Recommended based on good credit score, high income",100,0.4399,87.5,accepted,2025-08-26
2509,1365,31,2025-07-16,100,"Recommended based on excellent credit score, high income",100,0.2617,100.0,pending,2025-08-09
2510,1366,5,2025-06-09,100,Standard recommendation,100,0.5,83.33,pending,2025-09-27
2511,1367,3,2025-06-12,100,Standard recommendation,100,0.3,66.67,declined,2025-08-03
2512,1367,23,2025-07-17,76,Standard recommendation,100,0.3,66.67,declined,2025-10-08
2513,1368,3,2025-07-18,85,Standard recommendation,100,0.3,33.33,declined,2025-09-20
2514,1369,9,2025-07-16,100,"Recommended based on good credit score, high income",100,0.1941,81.25,declined,2025-08-10
2515,1370,3,2025-07-05,100,"Recommended based on excellent credit score, high income",100,0.2956,100.0,declined,2025-10-26
2516,1370,47,2025-06-19,100,"Recommended based on excellent credit score, high income",100,0.2956,100.0,accepted,2025-09-01
2517,1371,3,2025-06-09,100,"Recommended based on excellent credit score, high income",100,0.5,100.0,pending,2025-09-13
2518,1372,3,2025-07-08,100,Standard recommendation,100,0.3,40.0,pending,2025-09-23
2519,1373,13,2025-07-22,100,Recommended based on low credit utilization,100,0.0,66.67,declined,2025-08-04
2520,1373,28,2025-07-28,100,Recommended based on low credit utilization,100,0.0,66.67,pending,2025-10-17
2521,1374,18,2025-06-17,92,Standard recommendation,100,0.8,85.71,expired,2025-10-23
2522,1374,20,2025-06-29,72,Standard recommendation,100,0.8,85.71,accepted,2025-08-07
2523,1375,12,2025-06-09,100,"Recommended based on good credit score, low credit utilization",100,0.0,80.0,pending,2025-10-10
2524,1375,28,2025-07-26,100,"Recommended based on good credit score, low credit utilization",100,0.0,80.0,declined,2025-08-22
2525,1375,43,2025-06-17,98,"Recommended based on good credit score, low credit utilization",100,0.0,80.0,pending,2025-09-05
2526,1376,3,2025-07-18,100,Standard recommendation,100,0.3,33.33,expired,2025-10-05
2527,1377,34,2025-07-09,100,"Recommended based on good credit score, low credit utilization",100,0.1,87.5,expired,2025-09-30
2528,1378,23,2025-07-28,91,"Recommended based on stable income, low credit utilization",100,0.1,66.67,pending,2025-09-05
2529,1379,28,2025-06-28,95,Recommended based on low credit utilization,100,0.2104,54.55,accepted,2025-10-01
2530,1379,47,2025-07-12,96,Recommended based on low credit utilization,100,0.2104,54.55,pending,2025-10-25
2531,1379,13,2025-07-25,100,Recommended based on low credit utilization,100,0.2104,54.55,declined,2025-09-04
2532,1379,3,2025-06-13,100,Recommended based on low credit utilization,100,0.2104,54.55,pending,2025-10-07
2533,1380,3,2025-07-08,100,"Recommended based on good credit score, low credit utilization",100,0.1,100.0,pending,2025-10-10
2534,1380,10,2025-07-02,86,"Recommended based on good credit score, low credit utilization",100,0.1,100.0,declined,2025-08-23
2535,1381,3,2025-07-20,94,Standard recommendation,100,0.3,50.0,pending,2025-10-26
2536,1382,16,2025-07-16,94,"Recommended based on good credit score, high income",100,0.3,88.89,pending,2025-10-28
2537,1382,45,2025-06-24,95,"Recommended based on good credit score, high income",100,0.3,88.89,pending,2025-08-27
2538,1382,15,2025-07-17,96,"Recommended based on good credit score, high income",100,0.3,88.89,pending,2025-10-04
2539,1383,3,2025-07-26,100,Recommended based on low credit utilization,100,0.1,50.0,declined,2025-10-16
2540,1384,3,2025-06-19,95,Recommended based on low credit utilization,100,0.1,28.57,accepted,2025-09-18
2541,1385,19,2025-07-09,86,"Recommended based on good credit score, high income",100,0.1315,78.57,expired,2025-10-15
2542,1385,28,2025-06-03,100,"Recommended based on good credit score, high income",100,0.1315,78.57,pending,2025-10-18
2543,1385,35,2025-07-31,96,"Recommended based on good credit score, high income",100,0.1315,78.57,pending,2025-09-29
2544,1386,47,2025-07-23,83,Standard recommendation,100,0.3,33.33,accepted,2025-10-25
2545,1386,13,2025-07-01,100,Standard recommendation,100,0.3,33.33,expired,2025-09-19
2546,1387,50,2025-07-08,100,Recommended based on low credit utilization,100,0.1269,81.82,pending,2025-08-23
2547,1387,12,2025-06-22,100,Recommended based on low credit utilization,100,0.1269,81.82,pending,2025-08-09
2548,1388,13,2025-06-21,100,"Recommended based on good credit score, stable income",100,0.3,88.89,declined,2025-10-03
2549,1388,23,2025-07-07,100,"Recommended based on good credit score, stable income",100,0.3,88.89,pending,2025-10-02
2550,1389,12,2025-07-12,100,"Recommended based on stable income, low credit utilization",100,0.1,60.0,declined,2025-08-05
2551,1389,3,2025-06-10,100,"Recommended based on stable income, low credit utilization",100,0.1,60.0,declined,2025-08-06
2552,1389,34,2025-06-20,100,"Recommended based on stable income, low credit utilization",100,0.1,60.0,declined,2025-08-03
2553,1390,48,2025-06-22,87,"Recommended based on stable income, low credit utilization",100,0.0722,77.78,pending,2025-08-23
2554,1390,13,2025-07-05,100,"Recommended based on stable income, low credit utilization",100,0.0722,77.78,declined,2025-08-23
2555,1390,28,2025-07-09,100,"Recommended based on stable income, low credit utilization",100,0.0722,77.78,declined,2025-10-22
2556,1391,5,2025-06-18,100,"Recommended based on good credit score, low credit utilization",100,0.2136,83.33,pending,2025-08-19
2557,1392,3,2025-07-09,100,Recommended based on low credit utilization,100,0.1,75.0,expired,2025-08-17
2558,1393,29,2025-06-14,100,"Recommended based on excellent credit score, high income",100,0.3686,100.0,accepted,2025-08-13
2559,1393,46,2025-06-08,100,"Recommended based on excellent credit score, high income",100,0.3686,100.0,accepted,2025-09-17
2560,1394,18,2025-07-24,100,"Recommended based on good credit score, high income",100,0.4583,85.71,pending,2025-08-06
2561,1395,33,2025-07-11,100,"Recommended based on excellent credit score, high income",100,0.4,100.0,expired,2025-09-19
2562,1395,18,2025-07-04,100,"Recommended based on excellent credit score, high income",100,0.4,100.0,declined,2025-08-25
2563,1395,40,2025-06-14,100,"Recommended based on excellent credit score, high income",100,0.4,100.0,declined,2025-10-20
2564,1396,34,2025-07-13,100,"Recommended based on good credit score, stable income",100,0.4284,90.91,accepted,2025-09-02
2565,1396,26,2025-06-29,100,"Recommended based on good credit score, stable income",100,0.4284,90.91,pending,2025-09-18
2566,1397,23,2025-07-18,100,"Recommended based on stable income, low credit utilization",100,0.1,80.0,accepted,2025-08-27
2567,1398,50,2025-07-07,81,Standard recommendation,100,0.95,50.0,accepted,2025-09-02
2568,1399,5,2025-06-05,86,"Recommended based on stable income, low credit utilization",100,0.1,60.0,pending,2025-09-27
2569,1399,23,2025-06-21,100,"Recommended based on stable income, low credit utilization",100,0.1,60.0,pending,2025-09-08
2570,1399,34,2025-07-29,99,"Recommended based on stable income, low credit utilization",100,0.1,60.0,pending,2025-08-10
2571,1399,47,2025-07-25,99,"Recommended based on stable income, low credit utilization",100,0.1,60.0,accepted,2025-10-30
2572,1400,48,2025-07-02,100,"Recommended based on good credit score, stable income",100,0.3,81.82,expired,2025-10-20
2573,1401,47,2025-07-15,95,Recommended based on low credit utilization,100,0.1,57.14,expired,2025-10-12
2574,1401,3,2025-07-10,100,Recommended based on low credit utilization,100,0.1,57.14,declined,2025-10-22
2575,1402,23,2025-07-04,84,Standard recommendation,100,0.95,60.0,pending,2025-09-01
2576,1403,9,2025-06-24,95,"Recommended based on good credit score, stable income",100,0.1,100.0,accepted,2025-10-05
2577,1403,23,2025-06-08,97,"Recommended based on good credit score, stable income",100,0.1,100.0,accepted,2025-10-22
2578,1404,9,2025-06-17,100,"Recommended based on excellent credit score, high income",100,0.0505,100.0,declined,2025-09-02
2579,1404,11,2025-06-29,100,"Recommended based on excellent credit score, high income",100,0.0505,100.0,pending,2025-09-01
2580,1404,21,2025-07-19,100,"Recommended based on excellent credit score, high income",100,0.0505,100.0,declined,2025-08-28
2581,1405,24,2025-07-15,100,"Recommended based on excellent credit score, high income",100,0.4779,88.89,expired,2025-09-06
2582,1405,20,2025-06-05,100,"Recommended based on excellent credit score, high income",100,0.4779,88.89,declined,2025-08-17
2583,1406,18,2025-06-20,100,"Recommended based on excellent credit score, high income",100,0.4869,85.0,declined,2025-10-26
2584,1407,5,2025-08-01,100,Recommended based on low credit utilization,100,0.1,80.0,declined,2025-09-04
2585,1408,16,2025-07-27,100,"Recommended based on excellent credit score, high income",100,0.4498,88.89,declined,2025-09-12
2586,1408,20,2025-06-14,100,"Recommended based on excellent credit score, high income",100,0.4498,88.89,pending,2025-10-03
2587,1409,13,2025-07-30,88,Recommended based on low credit utilization,100,0.2393,66.67,expired,2025-08-06
2588,1409,23,2025-06-16,93,Recommended based on low credit utilization,100,0.2393,66.67,declined,2025-08-15
2589,1410,28,2025-06-28,100,"Recommended based on excellent credit score, high income",100,0.2419,90.91,pending,2025-10-06
2590,1411,28,2025-07-07,100,"Recommended based on high income, low credit utilization",100,0.1,75.0,pending,2025-08-05
2591,1411,41,2025-07-21,99,"Recommended based on high income, low credit utilization",100,0.1,75.0,accepted,2025-10-04
2592,1412,30,2025-07-09,100,"Recommended based on good credit score, high income",100,0.5,100.0,pending,2025-08-15
2593,1412,2,2025-06-20,100,"Recommended based on good credit score, high income",100,0.5,100.0,declined,2025-08-19
2594,1413,3,2025-07-06,99,Standard recommendation,100,0.8,75.0,pending,2025-09-01
2595,1414,45,2025-07-07,84,Standard recommendation,100,0.8,60.0,accepted,2025-10-20
2596,1414,23,2025-06-24,89,Standard recommendation,100,0.8,60.0,accepted,2025-09-02
2597,1415,31,2025-07-05,100,"Recommended based on good credit score, high income",100,0.1,83.33,declined,2025-09-13
2598,1416,18,2025-06-29,86,"Recommended based on good credit score, stable income",100,0.0,83.33,pending,2025-09-01
2599,1417,34,2025-06-18,100,"Recommended based on good credit score, excellent payment history",100,0.5,100.0,accepted,2025-10-19
2600,1418,27,2025-06-14,99,"Recommended based on good credit score, stable income",100,0.5,100.0,declined,2025-10-29
2601,1418,28,2025-07-29,100,"Recommended based on good credit score, stable income",100,0.5,100.0,pending,2025-09-24
2602,1418,12,2025-06-22,100,"Recommended based on good credit score, stable income",100,0.5,100.0,pending,2025-10-13
2603,1419,38,2025-07-03,100,"Recommended based on excellent credit score, high income",100,0.6123,100.0,accepted,2025-10-17
2604,1419,47,2025-06-07,100,"Recommended based on excellent credit score, high income",100,0.6123,100.0,pending,2025-08-24
2605,1419,3,2025-07-18,100,"Recommended based on excellent credit score, high income",100,0.6123,100.0,declined,2025-09-29
2606,1420,23,2025-07-29,77,Standard recommendation,100,0.3,66.67,pending,2025-10-15
2607,1420,3,2025-06-08,100,Standard recommendation,100,0.3,66.67,declined,2025-10-11
2608,1421,3,2025-07-26,100,Recommended based on stable income,100,0.5627,50.0,declined,2025-09-29
2609,1422,37,2025-06-26,100,"Recommended based on excellent credit score, high income",100,0.1916,100.0,accepted,2025-09-07
2610,1423,36,2025-06-28,91,"Recommended based on good credit score, high income",100,0.3962,100.0,declined,2025-08-13
2611,1424,5,2025-07-17,100,"Recommended based on excellent credit score, high income",100,0.443,88.24,declined,2025-10-09
2612,1424,15,2025-06-28,100,"Recommended based on excellent credit score, high income",100,0.443,88.24,pending,2025-09-23
2613,1424,33,2025-07-11,100,"Recommended based on excellent credit score, high income",100,0.443,88.24,declined,2025-08-06
2614,1425,40,2025-07-04,86,"Recommended based on stable income, low credit utilization",100,0.1,75.0,declined,2025-08-19
2615,1426,28,2025-07-04,100,"Recommended based on good credit score, stable income",100,0.5,100.0,accepted,2025-08-15
2616,1427,22,2025-07-18,73,Recommended based on stable income,100,0.8,85.71,pending,2025-09-18
2617,1427,16,2025-06-17,87,Recommended based on stable income,100,0.8,85.71,declined,2025-08-05
2618,1427,5,2025-07-17,100,Recommended based on stable income,100,0.8,85.71,pending,2025-08-30
2619,1428,47,2025-06-26,100,"Recommended based on good credit score, high income",100,0.3,90.0,declined,2025-08-11
2620,1428,3,2025-06-22,100,"Recommended based on good credit score, high income",100,0.3,90.0,expired,2025-08-17
2621,1428,48,2025-07-26,100,"Recommended based on good credit score, high income",100,0.3,90.0,accepted,2025-08-28
2622,1429,40,2025-06-29,100,"Recommended based on excellent credit score, stable income",100,0.1494,100.0,pending,2025-09-10
2623,1429,3,2025-07-11,100,"Recommended based on excellent credit score, stable income",100,0.1494,100.0,declined,2025-10-03
2624,1430,39,2025-07-18,97,"Recommended based on excellent credit score, high income",100,0.2641,95.45,pending,2025-09-10
2625,1430,35,2025-06-20,100,"Recommended based on excellent credit score, high income",100,0.2641,95.45,pending,2025-10-22
2626,1431,13,2025-06-20,100,"Recommended based on good credit score, stable income",100,0.1903,90.0,declined,2025-09-21
2627,1431,47,2025-07-27,100,"Recommended based on good credit score, stable income",100,0.1903,90.0,declined,2025-10-01
2628,1431,34,2025-06-22,100,"Recommended based on good credit score, stable income",100,0.1903,90.0,expired,2025-08-31
2629,1432,3,2025-07-14,100,Standard recommendation,100,0.5,60.0,declined,2025-10-09
2630,1433,23,2025-06-22,100,"Recommended based on good credit score, high income",100,0.4102,85.0,pending,2025-08-23
2631,1433,45,2025-06-17,100,"Recommended based on good credit score, high income",100,0.4102,85.0,pending,2025-10-25
2632,1433,22,2025-06-19,92,"Recommended based on good credit score, high income",100,0.4102,85.0,pending,2025-09-09
2633,1434,3,2025-07-24,97,Recommended based on stable income,100,0.8,66.67,pending,2025-09-16
2634,1435,16,2025-07-22,94,"Recommended based on good credit score, high income",100,0.1867,91.67,accepted,2025-08-04
2635,1436,27,2025-07-19,100,"Recommended based on excellent credit score, high income",100,0.5279,100.0,accepted,2025-10-30
2636,1436,16,2025-06-05,100,"Recommended based on excellent credit score, high income",100,0.5279,100.0,expired,2025-09-16
2637,1437,3,2025-07-11,99,Standard recommendation,100,0.8,50.0,accepted,2025-10-27
2638,1438,13,2025-07-18,88,Recommended based on low credit utilization,100,0,85.0,accepted,2025-09-21
2639,1438,3,2025-06-08,100,Recommended based on low credit utilization,100,0,85.0,pending,2025-10-21
2640,1439,23,2025-07-31,100,Recommended based on stable income,100,0.5916,77.78,accepted,2025-10-25
2641,1439,18,2025-06-18,96,Recommended based on stable income,100,0.5916,77.78,pending,2025-08-24
2642,1440,48,2025-07-13,90,"Recommended based on stable income, low credit utilization",100,0.1747,76.92,accepted,2025-10-09
2643,1440,13,2025-06-14,100,"Recommended based on stable income, low credit utilization",100,0.1747,76.92,declined,2025-10-15
2644,1441,7,2025-07-12,100,"Recommended based on good credit score, high income",100,0.2874,61.54,declined,2025-10-02
2645,1441,3,2025-07-23,100,"Recommended based on good credit score, high income",100,0.2874,61.54,expired,2025-10-21
2646,1441,42,2025-06-23,100,"Recommended based on good credit score, high income",100,0.2874,61.54,accepted,2025-08-28
2647,1442,23,2025-06-30,100,Recommended based on high income,100,0.5,66.67,pending,2025-10-09
2648,1443,16,2025-06-07,82,Standard recommendation,100,0.8,60.0,accepted,2025-08-04
2649,1443,27,2025-07-05,70,Standard recommendation,100,0.8,60.0,pending,2025-08-10
2650,1444,3,2025-08-01,98,Standard recommendation,100,0.3,50.0,pending,2025-08-23
2651,1445,3,2025-06-03,100,"Recommended based on stable income, low credit utilization",100,0.1,50.0,accepted,2025-08-25
2652,1445,18,2025-06-04,88,"Recommended based on stable income, low credit utilization",100,0.1,50.0,pending,2025-08-20
2653,1446,30,2025-07-01,84,Recommended based on high income,100,0.8,75.0,pending,2025-10-11
2654,1447,31,2025-07-14,100,"Recommended based on good credit score, high income",100,0.3861,100.0,pending,2025-08-21
2655,1447,9,2025-07-11,100,"Recommended based on good credit score, high income",100,0.3861,100.0,pending,2025-09-01
2656,1448,22,2025-07-22,72,"Recommended based on good credit score, high income",100,0.6715,100.0,pending,2025-09-01
2657,1449,48,2025-07-14,94,"Recommended based on good credit score, stable income",100,0.1,85.71,pending,2025-09-18
2658,1450,24,2025-07-09,71,"Recommended based on good credit score, high income",100,0.1586,91.67,accepted,2025-09-27
2659,1451,23,2025-06-29,100,"Recommended based on stable income, low credit utilization",100,0.1,66.67,accepted,2025-08-03
2660,1451,34,2025-07-10,100,"Recommended based on stable income, low credit utilization",100,0.1,66.67,declined,2025-08-29
2661,1452,34,2025-06-12,95,Recommended based on low credit utilization,100,0.2314,63.64,accepted,2025-10-04
2662,1452,47,2025-07-29,100,Recommended based on low credit utilization,100,0.2314,63.64,pending,2025-08-28
2663,1453,10,2025-06-07,100,"Recommended based on excellent credit score, high income",100,0.0,100.0,accepted,2025-09-14
2664,1454,33,2025-06-16,94,"Recommended based on good credit score, high income",100,0.4282,90.0,accepted,2025-10-06
2665,1454,23,2025-07-03,100,"Recommended based on good credit score, high income",100,0.4282,90.0,pending,2025-09-08
2666,1454,26,2025-07-10,96,"Recommended based on good credit score, high income",100,0.4282,90.0,expired,2025-09-25
2667,1455,12,2025-07-16,90,Recommended based on low credit utilization,100,0.1,75.0,pending,2025-09-21
2668,1455,13,2025-07-31,100,Recommended based on low credit utilization,100,0.1,75.0,accepted,2025-10-11
2669,1456,3,2025-07-28,100,Standard recommendation,100,0.6557,57.14,pending,2025-08-08
2670,1457,48,2025-06-16,100,Recommended based on stable income,100,0.3109,81.82,pending,2025-08-13
2671,1458,7,2025-07-28,100,"Recommended based on excellent credit score, high income",100,0.1,100.0,pending,2025-10-09
2672,1458,8,2025-06-10,100,"Recommended based on excellent credit score, high income",100,0.1,100.0,pending,2025-08-21
2673,1459,5,2025-06-03,100,"Recommended based on good credit score, low credit utilization",100,0.0,83.33,declined,2025-09-05
2674,1460,34,2025-06-23,100,"Recommended based on good credit score, stable income",100,0.1,81.82,accepted,2025-10-25
2675,1461,34,2025-07-17,100,"Recommended based on good credit score, stable income",100,0.1,85.71,expired,2025-08-27
2676,1462,27,2025-07-18,100,"Recommended based on excellent credit score, high income",100,0.2074,90.91,accepted,2025-09-10
2677,1463,21,2025-07-18,100,"Recommended based on excellent credit score, high income",100,0.3302,100.0,pending,2025-10-02
2678,1463,12,2025-07-07,100,"Recommended based on excellent credit score, high income",100,0.3302,100.0,pending,2025-10-10
2679,1464,40,2025-06-16,95,"Recommended based on good credit score, stable income",100,0.1,100.0,pending,2025-08-05
2680,1465,18,2025-06-27,100,"Recommended based on excellent credit score, high income",100,0.2293,94.12,expired,2025-10-21
2681,1466,8,2025-06-27,100,"Recommended based on stable income, low credit utilization",100,0.0,71.43,expired,2025-10-01
2682,1467,3,2025-06-08,100,Standard recommendation,100,0.3795,88.89,pending,2025-09-30
2683,1467,8,2025-07-25,100,Standard recommendation,100,0.3795,88.89,pending,2025-10-28
2684,1467,50,2025-07-30,100,Standard recommendation,100,0.3795,88.89,accepted,2025-08-11
2685,1468,47,2025-07-28,100,Recommended based on stable income,100,0.3629,78.57,declined,2025-10-07
2686,1468,13,2025-06-04,100,Recommended based on stable income,100,0.3629,78.57,pending,2025-09-03
2687,1468,3,2025-07-10,100,Recommended based on stable income,100,0.3629,78.57,pending,2025-10-13
2688,1469,9,2025-06-06,89,"Recommended based on good credit score, stable income",100,0.1,100.0,declined,2025-08-08
2689,1469,23,2025-07-13,100,"Recommended based on good credit score, stable income",100,0.1,100.0,accepted,2025-09-04
2690,1470,41,2025-07-28,94,"Recommended based on excellent credit score, high income",100,0.3,100.0,declined,2025-09-29
2691,1470,16,2025-06-27,100,"Recommended based on excellent credit score, high income",100,0.3,100.0,declined,2025-09-22
2692,1471,3,2025-06-27,100,Recommended based on high income,100,0.503,85.71,pending,2025-08-18
2693,1471,45,2025-07-31,75,Recommended based on high income,100,0.503,85.71,pending,2025-09-15
2694,1472,27,2025-07-14,85,Recommended based on high income,100,0.5,75.0,accepted,2025-10-11
2695,1472,31,2025-07-10,100,Recommended based on high income,100,0.5,75.0,declined,2025-09-20
2696,1473,7,2025-06-30,100,"Recommended based on good credit score, high income",100,0.3,77.78,pending,2025-08-24
2697,1473,50,2025-07-27,100,"Recommended based on good credit score, high income",100,0.3,77.78,declined,2025-09-11
2698,1474,10,2025-07-24,100,"Recommended based on good credit score, stable income",100,0.5,80.0,accepted,2025-08-24
2699,1474,44,2025-06-10,90,"Recommended based on good credit score, stable income",100,0.5,80.0,accepted,2025-10-21
2700,1474,27,2025-06-10,100,"Recommended based on good credit score, stable income",100,0.5,80.0,accepted,2025-10-21
2701,1474,7,2025-07-27,100,"Recommended based on good credit score, stable income",100,0.5,80.0,expired,2025-10-05
2702,1475,13,2025-07-28,100,Recommended based on low credit utilization,100,0,85.0,accepted,2025-09-26
2703,1475,3,2025-07-30,100,Recommended based on low credit utilization,100,0,85.0,accepted,2025-08-06
2704,1476,10,2025-06-10,100,"Recommended based on excellent credit score, high income",100,0.1,83.33,pending,2025-08-08
2705,1477,42,2025-06-15,88,"Recommended based on good credit score, stable income",100,0.3952,89.47,pending,2025-08-06
2706,1478,3,2025-07-06,100,Standard recommendation,100,0.3,50.0,pending,2025-10-29
2707,1479,8,2025-06-03,95,Recommended based on good credit score,100,0.3,87.5,pending,2025-10-05
2708,1479,7,2025-07-14,100,Recommended based on good credit score,100,0.3,87.5,pending,2025-09-16
2709,1479,10,2025-07-05,100,Recommended based on good credit score,100,0.3,87.5,accepted,2025-08-21
2710,1480,5,2025-06-28,100,"Recommended based on good credit score, high income",100,0.2102,83.33,declined,2025-10-09
2711,1480,44,2025-06-06,100,"Recommended based on good credit score, high income",100,0.2102,83.33,pending,2025-08-24
2712,1480,47,2025-06-30,100,"Recommended based on good credit score, high income",100,0.2102,83.33,pending,2025-09-24
2713,1481,31,2025-06-15,98,"Recommended based on good credit score, stable income",100,0.4329,87.5,declined,2025-08-17
2714,1482,13,2025-07-20,100,Standard recommendation,100,0.3073,64.29,accepted,2025-09-06
2715,1482,47,2025-06-10,90,Standard recommendation,100,0.3073,64.29,accepted,2025-09-27
2716,1483,3,2025-06-23,100,Standard recommendation,100,0.3,50.0,pending,2025-08-20
2717,1484,43,2025-06-08,86,"Recommended based on good credit score, low credit utilization",100,0.1,85.71,accepted,2025-10-07
2718,1484,27,2025-07-03,85,"Recommended based on good credit score, low credit utilization",100,0.1,85.71,declined,2025-10-20
2719,1485,33,2025-07-20,100,"Recommended based on excellent credit score, high income",100,0.4328,100.0,expired,2025-10-08
2720,1485,27,2025-07-28,100,"Recommended based on excellent credit score, high income",100,0.4328,100.0,expired,2025-10-20
2721,1485,39,2025-06-12,100,"Recommended based on excellent credit score, high income",100,0.4328,100.0,declined,2025-09-08
2722,1486,43,2025-06-29,100,"Recommended based on good credit score, low credit utilization",100,0.1354,90.0,declined,2025-08-30
2723,1487,23,2025-06-07,100,"Recommended based on excellent credit score, high income",100,0.2315,90.91,declined,2025-08-03
2724,1487,13,2025-06-28,100,"Recommended based on excellent credit score, high income",100,0.2315,90.91,declined,2025-08-30
2725,1488,23,2025-06-13,89,"Recommended based on good credit score, excellent payment history",100,0.4096,100.0,declined,2025-09-01
2726,1488,12,2025-07-06,100,"Recommended based on good credit score, excellent payment history",100,0.4096,100.0,declined,2025-09-09
2727,1488,47,2025-06-25,100,"Recommended based on good credit score, excellent payment history",100,0.4096,100.0,accepted,2025-10-23
2728,1489,3,2025-07-31,96,Standard recommendation,100,0.3,66.67,accepted,2025-09-26
2729,1490,21,2025-07-03,91,"Recommended based on excellent credit score, high income",100,0.3,100.0,pending,2025-09-07
2730,1491,5,2025-06-21,97,"Recommended based on stable income, low credit utilization",100,0.1,66.67,accepted,2025-09-07
2731,1491,47,2025-07-12,100,"Recommended based on stable income, low credit utilization",100,0.1,66.67,pending,2025-08-05
2732,1492,8,2025-07-23,94,Standard recommendation,100,0.3,80.0,pending,2025-08-26
2733,1493,14,2025-07-28,100,"Recommended based on excellent credit score, stable income",100,0.0,100.0,accepted,2025-08-13
2734,1493,3,2025-07-31,100,"Recommended based on excellent credit score, stable income",100,0.0,100.0,accepted,2025-10-26
2735,1494,3,2025-07-01,100,"Recommended based on good credit score, high income",100,0.6708,100.0,declined,2025-08-24
2736,1495,32,2025-06-03,92,"Recommended based on good credit score, stable income",100,0.3,85.71,declined,2025-09-13
2737,1496,3,2025-07-21,100,Recommended based on low credit utilization,100,0,85.0,pending,2025-10-04
2738,1497,3,2025-07-16,91,Recommended based on low credit utilization,100,0.1,28.57,accepted,2025-09-16
2739,1498,12,2025-07-11,85,Recommended based on stable income,100,0.5,66.67,declined,2025-10-12
2740,1499,5,2025-06-11,100,"Recommended based on good credit score, stable income",100,0.5,100.0,expired,2025-08-25
2741,1499,44,2025-07-12,86,"Recommended based on good credit score, stable income",100,0.5,100.0,accepted,2025-10-19
2742,1500,3,2025-07-30,100,Standard recommendation,100,0.3,75.0,declined,2025-09-30
2743,1501,13,2025-06-29,98,Standard recommendation,100,0.3,75.0,pending,2025-10-30
2744,1501,34,2025-06-06,98,Standard recommendation,100,0.3,75.0,declined,2025-10-05
2745,1501,28,2025-06-10,91,Standard recommendation,100,0.3,75.0,accepted,2025-09-11
2746,1502,48,2025-06-17,100,"Recommended based on good credit score, stable income",100,0.2,83.33,expired,2025-09-07
2747,1503,28,2025-08-01,98,Recommended based on low credit utilization,100,0.067,66.67,declined,2025-10-14
2748,1504,3,2025-07-26,100,Recommended based on stable income,100,0.3,50.0,declined,2025-10-14
2749,1504,23,2025-06-22,95,Recommended based on stable income,100,0.3,50.0,expired,2025-08-18
2750,1505,47,2025-06-23,96,Standard recommendation,100,0.3,60.0,accepted,2025-09-10
2751,1505,3,2025-07-27,100,Standard recommendation,100,0.3,60.0,declined,2025-09-10
2752,1506,5,2025-07-15,100,"Recommended based on good credit score, high income",100,0.4568,92.86,declined,2025-10-13
2753,1506,13,2025-06-07,100,"Recommended based on good credit score, high income",100,0.4568,92.86,pending,2025-10-26
2754,1507,6,2025-06-30,87,"Recommended based on good credit score, high income",100,0.4887,92.86,accepted,2025-09-06
2755,1507,34,2025-06-25,100,"Recommended based on good credit score, high income",100,0.4887,92.86,pending,2025-09-06
2756,1508,50,2025-06-29,100,"Recommended based on good credit score, low credit utilization",100,0.1,87.5,pending,2025-08-26
2757,1508,13,2025-06-17,100,"Recommended based on good credit score, low credit utilization",100,0.1,87.5,expired,2025-08-26
2758,1509,30,2025-07-18,100,"Recommended based on excellent credit score, high income",100,0.4333,100.0,pending,2025-09-05
2759,1509,29,2025-06-28,100,"Recommended based on excellent credit score, high income",100,0.4333,100.0,accepted,2025-09-26
2760,1510,16,2025-08-01,97,"Recommended based on excellent credit score, high income",100,0.2279,100.0,pending,2025-08-19
2761,1511,50,2025-06-14,100,"Recommended based on stable income, low credit utilization",100,0.1,66.67,expired,2025-08-20
2762,1512,30,2025-07-11,100,"Recommended based on excellent credit score, high income",100,0.3693,80.95,declined,2025-08-05
2763,1512,26,2025-07-28,100,"Recommended based on excellent credit score, high income",100,0.3693,80.95,accepted,2025-09-16
2764,1512,24,2025-06-30,100,"Recommended based on excellent credit score, high income",100,0.3693,80.95,pending,2025-09-23
2765,1513,13,2025-08-01,100,"Recommended based on good credit score, high income",100,0.5,83.33,pending,2025-10-28
2766,1513,2,2025-06-27,100,"Recommended based on good credit score, high income",100,0.5,83.33,pending,2025-10-21
2767,1514,47,2025-06-22,100,Standard recommendation,100,0.3,75.0,expired,2025-09-20
2768,1514,13,2025-07-26,100,Standard recommendation,100,0.3,75.0,declined,2025-10-28
2769,1515,47,2025-06-04,100,Standard recommendation,100,0.5,83.33,declined,2025-09-07
2770,1515,13,2025-07-29,100,Standard recommendation,100,0.5,83.33,pending,2025-08-22
2771,1515,50,2025-07-12,90,Standard recommendation,100,0.5,83.33,expired,2025-10-18
2772,1516,23,2025-07-28,86,Standard recommendation,100,0.8,80.0,declined,2025-08-08
2773,1516,15,2025-06-20,70,Standard recommendation,100,0.8,80.0,pending,2025-08-24
2774,1517,2,2025-06-18,95,"Recommended based on good credit score, high income",100,0.1,71.43,pending,2025-08-15
2775,1518,47,2025-07-24,85,Standard recommendation,100,0.3,57.14,pending,2025-10-23
2776,1519,12,2025-06-14,100,"Recommended based on excellent credit score, high income",100,0.1618,100.0,accepted,2025-08-23
2777,1519,22,2025-06-25,100,"Recommended based on excellent credit score, high income",100,0.1618,100.0,pending,2025-09-24
2778,1520,27,2025-06-06,100,"Recommended based on good credit score, high income",100,0.5643,90.91,pending,2025-09-18
2779,1520,10,2025-06-26,100,"Recommended based on good credit score, high income",100,0.5643,90.91,pending,2025-09-24
2780,1520,13,2025-07-21,100,"Recommended based on good credit score, high income",100,0.5643,90.91,expired,2025-08-09
2781,1521,3,2025-07-21,100,Recommended based on low credit utilization,100,0.1,83.33,accepted,2025-10-23
2782,1521,5,2025-07-20,100,Recommended based on low credit utilization,100,0.1,83.33,pending,2025-09-27
2783,1522,23,2025-06-20,97,Recommended based on stable income,100,0.3,33.33,accepted,2025-08-30
2784,1523,44,2025-07-25,100,"Recommended based on good credit score, stable income",100,0.1,100.0,accepted,2025-09-21
2785,1523,27,2025-07-26,100,"Recommended based on good credit score, stable income",100,0.1,100.0,accepted,2025-10-18
2786,1524,5,2025-06-20,100,"Recommended based on excellent credit score, high income",100,0.5,90.91,declined,2025-09-28
2787,1524,26,2025-06-17,100,"Recommended based on excellent credit score, high income",100,0.5,90.91,accepted,2025-08-29
2788,1525,28,2025-06-12,100,"Recommended based on good credit score, stable income",100,0.5,90.0,accepted,2025-09-30
2789,1525,26,2025-07-25,91,"Recommended based on good credit score, stable income",100,0.5,90.0,declined,2025-10-30
2790,1526,50,2025-06-06,100,"Recommended based on good credit score, high income",100,0.374,83.33,declined,2025-09-28
2791,1526,2,2025-07-21,100,"Recommended based on good credit score, high income",100,0.374,83.33,declined,2025-09-01
2792,1527,34,2025-06-20,100,"Recommended based on excellent credit score, high income",100,0.0185,94.74,declined,2025-10-26
2793,1528,7,2025-07-10,85,Standard recommendation,100,0.5,85.71,accepted,2025-10-16
2794,1528,8,2025-07-26,100,Standard recommendation,100,0.5,85.71,pending,2025-10-13
2795,1529,40,2025-06-22,100,"Recommended based on good credit score, stable income",100,0.1966,75.0,declined,2025-10-27
2796,1529,13,2025-06-13,100,"Recommended based on good credit score, stable income",100,0.1966,75.0,pending,2025-09-23
2797,1529,12,2025-07-16,100,"Recommended based on good credit score, stable income",100,0.1966,75.0,accepted,2025-10-22
2798,1530,31,2025-07-24,100,"Recommended based on excellent credit score, high income",100,0.3,92.31,accepted,2025-08-12
2799,1530,49,2025-07-29,100,"Recommended based on excellent credit score, high income",100,0.3,92.31,declined,2025-08-21
2800,1531,45,2025-07-20,79,"Recommended based on good credit score, high income",100,0.3,71.43,pending,2025-09-12
2801,1532,13,2025-07-10,86,Recommended based on low credit utilization,100,0,85.0,pending,2025-10-24
2802,1532,3,2025-07-09,96,Recommended based on low credit utilization,100,0,85.0,expired,2025-08-23
2803,1533,47,2025-06-22,100,"Recommended based on stable income, excellent payment history",100,0.8,100.0,pending,2025-08-24
2804,1534,23,2025-06-17,100,"Recommended based on excellent credit score, high income",100,0.1848,92.86,pending,2025-10-27
2805,1535,38,2025-07-08,82,"Recommended based on good credit score, high income",100,0.5,83.33,pending,2025-08-11
2806,1536,45,2025-06-16,100,"Recommended based on excellent credit score, high income",100,0.1,93.33,declined,2025-09-07
2807,1536,24,2025-06-17,97,"Recommended based on excellent credit score, high income",100,0.1,93.33,accepted,2025-09-26
2808,1536,3,2025-07-14,100,"Recommended based on excellent credit score, high income",100,0.1,93.33,pending,2025-10-21
2809,1536,28,2025-07-27,100,"Recommended based on excellent credit score, high income",100,0.1,93.33,pending,2025-08-12
2810,1537,23,2025-06-26,99,Recommended based on low credit utilization,100,0.1,57.14,accepted,2025-10-03
2811,1538,47,2025-07-26,87,Standard recommendation,100,0.4091,35.71,expired,2025-08-10
2812,1538,3,2025-06-13,100,Standard recommendation,100,0.4091,35.71,pending,2025-08-22
2813,1539,27,2025-06-08,100,"Recommended based on excellent credit score, high income",100,0.201,90.91,expired,2025-08-13
2814,1539,44,2025-07-22,100,"Recommended based on excellent credit score, high income",100,0.201,90.91,declined,2025-08-28
2815,1540,35,2025-07-16,84,"Recommended based on good credit score, high income",100,0.3,85.71,pending,2025-09-30
2816,1541,31,2025-07-04,100,Recommended based on stable income,100,0.5054,76.92,accepted,2025-10-23
2817,1541,45,2025-07-20,74,Recommended based on stable income,100,0.5054,76.92,expired,2025-08-19
2818,1541,30,2025-07-30,96,Recommended based on stable income,100,0.5054,76.92,pending,2025-10-06
2819,1542,27,2025-07-23,73,Standard recommendation,100,0.536,66.67,pending,2025-08-20
2820,1543,7,2025-07-21,95,"Recommended based on stable income, low credit utilization",100,0.2956,85.71,expired,2025-08-24
2821,1544,26,2025-06-29,90,Standard recommendation,100,0.3835,76.92,declined,2025-08-29
2822,1545,10,2025-07-04,100,"Recommended based on good credit score, excellent payment history",100,0.4434,100.0,declined,2025-09-02
2823,1545,47,2025-06-17,100,"Recommended based on good credit score, excellent payment history",100,0.4434,100.0,declined,2025-10-15
2824,1546,8,2025-06-25,100,"Recommended based on excellent credit score, stable income",100,0.0285,90.0,declined,2025-10-08
2825,1546,29,2025-06-21,81,"Recommended based on excellent credit score, stable income",100,0.0285,90.0,expired,2025-08-09
2826,1546,26,2025-07-05,89,"Recommended based on excellent credit score, stable income",100,0.0285,90.0,declined,2025-10-08
2827,1547,28,2025-07-30,80,Standard recommendation,100,0.4016,60.0,pending,2025-09-01
2828,1548,28,2025-06-23,95,Recommended based on high income,100,0.5563,75.0,accepted,2025-09-16
2829,1549,6,2025-07-06,82,"Recommended based on good credit score, stable income",100,0.3707,92.31,accepted,2025-09-19
2830,1550,23,2025-07-20,100,"Recommended based on excellent credit score, high income",100,0.1,100.0,expired,2025-10-22
2831,1551,24,2025-06-08,96,"Recommended based on excellent credit score, high income",100,0.1,100.0,accepted,2025-10-26
2832,1551,8,2025-06-30,100,"Recommended based on excellent credit score, high income",100,0.1,100.0,expired,2025-09-11
2833,1552,13,2025-06-16,100,"Recommended based on high income, low credit utilization",100,0.2476,78.57,pending,2025-10-13
2834,1552,9,2025-07-08,100,"Recommended based on high income, low credit utilization",100,0.2476,78.57,pending,2025-09-01
2835,1553,3,2025-06-26,100,Recommended based on low credit utilization,100,0.1541,55.56,accepted,2025-08-09
2836,1553,47,2025-07-12,84,Recommended based on low credit utilization,100,0.1541,55.56,expired,2025-10-10
2837,1554,26,2025-07-13,83,Recommended based on stable income,100,0.3,60.0,pending,2025-09-06
2838,1555,47,2025-07-29,100,"Recommended based on good credit score, excellent payment history",100,0.5,100.0,pending,2025-10-22
2839,1556,28,2025-07-03,100,"Recommended based on stable income, low credit utilization",100,0.1,57.14,accepted,2025-10-23
2840,1556,23,2025-06-27,98,"Recommended based on stable income, low credit utilization",100,0.1,57.14,accepted,2025-08-05
2841,1557,3,2025-07-23,100,"Recommended based on excellent credit score, high income",100,0.0312,81.82,accepted,2025-10-03
2842,1557,26,2025-07-10,100,"Recommended based on excellent credit score, high income",100,0.0312,81.82,pending,2025-08-22
2843,1558,44,2025-07-28,100,"Recommended based on good credit score, high income",100,0.2571,85.71,pending,2025-08-23
2844,1558,47,2025-06-27,100,"Recommended based on good credit score, high income",100,0.2571,85.71,accepted,2025-09-15
2845,1558,5,2025-06-07,100,"Recommended based on good credit score, high income",100,0.2571,85.71,accepted,2025-10-27
2846,1559,47,2025-06-29,100,Standard recommendation,100,0.3,85.71,declined,2025-09-13
2847,1560,20,2025-07-25,86,"Recommended based on high income, low credit utilization",100,0.2371,75.0,accepted,2025-09-19
2848,1560,27,2025-07-30,100,"Recommended based on high income, low credit utilization",100,0.2371,75.0,accepted,2025-09-08
2849,1560,3,2025-07-04,100,"Recommended based on high income, low credit utilization",100,0.2371,75.0,expired,2025-10-11
2850,1560,23,2025-06-30,100,"Recommended based on high income, low credit utilization",100,0.2371,75.0,declined,2025-08-14
2851,1561,7,2025-06-13,100,"Recommended based on excellent credit score, stable income",100,0.1713,87.5,pending,2025-08-05
2852,1561,28,2025-06-14,100,"Recommended based on excellent credit score, stable income",100,0.1713,87.5,pending,2025-10-10
2853,1561,42,2025-06-18,100,"Recommended based on excellent credit score, stable income",100,0.1713,87.5,pending,2025-10-20
2854,1561,10,2025-06-10,100,"Recommended based on excellent credit score, stable income",100,0.1713,87.5,accepted,2025-08-07
2855,1562,47,2025-07-04,100,"Recommended based on excellent credit score, high income",100,0.2735,100.0,accepted,2025-08-03
2856,1563,28,2025-07-18,100,"Recommended based on good credit score, stable income",100,0.1,87.5,expired,2025-09-16
2857,1564,12,2025-08-01,100,Recommended based on stable income,100,0.5012,88.89,expired,2025-10-15
2858,1564,3,2025-07-13,100,Recommended based on stable income,100,0.5012,88.89,declined,2025-09-29
2859,1565,3,2025-06-11,100,"Recommended based on good credit score, stable income",100,0.3815,84.62,pending,2025-08-21
2860,1565,28,2025-06-16,100,"Recommended based on good credit score, stable income",100,0.3815,84.62,pending,2025-10-04
2861,1566,48,2025-06-27,100,Recommended based on high income,100,0.4227,72.73,pending,2025-08-24
2862,1566,31,2025-06-30,100,Recommended based on high income,100,0.4227,72.73,pending,2025-09-24
2863,1567,44,2025-06-23,100,"Recommended based on good credit score, stable income",100,0.3,80.0,pending,2025-09-23
2864,1568,3,2025-07-13,100,"Recommended based on excellent credit score, high income",100,0.3,95.24,pending,2025-08-28
2865,1568,30,2025-07-17,100,"Recommended based on excellent credit score, high income",100,0.3,95.24,pending,2025-08-04
2866,1568,49,2025-06-15,100,"Recommended based on excellent credit score, high income",100,0.3,95.24,pending,2025-08-05
2867,1569,16,2025-06-13,100,"Recommended based on excellent credit score, high income",100,0.4163,95.83,accepted,2025-10-14
2868,1569,22,2025-07-24,100,"Recommended based on excellent credit score, high income",100,0.4163,95.83,pending,2025-08-17
2869,1570,47,2025-06-10,96,Standard recommendation,100,0.5,33.33,accepted,2025-08-04
2870,1570,3,2025-07-24,100,Standard recommendation,100,0.5,33.33,accepted,2025-08-12
2871,1571,48,2025-06-29,99,"Recommended based on stable income, low credit utilization",100,0.2253,80.0,pending,2025-10-11
2872,1571,40,2025-06-17,90,"Recommended based on stable income, low credit utilization",100,0.2253,80.0,declined,2025-09-07
2873,1572,28,2025-07-11,100,"Recommended based on stable income, low credit utilization",100,0.1,75.0,pending,2025-09-19
2874,1572,47,2025-07-16,100,"Recommended based on stable income, low credit utilization",100,0.1,75.0,accepted,2025-09-26
2875,1572,48,2025-06-27,86,"Recommended based on stable income, low credit utilization",100,0.1,75.0,declined,2025-10-08
2876,1573,3,2025-06-28,100,Recommended based on low credit utilization,100,0.0,66.67,pending,2025-09-24
2877,1574,12,2025-06-16,98,Recommended based on high income,100,0.3,66.67,accepted,2025-08-15
2878,1575,27,2025-07-25,100,"Recommended based on good credit score, stable income",100,0.2267,80.0,declined,2025-10-21
2879,1575,12,2025-06-10,100,"Recommended based on good credit score, stable income",100,0.2267,80.0,pending,2025-08-25
2880,1576,34,2025-06-26,77,Recommended based on low credit utilization,100,0.1756,61.54,declined,2025-09-07
2881,1577,13,2025-06-28,89,Recommended based on low credit utilization,100,0.184,66.67,declined,2025-08-04
2882,1577,3,2025-07-07,100,Recommended based on low credit utilization,100,0.184,66.67,expired,2025-09-25
2883,1578,33,2025-06-06,100,"Recommended based on good credit score, high income",100,0.5254,93.33,accepted,2025-08-02
2884,1578,22,2025-06-04,92,"Recommended based on good credit score, high income",100,0.5254,93.33,pending,2025-10-17
2885,1578,28,2025-07-11,100,"Recommended based on good credit score, high income",100,0.5254,93.33,pending,2025-09-04
2886,1579,24,2025-07-30,84,Standard recommendation,100,0.7881,66.67,pending,2025-09-26
2887,1580,23,2025-07-28,100,Recommended based on excellent payment history,100,0.8,100.0,accepted,2025-10-09
2888,1580,27,2025-07-12,70,Recommended based on excellent payment history,100,0.8,100.0,accepted,2025-09-29
2889,1580,8,2025-07-13,100,Recommended based on excellent payment history,100,0.8,100.0,accepted,2025-08-07
2890,1581,47,2025-06-07,100,"Recommended based on stable income, low credit utilization",100,0.1,75.0,pending,2025-08-20
2891,1581,23,2025-07-14,100,"Recommended based on stable income, low credit utilization",100,0.1,75.0,pending,2025-10-26
2892,1581,5,2025-07-09,100,"Recommended based on stable income, low credit utilization",100,0.1,75.0,accepted,2025-09-13
2893,1582,18,2025-07-31,91,"Recommended based on stable income, low credit utilization",100,0.22,66.67,accepted,2025-08-17
2894,1582,47,2025-07-23,100,"Recommended based on stable income, low credit utilization",100,0.22,66.67,accepted,2025-09-05
2895,1583,40,2025-06-19,100,"Recommended based on high income, low credit utilization",100,0.2685,72.73,pending,2025-08-14
2896,1583,10,2025-07-15,100,"Recommended based on high income, low credit utilization",100,0.2685,72.73,expired,2025-10-15
2897,1583,13,2025-07-21,100,"Recommended based on high income, low credit utilization",100,0.2685,72.73,declined,2025-08-12
2898,1584,3,2025-07-14,100,Recommended based on low credit utilization,100,0.1,50.0,pending,2025-08-19
2899,1584,13,2025-07-20,100,Recommended based on low credit utilization,100,0.1,50.0,pending,2025-10-20
2900,1584,47,2025-07-17,98,Recommended based on low credit utilization,100,0.1,50.0,pending,2025-09-17
2901,1585,27,2025-06-20,100,"Recommended based on excellent credit score, stable income",100,0.3,100.0,accepted,2025-08-28
2902,1585,48,2025-07-08,100,"Recommended based on excellent credit score, stable income",100,0.3,100.0,accepted,2025-10-05
2903,1586,3,2025-07-05,100,Recommended based on low credit utilization,100,0.1,60.0,accepted,2025-08-03
2904,1587,12,2025-07-05,100,"Recommended based on excellent credit score, low credit utilization",100,0.0298,100.0,pending,2025-09-02
2905,1587,5,2025-06-27,100,"Recommended based on excellent credit score, low credit utilization",100,0.0298,100.0,pending,2025-10-22
2906,1588,17,2025-07-10,100,"Recommended based on excellent credit score, high income",100,0.2338,85.71,pending,2025-08-19
2907,1589,28,2025-06-11,100,"Recommended based on good credit score, high income",100,0.5967,85.71,pending,2025-10-18
2908,1590,3,2025-06-23,100,Standard recommendation,100,0.3,83.33,pending,2025-09-17
2909,1590,13,2025-06-09,81,Standard recommendation,100,0.3,83.33,expired,2025-09-20
2910,1591,28,2025-06-13,94,Standard recommendation,100,0.5,62.5,accepted,2025-10-28
2911,1592,30,2025-07-07,100,"Recommended based on good credit score, high income",100,0.1,83.33,expired,2025-10-13
2912,1593,10,2025-06-06,99,"Recommended based on good credit score, low credit utilization",100,0.0396,90.0,expired,2025-09-03
2913,1593,13,2025-06-06,100,"Recommended based on good credit score, low credit utilization",100,0.0396,90.0,pending,2025-08-30
2914,1593,50,2025-06-03,100,"Recommended based on good credit score, low credit utilization",100,0.0396,90.0,declined,2025-09-21
2915,1594,10,2025-07-12,76,Recommended based on low credit utilization,100,0.1,71.43,declined,2025-10-18
2916,1594,23,2025-06-23,88,Recommended based on low credit utilization,100,0.1,71.43,declined,2025-08-18
2917,1595,34,2025-06-13,100,"Recommended based on excellent credit score, high income",100,0.2689,100.0,accepted,2025-10-08
2918,1595,21,2025-08-01,100,"Recommended based on excellent credit score, high income",100,0.2689,100.0,pending,2025-09-08
2919,1596,22,2025-07-24,86,Standard recommendation,100,0.95,80.0,expired,2025-08-21
2920,1596,3,2025-07-07,96,Standard recommendation,100,0.95,80.0,expired,2025-09-26
2921,1597,3,2025-07-07,100,Standard recommendation,100,0.95,75.0,pending,2025-10-18
2922,1598,12,2025-07-26,100,"Recommended based on excellent credit score, stable income",100,0.0,100.0,declined,2025-08-06
2923,1599,26,2025-07-10,75,Recommended based on stable income,100,0.3862,50.0,accepted,2025-09-03
2924,1599,16,2025-07-23,93,Recommended based on stable income,100,0.3862,50.0,accepted,2025-09-18
2925,1600,3,2025-06-21,100,Recommended based on low credit utilization,100,0.1,66.67,accepted,2025-08-24
2926,1601,13,2025-07-27,100,Standard recommendation,100,0.3,62.5,declined,2025-09-21
2927,1601,3,2025-07-22,100,Standard recommendation,100,0.3,62.5,pending,2025-08-02
2928,1602,8,2025-07-19,100,Recommended based on excellent payment history,100,0.3435,91.67,declined,2025-08-29
2929,1602,27,2025-07-01,95,Recommended based on excellent payment history,100,0.3435,91.67,pending,2025-09-15
2930,1603,29,2025-06-23,84,"Recommended based on excellent credit score, high income",100,0.1,100.0,accepted,2025-09-10
2931,1603,3,2025-06-11,100,"Recommended based on excellent credit score, high income",100,0.1,100.0,pending,2025-09-01
2932,1603,48,2025-07-15,100,"Recommended based on excellent credit score, high income",100,0.1,100.0,declined,2025-08-16
2933,1604,13,2025-07-17,89,Recommended based on stable income,100,0.3,75.0,accepted,2025-10-08
2934,1604,34,2025-07-25,86,Recommended based on stable income,100,0.3,75.0,pending,2025-08-23
2935,1604,28,2025-06-10,100,Recommended based on stable income,100,0.3,75.0,pending,2025-09-03
2936,1604,23,2025-06-20,94,Recommended based on stable income,100,0.3,75.0,pending,2025-09-21
2937,1605,5,2025-06-04,100,Recommended based on low credit utilization,100,0,85.0,pending,2025-10-19
2938,1606,3,2025-07-31,97,Recommended based on low credit utilization,100,0.1,75.0,pending,2025-10-06
2939,1607,2,2025-06-27,100,"Recommended based on good credit score, low credit utilization",100,0.1,85.71,accepted,2025-08-19
2940,1607,3,2025-07-14,100,"Recommended based on good credit score, low credit utilization",100,0.1,85.71,declined,2025-09-27
2941,1608,23,2025-07-28,100,"Recommended based on good credit score, high income",100,0.2639,75.0,declined,2025-10-28
2942,1608,24,2025-07-20,95,"Recommended based on good credit score, high income",100,0.2639,75.0,expired,2025-08-31
2943,1608,27,2025-07-13,100,"Recommended based on good credit score, high income",100,0.2639,75.0,pending,2025-10-24
2944,1609,5,2025-07-15,100,Recommended based on stable income,100,0.3492,78.57,pending,2025-09-11
2945,1609,13,2025-08-01,100,Recommended based on stable income,100,0.3492,78.57,pending,2025-08-17
2946,1610,12,2025-07-16,89,Recommended based on stable income,100,0.3,71.43,pending,2025-09-14
2947,1610,48,2025-07-21,90,Recommended based on stable income,100,0.3,71.43,accepted,2025-10-04
2948,1611,31,2025-07-20,98,Recommended based on stable income,100,0.5,85.71,pending,2025-10-16
2949,1611,28,2025-06-23,100,Recommended based on stable income,100,0.5,85.71,pending,2025-10-29
2950,1612,3,2025-07-29,100,Recommended based on stable income,100,0.8,50.0,pending,2025-10-02
2951,1613,5,2025-07-08,100,"Recommended based on excellent credit score, high income",100,0.3196,80.0,declined,2025-08-21
2952,1614,40,2025-07-30,100,"Recommended based on good credit score, high income",100,0.3778,76.92,declined,2025-10-27
2953,1615,50,2025-07-25,100,"Recommended based on good credit score, high income",100,0.5,100.0,pending,2025-09-20
2954,1616,3,2025-07-09,100,Recommended based on stable income,100,0.6274,85.71,declined,2025-08-03
2955,1617,3,2025-06-22,100,Standard recommendation,100,0.5,50.0,pending,2025-10-13
2956,1617,23,2025-06-28,74,Standard recommendation,100,0.5,50.0,pending,2025-09-07
2957,1618,13,2025-07-09,100,Recommended based on low credit utilization,100,0.0653,73.33,pending,2025-09-07
2958,1618,3,2025-07-07,100,Recommended based on low credit utilization,100,0.0653,73.33,expired,2025-09-28
2959,1619,34,2025-06-04,100,"Recommended based on good credit score, excellent payment history",100,0.3,100.0,declined,2025-08-02
2960,1619,8,2025-07-18,100,"Recommended based on good credit score, excellent payment history",100,0.3,100.0,expired,2025-08-04
2961,1619,23,2025-06-08,100,"Recommended based on good credit score, excellent payment history",100,0.3,100.0,accepted,2025-10-08
2962,1620,48,2025-06-27,100,"Recommended based on good credit score, high income",100,0.7302,100.0,declined,2025-09-22
2963,1621,3,2025-07-03,100,Standard recommendation,100,0.3,28.57,pending,2025-10-11
2964,1622,23,2025-06-22,100,"Recommended based on good credit score, high income",100,0.3271,84.21,declined,2025-09-05
2965,1623,43,2025-07-01,100,"Recommended based on excellent credit score, high income",100,0.203,100.0,accepted,2025-08-09
2966,1623,17,2025-06-19,97,"Recommended based on excellent credit score, high income",100,0.203,100.0,declined,2025-08-17
2967,1623,50,2025-06-11,100,"Recommended based on excellent credit score, high income",100,0.203,100.0,accepted,2025-09-20
2968,1624,13,2025-07-30,88,Recommended based on low credit utilization,100,0.0,33.33,pending,2025-09-13
2969,1625,3,2025-06-08,100,"Recommended based on good credit score, high income",100,0.1,81.82,accepted,2025-08-17
2970,1626,50,2025-07-18,86,Recommended based on stable income,100,0.8,76.92,expired,2025-10-11
2971,1627,9,2025-07-11,76,"Recommended based on stable income, low credit utilization",100,0.1,81.82,pending,2025-08-05
2972,1627,30,2025-06-29,83,"Recommended based on stable income, low credit utilization",100,0.1,81.82,expired,2025-09-21
2973,1628,5,2025-07-13,100,"Recommended based on low credit utilization, excellent payment history",100,0.1,100.0,expired,2025-10-07
2974,1628,13,2025-07-02,89,"Recommended based on low credit utilization, excellent payment history",100,0.1,100.0,pending,2025-08-18
2975,1629,7,2025-06-24,100,"Recommended based on good credit score, stable income",100,0.3,100.0,pending,2025-10-16
2976,1630,13,2025-06-16,100,Standard recommendation,100,0.8,83.33,pending,2025-09-04
2977,1631,13,2025-07-05,100,"Recommended based on stable income, low credit utilization",100,0.1,66.67,pending,2025-09-29
2978,1631,14,2025-06-24,92,"Recommended based on stable income, low credit utilization",100,0.1,66.67,pending,2025-10-18
2979,1632,13,2025-07-24,100,"Recommended based on good credit score, stable income",100,0.4563,100.0,expired,2025-09-05
2980,1633,43,2025-07-05,100,"Recommended based on good credit score, high income",100,0.3,100.0,accepted,2025-10-30
2981,1633,10,2025-07-25,100,"Recommended based on good credit score, high income",100,0.3,100.0,declined,2025-10-14
2982,1634,5,2025-06-21,100,"Recommended based on excellent credit score, high income",100,0.1488,100.0,pending,2025-09-22
2983,1635,22,2025-07-06,74,"Recommended based on good credit score, stable income",100,0.2468,85.0,declined,2025-10-13
2984,1635,50,2025-06-24,100,"Recommended based on good credit score, stable income",100,0.2468,85.0,pending,2025-09-26
2985,1636,17,2025-06-24,91,"Recommended based on excellent credit score, high income",100,0.3,100.0,pending,2025-09-10
2986,1637,3,2025-07-18,100,"Recommended based on good credit score, high income",100,0.5,87.5,pending,2025-08-20
2987,1638,28,2025-07-03,100,Recommended based on stable income,100,0.5,62.5,accepted,2025-10-16
2988,1638,23,2025-07-11,91,Recommended based on stable income,100,0.5,62.5,accepted,2025-10-28
2989,1638,3,2025-06-06,100,Recommended based on stable income,100,0.5,62.5,declined,2025-10-13
2990,1639,45,2025-06-24,95,Recommended based on high income,100,0.6311,62.5,pending,2025-10-25
2991,1640,31,2025-07-03,100,"Recommended based on excellent credit score, high income",100,0.0,100.0,pending,2025-08-25
2992,1640,40,2025-06-16,100,"Recommended based on excellent credit score, high income",100,0.0,100.0,pending,2025-10-02
2993,1641,8,2025-07-23,74,Recommended based on low credit utilization,100,0.0446,57.14,declined,2025-08-20
2994,1641,47,2025-07-26,96,Recommended based on low credit utilization,100,0.0446,57.14,pending,2025-09-28
2995,1641,13,2025-06-15,100,Recommended based on low credit utilization,100,0.0446,57.14,accepted,2025-10-22
2996,1642,38,2025-07-10,86,"Recommended based on excellent credit score, high income",100,0.1,100.0,expired,2025-08-19
2997,1643,3,2025-06-09,100,Recommended based on low credit utilization,100,0,85.0,pending,2025-09-06
2998,1644,12,2025-07-22,85,"Recommended based on good credit score, low credit utilization",100,0.1,87.5,pending,2025-09-24
2999,1644,43,2025-06-14,83,"Recommended based on good credit score, low credit utilization",100,0.1,87.5,declined,2025-08-11
3000,1645,20,2025-06-23,100,"Recommended based on excellent credit score, high income",100,0.1,100.0,pending,2025-10-10
3001,1645,31,2025-06-29,100,"Recommended based on excellent credit score, high income",100,0.1,100.0,accepted,2025-10-15
3002,1645,10,2025-06-27,100,"Recommended based on excellent credit score, high income",100,0.1,100.0,accepted,2025-08-17
3003,1646,50,2025-06-17,100,"Recommended based on good credit score, low credit utilization",100,0.0964,90.0,pending,2025-10-07
3004,1646,12,2025-07-13,92,"Recommended based on good credit score, low credit utilization",100,0.0964,90.0,declined,2025-10-05
3005,1646,47,2025-07-16,86,"Recommended based on good credit score, low credit utilization",100,0.0964,90.0,pending,2025-10-16
3006,1647,47,2025-06-29,100,"Recommended based on stable income, low credit utilization",100,0.1,50.0,pending,2025-08-05
3007,1647,40,2025-06-09,77,"Recommended based on stable income, low credit utilization",100,0.1,50.0,declined,2025-10-18
3008,1647,28,2025-06-18,100,"Recommended based on stable income, low credit utilization",100,0.1,50.0,expired,2025-10-19
3009,1648,13,2025-07-25,100,"Recommended based on good credit score, low credit utilization",100,0.2318,90.91,accepted,2025-10-19
3010,1648,2,2025-06-25,84,"Recommended based on good credit score, low credit utilization",100,0.2318,90.91,accepted,2025-08-05
3011,1649,3,2025-06-15,100,Standard recommendation,100,0.3,57.14,pending,2025-08-09
3012,1650,26,2025-06-10,100,"Recommended based on excellent credit score, high income",100,0.3,85.71,expired,2025-10-17
3013,1650,36,2025-06-12,100,"Recommended based on excellent credit score, high income",100,0.3,85.71,pending,2025-09-10
3014,1651,40,2025-06-06,100,"Recommended based on good credit score, stable income",100,0.3,100.0,accepted,2025-08-31
3015,1652,3,2025-06-10,100,Standard recommendation,100,0.3,75.0,accepted,2025-09-25
3016,1653,26,2025-07-16,96,"Recommended based on excellent credit score, high income",100,0.0,83.33,expired,2025-10-08
3017,1653,46,2025-07-29,100,"Recommended based on excellent credit score, high income",100,0.0,83.33,expired,2025-08-17
3018,1654,12,2025-07-10,100,"Recommended based on good credit score, high income",100,0.3,80.0,accepted,2025-08-23
3019,1654,13,2025-07-06,100,"Recommended based on good credit score, high income",100,0.3,80.0,accepted,2025-10-11
3020,1654,44,2025-07-16,100,"Recommended based on good credit score, high income",100,0.3,80.0,pending,2025-09-11
3021,1655,5,2025-07-08,100,"Recommended based on good credit score, stable income",100,0.3,100.0,pending,2025-08-30
3022,1655,50,2025-06-11,100,"Recommended based on good credit score, stable income",100,0.3,100.0,pending,2025-09-21
3023,1656,3,2025-06-28,100,Recommended based on low credit utilization,100,0.0,28.57,pending,2025-09-15
3024,1656,34,2025-07-14,83,Recommended based on low credit utilization,100,0.0,28.57,pending,2025-08-18
3025,1657,48,2025-07-31,100,"Recommended based on stable income, low credit utilization",100,0.1531,77.78,declined,2025-10-10
3026,1658,34,2025-06-09,100,"Recommended based on good credit score, low credit utilization",100,0.1,100.0,accepted,2025-10-25
3027,1659,3,2025-06-14,100,Recommended based on excellent payment history,100,0.6438,92.86,pending,2025-08-08
3028,1659,27,2025-06-15,84,Recommended based on excellent payment history,100,0.6438,92.86,pending,2025-10-19
3029,1660,47,2025-06-27,100,"Recommended based on excellent credit score, high income",100,0.2898,82.35,accepted,2025-10-25
3030,1661,50,2025-07-04,100,"Recommended based on excellent credit score, high income",100,0.2091,91.67,declined,2025-10-15
3031,1661,3,2025-06-10,100,"Recommended based on excellent credit score, high income",100,0.2091,91.67,pending,2025-09-22
3032,1661,11,2025-07-10,100,"Recommended based on excellent credit score, high income",100,0.2091,91.67,accepted,2025-08-17
3033,1662,3,2025-07-11,100,"Recommended based on stable income, low credit utilization",100,0.0,66.67,pending,2025-08-16
3034,1662,5,2025-06-26,100,"Recommended based on stable income, low credit utilization",100,0.0,66.67,pending,2025-10-27
3035,1663,44,2025-07-02,92,"Recommended based on good credit score, stable income",100,0.075,92.31,expired,2025-08-20
3036,1663,7,2025-06-03,100,"Recommended based on good credit score, stable income",100,0.075,92.31,pending,2025-08-18
3037,1664,15,2025-07-22,100,"Recommended based on excellent credit score, high income",100,0.2676,94.44,declined,2025-10-19
3038,1665,13,2025-06-09,100,"Recommended based on good credit score, stable income",100,0.3,91.67,declined,2025-10-11
3039,1665,7,2025-06-29,100,"Recommended based on good credit score, stable income",100,0.3,91.67,pending,2025-10-24
3040,1665,14,2025-07-30,93,"Recommended based on good credit score, stable income",100,0.3,91.67,accepted,2025-09-15
3041,1665,23,2025-07-31,100,"Recommended based on good credit score, stable income",100,0.3,91.67,declined,2025-08-24
3042,1666,31,2025-07-03,95,Recommended based on stable income,100,0.3,62.5,pending,2025-08-24
3043,1667,44,2025-06-28,76,"Recommended based on stable income, low credit utilization",100,0.1,85.71,expired,2025-10-26
3044,1668,28,2025-06-03,100,"Recommended based on excellent credit score, stable income",100,0.3,100.0,pending,2025-10-10
3045,1669,12,2025-06-06,93,Recommended based on low credit utilization,100,0.1,71.43,pending,2025-10-12
3046,1670,41,2025-06-09,92,"Recommended based on excellent credit score, stable income",100,0.0,100.0,expired,2025-10-08
3047,1671,23,2025-07-13,73,Standard recommendation,100,0.3,62.5,expired,2025-08-26
3048,1672,3,2025-06-05,100,Recommended based on stable income,100,0.3,55.56,declined,2025-09-10
3049,1672,47,2025-06-29,100,Recommended based on stable income,100,0.3,55.56,declined,2025-09-12
3050,1673,47,2025-06-20,100,"Recommended based on good credit score, stable income",100,0.3,84.62,pending,2025-09-25
3051,1673,38,2025-06-13,85,"Recommended based on good credit score, stable income",100,0.3,84.62,expired,2025-08-20
3052,1674,50,2025-06-13,100,Recommended based on stable income,100,0.5,75.0,declined,2025-10-21
3053,1675,13,2025-07-05,100,Recommended based on low credit utilization,100,0.172,83.33,expired,2025-10-01
3054,1676,31,2025-07-19,100,"Recommended based on good credit score, high income",100,0.4753,91.67,pending,2025-10-28
3055,1676,22,2025-08-01,77,"Recommended based on good credit score, high income",100,0.4753,91.67,pending,2025-09-17
3056,1677,35,2025-07-21,95,"Recommended based on excellent credit score, stable income",100,0.3,100.0,pending,2025-08-06
3057,1677,21,2025-06-03,100,"Recommended based on excellent credit score, stable income",100,0.3,100.0,declined,2025-10-20
3058,1677,32,2025-07-21,99,"Recommended based on excellent credit score, stable income",100,0.3,100.0,declined,2025-09-19
3059,1678,8,2025-06-19,100,"Recommended based on excellent credit score, high income",100,0.0751,88.89,declined,2025-10-30
3060,1679,3,2025-06-29,100,"Recommended based on stable income, low credit utilization",100,0.1,66.67,declined,2025-08-28
3061,1680,3,2025-06-27,100,Recommended based on low credit utilization,100,0.1,33.33,declined,2025-08-24
3062,1680,47,2025-06-28,100,Recommended based on low credit utilization,100,0.1,33.33,accepted,2025-10-18
3063,1681,3,2025-07-06,100,Recommended based on low credit utilization,100,0.1,71.43,declined,2025-09-23
3064,1682,3,2025-07-03,99,Recommended based on low credit utilization,100,0.1,50.0,pending,2025-10-05
3065,1683,30,2025-08-01,100,"Recommended based on good credit score, high income",100,0.4138,82.35,declined,2025-08-03
3066,1684,13,2025-07-14,100,"Recommended based on excellent credit score, high income",100,0.2895,100.0,pending,2025-09-29
3067,1684,8,2025-07-06,100,"Recommended based on excellent credit score, high income",100,0.2895,100.0,accepted,2025-10-13
3068,1685,22,2025-06-29,94,"Recommended based on excellent credit score, high income",100,0.0703,92.31,expired,2025-10-22
3069,1686,28,2025-07-19,100,Recommended based on stable income,100,0.3,80.0,pending,2025-09-21
3070,1686,50,2025-07-15,85,Recommended based on stable income,100,0.3,80.0,accepted,2025-09-10
3071,1687,7,2025-06-21,92,"Recommended based on good credit score, low credit utilization",100,0.1,100.0,pending,2025-08-03
3072,1688,48,2025-07-18,100,"Recommended based on good credit score, stable income",100,0.1,85.71,pending,2025-08-24
3073,1688,21,2025-07-20,94,"Recommended based on good credit score, stable income",100,0.1,85.71,pending,2025-10-11
3074,1689,5,2025-06-10,100,"Recommended based on good credit score, excellent payment history",100,0.3,100.0,pending,2025-09-23
3075,1690,18,2025-06-21,95,Recommended based on stable income,100,0.5,75.0,accepted,2025-10-11
3076,1690,47,2025-08-01,100,Recommended based on stable income,100,0.5,75.0,declined,2025-09-30
3077,1690,27,2025-06-26,97,Recommended based on stable income,100,0.5,75.0,declined,2025-08-02
3078,1690,13,2025-06-20,100,Recommended based on stable income,100,0.5,75.0,expired,2025-10-25
3079,1691,23,2025-06-29,100,"Recommended based on good credit score, high income",100,0.3206,100.0,pending,2025-08-16
3080,1691,18,2025-07-08,100,"Recommended based on good credit score, high income",100,0.3206,100.0,expired,2025-10-07
3081,1691,38,2025-07-05,85,"Recommended based on good credit score, high income",100,0.3206,100.0,pending,2025-09-02
3082,1692,44,2025-07-09,100,"Recommended based on good credit score, high income",100,0.1,92.86,pending,2025-09-15
3083,1693,29,2025-07-14,88,"Recommended based on excellent credit score, high income",100,0.2174,100.0,expired,2025-08-26
3084,1693,35,2025-07-30,100,"Recommended based on excellent credit score, high income",100,0.2174,100.0,expired,2025-08-04
3085,1693,21,2025-07-07,100,"Recommended based on excellent credit score, high income",100,0.2174,100.0,pending,2025-08-04
3086,1694,28,2025-07-09,88,Recommended based on low credit utilization,100,0.1,83.33,expired,2025-10-08
3087,1695,13,2025-07-16,94,Standard recommendation,100,0.5,75.0,pending,2025-10-05
3088,1695,47,2025-06-26,87,Standard recommendation,100,0.5,75.0,pending,2025-10-20
3089,1696,28,2025-06-16,92,Recommended based on low credit utilization,100,0.1,33.33,accepted,2025-08-27
3090,1697,34,2025-06-12,98,Recommended based on low credit utilization,100,0.1,75.0,declined,2025-08-27
3091,1698,3,2025-07-31,100,Recommended based on stable income,100,0.3,75.0,accepted,2025-08-04
3092,1698,47,2025-07-24,100,Recommended based on stable income,100,0.3,75.0,declined,2025-09-08
3093,1698,28,2025-06-26,98,Recommended based on stable income,100,0.3,75.0,pending,2025-08-03
3094,1699,18,2025-07-06,100,"Recommended based on good credit score, high income",100,0.5819,87.5,expired,2025-10-08
3095,1699,47,2025-06-30,100,"Recommended based on good credit score, high income",100,0.5819,87.5,expired,2025-08-30
3096,1700,50,2025-07-07,100,"Recommended based on excellent credit score, high income",100,0.265,90.0,declined,2025-09-07
3097,1701,3,2025-06-08,100,"Recommended based on good credit score, high income",100,0.6826,100.0,expired,2025-08-18
3098,1701,45,2025-06-28,90,"Recommended based on good credit score, high income",100,0.6826,100.0,declined,2025-10-26
3099,1701,20,2025-06-13,100,"Recommended based on good credit score, high income",100,0.6826,100.0,declined,2025-10-01
3100,1701,16,2025-06-04,98,"Recommended based on good credit score, high income",100,0.6826,100.0,declined,2025-09-10
3101,1702,47,2025-07-08,100,Recommended based on low credit utilization,100,0.2846,64.29,pending,2025-10-14
3102,1703,3,2025-07-06,89,Standard recommendation,100,0.3,50.0,accepted,2025-08-31
3103,1704,17,2025-06-16,100,"Recommended based on excellent credit score, high income",100,0.1,88.89,accepted,2025-08-25
3104,1704,41,2025-06-13,100,"Recommended based on excellent credit score, high income",100,0.1,88.89,declined,2025-09-08
3105,1705,34,2025-06-12,81,Recommended based on low credit utilization,100,0.1,50.0,accepted,2025-09-16
3106,1705,13,2025-06-09,100,Recommended based on low credit utilization,100,0.1,50.0,declined,2025-10-27
3107,1706,47,2025-07-29,100,"Recommended based on good credit score, high income",100,0.0,55.56,accepted,2025-09-19
3108,1707,24,2025-07-26,97,"Recommended based on good credit score, high income",100,0.7153,89.47,declined,2025-08-04
3109,1707,22,2025-06-18,99,"Recommended based on good credit score, high income",100,0.7153,89.47,pending,2025-10-21
3110,1708,45,2025-07-26,100,"Recommended based on good credit score, high income",100,0.6527,86.96,declined,2025-09-26
3111,1708,50,2025-07-05,100,"Recommended based on good credit score, high income",100,0.6527,86.96,expired,2025-09-15
3112,1708,20,2025-08-01,100,"Recommended based on good credit score, high income",100,0.6527,86.96,pending,2025-10-23
3113,1709,9,2025-07-17,100,"Recommended based on good credit score, stable income",100,0.3,84.62,accepted,2025-09-05
3114,1709,12,2025-07-23,100,"Recommended based on good credit score, stable income",100,0.3,84.62,declined,2025-09-03
3115,1710,5,2025-07-17,100,Recommended based on excellent payment history,100,0.8,100.0,accepted,2025-08-03
3116,1710,47,2025-06-21,100,Recommended based on excellent payment history,100,0.8,100.0,pending,2025-10-12
3117,1710,27,2025-07-18,83,Recommended based on excellent payment history,100,0.8,100.0,pending,2025-09-05
3118,1710,12,2025-07-13,99,Recommended based on excellent payment history,100,0.8,100.0,accepted,2025-08-30
3119,1711,29,2025-06-14,100,"Recommended based on excellent credit score, high income",100,0.3,100.0,pending,2025-08-14
3120,1712,28,2025-07-31,99,"Recommended based on stable income, low credit utilization",100,0.1,80.0,pending,2025-09-08
3121,1712,3,2025-07-18,100,"Recommended based on stable income, low credit utilization",100,0.1,80.0,declined,2025-08-29
3122,1712,9,2025-07-15,75,"Recommended based on stable income, low credit utilization",100,0.1,80.0,pending,2025-10-26
3123,1713,23,2025-07-26,100,"Recommended based on good credit score, excellent payment history",100,0.3,100.0,pending,2025-08-08
3124,1714,47,2025-07-05,98,Recommended based on stable income,100,0.95,87.5,declined,2025-08-03
3125,1714,3,2025-06-04,100,Recommended based on stable income,100,0.95,87.5,declined,2025-09-30
3126,1715,13,2025-06-19,100,Recommended based on low credit utilization,100,0,85.0,declined,2025-10-23
3127,1715,5,2025-06-08,100,Recommended based on low credit utilization,100,0,85.0,declined,2025-09-03
3128,1715,3,2025-06-29,100,Recommended based on low credit utilization,100,0,85.0,pending,2025-08-17
3129,1716,40,2025-06-26,100,"Recommended based on high income, low credit utilization",100,0.1,50.0,expired,2025-10-18
3130,1716,12,2025-07-06,100,"Recommended based on high income, low credit utilization",100,0.1,50.0,accepted,2025-08-31
3131,1717,27,2025-06-20,100,"Recommended based on stable income, low credit utilization",100,0.1692,73.33,declined,2025-10-24
3132,1717,47,2025-07-02,100,"Recommended based on stable income, low credit utilization",100,0.1692,73.33,declined,2025-10-04
3133,1718,44,2025-07-22,100,"Recommended based on good credit score, stable income",100,0.2253,100.0,accepted,2025-09-17
3134,1719,13,2025-07-09,100,"Recommended based on high income, excellent payment history",100,0.6125,92.86,pending,2025-09-20
3135,1719,23,2025-07-22,100,"Recommended based on high income, excellent payment history",100,0.6125,92.86,accepted,2025-10-26
3136,1719,3,2025-07-20,100,"Recommended based on high income, excellent payment history",100,0.6125,92.86,declined,2025-08-04
3137,1720,30,2025-07-28,100,"Recommended based on excellent credit score, high income",100,0.2268,100.0,accepted,2025-08-19
3138,1720,17,2025-06-28,100,"Recommended based on excellent credit score, high income",100,0.2268,100.0,accepted,2025-09-19
3139,1720,25,2025-07-25,100,"Recommended based on excellent credit score, high income",100,0.2268,100.0,accepted,2025-08-17
3140,1721,48,2025-06-20,100,"Recommended based on good credit score, stable income",100,0.1,71.43,declined,2025-08-30
3141,1721,18,2025-07-26,94,"Recommended based on good credit score, stable income",100,0.1,71.43,pending,2025-08-30
3142,1722,8,2025-07-14,98,"Recommended based on good credit score, excellent payment history",100,0.5,100.0,accepted,2025-09-17
3143,1722,13,2025-06-14,100,"Recommended based on good credit score, excellent payment history",100,0.5,100.0,pending,2025-09-19
3144,1723,12,2025-07-04,91,"Recommended based on good credit score, excellent payment history",100,0.3,100.0,declined,2025-10-03
3145,1724,16,2025-06-08,97,"Recommended based on excellent credit score, stable income",100,0.2786,87.5,declined,2025-10-17
3146,1724,29,2025-07-24,86,"Recommended based on excellent credit score, stable income",100,0.2786,87.5,declined,2025-09-18
3147,1725,3,2025-07-13,100,Standard recommendation,100,0.3,33.33,expired,2025-10-19
3148,1726,47,2025-07-03,100,Recommended based on low credit utilization,100,0.1,0.0,pending,2025-09-06
3149,1726,3,2025-06-18,100,Recommended based on low credit utilization,100,0.1,0.0,pending,2025-08-29
3150,1727,47,2025-07-15,100,Recommended based on high income,100,0.3,75.0,declined,2025-10-27
3151,1728,13,2025-07-23,100,Standard recommendation,100,0.3,75.0,declined,2025-10-15
3152,1728,23,2025-07-07,98,Standard recommendation,100,0.3,75.0,declined,2025-10-02
3153,1729,30,2025-06-25,97,Recommended based on stable income,100,0.5,63.64,pending,2025-09-11
3154,1729,26,2025-06-20,91,Recommended based on stable income,100,0.5,63.64,accepted,2025-10-13
3155,1730,30,2025-06-19,75,Standard recommendation,100,0.7429,81.25,accepted,2025-08-29
3156,1731,13,2025-07-01,100,Standard recommendation,100,0.3,85.71,accepted,2025-09-29
3157,1731,5,2025-07-17,100,Standard recommendation,100,0.3,85.71,pending,2025-09-23
3158,1732,47,2025-07-18,100,"Recommended based on excellent credit score, high income",100,0.409,100.0,declined,2025-10-11
3159,1733,12,2025-07-28,100,"Recommended based on excellent credit score, high income",100,0.312,100.0,declined,2025-09-08
3160,1734,47,2025-06-27,92,Recommended based on low credit utilization,100,0.1,33.33,declined,2025-09-11
3161,1735,3,2025-07-09,100,Standard recommendation,100,0.5,50.0,declined,2025-10-05
3162,1736,13,2025-07-26,100,"Recommended based on good credit score, stable income",100,0.3988,100.0,pending,2025-10-15
3163,1736,44,2025-07-15,90,"Recommended based on good credit score, stable income",100,0.3988,100.0,pending,2025-09-27
3164,1736,5,2025-07-02,100,"Recommended based on good credit score, stable income",100,0.3988,100.0,declined,2025-10-07
3165,1737,2,2025-07-29,90,"Recommended based on good credit score, stable income",100,0.3,100.0,accepted,2025-08-05
3166,1737,44,2025-07-18,83,"Recommended based on good credit score, stable income",100,0.3,100.0,declined,2025-08-26
3167,1737,10,2025-07-03,96,"Recommended based on good credit score, stable income",100,0.3,100.0,accepted,2025-09-04
3168,1738,47,2025-06-23,97,"Recommended based on good credit score, low credit utilization",100,0.1,87.5,declined,2025-10-02
3169,1739,23,2025-06-10,100,"Recommended based on stable income, low credit utilization",100,0.1495,75.0,pending,2025-10-13
3170,1740,34,2025-06-26,100,"Recommended based on excellent credit score, high income",100,0.194,92.86,pending,2025-09-05
3171,1741,23,2025-07-06,93,Recommended based on low credit utilization,100,0.2727,72.73,accepted,2025-09-26
3172,1741,3,2025-06-23,100,Recommended based on low credit utilization,100,0.2727,72.73,pending,2025-09-25
3173,1742,17,2025-06-09,71,"Recommended based on good credit score, high income",100,0.2649,94.12,declined,2025-09-30
3174,1742,38,2025-06-06,84,"Recommended based on good credit score, high income",100,0.2649,94.12,pending,2025-09-14
3175,1742,27,2025-07-05,100,"Recommended based on good credit score, high income",100,0.2649,94.12,pending,2025-08-04
3176,1742,50,2025-07-05,100,"Recommended based on good credit score, high income",100,0.2649,94.12,accepted,2025-08-18
3177,1743,47,2025-06-30,100,Standard recommendation,100,0.3,71.43,expired,2025-09-16
3178,1743,34,2025-07-17,92,Standard recommendation,100,0.3,71.43,pending,2025-09-15
3179,1744,47,2025-07-11,74,Standard recommendation,100,0.3,53.85,pending,2025-08-04
3180,1744,3,2025-07-28,100,Standard recommendation,100,0.3,53.85,pending,2025-10-29
3181,1745,28,2025-06-14,100,"Recommended based on good credit score, high income",100,0.1,87.5,declined,2025-10-04
3182,1745,14,2025-06-14,86,"Recommended based on good credit score, high income",100,0.1,87.5,pending,2025-08-02
3183,1746,47,2025-07-16,100,"Recommended based on good credit score, excellent payment history",100,0.5,100.0,pending,2025-09-05
3184,1746,13,2025-06-11,100,"Recommended based on good credit score, excellent payment history",100,0.5,100.0,pending,2025-10-16
3185,1747,28,2025-07-04,100,"Recommended based on excellent credit score, high income",100,0.5,83.33,pending,2025-08-16
3186,1747,30,2025-06-06,100,"Recommended based on excellent credit score, high income",100,0.5,83.33,declined,2025-10-02
3187,1748,30,2025-06-03,100,"Recommended based on good credit score, high income",100,0.1,87.5,declined,2025-08-19
3188,1748,24,2025-07-27,87,"Recommended based on good credit score, high income",100,0.1,87.5,pending,2025-10-10
3189,1748,36,2025-07-24,98,"Recommended based on good credit score, high income",100,0.1,87.5,pending,2025-09-14
3190,1749,11,2025-07-03,100,"Recommended based on excellent credit score, high income",100,0.1,100.0,pending,2025-08-29
3191,1750,5,2025-07-22,96,Standard recommendation,100,0.3,75.0,pending,2025-09-04
3192,1751,23,2025-06-16,87,Recommended based on low credit utilization,100,0.1,66.67,declined,2025-08-06
3193,1752,33,2025-06-16,96,"Recommended based on excellent credit score, stable income",100,0.3,100.0,declined,2025-08-10
3194,1753,3,2025-07-07,100,Standard recommendation,100,0.3,42.86,declined,2025-09-27
3195,1754,5,2025-07-29,88,"Recommended based on stable income, low credit utilization",100,0.1,66.67,expired,2025-10-04
3196,1754,28,2025-06-21,91,"Recommended based on stable income, low credit utilization",100,0.1,66.67,pending,2025-08-13
3197,1754,34,2025-06-24,86,"Recommended based on stable income, low credit utilization",100,0.1,66.67,declined,2025-08-07
3198,1755,43,2025-06-28,93,"Recommended based on stable income, low credit utilization",100,0.0,75.0,accepted,2025-09-17
3199,1755,30,2025-07-17,82,"Recommended based on stable income, low credit utilization",100,0.0,75.0,expired,2025-08-23
3200,1756,27,2025-06-16,81,Recommended based on low credit utilization,100,0.1,85.71,accepted,2025-10-10
3201,1757,50,2025-07-10,100,"Recommended based on excellent credit score, high income",100,0.3405,100.0,pending,2025-08-10
3202,1757,46,2025-06-30,97,"Recommended based on excellent credit score, high income",100,0.3405,100.0,accepted,2025-08-22
3203,1757,12,2025-07-01,100,"Recommended based on excellent credit score, high income",100,0.3405,100.0,pending,2025-09-30
3204,1758,3,2025-06-09,100,Recommended based on stable income,100,0.5083,78.57,declined,2025-08-31
3205,1758,13,2025-07-25,95,Recommended based on stable income,100,0.5083,78.57,pending,2025-08-09
3206,1758,48,2025-06-14,97,Recommended based on stable income,100,0.5083,78.57,accepted,2025-09-27
3207,1759,3,2025-06-07,100,Standard recommendation,100,0.3,75.0,accepted,2025-10-08
3208,1760,23,2025-07-28,76,Standard recommendation,100,0.6518,37.5,pending,2025-09-05
3209,1760,16,2025-07-11,72,Standard recommendation,100,0.6518,37.5,pending,2025-10-26
3210,1761,45,2025-07-18,77,Recommended based on stable income,100,0.4776,66.67,pending,2025-08-14
3211,1761,20,2025-06-03,85,Recommended based on stable income,100,0.4776,66.67,accepted,2025-09-12
3212,1762,28,2025-06-16,97,Recommended based on high income,100,0.8,75.0,pending,2025-08-18
3213,1762,26,2025-07-16,85,Recommended based on high income,100,0.8,75.0,accepted,2025-10-25
3214,1763,20,2025-07-30,100,"Recommended based on excellent credit score, high income",100,0.3365,91.67,pending,2025-08-03
3215,1763,15,2025-06-14,100,"Recommended based on excellent credit score, high income",100,0.3365,91.67,pending,2025-10-05
3216,1763,16,2025-07-18,100,"Recommended based on excellent credit score, high income",100,0.3365,91.67,expired,2025-08-19
3217,1764,47,2025-07-05,95,Standard recommendation,100,0.3,20.0,expired,2025-08-21
3218,1765,15,2025-07-07,86,Recommended based on stable income,100,0.95,87.5,accepted,2025-08-26
3219,1765,20,2025-07-15,70,Recommended based on stable income,100,0.95,87.5,pending,2025-09-29
3220,1766,28,2025-07-26,100,Recommended based on excellent payment history,100,0.95,100.0,accepted,2025-09-29
3221,1766,3,2025-06-04,100,Recommended based on excellent payment history,100,0.95,100.0,pending,2025-08-09
3222,1766,34,2025-06-26,92,Recommended based on excellent payment history,100,0.95,100.0,expired,2025-08-12
3223,1767,10,2025-07-28,100,Recommended based on stable income,100,0.3,80.0,pending,2025-10-06
3224,1767,13,2025-07-20,100,Recommended based on stable income,100,0.3,80.0,pending,2025-10-17
3225,1768,3,2025-07-16,100,Recommended based on stable income,100,0.3,64.29,pending,2025-10-20
3226,1768,18,2025-07-04,93,Recommended based on stable income,100,0.3,64.29,accepted,2025-08-16
3227,1769,3,2025-07-21,89,Standard recommendation,100,0.5,50.0,accepted,2025-08-16
3228,1770,45,2025-06-19,100,"Recommended based on excellent credit score, high income",100,0.1428,87.5,pending,2025-09-04
3229,1771,3,2025-07-03,100,Standard recommendation,100,0.3,71.43,declined,2025-09-01
3230,1772,31,2025-07-22,100,Recommended based on high income,100,0.8623,80.0,accepted,2025-09-19
3231,1773,3,2025-07-25,100,Standard recommendation,100,0.3,50.0,declined,2025-10-08
3232,1774,28,2025-06-18,100,"Recommended based on stable income, low credit utilization",100,0.1,33.33,declined,2025-08-30
3233,1775,5,2025-07-26,100,"Recommended based on excellent credit score, stable income",100,0.385,100.0,declined,2025-10-08
3234,1775,13,2025-07-29,100,"Recommended based on excellent credit score, stable income",100,0.385,100.0,pending,2025-09-12
3235,1776,46,2025-07-01,100,"Recommended based on excellent credit score, high income",100,0.2059,93.33,pending,2025-09-12
3236,1776,35,2025-06-28,100,"Recommended based on excellent credit score, high income",100,0.2059,93.33,expired,2025-10-11
3237,1777,13,2025-07-25,100,"Recommended based on good credit score, high income",100,0.3404,81.82,accepted,2025-10-20
3238,1777,27,2025-06-23,100,"Recommended based on good credit score, high income",100,0.3404,81.82,pending,2025-10-23
3239,1777,5,2025-06-21,100,"Recommended based on good credit score, high income",100,0.3404,81.82,declined,2025-08-07
3240,1778,47,2025-06-07,100,Recommended based on low credit utilization,100,0.0,20.0,declined,2025-08-22
3241,1778,5,2025-06-03,100,Recommended based on low credit utilization,100,0.0,20.0,pending,2025-08-07
3242,1778,13,2025-06-06,100,Recommended based on low credit utilization,100,0.0,20.0,expired,2025-10-29
3243,1779,3,2025-06-23,100,Recommended based on low credit utilization,100,0,85.0,declined,2025-10-25
3244,1779,13,2025-06-29,100,Recommended based on low credit utilization,100,0,85.0,declined,2025-09-01
3245,1779,5,2025-06-24,100,Recommended based on low credit utilization,100,0,85.0,pending,2025-09-17
3246,1780,40,2025-07-22,100,"Recommended based on good credit score, stable income",100,0.3302,91.67,accepted,2025-08-13
3247,1781,49,2025-07-10,100,"Recommended based on excellent credit score, high income",100,0.1,100.0,pending,2025-09-03
3248,1782,3,2025-06-08,98,Recommended based on low credit utilization,100,0,85.0,pending,2025-10-08
3249,1782,13,2025-06-12,90,Recommended based on low credit utilization,100,0,85.0,declined,2025-08-28
3250,1783,28,2025-07-23,86,Recommended based on stable income,100,0.3,62.5,pending,2025-09-19
3251,1783,47,2025-06-13,100,Recommended based on stable income,100,0.3,62.5,pending,2025-10-24
3252,1784,34,2025-08-01,100,Recommended based on stable income,100,0.5,75.0,accepted,2025-08-06
3253,1784,47,2025-06-19,100,Recommended based on stable income,100,0.5,75.0,accepted,2025-08-09
3254,1785,3,2025-06-18,100,"Recommended based on stable income, low credit utilization",100,0.1,66.67,pending,2025-08-22
3255,1786,23,2025-07-09,100,"Recommended based on excellent credit score, high income",100,0.3592,90.48,pending,2025-10-18
3256,1786,50,2025-07-24,100,"Recommended based on excellent credit score, high income",100,0.3592,90.48,accepted,2025-09-12
3257,1786,27,2025-06-13,100,"Recommended based on excellent credit score, high income",100,0.3592,90.48,declined,2025-09-21
3258,1787,10,2025-06-09,91,"Recommended based on good credit score, excellent payment history",100,0.3,100.0,declined,2025-08-03
3259,1787,7,2025-07-09,96,"Recommended based on good credit score, excellent payment history",100,0.3,100.0,declined,2025-08-08
3260,1788,30,2025-07-08,100,"Recommended based on excellent credit score, high income",100,0.4395,100.0,declined,2025-08-03
3261,1788,27,2025-07-09,100,"Recommended based on excellent credit score, high income",100,0.4395,100.0,pending,2025-10-03
3262,1789,47,2025-06-12,100,"Recommended based on good credit score, stable income",100,0.0,80.0,declined,2025-10-12
3263,1789,13,2025-06-12,100,"Recommended based on good credit score, stable income",100,0.0,80.0,pending,2025-09-23
3264,1789,50,2025-07-29,100,"Recommended based on good credit score, stable income",100,0.0,80.0,accepted,2025-10-07
3265,1790,8,2025-06-07,100,"Recommended based on good credit score, stable income",100,0.3,100.0,accepted,2025-10-10
3266,1791,26,2025-07-07,100,"Recommended based on good credit score, stable income",100,0.3,92.86,declined,2025-09-10
3267,1791,34,2025-07-20,100,"Recommended based on good credit score, stable income",100,0.3,92.86,accepted,2025-09-18
3268,1791,13,2025-06-18,100,"Recommended based on good credit score, stable income",100,0.3,92.86,declined,2025-10-27
3269,1792,3,2025-07-13,100,"Recommended based on excellent credit score, high income",100,0.1,100.0,pending,2025-08-15
3270,1793,24,2025-06-18,100,"Recommended based on good credit score, high income",100,0.5339,85.71,pending,2025-09-08
3271,1793,45,2025-06-19,100,"Recommended based on good credit score, high income",100,0.5339,85.71,expired,2025-09-26
3272,1794,49,2025-07-21,92,"Recommended based on good credit score, high income",100,0.4558,100.0,accepted,2025-09-23
3273,1795,42,2025-06-04,100,"Recommended based on excellent credit score, high income",100,0.2728,89.47,pending,2025-08-14
3274,1795,38,2025-07-15,100,"Recommended based on excellent credit score, high income",100,0.2728,89.47,expired,2025-10-09
3275,1796,23,2025-07-20,100,"Recommended based on excellent credit score, high income",100,0.2518,89.47,pending,2025-10-22
3276,1797,23,2025-06-16,100,"Recommended based on good credit score, stable income",100,0.1,75.0,pending,2025-10-28
3277,1798,18,2025-07-01,99,Recommended based on stable income,100,0.3,33.33,accepted,2025-10-01
3278,1798,28,2025-07-04,100,Recommended based on stable income,100,0.3,33.33,pending,2025-09-09
3279,1798,26,2025-07-27,91,Recommended based on stable income,100,0.3,33.33,pending,2025-09-30
3280,1799,8,2025-07-20,100,"Recommended based on excellent credit score, high income",100,0.3,100.0,pending,2025-08-19
3281,1799,35,2025-07-20,100,"Recommended based on excellent credit score, high income",100,0.3,100.0,pending,2025-09-18
3282,1799,18,2025-06-13,100,"Recommended based on excellent credit score, high income",100,0.3,100.0,pending,2025-08-24
3283,1800,2,2025-06-06,86,"Recommended based on good credit score, stable income",100,0.2263,75.0,pending,2025-08-26
3284,1801,16,2025-06-03,93,"Recommended based on good credit score, high income",100,0.6258,85.71,expired,2025-09-27
3285,1801,45,2025-07-14,100,"Recommended based on good credit score, high income",100,0.6258,85.71,declined,2025-08-22
3286,1802,13,2025-06-10,100,"Recommended based on excellent credit score, low credit utilization",100,0.0,100.0,pending,2025-09-03
3287,1802,50,2025-07-04,100,"Recommended based on excellent credit score, low credit utilization",100,0.0,100.0,pending,2025-10-19
3288,1802,10,2025-06-20,98,"Recommended based on excellent credit score, low credit utilization",100,0.0,100.0,declined,2025-09-02
3289,1803,50,2025-06-11,100,"Recommended based on high income, excellent payment history",100,0.95,100.0,declined,2025-10-03
3290,1803,47,2025-06-06,100,"Recommended based on high income, excellent payment history",100,0.95,100.0,accepted,2025-09-10
3291,1803,18,2025-07-31,100,"Recommended based on high income, excellent payment history",100,0.95,100.0,accepted,2025-10-11
3292,1804,2,2025-07-02,91,"Recommended based on good credit score, high income",100,0.3,83.33,expired,2025-08-29
3293,1804,3,2025-06-12,100,"Recommended based on good credit score, high income",100,0.3,83.33,declined,2025-09-03
3294,1804,18,2025-06-05,96,"Recommended based on good credit score, high income",100,0.3,83.33,pending,2025-10-18
3295,1805,3,2025-07-03,100,"Recommended based on good credit score, stable income",100,0.8,100.0,declined,2025-08-13
3296,1805,23,2025-07-30,100,"Recommended based on good credit score, stable income",100,0.8,100.0,pending,2025-10-12
3297,1806,3,2025-07-25,100,Recommended based on low credit utilization,100,0.1,42.86,declined,2025-08-13
3298,1807,3,2025-07-06,100,"Recommended based on good credit score, high income",100,0.2462,72.73,accepted,2025-09-14
3299,1808,5,2025-06-18,100,Recommended based on low credit utilization,100,0.118,83.33,pending,2025-08-23
3300,1808,34,2025-07-03,97,Recommended based on low credit utilization,100,0.118,83.33,expired,2025-09-18
3301,1808,27,2025-07-22,90,Recommended based on low credit utilization,100,0.118,83.33,pending,2025-10-07
3302,1808,47,2025-07-17,100,Recommended based on low credit utilization,100,0.118,83.33,pending,2025-10-22
3303,1809,13,2025-08-01,100,Recommended based on low credit utilization,100,0.1,66.67,expired,2025-09-21
3304,1809,34,2025-07-16,100,Recommended based on low credit utilization,100,0.1,66.67,pending,2025-10-03
3305,1809,28,2025-06-19,100,Recommended based on low credit utilization,100,0.1,66.67,declined,2025-09-08
3306,1810,3,2025-06-20,100,Standard recommendation,100,0.3,66.67,expired,2025-09-22
3307,1811,3,2025-07-29,100,Recommended based on stable income,100,0.8,75.0,expired,2025-09-16
3308,1811,13,2025-06-10,99,Recommended based on stable income,100,0.8,75.0,declined,2025-09-23
3309,1812,5,2025-07-15,100,"Recommended based on good credit score, stable income",100,0.5,100.0,accepted,2025-10-10
3310,1812,2,2025-06-19,97,"Recommended based on good credit score, stable income",100,0.5,100.0,expired,2025-09-09
3311,1813,28,2025-06-05,100,Recommended based on stable income,100,0.3,66.67,accepted,2025-08-11
3312,1813,31,2025-07-13,100,Recommended based on stable income,100,0.3,66.67,pending,2025-09-25
3313,1814,12,2025-06-23,100,Recommended based on low credit utilization,100,0.0,66.67,declined,2025-08-10
3314,1815,3,2025-07-08,100,Recommended based on stable income,100,0.8,75.0,accepted,2025-08-02
3315,1816,33,2025-07-16,100,"Recommended based on excellent credit score, high income",100,0.2197,93.75,accepted,2025-09-05
3316,1816,19,2025-06-28,100,"Recommended based on excellent credit score, high income",100,0.2197,93.75,pending,2025-08-19
3317,1816,39,2025-06-03,100,"Recommended based on excellent credit score, high income",100,0.2197,93.75,pending,2025-09-12
3318,1817,3,2025-06-07,100,Recommended based on low credit utilization,100,0,85.0,declined,2025-08-14
3319,1817,50,2025-06-07,80,Recommended based on low credit utilization,100,0,85.0,accepted,2025-09-07
3320,1818,3,2025-06-11,95,Standard recommendation,100,0.3,75.0,pending,2025-08-30
3321,1819,15,2025-07-19,100,"Recommended based on excellent credit score, high income",100,0.225,91.67,pending,2025-09-27
3322,1819,47,2025-06-24,100,"Recommended based on excellent credit score, high income",100,0.225,91.67,declined,2025-08-28
3323,1819,42,2025-06-26,100,"Recommended based on excellent credit score, high income",100,0.225,91.67,pending,2025-08-13
3324,1820,28,2025-07-26,96,Recommended based on low credit utilization,100,0.1,75.0,declined,2025-09-12
3325,1821,20,2025-06-16,100,Recommended based on high income,100,0.5625,70.0,pending,2025-09-18
3326,1821,50,2025-07-22,91,Recommended based on high income,100,0.5625,70.0,declined,2025-09-09
3327,1821,18,2025-06-23,100,Recommended based on high income,100,0.5625,70.0,pending,2025-08-07
3328,1822,21,2025-06-22,100,"Recommended based on excellent credit score, high income",100,0.0,100.0,pending,2025-10-14
3329,1822,2,2025-07-15,100,"Recommended based on excellent credit score, high income",100,0.0,100.0,declined,2025-10-27
3330,1822,15,2025-06-21,100,"Recommended based on excellent credit score, high income",100,0.0,100.0,declined,2025-08-04
3331,1823,2,2025-07-24,93,"Recommended based on good credit score, low credit utilization",100,0.1,100.0,accepted,2025-08-19
3332,1823,7,2025-07-20,97,"Recommended based on good credit score, low credit utilization",100,0.1,100.0,pending,2025-08-22
3333,1824,8,2025-07-23,92,"Recommended based on stable income, low credit utilization",100,0.222,73.33,pending,2025-10-02
3334,1824,48,2025-07-25,96,"Recommended based on stable income, low credit utilization",100,0.222,73.33,expired,2025-08-28
3335,1824,40,2025-06-13,98,"Recommended based on stable income, low credit utilization",100,0.222,73.33,pending,2025-09-02
3336,1825,42,2025-07-01,100,"Recommended based on good credit score, high income",100,0.1535,90.91,pending,2025-08-27
3337,1825,50,2025-06-15,100,"Recommended based on good credit score, high income",100,0.1535,90.91,pending,2025-09-28
3338,1825,48,2025-07-01,100,"Recommended based on good credit score, high income",100,0.1535,90.91,declined,2025-10-20
3339,1826,12,2025-07-08,99,"Recommended based on good credit score, excellent payment history",100,0.3,100.0,pending,2025-09-13
3340,1826,13,2025-06-11,100,"Recommended based on good credit score, excellent payment history",100,0.3,100.0,declined,2025-09-03
3341,1827,13,2025-07-01,100,Standard recommendation,100,0.3,72.73,pending,2025-08-31
3342,1828,5,2025-07-10,100,"Recommended based on stable income, low credit utilization",100,0.1,75.0,accepted,2025-09-18
3343,1828,34,2025-06-09,100,"Recommended based on stable income, low credit utilization",100,0.1,75.0,declined,2025-10-01
3344,1829,18,2025-06-17,91,Recommended based on stable income,100,0.5,58.33,accepted,2025-10-02
3345,1830,34,2025-06-17,100,Recommended based on stable income,100,0.3,85.71,accepted,2025-09-03
3346,1830,5,2025-06-19,100,Recommended based on stable income,100,0.3,85.71,accepted,2025-08-07
3347,1830,28,2025-07-10,100,Recommended based on stable income,100,0.3,85.71,pending,2025-10-05
3348,1831,23,2025-07-02,100,"Recommended based on good credit score, stable income",100,0.2035,72.73,expired,2025-08-07
3349,1831,26,2025-07-15,98,"Recommended based on good credit score, stable income",100,0.2035,72.73,declined,2025-10-22
3350,1831,32,2025-07-07,94,"Recommended based on good credit score, stable income",100,0.2035,72.73,pending,2025-10-24
3351,1831,34,2025-08-01,100,"Recommended based on good credit score, stable income",100,0.2035,72.73,accepted,2025-08-03
3352,1832,42,2025-06-13,100,"Recommended based on excellent credit score, high income",100,0.2146,100.0,declined,2025-08-25
3353,1832,44,2025-06-09,100,"Recommended based on excellent credit score, high income",100,0.2146,100.0,accepted,2025-10-28
3354,1833,15,2025-06-11,100,"Recommended based on excellent credit score, high income",100,0.0737,88.0,declined,2025-09-03
3355,1833,48,2025-06-26,100,"Recommended based on excellent credit score, high income",100,0.0737,88.0,pending,2025-10-21
3356,1833,28,2025-07-26,100,"Recommended based on excellent credit score, high income",100,0.0737,88.0,expired,2025-09-17
3357,1834,47,2025-07-01,83,Standard recommendation,100,0.5,66.67,declined,2025-08-10
3358,1834,3,2025-07-24,100,Standard recommendation,100,0.5,66.67,pending,2025-10-06
3359,1835,13,2025-06-29,88,Standard recommendation,100,0.3,45.45,declined,2025-09-08
3360,1836,13,2025-07-26,100,"Recommended based on good credit score, high income",100,0.3,100.0,pending,2025-10-18
3361,1836,49,2025-07-14,100,"Recommended based on good credit score, high income",100,0.3,100.0,declined,2025-10-24
3362,1837,23,2025-06-18,100,"Recommended based on excellent credit score, high income",100,0.3,100.0,accepted,2025-08-24
3363,1837,19,2025-07-03,100,"Recommended based on excellent credit score, high income",100,0.3,100.0,pending,2025-09-28
3364,1837,14,2025-06-04,100,"Recommended based on excellent credit score, high income",100,0.3,100.0,accepted,2025-08-07
3365,1838,27,2025-08-01,100,Recommended based on stable income,100,0.3183,76.92,declined,2025-09-29
3366,1839,44,2025-06-13,100,"Recommended based on excellent credit score, high income",100,0.3257,100.0,pending,2025-10-01
3367,1839,50,2025-07-05,100,"Recommended based on excellent credit score, high income",100,0.3257,100.0,accepted,2025-10-08
3368,1840,2,2025-06-22,100,"Recommended based on good credit score, stable income",100,0.4374,100.0,pending,2025-10-05
3369,1840,34,2025-07-16,100,"Recommended based on good credit score, stable income",100,0.4374,100.0,declined,2025-10-14
3370,1841,50,2025-07-22,98,Recommended based on low credit utilization,100,0.1,77.78,pending,2025-10-05
3371,1842,2,2025-07-16,84,"Recommended based on good credit score, low credit utilization",100,0.1,100.0,declined,2025-10-08
3372,1842,50,2025-06-07,100,"Recommended based on good credit score, low credit utilization",100,0.1,100.0,declined,2025-08-19
3373,1843,26,2025-06-16,93,"Recommended based on excellent credit score, stable income",100,0.2508,100.0,declined,2025-10-27
3374,1844,26,2025-06-27,100,"Recommended based on excellent credit score, high income",100,0.1996,84.62,pending,2025-09-12
3375,1845,12,2025-06-20,100,"Recommended based on good credit score, excellent payment history",100,0.3,100.0,accepted,2025-09-13
3376,1846,3,2025-06-15,99,Recommended based on low credit utilization,100,0.1,66.67,accepted,2025-09-03
3377,1847,3,2025-07-06,100,Standard recommendation,100,0.8,75.0,declined,2025-09-03
3378,1848,23,2025-07-15,100,"Recommended based on good credit score, high income",100,0.4282,66.67,pending,2025-09-19
3379,1848,3,2025-07-22,100,"Recommended based on good credit score, high income",100,0.4282,66.67,declined,2025-08-22
3380,1848,12,2025-06-26,100,"Recommended based on good credit score, high income",100,0.4282,66.67,accepted,2025-09-02
3381,1848,13,2025-07-22,100,"Recommended based on good credit score, high income",100,0.4282,66.67,pending,2025-08-19
3382,1849,3,2025-07-17,100,Recommended based on stable income,100,0.3,81.82,declined,2025-10-04
3383,1850,3,2025-07-06,100,Standard recommendation,100,0.3,33.33,pending,2025-10-28
3384,1851,34,2025-07-14,100,"Recommended based on good credit score, low credit utilization",100,0.2286,92.31,pending,2025-09-26
3385,1852,47,2025-06-11,100,"Recommended based on excellent credit score, high income",100,0.1545,92.31,declined,2025-10-26
3386,1853,24,2025-06-13,80,"Recommended based on good credit score, high income",100,0.5113,100.0,declined,2025-10-15
3387,1853,26,2025-06-03,100,"Recommended based on good credit score, high income",100,0.5113,100.0,pending,2025-08-16
3388,1853,5,2025-07-12,100,"Recommended based on good credit score, high income",100,0.5113,100.0,pending,2025-10-28
3389,1854,13,2025-07-14,100,Recommended based on low credit utilization,100,0,85.0,accepted,2025-09-07
3390,1855,3,2025-06-26,96,Standard recommendation,100,0.8,50.0,expired,2025-08-26
3391,1856,3,2025-07-15,100,"Recommended based on stable income, low credit utilization",100,0.1,66.67,pending,2025-09-26
3392,1857,34,2025-07-11,82,Recommended based on low credit utilization,100,0.1,57.14,accepted,2025-09-22
3393,1857,3,2025-06-30,100,Recommended based on low credit utilization,100,0.1,57.14,pending,2025-08-28
3394,1858,3,2025-07-10,100,"Recommended based on good credit score, stable income",100,0.1,87.5,accepted,2025-09-20
3395,1858,12,2025-07-10,100,"Recommended based on good credit score, stable income",100,0.1,87.5,declined,2025-10-23
3396,1859,47,2025-06-24,100,"Recommended based on stable income, low credit utilization",100,0.2167,84.62,accepted,2025-08-02
3397,1860,5,2025-06-14,100,Recommended based on low credit utilization,100,0.1,83.33,pending,2025-08-16
3398,1861,22,2025-06-09,100,"Recommended based on excellent credit score, high income",100,0.1952,89.47,pending,2025-09-08
3399,1862,13,2025-06-25,100,"Recommended based on stable income, low credit utilization",100,0.1,60.0,pending,2025-08-28
3400,1862,31,2025-06-28,100,"Recommended based on stable income, low credit utilization",100,0.1,60.0,declined,2025-10-01
3401,1862,40,2025-07-28,97,"Recommended based on stable income, low credit utilization",100,0.1,60.0,expired,2025-09-03
3402,1863,26,2025-06-16,85,Standard recommendation,100,0.8,60.0,pending,2025-09-03
3403,1864,3,2025-07-27,100,Standard recommendation,100,0.5,75.0,pending,2025-10-22
3404,1864,28,2025-06-26,93,Standard recommendation,100,0.5,75.0,declined,2025-08-21
3405,1864,34,2025-07-24,96,Standard recommendation,100,0.5,75.0,pending,2025-08-27
3406,1865,8,2025-07-04,89,Recommended based on low credit utilization,100,0.18,75.0,pending,2025-09-27
3407,1866,28,2025-06-23,100,"Recommended based on excellent credit score, stable income",100,0.0,100.0,accepted,2025-09-08
3408,1866,14,2025-06-07,95,"Recommended based on excellent credit score, stable income",100,0.0,100.0,expired,2025-10-28
3409,1867,31,2025-06-17,100,"Recommended based on excellent credit score, high income",100,0.3,100.0,declined,2025-08-18
3410,1868,5,2025-07-17,100,Recommended based on stable income,100,0.3,83.33,declined,2025-10-12
3411,1868,50,2025-07-25,98,Recommended based on stable income,100,0.3,83.33,accepted,2025-09-30
3412,1869,3,2025-06-25,100,Standard recommendation,100,0.5,20.0,pending,2025-08-09
3413,1870,10,2025-06-29,100,"Recommended based on good credit score, high income",100,0.1,83.33,pending,2025-09-17
3414,1871,18,2025-06-27,100,"Recommended based on high income, low credit utilization",100,0.1721,78.95,expired,2025-08-09
3415,1871,9,2025-06-19,100,"Recommended based on high income, low credit utilization",100,0.1721,78.95,accepted,2025-08-06
3416,1872,48,2025-07-01,98,"Recommended based on stable income, low credit utilization",100,0.164,73.33,declined,2025-08-15
3417,1873,9,2025-07-12,100,"Recommended based on excellent credit score, stable income",100,0.5,100.0,pending,2025-08-19
3418,1874,15,2025-07-03,93,"Recommended based on high income, excellent payment history",100,0.8522,92.31,pending,2025-09-06
3419,1875,40,2025-06-30,100,"Recommended based on high income, low credit utilization",100,0.1,75.0,declined,2025-09-03
3420,1876,50,2025-06-10,100,"Recommended based on good credit score, stable income",100,0.1,85.71,expired,2025-09-03
3421,1876,34,2025-07-31,100,"Recommended based on good credit score, stable income",100,0.1,85.71,expired,2025-09-04
3422,1877,30,2025-07-15,97,"Recommended based on good credit score, high income",100,0.1,75.0,expired,2025-09-22
3423,1878,15,2025-06-10,100,"Recommended based on excellent credit score, stable income",100,0.1937,90.0,pending,2025-09-26
3424,1879,9,2025-07-25,100,"Recommended based on excellent credit score, high income",100,0.3,100.0,accepted,2025-08-24
3425,1879,19,2025-07-25,86,"Recommended based on excellent credit score, high income",100,0.3,100.0,accepted,2025-10-28
3426,1880,31,2025-06-05,100,"Recommended based on good credit score, high income",100,0.4047,80.0,pending,2025-08-16
3427,1880,26,2025-07-24,100,"Recommended based on good credit score, high income",100,0.4047,80.0,declined,2025-09-24
3428,1880,18,2025-07-24,99,"Recommended based on good credit score, high income",100,0.4047,80.0,accepted,2025-09-08
3429,1881,28,2025-07-28,100,"Recommended based on excellent credit score, high income",100,0.4421,94.44,pending,2025-09-24
3430,1881,5,2025-06-20,100,"Recommended based on excellent credit score, high income",100,0.4421,94.44,declined,2025-10-07
3431,1882,5,2025-06-29,100,Recommended based on stable income,100,0.5,85.71,pending,2025-10-29
3432,1883,5,2025-06-08,97,Recommended based on low credit utilization,100,0.1,83.33,declined,2025-09-09
3433,1883,3,2025-07-23,100,Recommended based on low credit utilization,100,0.1,83.33,pending,2025-10-07
3434,1883,13,2025-06-12,100,Recommended based on low credit utilization,100,0.1,83.33,accepted,2025-08-24
3435,1884,3,2025-06-18,100,Recommended based on stable income,100,0.3,62.5,expired,2025-10-20
3436,1884,23,2025-07-01,95,Recommended based on stable income,100,0.3,62.5,pending,2025-10-11
3437,1885,34,2025-06-14,97,Recommended based on low credit utilization,100,0.1,40.0,pending,2025-09-02
3438,1886,30,2025-06-28,100,"Recommended based on excellent credit score, high income",100,0.4058,81.82,pending,2025-08-10
3439,1886,16,2025-06-12,100,"Recommended based on excellent credit score, high income",100,0.4058,81.82,pending,2025-09-27
3440,1887,27,2025-07-24,100,"Recommended based on excellent credit score, high income",100,0.1988,92.31,pending,2025-08-09
3441,1887,30,2025-07-15,100,"Recommended based on excellent credit score, high income",100,0.1988,92.31,accepted,2025-09-20
3442,1888,27,2025-06-18,100,"Recommended based on excellent credit score, high income",100,0.5,100.0,pending,2025-09-27
3443,1888,46,2025-07-05,88,"Recommended based on excellent credit score, high income",100,0.5,100.0,pending,2025-10-07
3444,1888,7,2025-07-06,100,"Recommended based on excellent credit score, high income",100,0.5,100.0,pending,2025-09-27
3445,1889,12,2025-06-12,98,Recommended based on low credit utilization,100,0.1,50.0,declined,2025-10-11
3446,1890,8,2025-06-22,100,"Recommended based on excellent credit score, high income",100,0.1,87.5,declined,2025-08-11
3447,1890,19,2025-07-11,92,"Recommended based on excellent credit score, high income",100,0.1,87.5,expired,2025-09-03
3448,1890,23,2025-07-16,100,"Recommended based on excellent credit score, high income",100,0.1,87.5,declined,2025-08-05
3449,1891,47,2025-07-21,79,Standard recommendation,100,0.3,25.0,expired,2025-10-12
3450,1891,3,2025-07-11,100,Standard recommendation,100,0.3,25.0,pending,2025-10-28
3451,1892,5,2025-07-31,100,Recommended based on low credit utilization,100,0,85.0,accepted,2025-09-23
3452,1893,3,2025-06-12,86,Standard recommendation,100,0.3,50.0,declined,2025-09-08
3453,1894,48,2025-07-31,86,"Recommended based on good credit score, stable income",100,0.3,100.0,declined,2025-08-22
3454,1894,10,2025-07-26,100,"Recommended based on good credit score, stable income",100,0.3,100.0,pending,2025-08-16
3455,1895,5,2025-06-06,100,Standard recommendation,100,0.3,71.43,accepted,2025-09-26
3456,1896,8,2025-07-05,100,"Recommended based on good credit score, low credit utilization",100,0.0708,90.91,declined,2025-08-10
3457,1896,23,2025-06-22,96,"Recommended based on good credit score, low credit utilization",100,0.0708,90.91,pending,2025-08-09
3458,1896,5,2025-07-03,100,"Recommended based on good credit score, low credit utilization",100,0.0708,90.91,pending,2025-10-19
3459,1897,48,2025-06-09,100,"Recommended based on excellent credit score, high income",100,0.3581,81.82,pending,2025-08-09
3460,1898,3,2025-06-07,95,Standard recommendation,100,0.3,33.33,accepted,2025-10-17
3461,1899,5,2025-07-02,90,"Recommended based on stable income, low credit utilization",100,0.1,60.0,pending,2025-09-25
3462,1899,47,2025-06-28,100,"Recommended based on stable income, low credit utilization",100,0.1,60.0,accepted,2025-09-20
3463,1900,34,2025-07-20,88,Recommended based on low credit utilization,100,0.1,75.0,declined,2025-08-06
3464,1900,5,2025-06-22,100,Recommended based on low credit utilization,100,0.1,75.0,accepted,2025-09-25
3465,1900,3,2025-06-22,100,Recommended based on low credit utilization,100,0.1,75.0,declined,2025-10-09
3466,1901,19,2025-07-27,87,"Recommended based on excellent credit score, high income",100,0.3,100.0,pending,2025-08-03
3467,1901,40,2025-07-22,100,"Recommended based on excellent credit score, high income",100,0.3,100.0,pending,2025-08-16
3468,1902,13,2025-07-24,100,"Recommended based on good credit score, stable income",100,0.3,100.0,pending,2025-09-22
3469,1902,27,2025-06-20,88,"Recommended based on good credit score, stable income",100,0.3,100.0,accepted,2025-08-14
3470,1903,38,2025-06-08,95,"Recommended based on good credit score, high income",100,0.3,90.91,pending,2025-08-04
3471,1904,28,2025-06-21,86,Recommended based on high income,100,0.8,60.0,pending,2025-08-16
3472,1904,13,2025-06-24,96,Recommended based on high income,100,0.8,60.0,declined,2025-08-24
3473,1905,3,2025-06-17,100,Recommended based on low credit utilization,100,0.0,0.0,pending,2025-10-27
3474,1906,34,2025-06-23,100,"Recommended based on excellent credit score, stable income",100,0.1,100.0,pending,2025-08-02
3475,1906,19,2025-07-14,97,"Recommended based on excellent credit score, stable income",100,0.1,100.0,declined,2025-08-13
3476,1907,28,2025-06-29,82,Standard recommendation,100,0.3,71.43,pending,2025-09-20
3477,1908,19,2025-07-10,100,"Recommended based on good credit score, high income",100,0.3657,100.0,accepted,2025-08-02
3478,1909,42,2025-06-28,100,"Recommended based on excellent credit score, high income",100,0.5,100.0,declined,2025-10-27
3479,1909,48,2025-06-14,100,"Recommended based on excellent credit score, high income",100,0.5,100.0,accepted,2025-10-28
3480,1910,47,2025-07-18,100,Standard recommendation,100,0.5,62.5,pending,2025-10-23
3481,1911,39,2025-07-07,100,"Recommended based on excellent credit score, high income",100,0.1,100.0,pending,2025-09-02
3482,1911,36,2025-06-14,97,"Recommended based on excellent credit score, high income",100,0.1,100.0,pending,2025-10-07
3483,1911,24,2025-07-31,100,"Recommended based on excellent credit score, high income",100,0.1,100.0,pending,2025-08-07
3484,1912,46,2025-06-28,99,"Recommended based on excellent credit score, high income",100,0.3027,100.0,declined,2025-08-17
3485,1913,50,2025-07-04,96,Standard recommendation,100,0.95,33.33,accepted,2025-10-21
3486,1914,5,2025-08-01,100,Recommended based on low credit utilization,100,0.0,75.0,declined,2025-10-16
3487,1914,3,2025-07-21,100,Recommended based on low credit utilization,100,0.0,75.0,pending,2025-08-08
3488,1915,32,2025-07-22,100,"Recommended based on excellent credit score, high income",100,0.0759,88.89,pending,2025-10-05
3489,1915,50,2025-06-30,100,"Recommended based on excellent credit score, high income",100,0.0759,88.89,pending,2025-09-23
3490,1916,3,2025-07-11,100,Recommended based on stable income,100,0.3,60.0,accepted,2025-08-18
3491,1916,47,2025-06-25,94,Recommended based on stable income,100,0.3,60.0,declined,2025-10-21
3492,1916,23,2025-06-05,96,Recommended based on stable income,100,0.3,60.0,pending,2025-08-24
3493,1917,18,2025-07-22,98,"Recommended based on excellent credit score, high income",100,0.175,100.0,declined,2025-10-22
3494,1917,5,2025-07-03,100,"Recommended based on excellent credit score, high income",100,0.175,100.0,pending,2025-10-30
3495,1918,50,2025-07-07,100,"Recommended based on excellent credit score, high income",100,0.1,100.0,pending,2025-10-11
3496,1918,11,2025-06-17,100,"Recommended based on excellent credit score, high income",100,0.1,100.0,accepted,2025-08-07
3497,1918,26,2025-06-26,100,"Recommended based on excellent credit score, high income",100,0.1,100.0,declined,2025-08-14
3498,1918,43,2025-07-10,100,"Recommended based on excellent credit score, high income",100,0.1,100.0,expired,2025-10-14
3499,1919,32,2025-06-19,97,"Recommended based on good credit score, stable income",100,0.3,80.0,expired,2025-08-27
3500,1920,38,2025-06-12,96,"Recommended based on excellent credit score, high income",100,0.2014,100.0,accepted,2025-10-07
3501,1920,30,2025-07-21,100,"Recommended based on excellent credit score, high income",100,0.2014,100.0,pending,2025-09-27
3502,1920,45,2025-07-28,100,"Recommended based on excellent credit score, high income",100,0.2014,100.0,declined,2025-09-01
3503,1921,23,2025-07-20,79,Standard recommendation,100,0.3,60.0,accepted,2025-10-08
3504,1921,3,2025-06-10,100,Standard recommendation,100,0.3,60.0,accepted,2025-08-19
3505,1922,5,2025-07-19,100,"Recommended based on good credit score, stable income",100,0.8,100.0,pending,2025-10-24
3506,1922,48,2025-06-14,95,"Recommended based on good credit score, stable income",100,0.8,100.0,pending,2025-09-03
3507,1922,44,2025-06-14,90,"Recommended based on good credit score, stable income",100,0.8,100.0,declined,2025-10-02
3508,1923,3,2025-07-01,100,Standard recommendation,100,0.8,50.0,declined,2025-09-24
3509,1924,13,2025-07-16,100,Recommended based on low credit utilization,100,0.1593,73.33,pending,2025-09-20
3510,1924,47,2025-07-07,100,Recommended based on low credit utilization,100,0.1593,73.33,pending,2025-09-10
3511,1924,28,2025-07-10,100,Recommended based on low credit utilization,100,0.1593,73.33,pending,2025-09-17
3512,1925,5,2025-07-09,91,Standard recommendation,100,0.95,50.0,pending,2025-09-06
3513,1925,22,2025-07-12,87,Standard recommendation,100,0.95,50.0,accepted,2025-08-04
3514,1926,31,2025-06-09,94,"Recommended based on good credit score, stable income",100,0.5,100.0,pending,2025-10-20
3515,1926,5,2025-06-07,100,"Recommended based on good credit score, stable income",100,0.5,100.0,declined,2025-10-15
3516,1927,3,2025-07-25,100,Recommended based on low credit utilization,100,0.1,72.73,declined,2025-09-30
3517,1928,50,2025-06-22,92,Recommended based on stable income,100,0.5,83.33,pending,2025-09-14
3518,1928,5,2025-07-30,100,Recommended based on stable income,100,0.5,83.33,pending,2025-08-20
3519,1929,47,2025-07-11,100,"Recommended based on good credit score, low credit utilization",100,0.1488,100.0,accepted,2025-09-24
3520,1930,5,2025-07-24,100,"Recommended based on good credit score, excellent payment history",100,0.3,100.0,expired,2025-08-31
3521,1930,7,2025-06-22,100,"Recommended based on good credit score, excellent payment history",100,0.3,100.0,accepted,2025-09-25
3522,1931,43,2025-07-06,100,"Recommended based on good credit score, stable income",100,0.1,75.0,expired,2025-08-13
3523,1932,8,2025-06-04,81,Recommended based on low credit utilization,100,0.1,75.0,pending,2025-10-29
3524,1932,47,2025-08-01,100,Recommended based on low credit utilization,100,0.1,75.0,declined,2025-08-04
3525,1932,5,2025-06-04,100,Recommended based on low credit utilization,100,0.1,75.0,accepted,2025-08-16
3526,1933,27,2025-07-30,94,Recommended based on stable income,100,0.3,71.43,pending,2025-09-14
3527,1933,47,2025-07-01,100,Recommended based on stable income,100,0.3,71.43,pending,2025-08-02
3528,1934,24,2025-06-08,72,"Recommended based on good credit score, stable income",100,0.4026,81.82,accepted,2025-08-25
3529,1934,26,2025-06-25,89,"Recommended based on good credit score, stable income",100,0.4026,81.82,expired,2025-08-04
3530,1935,40,2025-06-12,100,"Recommended based on excellent credit score, high income",100,0.0,87.5,accepted,2025-08-15
3531,1936,13,2025-07-06,100,"Recommended based on excellent credit score, high income",100,0.3013,90.48,accepted,2025-10-05
3532,1936,48,2025-06-30,100,"Recommended based on excellent credit score, high income",100,0.3013,90.48,declined,2025-10-01
3533,1937,21,2025-07-24,81,"Recommended based on excellent credit score, high income",100,0.3,100.0,accepted,2025-08-25
3534,1937,15,2025-07-28,90,"Recommended based on excellent credit score, high income",100,0.3,100.0,accepted,2025-10-28
3535,1938,22,2025-06-23,75,Standard recommendation,100,0.8,20.0,expired,2025-10-30
3536,1938,5,2025-06-21,100,Standard recommendation,100,0.8,20.0,pending,2025-09-06
3537,1938,33,2025-06-05,86,Standard recommendation,100,0.8,20.0,pending,2025-09-27
3538,1939,5,2025-07-21,98,Standard recommendation,100,0.3,83.33,pending,2025-09-01
3539,1939,50,2025-06-11,100,Standard recommendation,100,0.3,83.33,accepted,2025-08-28
3540,1939,12,2025-07-16,90,Standard recommendation,100,0.3,83.33,accepted,2025-10-12
3541,1940,3,2025-07-20,100,Standard recommendation,100,0.3,60.0,accepted,2025-08-03
3542,1941,21,2025-07-20,86,"Recommended based on excellent credit score, stable income",100,0.1,100.0,pending,2025-08-22
3543,1942,24,2025-06-27,93,"Recommended based on good credit score, high income",100,0.6307,92.86,pending,2025-08-08
3544,1943,26,2025-06-24,100,"Recommended based on excellent credit score, high income",100,0.2314,91.67,expired,2025-10-17
3545,1944,8,2025-07-07,100,"Recommended based on excellent credit score, high income",100,0.1,100.0,accepted,2025-10-04
3546,1944,14,2025-06-07,86,"Recommended based on excellent credit score, high income",100,0.1,100.0,declined,2025-09-29
3547,1945,47,2025-07-07,100,Recommended based on low credit utilization,100,0.1,60.0,accepted,2025-09-01
3548,1945,12,2025-07-09,96,Recommended based on low credit utilization,100,0.1,60.0,accepted,2025-10-12
3549,1945,34,2025-06-17,100,Recommended based on low credit utilization,100,0.1,60.0,expired,2025-09-11
3550,1946,13,2025-06-10,100,"Recommended based on good credit score, excellent payment history",100,0.5,100.0,pending,2025-10-25
3551,1947,5,2025-07-24,100,"Recommended based on good credit score, stable income",100,0.1,100.0,pending,2025-10-20
3552,1947,10,2025-07-08,100,"Recommended based on good credit score, stable income",100,0.1,100.0,declined,2025-08-19
3553,1948,27,2025-06-06,100,"Recommended based on good credit score, stable income",100,0.3,100.0,accepted,2025-09-06
3554,1949,8,2025-06-17,95,"Recommended based on good credit score, low credit utilization",100,0.1,100.0,accepted,2025-10-20
3555,1949,7,2025-07-29,100,"Recommended based on good credit score, low credit utilization",100,0.1,100.0,declined,2025-08-24
3556,1950,28,2025-07-20,100,"Recommended based on stable income, low credit utilization",100,0.1,80.0,declined,2025-09-12
3557,1950,50,2025-07-01,95,"Recommended based on stable income, low credit utilization",100,0.1,80.0,accepted,2025-10-03
3558,1951,27,2025-06-06,100,"Recommended based on good credit score, high income",100,0.5344,94.44,pending,2025-10-07
3559,1952,5,2025-07-16,100,"Recommended based on excellent credit score, high income",100,0.1825,100.0,declined,2025-08-12
3560,1952,38,2025-06-27,90,"Recommended based on excellent credit score, high income",100,0.1825,100.0,pending,2025-10-25
3561,1953,12,2025-07-23,100,Recommended based on stable income,100,0.3,75.0,declined,2025-10-07
3562,1954,28,2025-07-07,100,"Recommended based on high income, low credit utilization",100,0.2909,77.78,accepted,2025-10-22
3563,1954,5,2025-07-29,100,"Recommended based on high income, low credit utilization",100,0.2909,77.78,declined,2025-08-18
3564,1955,34,2025-07-16,97,Recommended based on low credit utilization,100,0.1906,54.55,expired,2025-08-31
3565,1956,5,2025-07-18,100,Recommended based on low credit utilization,100,0,85.0,accepted,2025-10-30
3566,1957,42,2025-06-15,100,"Recommended based on excellent credit score, high income",100,0.2831,100.0,declined,2025-10-26
3567,1957,48,2025-08-01,100,"Recommended based on excellent credit score, high income",100,0.2831,100.0,declined,2025-08-23
3568,1957,40,2025-06-29,100,"Recommended based on excellent credit score, high income",100,0.2831,100.0,pending,2025-09-17
3569,1958,13,2025-06-19,100,"Recommended based on excellent credit score, high income",100,0.1,100.0,expired,2025-10-20
3570,1959,12,2025-06-26,100,"Recommended based on excellent credit score, stable income",100,0.5,100.0,pending,2025-09-07
3571,1959,5,2025-07-12,100,"Recommended based on excellent credit score, stable income",100,0.5,100.0,declined,2025-08-19
3572,1960,23,2025-07-06,89,Recommended based on stable income,100,0.3,60.0,accepted,2025-10-23
3573,1960,3,2025-06-21,100,Recommended based on stable income,100,0.3,60.0,expired,2025-09-17
3574,1961,3,2025-07-16,100,Standard recommendation,100,0.3,53.33,pending,2025-08-13
3575,1962,3,2025-07-24,100,Standard recommendation,100,0.6703,71.43,declined,2025-10-11
3576,1963,47,2025-07-15,100,"Recommended based on good credit score, stable income",100,0.2275,72.73,accepted,2025-08-31
3577,1964,18,2025-06-28,100,Standard recommendation,100,0.3831,77.78,declined,2025-08-23
3578,1964,31,2025-06-12,87,Standard recommendation,100,0.3831,77.78,accepted,2025-08-23
3579,1965,5,2025-07-25,100,"Recommended based on excellent credit score, high income",100,0.6039,100.0,declined,2025-10-29
3580,1966,43,2025-06-25,100,"Recommended based on good credit score, stable income",100,0.1663,84.62,declined,2025-08-18
3581,1966,28,2025-06-10,100,"Recommended based on good credit score, stable income",100,0.1663,84.62,accepted,2025-09-25
3582,1967,12,2025-07-12,95,Standard recommendation,100,0.6102,88.89,pending,2025-09-07
3583,1967,13,2025-07-11,100,Standard recommendation,100,0.6102,88.89,declined,2025-10-26
3584,1967,23,2025-06-04,99,Standard recommendation,100,0.6102,88.89,accepted,2025-08-30
3585,1968,12,2025-06-03,100,"Recommended based on excellent credit score, high income",100,0.2404,93.75,accepted,2025-10-28
3586,1968,27,2025-07-04,100,"Recommended based on excellent credit score, high income",100,0.2404,93.75,pending,2025-08-31
3587,1969,28,2025-06-16,100,Recommended based on stable income,100,0.5,66.67,accepted,2025-09-22
3588,1970,34,2025-06-29,100,"Recommended based on excellent credit score, high income",100,0.1631,92.86,declined,2025-08-24
3589,1970,5,2025-07-06,100,"Recommended based on excellent credit score, high income",100,0.1631,92.86,pending,2025-10-02
3590,1971,18,2025-07-22,87,"Recommended based on good credit score, stable income",100,0.402,80.0,declined,2025-08-18
3591,1971,38,2025-07-08,80,"Recommended based on good credit score, stable income",100,0.402,80.0,pending,2025-10-15
3592,1972,47,2025-06-22,100,Recommended based on low credit utilization,100,0,85.0,pending,2025-10-03
3593,1972,3,2025-06-15,100,Recommended based on low credit utilization,100,0,85.0,pending,2025-08-04
3594,1973,27,2025-07-20,100,"Recommended based on excellent credit score, high income",100,0.4373,100.0,accepted,2025-09-19
3595,1973,26,2025-06-16,100,"Recommended based on excellent credit score, high income",100,0.4373,100.0,expired,2025-08-26
3596,1974,31,2025-07-29,100,"Recommended based on good credit score, high income",100,0.3,80.0,pending,2025-09-15
3597,1974,50,2025-07-17,100,"Recommended based on good credit score, high income",100,0.3,80.0,declined,2025-08-11
3598,1975,47,2025-07-04,100,Recommended based on stable income,100,0.3,75.0,pending,2025-10-08
3599,1976,8,2025-07-30,100,"Recommended based on high income, low credit utilization",100,0.14,75.0,declined,2025-08-31
3600,1976,30,2025-06-13,93,"Recommended based on high income, low credit utilization",100,0.14,75.0,pending,2025-08-02
3601,1977,47,2025-06-03,81,Standard recommendation,100,0.3,57.14,accepted,2025-10-08
3602,1977,3,2025-06-18,100,Standard recommendation,100,0.3,57.14,accepted,2025-09-26
3603,1978,24,2025-07-23,81,"Recommended based on excellent credit score, stable income",100,0.1,85.71,accepted,2025-08-12
3604,1978,9,2025-07-19,100,"Recommended based on excellent credit score, stable income",100,0.1,85.71,accepted,2025-09-22
3605,1979,3,2025-07-23,100,Standard recommendation,100,0.3,85.71,declined,2025-08-28
3606,1979,13,2025-07-10,92,Standard recommendation,100,0.3,85.71,declined,2025-10-27
3607,1980,3,2025-07-27,100,Standard recommendation,100,0.3,66.67,accepted,2025-08-18
3608,1981,20,2025-06-30,84,Recommended based on stable income,100,0.3983,78.57,declined,2025-08-03
3609,1981,23,2025-06-03,100,Recommended based on stable income,100,0.3983,78.57,pending,2025-09-22
3610,1982,50,2025-06-25,100,"Recommended based on good credit score, excellent payment history",100,0.3,100.0,accepted,2025-10-03
3611,1983,3,2025-07-24,100,"Recommended based on excellent credit score, high income",100,0.4629,92.31,expired,2025-10-12
3612,1984,14,2025-06-24,100,"Recommended based on excellent credit score, high income",100,0.1125,88.89,pending,2025-09-17
3613,1985,47,2025-07-19,90,Recommended based on low credit utilization,100,0,85.0,pending,2025-08-09
3614,1985,3,2025-06-26,100,Recommended based on low credit utilization,100,0,85.0,pending,2025-10-25
3615,1986,46,2025-07-27,100,"Recommended based on excellent credit score, high income",100,0.0481,100.0,declined,2025-09-27
3616,1986,21,2025-06-16,97,"Recommended based on excellent credit score, high income",100,0.0481,100.0,pending,2025-10-28
3617,1986,14,2025-07-27,87,"Recommended based on excellent credit score, high income",100,0.0481,100.0,accepted,2025-09-24
3618,1987,21,2025-07-27,100,"Recommended based on excellent credit score, high income",100,0.2449,88.24,pending,2025-09-28
3619,1988,27,2025-07-29,100,"Recommended based on excellent credit score, high income",100,0.5,100.0,pending,2025-10-07
3620,1989,16,2025-06-04,100,"Recommended based on excellent credit score, high income",100,0.3699,85.0,pending,2025-09-12
3621,1989,15,2025-06-12,100,"Recommended based on excellent credit score, high income",100,0.3699,85.0,declined,2025-08-16
3622,1990,21,2025-06-24,81,"Recommended based on excellent credit score, stable income",100,0.1279,100.0,expired,2025-08-08
3623,1990,47,2025-06-19,100,"Recommended based on excellent credit score, stable income",100,0.1279,100.0,accepted,2025-09-13
3624,1991,27,2025-07-26,100,"Recommended based on good credit score, stable income",100,0.2052,87.5,declined,2025-08-22
3625,1991,3,2025-07-15,100,"Recommended based on good credit score, stable income",100,0.2052,87.5,pending,2025-10-06
3626,1991,48,2025-06-12,87,"Recommended based on good credit score, stable income",100,0.2052,87.5,expired,2025-10-30
3627,1992,3,2025-06-29,93,Standard recommendation,100,0.3,66.67,declined,2025-08-14
3628,1993,28,2025-07-20,100,"Recommended based on good credit score, stable income",100,0.1,85.71,declined,2025-08-28
3629,1993,23,2025-07-27,100,"Recommended based on good credit score, stable income",100,0.1,85.71,accepted,2025-09-07
3630,1993,43,2025-07-29,96,"Recommended based on good credit score, stable income",100,0.1,85.71,declined,2025-08-17
3631,1994,9,2025-06-21,100,"Recommended based on excellent credit score, high income",100,0.1529,86.67,pending,2025-10-22
3632,1994,19,2025-06-24,100,"Recommended based on excellent credit score, high income",100,0.1529,86.67,pending,2025-08-07
3633,1994,8,2025-06-27,100,"Recommended based on excellent credit score, high income",100,0.1529,86.67,accepted,2025-09-27
3634,1995,27,2025-07-17,97,Recommended based on stable income,100,0.5118,90.0,declined,2025-09-11
3635,1995,23,2025-07-06,100,Recommended based on stable income,100,0.5118,90.0,pending,2025-10-18
3636,1995,18,2025-06-21,91,Recommended based on stable income,100,0.5118,90.0,accepted,2025-10-26
3637,1996,20,2025-07-29,89,"Recommended based on high income, low credit utilization",100,0.1,66.67,accepted,2025-08-15
3638,1997,3,2025-06-07,100,"Recommended based on good credit score, low credit utilization",100,0.1,100.0,declined,2025-09-29
3639,1997,8,2025-07-08,95,"Recommended based on good credit score, low credit utilization",100,0.1,100.0,pending,2025-10-02
3640,1997,2,2025-06-06,98,"Recommended based on good credit score, low credit utilization",100,0.1,100.0,declined,2025-08-04
3641,1998,48,2025-07-01,100,"Recommended based on good credit score, stable income",100,0.3283,85.71,pending,2025-09-17
3642,1998,47,2025-07-30,100,"Recommended based on good credit score, stable income",100,0.3283,85.71,pending,2025-10-27
3643,1998,3,2025-06-22,100,"Recommended based on good credit score, stable income",100,0.3283,85.71,expired,2025-09-08
3644,1999,23,2025-07-04,99,Recommended based on stable income,100,0.3,66.67,pending,2025-09-01
3645,1999,47,2025-06-11,100,Recommended based on stable income,100,0.3,66.67,pending,2025-09-03
3646,1999,13,2025-06-29,94,Recommended based on stable income,100,0.3,66.67,declined,2025-09-02
3647,2000,3,2025-06-05,100,Recommended based on low credit utilization,100,0.1,33.33,declined,2025-09-17
3648,2000,28,2025-06-15,100,Recommended based on low credit utilization,100,0.1,33.33,pending,2025-09-02
3649,2000,12,2025-07-03,80,Recommended based on low credit utilization,100,0.1,33.33,accepted,2025-08-19
